solid OpenSCAD_Model
  facet normal -0.99786 0.0653848 0
    outer loop
      vertex -2.66454 -10.2219 2.5
      vertex -2.65 -10 18.3
      vertex -2.65 -10 2.5
    endloop
  endfacet
  facet normal -0.99786 0.0653848 0
    outer loop
      vertex -2.65 -10 18.3
      vertex -2.66454 -10.2219 2.5
      vertex -2.66454 -10.2219 18.3
    endloop
  endfacet
  facet normal 0.0652086 0.997872 -0
    outer loop
      vertex -4.35 -11.7 2.5
      vertex -4.57189 -11.6855 18.3
      vertex -4.35 -11.7 18.3
    endloop
  endfacet
  facet normal 0.0652086 0.997872 0
    outer loop
      vertex -4.57189 -11.6855 18.3
      vertex -4.35 -11.7 2.5
      vertex -4.57189 -11.6855 2.5
    endloop
  endfacet
  facet normal -0.659291 0.751888 0
    outer loop
      vertex -3.14792 -11.2021 2.5
      vertex -3.31511 -11.3487 18.3
      vertex -3.14792 -11.2021 18.3
    endloop
  endfacet
  facet normal -0.659291 0.751888 0
    outer loop
      vertex -3.31511 -11.3487 18.3
      vertex -3.14792 -11.2021 2.5
      vertex -3.31511 -11.3487 2.5
    endloop
  endfacet
  facet normal 0.751863 0.659319 0
    outer loop
      vertex -5.55208 -11.2021 18.3
      vertex -5.6987 -11.0349 2.5
      vertex -5.6987 -11.0349 18.3
    endloop
  endfacet
  facet normal 0.751863 0.659319 0
    outer loop
      vertex -5.6987 -11.0349 2.5
      vertex -5.55208 -11.2021 18.3
      vertex -5.55208 -11.2021 2.5
    endloop
  endfacet
  facet normal 0.442459 0.896789 -0
    outer loop
      vertex -5.00056 -11.5706 2.5
      vertex -5.2 -11.4722 18.3
      vertex -5.00056 -11.5706 18.3
    endloop
  endfacet
  facet normal 0.442459 0.896789 0
    outer loop
      vertex -5.2 -11.4722 18.3
      vertex -5.00056 -11.5706 2.5
      vertex -5.2 -11.4722 2.5
    endloop
  endfacet
  facet normal -0.896825 0.442386 0
    outer loop
      vertex -2.87776 -10.85 2.5
      vertex -2.7794 -10.6506 18.3
      vertex -2.7794 -10.6506 2.5
    endloop
  endfacet
  facet normal -0.896825 0.442386 0
    outer loop
      vertex -2.7794 -10.6506 18.3
      vertex -2.87776 -10.85 2.5
      vertex -2.87776 -10.85 18.3
    endloop
  endfacet
  facet normal -0.980779 0.195122 0
    outer loop
      vertex -2.70793 -10.44 2.5
      vertex -2.66454 -10.2219 18.3
      vertex -2.66454 -10.2219 2.5
    endloop
  endfacet
  facet normal -0.980779 0.195122 0
    outer loop
      vertex -2.66454 -10.2219 18.3
      vertex -2.70793 -10.44 2.5
      vertex -2.70793 -10.44 18.3
    endloop
  endfacet
  facet normal -0.321525 0.946901 0
    outer loop
      vertex -3.69944 -11.5706 2.5
      vertex -3.91001 -11.6421 18.3
      vertex -3.69944 -11.5706 18.3
    endloop
  endfacet
  facet normal -0.321525 0.946901 0
    outer loop
      vertex -3.91001 -11.6421 18.3
      vertex -3.69944 -11.5706 2.5
      vertex -3.91001 -11.6421 2.5
    endloop
  endfacet
  facet normal -0.555447 0.831552 0
    outer loop
      vertex -3.31511 -11.3487 2.5
      vertex -3.5 -11.4722 18.3
      vertex -3.31511 -11.3487 18.3
    endloop
  endfacet
  facet normal -0.555447 0.831552 0
    outer loop
      vertex -3.5 -11.4722 18.3
      vertex -3.31511 -11.3487 2.5
      vertex -3.5 -11.4722 2.5
    endloop
  endfacet
  facet normal 0.946956 0.321363 0
    outer loop
      vertex -5.9206 -10.6506 18.3
      vertex -5.99207 -10.44 2.5
      vertex -5.99207 -10.44 18.3
    endloop
  endfacet
  facet normal 0.946956 0.321363 0
    outer loop
      vertex -5.99207 -10.44 2.5
      vertex -5.9206 -10.6506 18.3
      vertex -5.9206 -10.6506 2.5
    endloop
  endfacet
  facet normal 0.896825 0.442386 0
    outer loop
      vertex -5.82224 -10.85 18.3
      vertex -5.9206 -10.6506 2.5
      vertex -5.9206 -10.6506 18.3
    endloop
  endfacet
  facet normal 0.896825 0.442386 0
    outer loop
      vertex -5.9206 -10.6506 2.5
      vertex -5.82224 -10.85 18.3
      vertex -5.82224 -10.85 2.5
    endloop
  endfacet
  facet normal 0.980779 0.195122 0
    outer loop
      vertex -5.99207 -10.44 18.3
      vertex -6.03546 -10.2219 2.5
      vertex -6.03546 -10.2219 18.3
    endloop
  endfacet
  facet normal 0.980779 0.195122 0
    outer loop
      vertex -6.03546 -10.2219 2.5
      vertex -5.99207 -10.44 18.3
      vertex -5.99207 -10.44 2.5
    endloop
  endfacet
  facet normal 0.99786 -0.0653848 0
    outer loop
      vertex -6.05 -10 18.3
      vertex -6.03546 -9.7781 2.5
      vertex -6.03546 -9.7781 18.3
    endloop
  endfacet
  facet normal 0.99786 -0.0653848 0
    outer loop
      vertex -6.03546 -9.7781 2.5
      vertex -6.05 -10 18.3
      vertex -6.05 -10 2.5
    endloop
  endfacet
  facet normal 0.555447 0.831552 -0
    outer loop
      vertex -5.2 -11.4722 2.5
      vertex -5.38489 -11.3487 18.3
      vertex -5.2 -11.4722 18.3
    endloop
  endfacet
  facet normal 0.555447 0.831552 0
    outer loop
      vertex -5.38489 -11.3487 18.3
      vertex -5.2 -11.4722 2.5
      vertex -5.38489 -11.3487 2.5
    endloop
  endfacet
  facet normal 0.195165 0.98077 -0
    outer loop
      vertex -4.57189 -11.6855 2.5
      vertex -4.78999 -11.6421 18.3
      vertex -4.57189 -11.6855 18.3
    endloop
  endfacet
  facet normal 0.195165 0.98077 0
    outer loop
      vertex -4.78999 -11.6421 18.3
      vertex -4.57189 -11.6855 2.5
      vertex -4.78999 -11.6421 2.5
    endloop
  endfacet
  facet normal -0.195122 -0.980779 0
    outer loop
      vertex -4.12811 -8.31454 2.5
      vertex -3.91001 -8.35793 18.3
      vertex -4.12811 -8.31454 18.3
    endloop
  endfacet
  facet normal -0.195122 -0.980779 -0
    outer loop
      vertex -3.91001 -8.35793 18.3
      vertex -4.12811 -8.31454 2.5
      vertex -3.91001 -8.35793 2.5
    endloop
  endfacet
  facet normal -0.946956 0.321363 0
    outer loop
      vertex -2.7794 -10.6506 2.5
      vertex -2.70793 -10.44 18.3
      vertex -2.70793 -10.44 2.5
    endloop
  endfacet
  facet normal -0.946956 0.321363 0
    outer loop
      vertex -2.70793 -10.44 18.3
      vertex -2.7794 -10.6506 2.5
      vertex -2.7794 -10.6506 18.3
    endloop
  endfacet
  facet normal -0.751863 0.659319 0
    outer loop
      vertex -3.14792 -11.2021 2.5
      vertex -3.0013 -11.0349 18.3
      vertex -3.0013 -11.0349 2.5
    endloop
  endfacet
  facet normal -0.751863 0.659319 0
    outer loop
      vertex -3.0013 -11.0349 18.3
      vertex -3.14792 -11.2021 2.5
      vertex -3.14792 -11.2021 18.3
    endloop
  endfacet
  facet normal -0.831483 0.555551 0
    outer loop
      vertex -3.0013 -11.0349 2.5
      vertex -2.87776 -10.85 18.3
      vertex -2.87776 -10.85 2.5
    endloop
  endfacet
  facet normal -0.831483 0.555551 0
    outer loop
      vertex -2.87776 -10.85 18.3
      vertex -3.0013 -11.0349 2.5
      vertex -3.0013 -11.0349 18.3
    endloop
  endfacet
  facet normal -0.195165 0.98077 0
    outer loop
      vertex -3.91001 -11.6421 2.5
      vertex -4.12811 -11.6855 18.3
      vertex -3.91001 -11.6421 18.3
    endloop
  endfacet
  facet normal -0.195165 0.98077 0
    outer loop
      vertex -4.12811 -11.6855 18.3
      vertex -3.91001 -11.6421 2.5
      vertex -4.12811 -11.6855 2.5
    endloop
  endfacet
  facet normal -0.0652086 0.997872 0
    outer loop
      vertex -4.12811 -11.6855 2.5
      vertex -4.35 -11.7 18.3
      vertex -4.12811 -11.6855 18.3
    endloop
  endfacet
  facet normal -0.0652086 0.997872 0
    outer loop
      vertex -4.35 -11.7 18.3
      vertex -4.12811 -11.6855 2.5
      vertex -4.35 -11.7 2.5
    endloop
  endfacet
  facet normal -0.442459 0.896789 0
    outer loop
      vertex -3.5 -11.4722 2.5
      vertex -3.69944 -11.5706 18.3
      vertex -3.5 -11.4722 18.3
    endloop
  endfacet
  facet normal -0.442459 0.896789 0
    outer loop
      vertex -3.69944 -11.5706 18.3
      vertex -3.5 -11.4722 2.5
      vertex -3.69944 -11.5706 2.5
    endloop
  endfacet
  facet normal 0.831483 0.555551 0
    outer loop
      vertex -5.6987 -11.0349 18.3
      vertex -5.82224 -10.85 2.5
      vertex -5.82224 -10.85 18.3
    endloop
  endfacet
  facet normal 0.831483 0.555551 0
    outer loop
      vertex -5.82224 -10.85 2.5
      vertex -5.6987 -11.0349 18.3
      vertex -5.6987 -11.0349 2.5
    endloop
  endfacet
  facet normal 0.99786 0.0653848 0
    outer loop
      vertex -6.03546 -10.2219 18.3
      vertex -6.05 -10 2.5
      vertex -6.05 -10 18.3
    endloop
  endfacet
  facet normal 0.99786 0.0653848 0
    outer loop
      vertex -6.05 -10 2.5
      vertex -6.03546 -10.2219 18.3
      vertex -6.03546 -10.2219 2.5
    endloop
  endfacet
  facet normal 0.659291 0.751888 -0
    outer loop
      vertex -5.38489 -11.3487 2.5
      vertex -5.55208 -11.2021 18.3
      vertex -5.38489 -11.3487 18.3
    endloop
  endfacet
  facet normal 0.659291 0.751888 0
    outer loop
      vertex -5.55208 -11.2021 18.3
      vertex -5.38489 -11.3487 2.5
      vertex -5.55208 -11.2021 2.5
    endloop
  endfacet
  facet normal 0.321525 0.946901 -0
    outer loop
      vertex -4.78999 -11.6421 2.5
      vertex -5.00056 -11.5706 18.3
      vertex -4.78999 -11.6421 18.3
    endloop
  endfacet
  facet normal 0.321525 0.946901 0
    outer loop
      vertex -5.00056 -11.5706 18.3
      vertex -4.78999 -11.6421 2.5
      vertex -5.00056 -11.5706 2.5
    endloop
  endfacet
  facet normal -0.99786 -0.0653848 0
    outer loop
      vertex -2.65 -10 2.5
      vertex -2.66454 -9.7781 18.3
      vertex -2.66454 -9.7781 2.5
    endloop
  endfacet
  facet normal -0.99786 -0.0653848 0
    outer loop
      vertex -2.66454 -9.7781 18.3
      vertex -2.65 -10 2.5
      vertex -2.65 -10 18.3
    endloop
  endfacet
  facet normal -0.555572 -0.831469 0
    outer loop
      vertex -3.5 -8.52776 2.5
      vertex -3.31511 -8.6513 18.3
      vertex -3.5 -8.52776 18.3
    endloop
  endfacet
  facet normal -0.555572 -0.831469 -0
    outer loop
      vertex -3.31511 -8.6513 18.3
      vertex -3.5 -8.52776 2.5
      vertex -3.31511 -8.6513 2.5
    endloop
  endfacet
  facet normal 0.751844 -0.659342 0
    outer loop
      vertex -5.6987 -8.96511 18.3
      vertex -5.55208 -8.79792 2.5
      vertex -5.55208 -8.79792 18.3
    endloop
  endfacet
  facet normal 0.751844 -0.659342 0
    outer loop
      vertex -5.55208 -8.79792 2.5
      vertex -5.6987 -8.96511 18.3
      vertex -5.6987 -8.96511 2.5
    endloop
  endfacet
  facet normal 0.831469 -0.555572 0
    outer loop
      vertex -5.82224 -9.15 18.3
      vertex -5.6987 -8.96511 2.5
      vertex -5.6987 -8.96511 18.3
    endloop
  endfacet
  facet normal 0.831469 -0.555572 0
    outer loop
      vertex -5.6987 -8.96511 2.5
      vertex -5.82224 -9.15 18.3
      vertex -5.82224 -9.15 2.5
    endloop
  endfacet
  facet normal 0.89686 -0.442314 0
    outer loop
      vertex -5.9206 -9.34944 18.3
      vertex -5.82224 -9.15 2.5
      vertex -5.82224 -9.15 18.3
    endloop
  endfacet
  facet normal 0.89686 -0.442314 0
    outer loop
      vertex -5.82224 -9.15 2.5
      vertex -5.9206 -9.34944 18.3
      vertex -5.9206 -9.34944 2.5
    endloop
  endfacet
  facet normal -0.442314 -0.89686 0
    outer loop
      vertex -3.69944 -8.4294 2.5
      vertex -3.5 -8.52776 18.3
      vertex -3.69944 -8.4294 18.3
    endloop
  endfacet
  facet normal -0.442314 -0.89686 -0
    outer loop
      vertex -3.5 -8.52776 18.3
      vertex -3.69944 -8.4294 2.5
      vertex -3.5 -8.52776 2.5
    endloop
  endfacet
  facet normal -0.321404 -0.946942 0
    outer loop
      vertex -3.91001 -8.35793 2.5
      vertex -3.69944 -8.4294 18.3
      vertex -3.91001 -8.35793 18.3
    endloop
  endfacet
  facet normal -0.321404 -0.946942 -0
    outer loop
      vertex -3.69944 -8.4294 18.3
      vertex -3.91001 -8.35793 2.5
      vertex -3.69944 -8.4294 2.5
    endloop
  endfacet
  facet normal -0.980777 -0.19513 0
    outer loop
      vertex -2.66454 -9.7781 2.5
      vertex -2.70793 -9.56001 18.3
      vertex -2.70793 -9.56001 2.5
    endloop
  endfacet
  facet normal -0.980777 -0.19513 0
    outer loop
      vertex -2.70793 -9.56001 18.3
      vertex -2.66454 -9.7781 2.5
      vertex -2.66454 -9.7781 18.3
    endloop
  endfacet
  facet normal -0.831469 -0.555572 0
    outer loop
      vertex -2.87776 -9.15 2.5
      vertex -3.0013 -8.96511 18.3
      vertex -3.0013 -8.96511 2.5
    endloop
  endfacet
  facet normal -0.831469 -0.555572 0
    outer loop
      vertex -3.0013 -8.96511 18.3
      vertex -2.87776 -9.15 2.5
      vertex -2.87776 -9.15 18.3
    endloop
  endfacet
  facet normal -0.659342 -0.751844 0
    outer loop
      vertex -3.31511 -8.6513 2.5
      vertex -3.14792 -8.79792 18.3
      vertex -3.31511 -8.6513 18.3
    endloop
  endfacet
  facet normal -0.659342 -0.751844 -0
    outer loop
      vertex -3.14792 -8.79792 18.3
      vertex -3.31511 -8.6513 2.5
      vertex -3.14792 -8.79792 2.5
    endloop
  endfacet
  facet normal -0.89686 -0.442314 0
    outer loop
      vertex -2.7794 -9.34944 2.5
      vertex -2.87776 -9.15 18.3
      vertex -2.87776 -9.15 2.5
    endloop
  endfacet
  facet normal -0.89686 -0.442314 0
    outer loop
      vertex -2.87776 -9.15 18.3
      vertex -2.7794 -9.34944 2.5
      vertex -2.7794 -9.34944 18.3
    endloop
  endfacet
  facet normal -0.0653877 -0.99786 0
    outer loop
      vertex -4.35 -8.3 2.5
      vertex -4.12811 -8.31454 18.3
      vertex -4.35 -8.3 18.3
    endloop
  endfacet
  facet normal -0.0653877 -0.99786 -0
    outer loop
      vertex -4.12811 -8.31454 18.3
      vertex -4.35 -8.3 2.5
      vertex -4.12811 -8.31454 2.5
    endloop
  endfacet
  facet normal 0.442314 -0.89686 0
    outer loop
      vertex -5.2 -8.52776 2.5
      vertex -5.00056 -8.4294 18.3
      vertex -5.2 -8.52776 18.3
    endloop
  endfacet
  facet normal 0.442314 -0.89686 0
    outer loop
      vertex -5.00056 -8.4294 18.3
      vertex -5.2 -8.52776 2.5
      vertex -5.00056 -8.4294 2.5
    endloop
  endfacet
  facet normal 0.980777 -0.19513 0
    outer loop
      vertex -6.03546 -9.7781 18.3
      vertex -5.99207 -9.56001 2.5
      vertex -5.99207 -9.56001 18.3
    endloop
  endfacet
  facet normal 0.980777 -0.19513 0
    outer loop
      vertex -5.99207 -9.56001 2.5
      vertex -6.03546 -9.7781 18.3
      vertex -6.03546 -9.7781 2.5
    endloop
  endfacet
  facet normal -0.946942 -0.321404 0
    outer loop
      vertex -2.70793 -9.56001 2.5
      vertex -2.7794 -9.34944 18.3
      vertex -2.7794 -9.34944 2.5
    endloop
  endfacet
  facet normal -0.946942 -0.321404 0
    outer loop
      vertex -2.7794 -9.34944 18.3
      vertex -2.70793 -9.56001 2.5
      vertex -2.70793 -9.56001 18.3
    endloop
  endfacet
  facet normal 0.195122 -0.980779 0
    outer loop
      vertex -4.78999 -8.35793 2.5
      vertex -4.57189 -8.31454 18.3
      vertex -4.78999 -8.35793 18.3
    endloop
  endfacet
  facet normal 0.195122 -0.980779 0
    outer loop
      vertex -4.57189 -8.31454 18.3
      vertex -4.78999 -8.35793 2.5
      vertex -4.57189 -8.31454 2.5
    endloop
  endfacet
  facet normal 0.321404 -0.946942 0
    outer loop
      vertex -5.00056 -8.4294 2.5
      vertex -4.78999 -8.35793 18.3
      vertex -5.00056 -8.4294 18.3
    endloop
  endfacet
  facet normal 0.321404 -0.946942 0
    outer loop
      vertex -4.78999 -8.35793 18.3
      vertex -5.00056 -8.4294 2.5
      vertex -4.78999 -8.35793 2.5
    endloop
  endfacet
  facet normal 0.555572 -0.831469 0
    outer loop
      vertex -5.38489 -8.6513 2.5
      vertex -5.2 -8.52776 18.3
      vertex -5.38489 -8.6513 18.3
    endloop
  endfacet
  facet normal 0.555572 -0.831469 0
    outer loop
      vertex -5.2 -8.52776 18.3
      vertex -5.38489 -8.6513 2.5
      vertex -5.2 -8.52776 2.5
    endloop
  endfacet
  facet normal 0.659342 -0.751844 0
    outer loop
      vertex -5.55208 -8.79792 2.5
      vertex -5.38489 -8.6513 18.3
      vertex -5.55208 -8.79792 18.3
    endloop
  endfacet
  facet normal 0.659342 -0.751844 0
    outer loop
      vertex -5.38489 -8.6513 18.3
      vertex -5.55208 -8.79792 2.5
      vertex -5.38489 -8.6513 2.5
    endloop
  endfacet
  facet normal 0.946942 -0.321404 0
    outer loop
      vertex -5.99207 -9.56001 18.3
      vertex -5.9206 -9.34944 2.5
      vertex -5.9206 -9.34944 18.3
    endloop
  endfacet
  facet normal 0.946942 -0.321404 0
    outer loop
      vertex -5.9206 -9.34944 2.5
      vertex -5.99207 -9.56001 18.3
      vertex -5.99207 -9.56001 2.5
    endloop
  endfacet
  facet normal -0.751844 -0.659342 0
    outer loop
      vertex -3.0013 -8.96511 2.5
      vertex -3.14792 -8.79792 18.3
      vertex -3.14792 -8.79792 2.5
    endloop
  endfacet
  facet normal -0.751844 -0.659342 0
    outer loop
      vertex -3.14792 -8.79792 18.3
      vertex -3.0013 -8.96511 2.5
      vertex -3.0013 -8.96511 18.3
    endloop
  endfacet
  facet normal 0.0653877 -0.99786 0
    outer loop
      vertex -4.57189 -8.31454 2.5
      vertex -4.35 -8.3 18.3
      vertex -4.57189 -8.31454 18.3
    endloop
  endfacet
  facet normal 0.0653877 -0.99786 0
    outer loop
      vertex -4.35 -8.3 18.3
      vertex -4.57189 -8.31454 2.5
      vertex -4.35 -8.3 2.5
    endloop
  endfacet
  facet normal 0 0 -1
    outer loop
      vertex -2.65 -10 2.5
      vertex -1.1 -10 2.5
      vertex -1.1278 -10.4242 2.5
    endloop
  endfacet
  facet normal 0 0 -1
    outer loop
      vertex -2.66454 -10.2219 2.5
      vertex -1.1278 -10.4242 2.5
      vertex -1.21074 -10.8412 2.5
    endloop
  endfacet
  facet normal 0 0 -1
    outer loop
      vertex -1.1 -10 2.5
      vertex -2.65 -10 2.5
      vertex -1.1278 -9.57579 2.5
    endloop
  endfacet
  facet normal 0 0 -1
    outer loop
      vertex -2.70793 -10.44 2.5
      vertex -1.21074 -10.8412 2.5
      vertex -1.34739 -11.2437 2.5
    endloop
  endfacet
  facet normal 0 0 -1
    outer loop
      vertex -2.66454 -9.7781 2.5
      vertex -1.1278 -9.57579 2.5
      vertex -2.65 -10 2.5
    endloop
  endfacet
  facet normal 0 0 -1
    outer loop
      vertex -2.7794 -10.6506 2.5
      vertex -1.34739 -11.2437 2.5
      vertex -1.53542 -11.625 2.5
    endloop
  endfacet
  facet normal -0 0 -1
    outer loop
      vertex -1.1278 -9.57579 2.5
      vertex -2.66454 -9.7781 2.5
      vertex -1.21074 -9.15884 2.5
    endloop
  endfacet
  facet normal 0 0 -1
    outer loop
      vertex -2.87776 -10.85 2.5
      vertex -1.53542 -11.625 2.5
      vertex -1.7716 -11.9785 2.5
    endloop
  endfacet
  facet normal 0 0 -1
    outer loop
      vertex -2.70793 -9.56001 2.5
      vertex -1.21074 -9.15884 2.5
      vertex -2.66454 -9.7781 2.5
    endloop
  endfacet
  facet normal 0 0 -1
    outer loop
      vertex -3.0013 -11.0349 2.5
      vertex -1.7716 -11.9785 2.5
      vertex -2.0519 -12.2981 2.5
    endloop
  endfacet
  facet normal -0 0 -1
    outer loop
      vertex -1.21074 -9.15884 2.5
      vertex -2.70793 -9.56001 2.5
      vertex -1.34739 -8.75628 2.5
    endloop
  endfacet
  facet normal 0 0 -1
    outer loop
      vertex -3.14792 -11.2021 2.5
      vertex -2.0519 -12.2981 2.5
      vertex -2.37152 -12.5784 2.5
    endloop
  endfacet
  facet normal 0 0 -1
    outer loop
      vertex -2.7794 -9.34944 2.5
      vertex -1.34739 -8.75628 2.5
      vertex -2.70793 -9.56001 2.5
    endloop
  endfacet
  facet normal -0 0 -1
    outer loop
      vertex -1.34739 -8.75628 2.5
      vertex -2.7794 -9.34944 2.5
      vertex -1.53542 -8.375 2.5
    endloop
  endfacet
  facet normal 0 0 -1
    outer loop
      vertex -1.1278 -10.4242 2.5
      vertex -2.66454 -10.2219 2.5
      vertex -2.65 -10 2.5
    endloop
  endfacet
  facet normal 0 0 -1
    outer loop
      vertex -1.21074 -10.8412 2.5
      vertex -2.70793 -10.44 2.5
      vertex -2.66454 -10.2219 2.5
    endloop
  endfacet
  facet normal 0 0 -1
    outer loop
      vertex -3.31511 -11.3487 2.5
      vertex -2.37152 -12.5784 2.5
      vertex -2.725 -12.8146 2.5
    endloop
  endfacet
  facet normal 0 0 -1
    outer loop
      vertex -1.34739 -11.2437 2.5
      vertex -2.7794 -10.6506 2.5
      vertex -2.70793 -10.44 2.5
    endloop
  endfacet
  facet normal 0 0 -1
    outer loop
      vertex -1.53542 -11.625 2.5
      vertex -2.87776 -10.85 2.5
      vertex -2.7794 -10.6506 2.5
    endloop
  endfacet
  facet normal 0 0 -1
    outer loop
      vertex -1.7716 -11.9785 2.5
      vertex -3.0013 -11.0349 2.5
      vertex -2.87776 -10.85 2.5
    endloop
  endfacet
  facet normal 0 0 -1
    outer loop
      vertex -3.5 -11.4722 2.5
      vertex -2.725 -12.8146 2.5
      vertex -3.10628 -13.0026 2.5
    endloop
  endfacet
  facet normal 0 0 -1
    outer loop
      vertex -2.0519 -12.2981 2.5
      vertex -3.14792 -11.2021 2.5
      vertex -3.0013 -11.0349 2.5
    endloop
  endfacet
  facet normal 0 0 -1
    outer loop
      vertex -2.37152 -12.5784 2.5
      vertex -3.31511 -11.3487 2.5
      vertex -3.14792 -11.2021 2.5
    endloop
  endfacet
  facet normal 0 0 -1
    outer loop
      vertex -2.725 -12.8146 2.5
      vertex -3.5 -11.4722 2.5
      vertex -3.31511 -11.3487 2.5
    endloop
  endfacet
  facet normal 0 0 -1
    outer loop
      vertex -3.69944 -11.5706 2.5
      vertex -3.10628 -13.0026 2.5
      vertex -3.50884 -13.1393 2.5
    endloop
  endfacet
  facet normal 0 0 -1
    outer loop
      vertex -3.10628 -13.0026 2.5
      vertex -3.69944 -11.5706 2.5
      vertex -3.5 -11.4722 2.5
    endloop
  endfacet
  facet normal 0 0 -1
    outer loop
      vertex -3.50884 -13.1393 2.5
      vertex -3.91001 -11.6421 2.5
      vertex -3.69944 -11.5706 2.5
    endloop
  endfacet
  facet normal 0 0 -1
    outer loop
      vertex -3.92579 -13.2222 2.5
      vertex -3.91001 -11.6421 2.5
      vertex -3.50884 -13.1393 2.5
    endloop
  endfacet
  facet normal 0 0 -1
    outer loop
      vertex -3.92579 -13.2222 2.5
      vertex -4.12811 -11.6855 2.5
      vertex -3.91001 -11.6421 2.5
    endloop
  endfacet
  facet normal 0 0 -1
    outer loop
      vertex -4.35 -13.25 2.5
      vertex -4.12811 -11.6855 2.5
      vertex -3.92579 -13.2222 2.5
    endloop
  endfacet
  facet normal 0 0 -1
    outer loop
      vertex -4.35 -13.25 2.5
      vertex -4.35 -11.7 2.5
      vertex -4.12811 -11.6855 2.5
    endloop
  endfacet
  facet normal 0 0 -1
    outer loop
      vertex -4.35 -13.25 2.5
      vertex -4.57189 -11.6855 2.5
      vertex -4.35 -11.7 2.5
    endloop
  endfacet
  facet normal 0 0 -1
    outer loop
      vertex -4.77421 -13.2222 2.5
      vertex -4.57189 -11.6855 2.5
      vertex -4.35 -13.25 2.5
    endloop
  endfacet
  facet normal 0 0 -1
    outer loop
      vertex -4.77421 -13.2222 2.5
      vertex -4.78999 -11.6421 2.5
      vertex -4.57189 -11.6855 2.5
    endloop
  endfacet
  facet normal 0 0 -1
    outer loop
      vertex -5.19116 -13.1393 2.5
      vertex -4.78999 -11.6421 2.5
      vertex -4.77421 -13.2222 2.5
    endloop
  endfacet
  facet normal -0 0 -1
    outer loop
      vertex -4.78999 -11.6421 2.5
      vertex -5.19116 -13.1393 2.5
      vertex -5.00056 -11.5706 2.5
    endloop
  endfacet
  facet normal 0 0 -1
    outer loop
      vertex -5.59372 -13.0026 2.5
      vertex -5.00056 -11.5706 2.5
      vertex -5.19116 -13.1393 2.5
    endloop
  endfacet
  facet normal -0 0 -1
    outer loop
      vertex -5.00056 -11.5706 2.5
      vertex -5.59372 -13.0026 2.5
      vertex -5.2 -11.4722 2.5
    endloop
  endfacet
  facet normal 0 0 -1
    outer loop
      vertex -5.975 -12.8146 2.5
      vertex -5.2 -11.4722 2.5
      vertex -5.59372 -13.0026 2.5
    endloop
  endfacet
  facet normal -0 0 -1
    outer loop
      vertex -5.2 -11.4722 2.5
      vertex -5.975 -12.8146 2.5
      vertex -5.38489 -11.3487 2.5
    endloop
  endfacet
  facet normal 0 0 -1
    outer loop
      vertex -6.32847 -12.5784 2.5
      vertex -5.38489 -11.3487 2.5
      vertex -5.975 -12.8146 2.5
    endloop
  endfacet
  facet normal -0 0 -1
    outer loop
      vertex -5.38489 -11.3487 2.5
      vertex -6.32847 -12.5784 2.5
      vertex -5.55208 -11.2021 2.5
    endloop
  endfacet
  facet normal 0 0 -1
    outer loop
      vertex -6.6481 -12.2981 2.5
      vertex -5.55208 -11.2021 2.5
      vertex -6.32847 -12.5784 2.5
    endloop
  endfacet
  facet normal -0 0 -1
    outer loop
      vertex -5.55208 -11.2021 2.5
      vertex -6.6481 -12.2981 2.5
      vertex -5.6987 -11.0349 2.5
    endloop
  endfacet
  facet normal 0 0 -1
    outer loop
      vertex -6.9284 -11.9785 2.5
      vertex -5.6987 -11.0349 2.5
      vertex -6.6481 -12.2981 2.5
    endloop
  endfacet
  facet normal -0 0 -1
    outer loop
      vertex -5.6987 -11.0349 2.5
      vertex -6.9284 -11.9785 2.5
      vertex -5.82224 -10.85 2.5
    endloop
  endfacet
  facet normal 0 0 -1
    outer loop
      vertex -7.16458 -11.625 2.5
      vertex -5.82224 -10.85 2.5
      vertex -6.9284 -11.9785 2.5
    endloop
  endfacet
  facet normal -0 0 -1
    outer loop
      vertex -5.82224 -10.85 2.5
      vertex -7.16458 -11.625 2.5
      vertex -5.9206 -10.6506 2.5
    endloop
  endfacet
  facet normal 0 0 -1
    outer loop
      vertex -2.87776 -9.15 2.5
      vertex -1.53542 -8.375 2.5
      vertex -2.7794 -9.34944 2.5
    endloop
  endfacet
  facet normal -0 0 -1
    outer loop
      vertex -1.53542 -8.375 2.5
      vertex -2.87776 -9.15 2.5
      vertex -1.7716 -8.02152 2.5
    endloop
  endfacet
  facet normal 0 0 -1
    outer loop
      vertex -3.0013 -8.96511 2.5
      vertex -1.7716 -8.02152 2.5
      vertex -2.87776 -9.15 2.5
    endloop
  endfacet
  facet normal -0 0 -1
    outer loop
      vertex -1.7716 -8.02152 2.5
      vertex -3.0013 -8.96511 2.5
      vertex -2.0519 -7.7019 2.5
    endloop
  endfacet
  facet normal 0 0 -1
    outer loop
      vertex -3.14792 -8.79792 2.5
      vertex -2.0519 -7.7019 2.5
      vertex -3.0013 -8.96511 2.5
    endloop
  endfacet
  facet normal -0 0 -1
    outer loop
      vertex -2.0519 -7.7019 2.5
      vertex -3.14792 -8.79792 2.5
      vertex -2.37152 -7.4216 2.5
    endloop
  endfacet
  facet normal 0 0 -1
    outer loop
      vertex -3.31511 -8.6513 2.5
      vertex -2.37152 -7.4216 2.5
      vertex -3.14792 -8.79792 2.5
    endloop
  endfacet
  facet normal -0 0 -1
    outer loop
      vertex -2.37152 -7.4216 2.5
      vertex -3.31511 -8.6513 2.5
      vertex -2.725 -7.18542 2.5
    endloop
  endfacet
  facet normal 0 0 -1
    outer loop
      vertex -3.5 -8.52776 2.5
      vertex -2.725 -7.18542 2.5
      vertex -3.31511 -8.6513 2.5
    endloop
  endfacet
  facet normal -0 0 -1
    outer loop
      vertex -2.725 -7.18542 2.5
      vertex -3.5 -8.52776 2.5
      vertex -3.10628 -6.99739 2.5
    endloop
  endfacet
  facet normal 0 0 -1
    outer loop
      vertex -3.69944 -8.4294 2.5
      vertex -3.10628 -6.99739 2.5
      vertex -3.5 -8.52776 2.5
    endloop
  endfacet
  facet normal -0 0 -1
    outer loop
      vertex -3.10628 -6.99739 2.5
      vertex -3.69944 -8.4294 2.5
      vertex -3.50884 -6.86074 2.5
    endloop
  endfacet
  facet normal 0 0 -1
    outer loop
      vertex -3.91001 -8.35793 2.5
      vertex -3.50884 -6.86074 2.5
      vertex -3.69944 -8.4294 2.5
    endloop
  endfacet
  facet normal 0 0 -1
    outer loop
      vertex -3.91001 -8.35793 2.5
      vertex -3.92579 -6.7778 2.5
      vertex -3.50884 -6.86074 2.5
    endloop
  endfacet
  facet normal 0 0 -1
    outer loop
      vertex -4.12811 -8.31454 2.5
      vertex -3.92579 -6.7778 2.5
      vertex -3.91001 -8.35793 2.5
    endloop
  endfacet
  facet normal 0 0 -1
    outer loop
      vertex -4.35 -8.3 2.5
      vertex -3.92579 -6.7778 2.5
      vertex -4.12811 -8.31454 2.5
    endloop
  endfacet
  facet normal 0 0 -1
    outer loop
      vertex -4.35 -8.3 2.5
      vertex -4.35 -6.75 2.5
      vertex -3.92579 -6.7778 2.5
    endloop
  endfacet
  facet normal 0 0 -1
    outer loop
      vertex -4.57189 -8.31454 2.5
      vertex -4.35 -6.75 2.5
      vertex -4.35 -8.3 2.5
    endloop
  endfacet
  facet normal 0 0 -1
    outer loop
      vertex -4.57189 -8.31454 2.5
      vertex -4.77421 -6.7778 2.5
      vertex -4.35 -6.75 2.5
    endloop
  endfacet
  facet normal 0 0 -1
    outer loop
      vertex -4.78999 -8.35793 2.5
      vertex -4.77421 -6.7778 2.5
      vertex -4.57189 -8.31454 2.5
    endloop
  endfacet
  facet normal 0 0 -1
    outer loop
      vertex -5.19116 -6.86074 2.5
      vertex -4.78999 -8.35793 2.5
      vertex -5.00056 -8.4294 2.5
    endloop
  endfacet
  facet normal 0 0 -1
    outer loop
      vertex -4.78999 -8.35793 2.5
      vertex -5.19116 -6.86074 2.5
      vertex -4.77421 -6.7778 2.5
    endloop
  endfacet
  facet normal 0 0 -1
    outer loop
      vertex -5.59372 -6.99739 2.5
      vertex -5.00056 -8.4294 2.5
      vertex -5.2 -8.52776 2.5
    endloop
  endfacet
  facet normal 0 0 -1
    outer loop
      vertex -5.975 -7.18542 2.5
      vertex -5.2 -8.52776 2.5
      vertex -5.38489 -8.6513 2.5
    endloop
  endfacet
  facet normal 0 0 -1
    outer loop
      vertex -6.32847 -7.4216 2.5
      vertex -5.38489 -8.6513 2.5
      vertex -5.55208 -8.79792 2.5
    endloop
  endfacet
  facet normal 0 0 -1
    outer loop
      vertex -5.00056 -8.4294 2.5
      vertex -5.59372 -6.99739 2.5
      vertex -5.19116 -6.86074 2.5
    endloop
  endfacet
  facet normal 0 0 -1
    outer loop
      vertex -6.6481 -7.7019 2.5
      vertex -5.55208 -8.79792 2.5
      vertex -5.6987 -8.96511 2.5
    endloop
  endfacet
  facet normal 0 0 -1
    outer loop
      vertex -6.9284 -8.02152 2.5
      vertex -5.6987 -8.96511 2.5
      vertex -5.82224 -9.15 2.5
    endloop
  endfacet
  facet normal 0 0 -1
    outer loop
      vertex -7.16458 -8.375 2.5
      vertex -5.82224 -9.15 2.5
      vertex -5.9206 -9.34944 2.5
    endloop
  endfacet
  facet normal 0 0 -1
    outer loop
      vertex -5.2 -8.52776 2.5
      vertex -5.975 -7.18542 2.5
      vertex -5.59372 -6.99739 2.5
    endloop
  endfacet
  facet normal 0 0 -1
    outer loop
      vertex -7.35 -8.75099 2.5
      vertex -5.9206 -9.34944 2.5
      vertex -5.99207 -9.56001 2.5
    endloop
  endfacet
  facet normal 0 0 -1
    outer loop
      vertex -7.35 -8.75099 2.5
      vertex -5.99207 -9.56001 2.5
      vertex -6.03546 -9.7781 2.5
    endloop
  endfacet
  facet normal 0 0 -1
    outer loop
      vertex -7.35 -8.75099 2.5
      vertex -6.03546 -9.7781 2.5
      vertex -6.05 -10 2.5
    endloop
  endfacet
  facet normal 0 0 -1
    outer loop
      vertex -7.35 -11.249 2.5
      vertex -5.9206 -10.6506 2.5
      vertex -7.16458 -11.625 2.5
    endloop
  endfacet
  facet normal 0 0 -1
    outer loop
      vertex -5.38489 -8.6513 2.5
      vertex -6.32847 -7.4216 2.5
      vertex -5.975 -7.18542 2.5
    endloop
  endfacet
  facet normal -0 0 -1
    outer loop
      vertex -5.9206 -10.6506 2.5
      vertex -7.35 -11.249 2.5
      vertex -5.99207 -10.44 2.5
    endloop
  endfacet
  facet normal 0 0 -1
    outer loop
      vertex -5.55208 -8.79792 2.5
      vertex -6.6481 -7.7019 2.5
      vertex -6.32847 -7.4216 2.5
    endloop
  endfacet
  facet normal -0 0 -1
    outer loop
      vertex -5.99207 -10.44 2.5
      vertex -7.35 -11.249 2.5
      vertex -6.03546 -10.2219 2.5
    endloop
  endfacet
  facet normal 0 0 -1
    outer loop
      vertex -5.6987 -8.96511 2.5
      vertex -6.9284 -8.02152 2.5
      vertex -6.6481 -7.7019 2.5
    endloop
  endfacet
  facet normal -0 0 -1
    outer loop
      vertex -6.03546 -10.2219 2.5
      vertex -7.35 -11.249 2.5
      vertex -6.05 -10 2.5
    endloop
  endfacet
  facet normal 0 0 -1
    outer loop
      vertex -5.82224 -9.15 2.5
      vertex -7.16458 -8.375 2.5
      vertex -6.9284 -8.02152 2.5
    endloop
  endfacet
  facet normal 0 0 -1
    outer loop
      vertex -7.35 -8.75099 2.5
      vertex -6.05 -10 2.5
      vertex -7.35 -11.249 2.5
    endloop
  endfacet
  facet normal 0 0 -1
    outer loop
      vertex -5.9206 -9.34944 2.5
      vertex -7.35 -8.75099 2.5
      vertex -7.16458 -8.375 2.5
    endloop
  endfacet
  facet normal -0.55559 0.831456 0
    outer loop
      vertex -2.37152 -12.5784 7.62939e-07
      vertex -2.725 -12.8146 2.5
      vertex -2.37152 -12.5784 2.5
    endloop
  endfacet
  facet normal -0.55559 0.831456 0
    outer loop
      vertex -2.725 -12.8146 2.5
      vertex -2.37152 -12.5784 7.62939e-07
      vertex -2.725 -12.8146 7.62939e-07
    endloop
  endfacet
  facet normal 0.195098 -0.980784 0
    outer loop
      vertex -5.19116 -6.86074 7.62939e-07
      vertex -4.77421 -6.7778 2.5
      vertex -5.19116 -6.86074 2.5
    endloop
  endfacet
  facet normal 0.195098 -0.980784 0
    outer loop
      vertex -4.77421 -6.7778 2.5
      vertex -5.19116 -6.86074 7.62939e-07
      vertex -4.77421 -6.7778 7.62939e-07
    endloop
  endfacet
  facet normal -0.442239 0.896897 0
    outer loop
      vertex -2.725 -12.8146 7.62939e-07
      vertex -3.10628 -13.0026 2.5
      vertex -2.725 -12.8146 2.5
    endloop
  endfacet
  facet normal -0.442239 0.896897 0
    outer loop
      vertex -3.10628 -13.0026 2.5
      vertex -2.725 -12.8146 7.62939e-07
      vertex -3.10628 -13.0026 7.62939e-07
    endloop
  endfacet
  facet normal 0.442239 0.896897 -0
    outer loop
      vertex -5.59372 -13.0026 7.62939e-07
      vertex -5.975 -12.8146 2.5
      vertex -5.59372 -13.0026 2.5
    endloop
  endfacet
  facet normal 0.442239 0.896897 0
    outer loop
      vertex -5.975 -12.8146 2.5
      vertex -5.59372 -13.0026 7.62939e-07
      vertex -5.975 -12.8146 7.62939e-07
    endloop
  endfacet
  facet normal 0.831478 -0.555558 0
    outer loop
      vertex -7.16458 -8.375 2.5
      vertex -6.9284 -8.02152 7.62939e-07
      vertex -6.9284 -8.02152 2.5
    endloop
  endfacet
  facet normal 0.831478 -0.555558 0
    outer loop
      vertex -6.9284 -8.02152 7.62939e-07
      vertex -7.16458 -8.375 2.5
      vertex -7.16458 -8.375 7.62939e-07
    endloop
  endfacet
  facet normal -0.946916 0.321481 0
    outer loop
      vertex -1.34739 -11.2437 7.62939e-07
      vertex -1.21074 -10.8412 2.5
      vertex -1.21074 -10.8412 7.62939e-07
    endloop
  endfacet
  facet normal -0.946916 0.321481 0
    outer loop
      vertex -1.21074 -10.8412 2.5
      vertex -1.34739 -11.2437 7.62939e-07
      vertex -1.34739 -11.2437 2.5
    endloop
  endfacet
  facet normal -0.896879 0.442277 0
    outer loop
      vertex -1.53542 -11.625 7.62939e-07
      vertex -1.34739 -11.2437 2.5
      vertex -1.34739 -11.2437 7.62939e-07
    endloop
  endfacet
  facet normal -0.896879 0.442277 0
    outer loop
      vertex -1.34739 -11.2437 2.5
      vertex -1.53542 -11.625 7.62939e-07
      vertex -1.53542 -11.625 2.5
    endloop
  endfacet
  facet normal -0.831493 0.555536 0
    outer loop
      vertex -1.7716 -11.9785 7.62939e-07
      vertex -1.53542 -11.625 2.5
      vertex -1.53542 -11.625 7.62939e-07
    endloop
  endfacet
  facet normal -0.831493 0.555536 0
    outer loop
      vertex -1.53542 -11.625 2.5
      vertex -1.7716 -11.9785 7.62939e-07
      vertex -1.7716 -11.9785 2.5
    endloop
  endfacet
  facet normal -0.751818 0.65937 0
    outer loop
      vertex -2.0519 -12.2981 7.62939e-07
      vertex -1.7716 -11.9785 2.5
      vertex -1.7716 -11.9785 7.62939e-07
    endloop
  endfacet
  facet normal -0.751818 0.65937 0
    outer loop
      vertex -1.7716 -11.9785 2.5
      vertex -2.0519 -12.2981 7.62939e-07
      vertex -2.0519 -12.2981 2.5
    endloop
  endfacet
  facet normal -0.321543 0.946895 0
    outer loop
      vertex -3.10628 -13.0026 7.62939e-07
      vertex -3.50884 -13.1393 2.5
      vertex -3.10628 -13.0026 2.5
    endloop
  endfacet
  facet normal -0.321543 0.946895 0
    outer loop
      vertex -3.50884 -13.1393 2.5
      vertex -3.10628 -13.0026 7.62939e-07
      vertex -3.50884 -13.1393 7.62939e-07
    endloop
  endfacet
  facet normal 0.0653933 0.99786 -0
    outer loop
      vertex -4.35 -13.25 7.62939e-07
      vertex -4.77421 -13.2222 2.5
      vertex -4.35 -13.25 2.5
    endloop
  endfacet
  facet normal 0.0653933 0.99786 0
    outer loop
      vertex -4.77421 -13.2222 2.5
      vertex -4.35 -13.25 7.62939e-07
      vertex -4.77421 -13.2222 7.62939e-07
    endloop
  endfacet
  facet normal -0.0653933 0.99786 0
    outer loop
      vertex -3.92579 -13.2222 7.62939e-07
      vertex -4.35 -13.25 2.5
      vertex -3.92579 -13.2222 2.5
    endloop
  endfacet
  facet normal -0.0653933 0.99786 0
    outer loop
      vertex -4.35 -13.25 2.5
      vertex -3.92579 -13.2222 7.62939e-07
      vertex -4.35 -13.25 7.62939e-07
    endloop
  endfacet
  facet normal 0.831493 0.555536 0
    outer loop
      vertex -6.9284 -11.9785 2.5
      vertex -7.16458 -11.625 7.62939e-07
      vertex -7.16458 -11.625 2.5
    endloop
  endfacet
  facet normal 0.831493 0.555536 0
    outer loop
      vertex -7.16458 -11.625 7.62939e-07
      vertex -6.9284 -11.9785 2.5
      vertex -6.9284 -11.9785 7.62939e-07
    endloop
  endfacet
  facet normal 0.751818 0.65937 0
    outer loop
      vertex -6.6481 -12.2981 2.5
      vertex -6.9284 -11.9785 7.62939e-07
      vertex -6.9284 -11.9785 2.5
    endloop
  endfacet
  facet normal 0.751818 0.65937 0
    outer loop
      vertex -6.9284 -11.9785 7.62939e-07
      vertex -6.6481 -12.2981 2.5
      vertex -6.6481 -12.2981 7.62939e-07
    endloop
  endfacet
  facet normal -0.997859 0.0653948 0
    outer loop
      vertex -1.1278 -10.4242 7.62939e-07
      vertex -1.1 -10 2.5
      vertex -1.1 -10 7.62939e-07
    endloop
  endfacet
  facet normal -0.997859 0.0653948 0
    outer loop
      vertex -1.1 -10 2.5
      vertex -1.1278 -10.4242 7.62939e-07
      vertex -1.1278 -10.4242 2.5
    endloop
  endfacet
  facet normal -0.442295 -0.896869 0
    outer loop
      vertex -3.10628 -6.99739 7.62939e-07
      vertex -2.725 -7.18542 2.5
      vertex -3.10628 -6.99739 2.5
    endloop
  endfacet
  facet normal -0.442295 -0.896869 -0
    outer loop
      vertex -2.725 -7.18542 2.5
      vertex -3.10628 -6.99739 7.62939e-07
      vertex -2.725 -7.18542 7.62939e-07
    endloop
  endfacet
  facet normal -0.831478 -0.555558 0
    outer loop
      vertex -1.53542 -8.375 7.62939e-07
      vertex -1.7716 -8.02152 2.5
      vertex -1.7716 -8.02152 7.62939e-07
    endloop
  endfacet
  facet normal -0.831478 -0.555558 0
    outer loop
      vertex -1.7716 -8.02152 2.5
      vertex -1.53542 -8.375 7.62939e-07
      vertex -1.53542 -8.375 2.5
    endloop
  endfacet
  facet normal -0.751839 -0.659347 0
    outer loop
      vertex -1.7716 -8.02152 7.62939e-07
      vertex -2.0519 -7.7019 2.5
      vertex -2.0519 -7.7019 7.62939e-07
    endloop
  endfacet
  facet normal -0.751839 -0.659347 0
    outer loop
      vertex -2.0519 -7.7019 2.5
      vertex -1.7716 -8.02152 7.62939e-07
      vertex -1.7716 -8.02152 2.5
    endloop
  endfacet
  facet normal -0.555558 -0.831478 0
    outer loop
      vertex -2.725 -7.18542 7.62939e-07
      vertex -2.37152 -7.4216 2.5
      vertex -2.725 -7.18542 2.5
    endloop
  endfacet
  facet normal -0.555558 -0.831478 -0
    outer loop
      vertex -2.37152 -7.4216 2.5
      vertex -2.725 -7.18542 7.62939e-07
      vertex -2.37152 -7.4216 7.62939e-07
    endloop
  endfacet
  facet normal -0.0653933 -0.99786 0
    outer loop
      vertex -4.35 -6.75 7.62939e-07
      vertex -3.92579 -6.7778 2.5
      vertex -4.35 -6.75 2.5
    endloop
  endfacet
  facet normal -0.0653933 -0.99786 -0
    outer loop
      vertex -3.92579 -6.7778 2.5
      vertex -4.35 -6.75 7.62939e-07
      vertex -3.92579 -6.7778 7.62939e-07
    endloop
  endfacet
  facet normal 0.321438 -0.946931 0
    outer loop
      vertex -5.59372 -6.99739 7.62939e-07
      vertex -5.19116 -6.86074 2.5
      vertex -5.59372 -6.99739 2.5
    endloop
  endfacet
  facet normal 0.321438 -0.946931 0
    outer loop
      vertex -5.19116 -6.86074 2.5
      vertex -5.59372 -6.99739 7.62939e-07
      vertex -5.19116 -6.86074 7.62939e-07
    endloop
  endfacet
  facet normal -0.980788 0.195076 0
    outer loop
      vertex -1.21074 -10.8412 7.62939e-07
      vertex -1.1278 -10.4242 2.5
      vertex -1.1278 -10.4242 7.62939e-07
    endloop
  endfacet
  facet normal -0.980788 0.195076 0
    outer loop
      vertex -1.1278 -10.4242 2.5
      vertex -1.21074 -10.8412 7.62939e-07
      vertex -1.21074 -10.8412 2.5
    endloop
  endfacet
  facet normal -0.659347 0.751839 0
    outer loop
      vertex -2.0519 -12.2981 7.62939e-07
      vertex -2.37152 -12.5784 2.5
      vertex -2.0519 -12.2981 2.5
    endloop
  endfacet
  facet normal -0.659347 0.751839 0
    outer loop
      vertex -2.37152 -12.5784 2.5
      vertex -2.0519 -12.2981 7.62939e-07
      vertex -2.37152 -12.5784 7.62939e-07
    endloop
  endfacet
  facet normal -0.195008 0.980802 0
    outer loop
      vertex -3.50884 -13.1393 7.62939e-07
      vertex -3.92579 -13.2222 2.5
      vertex -3.50884 -13.1393 2.5
    endloop
  endfacet
  facet normal -0.195008 0.980802 0
    outer loop
      vertex -3.92579 -13.2222 2.5
      vertex -3.50884 -13.1393 7.62939e-07
      vertex -3.92579 -13.2222 7.62939e-07
    endloop
  endfacet
  facet normal 0.896875 0.442284 0
    outer loop
      vertex -7.16458 -11.625 2.5
      vertex -7.35 -11.249 7.62939e-07
      vertex -7.35 -11.249 2.5
    endloop
  endfacet
  facet normal 0.896875 0.442284 0
    outer loop
      vertex -7.35 -11.249 7.62939e-07
      vertex -7.16458 -11.625 2.5
      vertex -7.16458 -11.625 7.62939e-07
    endloop
  endfacet
  facet normal 0.195008 0.980802 -0
    outer loop
      vertex -4.77421 -13.2222 7.62939e-07
      vertex -5.19116 -13.1393 2.5
      vertex -4.77421 -13.2222 2.5
    endloop
  endfacet
  facet normal 0.195008 0.980802 0
    outer loop
      vertex -5.19116 -13.1393 2.5
      vertex -4.77421 -13.2222 7.62939e-07
      vertex -5.19116 -13.1393 7.62939e-07
    endloop
  endfacet
  facet normal 0.321543 0.946895 -0
    outer loop
      vertex -5.19116 -13.1393 7.62939e-07
      vertex -5.59372 -13.0026 2.5
      vertex -5.19116 -13.1393 2.5
    endloop
  endfacet
  facet normal 0.321543 0.946895 0
    outer loop
      vertex -5.59372 -13.0026 2.5
      vertex -5.19116 -13.1393 7.62939e-07
      vertex -5.59372 -13.0026 7.62939e-07
    endloop
  endfacet
  facet normal 0.555601 0.831449 -0
    outer loop
      vertex -5.975 -12.8146 7.62939e-07
      vertex -6.32847 -12.5784 2.5
      vertex -5.975 -12.8146 2.5
    endloop
  endfacet
  facet normal 0.555601 0.831449 0
    outer loop
      vertex -6.32847 -12.5784 2.5
      vertex -5.975 -12.8146 7.62939e-07
      vertex -6.32847 -12.5784 7.62939e-07
    endloop
  endfacet
  facet normal 0.659335 0.751849 -0
    outer loop
      vertex -6.32847 -12.5784 7.62939e-07
      vertex -6.6481 -12.2981 2.5
      vertex -6.32847 -12.5784 2.5
    endloop
  endfacet
  facet normal 0.659335 0.751849 0
    outer loop
      vertex -6.6481 -12.2981 2.5
      vertex -6.32847 -12.5784 7.62939e-07
      vertex -6.6481 -12.2981 7.62939e-07
    endloop
  endfacet
  facet normal -0.99786 -0.0653933 0
    outer loop
      vertex -1.1 -10 7.62939e-07
      vertex -1.1278 -9.57579 2.5
      vertex -1.1278 -9.57579 7.62939e-07
    endloop
  endfacet
  facet normal -0.99786 -0.0653933 0
    outer loop
      vertex -1.1278 -9.57579 2.5
      vertex -1.1 -10 7.62939e-07
      vertex -1.1 -10 2.5
    endloop
  endfacet
  facet normal -0.195098 -0.980784 0
    outer loop
      vertex -3.92579 -6.7778 7.62939e-07
      vertex -3.50884 -6.86074 2.5
      vertex -3.92579 -6.7778 2.5
    endloop
  endfacet
  facet normal -0.195098 -0.980784 -0
    outer loop
      vertex -3.50884 -6.86074 2.5
      vertex -3.92579 -6.7778 7.62939e-07
      vertex -3.50884 -6.86074 7.62939e-07
    endloop
  endfacet
  facet normal -0.946931 -0.321438 0
    outer loop
      vertex -1.21074 -9.15884 7.62939e-07
      vertex -1.34739 -8.75628 2.5
      vertex -1.34739 -8.75628 7.62939e-07
    endloop
  endfacet
  facet normal -0.946931 -0.321438 0
    outer loop
      vertex -1.34739 -8.75628 2.5
      vertex -1.21074 -9.15884 7.62939e-07
      vertex -1.21074 -9.15884 2.5
    endloop
  endfacet
  facet normal -0.321438 -0.946931 0
    outer loop
      vertex -3.50884 -6.86074 7.62939e-07
      vertex -3.10628 -6.99739 2.5
      vertex -3.50884 -6.86074 2.5
    endloop
  endfacet
  facet normal -0.321438 -0.946931 -0
    outer loop
      vertex -3.10628 -6.99739 2.5
      vertex -3.50884 -6.86074 7.62939e-07
      vertex -3.10628 -6.99739 7.62939e-07
    endloop
  endfacet
  facet normal -0.659347 -0.751839 0
    outer loop
      vertex -2.37152 -7.4216 7.62939e-07
      vertex -2.0519 -7.7019 2.5
      vertex -2.37152 -7.4216 2.5
    endloop
  endfacet
  facet normal -0.659347 -0.751839 -0
    outer loop
      vertex -2.0519 -7.7019 2.5
      vertex -2.37152 -7.4216 7.62939e-07
      vertex -2.0519 -7.7019 7.62939e-07
    endloop
  endfacet
  facet normal 0.0653933 -0.99786 0
    outer loop
      vertex -4.77421 -6.7778 7.62939e-07
      vertex -4.35 -6.75 2.5
      vertex -4.77421 -6.7778 2.5
    endloop
  endfacet
  facet normal 0.0653933 -0.99786 0
    outer loop
      vertex -4.35 -6.75 2.5
      vertex -4.77421 -6.7778 7.62939e-07
      vertex -4.35 -6.75 7.62939e-07
    endloop
  endfacet
  facet normal 0.555568 -0.831471 0
    outer loop
      vertex -6.32847 -7.4216 7.62939e-07
      vertex -5.975 -7.18542 2.5
      vertex -6.32847 -7.4216 2.5
    endloop
  endfacet
  facet normal 0.555568 -0.831471 0
    outer loop
      vertex -5.975 -7.18542 2.5
      vertex -6.32847 -7.4216 7.62939e-07
      vertex -5.975 -7.18542 7.62939e-07
    endloop
  endfacet
  facet normal 0.751839 -0.659347 0
    outer loop
      vertex -6.9284 -8.02152 2.5
      vertex -6.6481 -7.7019 7.62939e-07
      vertex -6.6481 -7.7019 2.5
    endloop
  endfacet
  facet normal 0.751839 -0.659347 0
    outer loop
      vertex -6.6481 -7.7019 7.62939e-07
      vertex -6.9284 -8.02152 2.5
      vertex -6.9284 -8.02152 7.62939e-07
    endloop
  endfacet
  facet normal 0.659335 -0.751849 0
    outer loop
      vertex -6.6481 -7.7019 7.62939e-07
      vertex -6.32847 -7.4216 2.5
      vertex -6.6481 -7.7019 2.5
    endloop
  endfacet
  facet normal 0.659335 -0.751849 0
    outer loop
      vertex -6.32847 -7.4216 2.5
      vertex -6.6481 -7.7019 7.62939e-07
      vertex -6.32847 -7.4216 7.62939e-07
    endloop
  endfacet
  facet normal -0.980784 -0.195098 0
    outer loop
      vertex -1.1278 -9.57579 7.62939e-07
      vertex -1.21074 -9.15884 2.5
      vertex -1.21074 -9.15884 7.62939e-07
    endloop
  endfacet
  facet normal -0.980784 -0.195098 0
    outer loop
      vertex -1.21074 -9.15884 2.5
      vertex -1.1278 -9.57579 7.62939e-07
      vertex -1.1278 -9.57579 2.5
    endloop
  endfacet
  facet normal -0.896869 -0.442295 0
    outer loop
      vertex -1.34739 -8.75628 7.62939e-07
      vertex -1.53542 -8.375 2.5
      vertex -1.53542 -8.375 7.62939e-07
    endloop
  endfacet
  facet normal -0.896869 -0.442295 0
    outer loop
      vertex -1.53542 -8.375 2.5
      vertex -1.34739 -8.75628 7.62939e-07
      vertex -1.34739 -8.75628 2.5
    endloop
  endfacet
  facet normal 0.442295 -0.896869 0
    outer loop
      vertex -5.975 -7.18542 7.62939e-07
      vertex -5.59372 -6.99739 2.5
      vertex -5.975 -7.18542 2.5
    endloop
  endfacet
  facet normal 0.442295 -0.896869 0
    outer loop
      vertex -5.59372 -6.99739 2.5
      vertex -5.975 -7.18542 7.62939e-07
      vertex -5.59372 -6.99739 7.62939e-07
    endloop
  endfacet
  facet normal 0.896871 -0.442293 0
    outer loop
      vertex -7.35 -8.75099 2.5
      vertex -7.16458 -8.375 7.62939e-07
      vertex -7.16458 -8.375 2.5
    endloop
  endfacet
  facet normal 0.896871 -0.442293 0
    outer loop
      vertex -7.16458 -8.375 7.62939e-07
      vertex -7.35 -8.75099 2.5
      vertex -7.35 -8.75099 7.62939e-07
    endloop
  endfacet
  facet normal -0.832604 0.553869 0
    outer loop
      vertex 157.599 -11.0349 2.5
      vertex 157.722 -10.85 18.3
      vertex 157.722 -10.85 2.5
    endloop
  endfacet
  facet normal -0.832604 0.553869 0
    outer loop
      vertex 157.722 -10.85 18.3
      vertex 157.599 -11.0349 2.5
      vertex 157.599 -11.0349 18.3
    endloop
  endfacet
  facet normal -0.320937 0.947101 0
    outer loop
      vertex 156.901 -11.5706 2.5
      vertex 156.69 -11.6421 18.3
      vertex 156.901 -11.5706 18.3
    endloop
  endfacet
  facet normal -0.320937 0.947101 0
    outer loop
      vertex 156.69 -11.6421 18.3
      vertex 156.901 -11.5706 2.5
      vertex 156.69 -11.6421 2.5
    endloop
  endfacet
  facet normal 0.443245 0.8964 -0
    outer loop
      vertex 155.599 -11.5706 2.5
      vertex 155.4 -11.4722 18.3
      vertex 155.599 -11.5706 18.3
    endloop
  endfacet
  facet normal 0.443245 0.8964 0
    outer loop
      vertex 155.4 -11.4722 18.3
      vertex 155.599 -11.5706 2.5
      vertex 155.4 -11.4722 2.5
    endloop
  endfacet
  facet normal 0.947598 0.319466 0
    outer loop
      vertex 154.679 -10.6506 18.3
      vertex 154.608 -10.44 2.5
      vertex 154.608 -10.44 18.3
    endloop
  endfacet
  facet normal 0.947598 0.319466 0
    outer loop
      vertex 154.608 -10.44 2.5
      vertex 154.679 -10.6506 18.3
      vertex 154.679 -10.6506 2.5
    endloop
  endfacet
  facet normal -0.981112 -0.193442 0
    outer loop
      vertex 157.935 -9.7781 2.5
      vertex 157.892 -9.56001 18.3
      vertex 157.892 -9.56001 2.5
    endloop
  endfacet
  facet normal -0.981112 -0.193442 0
    outer loop
      vertex 157.892 -9.56001 18.3
      vertex 157.935 -9.7781 2.5
      vertex 157.935 -9.7781 18.3
    endloop
  endfacet
  facet normal 0.0651764 0.997874 -0
    outer loop
      vertex 156.25 -11.7 2.5
      vertex 156.028 -11.6855 18.3
      vertex 156.25 -11.7 18.3
    endloop
  endfacet
  facet normal 0.0651764 0.997874 0
    outer loop
      vertex 156.028 -11.6855 18.3
      vertex 156.25 -11.7 2.5
      vertex 156.028 -11.6855 2.5
    endloop
  endfacet
  facet normal -0.443245 0.8964 0
    outer loop
      vertex 157.1 -11.4722 2.5
      vertex 156.901 -11.5706 18.3
      vertex 157.1 -11.4722 18.3
    endloop
  endfacet
  facet normal -0.443245 0.8964 0
    outer loop
      vertex 156.901 -11.5706 18.3
      vertex 157.1 -11.4722 2.5
      vertex 156.901 -11.5706 2.5
    endloop
  endfacet
  facet normal 0.997723 -0.0674441 0
    outer loop
      vertex 154.55 -10 18.3
      vertex 154.565 -9.7781 2.5
      vertex 154.565 -9.7781 18.3
    endloop
  endfacet
  facet normal 0.997723 -0.0674441 0
    outer loop
      vertex 154.565 -9.7781 2.5
      vertex 154.55 -10 18.3
      vertex 154.55 -10 2.5
    endloop
  endfacet
  facet normal 0.832604 0.553869 0
    outer loop
      vertex 154.901 -11.0349 18.3
      vertex 154.778 -10.85 2.5
      vertex 154.778 -10.85 18.3
    endloop
  endfacet
  facet normal 0.832604 0.553869 0
    outer loop
      vertex 154.778 -10.85 2.5
      vertex 154.901 -11.0349 18.3
      vertex 154.901 -11.0349 2.5
    endloop
  endfacet
  facet normal 0.555219 0.831704 -0
    outer loop
      vertex 155.4 -11.4722 2.5
      vertex 155.215 -11.3487 18.3
      vertex 155.4 -11.4722 18.3
    endloop
  endfacet
  facet normal 0.555219 0.831704 0
    outer loop
      vertex 155.215 -11.3487 18.3
      vertex 155.4 -11.4722 2.5
      vertex 155.215 -11.3487 2.5
    endloop
  endfacet
  facet normal 0.195251 0.980753 -0
    outer loop
      vertex 156.028 -11.6855 2.5
      vertex 155.81 -11.6421 18.3
      vertex 156.028 -11.6855 18.3
    endloop
  endfacet
  facet normal 0.195251 0.980753 0
    outer loop
      vertex 155.81 -11.6421 18.3
      vertex 156.028 -11.6855 2.5
      vertex 155.81 -11.6421 2.5
    endloop
  endfacet
  facet normal -0.997723 0.0674441 0
    outer loop
      vertex 157.935 -10.2219 2.5
      vertex 157.95 -10 18.3
      vertex 157.95 -10 2.5
    endloop
  endfacet
  facet normal -0.997723 0.0674441 0
    outer loop
      vertex 157.95 -10 18.3
      vertex 157.935 -10.2219 2.5
      vertex 157.935 -10.2219 18.3
    endloop
  endfacet
  facet normal -0.947584 -0.319506 0
    outer loop
      vertex 157.892 -9.56001 2.5
      vertex 157.821 -9.34944 18.3
      vertex 157.821 -9.34944 2.5
    endloop
  endfacet
  facet normal -0.947584 -0.319506 0
    outer loop
      vertex 157.821 -9.34944 18.3
      vertex 157.892 -9.56001 2.5
      vertex 157.892 -9.56001 18.3
    endloop
  endfacet
  facet normal 0.555343 -0.831621 0
    outer loop
      vertex 155.215 -8.6513 2.5
      vertex 155.4 -8.52776 18.3
      vertex 155.215 -8.6513 18.3
    endloop
  endfacet
  facet normal 0.555343 -0.831621 0
    outer loop
      vertex 155.4 -8.52776 18.3
      vertex 155.215 -8.6513 2.5
      vertex 155.4 -8.52776 2.5
    endloop
  endfacet
  facet normal 0.83259 -0.553889 0
    outer loop
      vertex 154.778 -9.15 18.3
      vertex 154.901 -8.96511 2.5
      vertex 154.901 -8.96511 18.3
    endloop
  endfacet
  facet normal 0.83259 -0.553889 0
    outer loop
      vertex 154.901 -8.96511 2.5
      vertex 154.778 -9.15 18.3
      vertex 154.778 -9.15 2.5
    endloop
  endfacet
  facet normal -0.555343 -0.831621 0
    outer loop
      vertex 157.1 -8.52776 2.5
      vertex 157.285 -8.6513 18.3
      vertex 157.1 -8.52776 18.3
    endloop
  endfacet
  facet normal -0.555343 -0.831621 -0
    outer loop
      vertex 157.285 -8.6513 18.3
      vertex 157.1 -8.52776 2.5
      vertex 157.285 -8.6513 2.5
    endloop
  endfacet
  facet normal -0.659714 0.751516 0
    outer loop
      vertex 157.452 -11.2021 2.5
      vertex 157.285 -11.3487 18.3
      vertex 157.452 -11.2021 18.3
    endloop
  endfacet
  facet normal -0.659714 0.751516 0
    outer loop
      vertex 157.285 -11.3487 18.3
      vertex 157.452 -11.2021 2.5
      vertex 157.285 -11.3487 2.5
    endloop
  endfacet
  facet normal -0.751016 0.660284 0
    outer loop
      vertex 157.452 -11.2021 2.5
      vertex 157.599 -11.0349 18.3
      vertex 157.599 -11.0349 2.5
    endloop
  endfacet
  facet normal -0.751016 0.660284 0
    outer loop
      vertex 157.599 -11.0349 18.3
      vertex 157.452 -11.2021 2.5
      vertex 157.452 -11.2021 18.3
    endloop
  endfacet
  facet normal -0.195251 0.980753 0
    outer loop
      vertex 156.69 -11.6421 2.5
      vertex 156.472 -11.6855 18.3
      vertex 156.69 -11.6421 18.3
    endloop
  endfacet
  facet normal -0.195251 0.980753 0
    outer loop
      vertex 156.472 -11.6855 18.3
      vertex 156.69 -11.6421 2.5
      vertex 156.472 -11.6855 2.5
    endloop
  endfacet
  facet normal -0.0651764 0.997874 0
    outer loop
      vertex 156.472 -11.6855 2.5
      vertex 156.25 -11.7 18.3
      vertex 156.472 -11.6855 18.3
    endloop
  endfacet
  facet normal -0.0651764 0.997874 0
    outer loop
      vertex 156.25 -11.7 18.3
      vertex 156.472 -11.6855 2.5
      vertex 156.25 -11.7 2.5
    endloop
  endfacet
  facet normal -0.555219 0.831704 0
    outer loop
      vertex 157.285 -11.3487 2.5
      vertex 157.1 -11.4722 18.3
      vertex 157.285 -11.3487 18.3
    endloop
  endfacet
  facet normal -0.555219 0.831704 0
    outer loop
      vertex 157.1 -11.4722 18.3
      vertex 157.285 -11.3487 2.5
      vertex 157.1 -11.4722 2.5
    endloop
  endfacet
  facet normal 0.981113 0.193434 0
    outer loop
      vertex 154.608 -10.44 18.3
      vertex 154.565 -10.2219 2.5
      vertex 154.565 -10.2219 18.3
    endloop
  endfacet
  facet normal 0.981113 0.193434 0
    outer loop
      vertex 154.565 -10.2219 2.5
      vertex 154.608 -10.44 18.3
      vertex 154.608 -10.44 2.5
    endloop
  endfacet
  facet normal 0.997723 0.0674441 0
    outer loop
      vertex 154.565 -10.2219 18.3
      vertex 154.55 -10 2.5
      vertex 154.55 -10 18.3
    endloop
  endfacet
  facet normal 0.997723 0.0674441 0
    outer loop
      vertex 154.55 -10 2.5
      vertex 154.565 -10.2219 18.3
      vertex 154.565 -10.2219 2.5
    endloop
  endfacet
  facet normal 0.895681 0.444696 0
    outer loop
      vertex 154.778 -10.85 18.3
      vertex 154.679 -10.6506 2.5
      vertex 154.679 -10.6506 18.3
    endloop
  endfacet
  facet normal 0.895681 0.444696 0
    outer loop
      vertex 154.679 -10.6506 2.5
      vertex 154.778 -10.85 18.3
      vertex 154.778 -10.85 2.5
    endloop
  endfacet
  facet normal 0.320937 0.947101 -0
    outer loop
      vertex 155.81 -11.6421 2.5
      vertex 155.599 -11.5706 18.3
      vertex 155.81 -11.6421 18.3
    endloop
  endfacet
  facet normal 0.320937 0.947101 0
    outer loop
      vertex 155.599 -11.5706 18.3
      vertex 155.81 -11.6421 2.5
      vertex 155.599 -11.5706 2.5
    endloop
  endfacet
  facet normal 0.659714 0.751516 -0
    outer loop
      vertex 155.215 -11.3487 2.5
      vertex 155.048 -11.2021 18.3
      vertex 155.215 -11.3487 18.3
    endloop
  endfacet
  facet normal 0.659714 0.751516 0
    outer loop
      vertex 155.048 -11.2021 18.3
      vertex 155.215 -11.3487 2.5
      vertex 155.048 -11.2021 2.5
    endloop
  endfacet
  facet normal 0.751016 0.660284 0
    outer loop
      vertex 155.048 -11.2021 18.3
      vertex 154.901 -11.0349 2.5
      vertex 154.901 -11.0349 18.3
    endloop
  endfacet
  facet normal 0.751016 0.660284 0
    outer loop
      vertex 154.901 -11.0349 2.5
      vertex 155.048 -11.2021 18.3
      vertex 155.048 -11.2021 2.5
    endloop
  endfacet
  facet normal -0.0653555 -0.997862 0
    outer loop
      vertex 156.25 -8.3 2.5
      vertex 156.472 -8.31454 18.3
      vertex 156.25 -8.3 18.3
    endloop
  endfacet
  facet normal -0.0653555 -0.997862 -0
    outer loop
      vertex 156.472 -8.31454 18.3
      vertex 156.25 -8.3 2.5
      vertex 156.472 -8.31454 2.5
    endloop
  endfacet
  facet normal 0.750997 -0.660306 0
    outer loop
      vertex 154.901 -8.96511 18.3
      vertex 155.048 -8.79792 2.5
      vertex 155.048 -8.79792 18.3
    endloop
  endfacet
  facet normal 0.750997 -0.660306 0
    outer loop
      vertex 155.048 -8.79792 2.5
      vertex 154.901 -8.96511 18.3
      vertex 154.901 -8.96511 2.5
    endloop
  endfacet
  facet normal -0.195208 -0.980762 0
    outer loop
      vertex 156.472 -8.31454 2.5
      vertex 156.69 -8.35793 18.3
      vertex 156.472 -8.31454 18.3
    endloop
  endfacet
  facet normal -0.195208 -0.980762 -0
    outer loop
      vertex 156.69 -8.35793 18.3
      vertex 156.472 -8.31454 2.5
      vertex 156.69 -8.35793 2.5
    endloop
  endfacet
  facet normal -0.895681 0.444696 0
    outer loop
      vertex 157.722 -10.85 2.5
      vertex 157.821 -10.6506 18.3
      vertex 157.821 -10.6506 2.5
    endloop
  endfacet
  facet normal -0.895681 0.444696 0
    outer loop
      vertex 157.821 -10.6506 18.3
      vertex 157.722 -10.85 2.5
      vertex 157.722 -10.85 18.3
    endloop
  endfacet
  facet normal -0.947598 0.319466 0
    outer loop
      vertex 157.821 -10.6506 2.5
      vertex 157.892 -10.44 18.3
      vertex 157.892 -10.44 2.5
    endloop
  endfacet
  facet normal -0.947598 0.319466 0
    outer loop
      vertex 157.892 -10.44 18.3
      vertex 157.821 -10.6506 2.5
      vertex 157.821 -10.6506 18.3
    endloop
  endfacet
  facet normal -0.981113 0.193434 0
    outer loop
      vertex 157.892 -10.44 2.5
      vertex 157.935 -10.2219 18.3
      vertex 157.935 -10.2219 2.5
    endloop
  endfacet
  facet normal -0.981113 0.193434 0
    outer loop
      vertex 157.935 -10.2219 18.3
      vertex 157.892 -10.44 2.5
      vertex 157.892 -10.44 18.3
    endloop
  endfacet
  facet normal -0.997723 -0.0674441 0
    outer loop
      vertex 157.95 -10 2.5
      vertex 157.935 -9.7781 18.3
      vertex 157.935 -9.7781 2.5
    endloop
  endfacet
  facet normal -0.997723 -0.0674441 0
    outer loop
      vertex 157.935 -9.7781 18.3
      vertex 157.95 -10 2.5
      vertex 157.95 -10 18.3
    endloop
  endfacet
  facet normal 0.195208 -0.980762 0
    outer loop
      vertex 155.81 -8.35793 2.5
      vertex 156.028 -8.31454 18.3
      vertex 155.81 -8.35793 18.3
    endloop
  endfacet
  facet normal 0.195208 -0.980762 0
    outer loop
      vertex 156.028 -8.31454 18.3
      vertex 155.81 -8.35793 2.5
      vertex 156.028 -8.31454 2.5
    endloop
  endfacet
  facet normal 0.895717 -0.444625 0
    outer loop
      vertex 154.679 -9.34944 18.3
      vertex 154.778 -9.15 2.5
      vertex 154.778 -9.15 18.3
    endloop
  endfacet
  facet normal 0.895717 -0.444625 0
    outer loop
      vertex 154.778 -9.15 2.5
      vertex 154.679 -9.34944 18.3
      vertex 154.679 -9.34944 2.5
    endloop
  endfacet
  facet normal 0.947584 -0.319506 0
    outer loop
      vertex 154.608 -9.56001 18.3
      vertex 154.679 -9.34944 2.5
      vertex 154.679 -9.34944 18.3
    endloop
  endfacet
  facet normal 0.947584 -0.319506 0
    outer loop
      vertex 154.679 -9.34944 2.5
      vertex 154.608 -9.56001 18.3
      vertex 154.608 -9.56001 2.5
    endloop
  endfacet
  facet normal 0.981112 -0.193442 0
    outer loop
      vertex 154.565 -9.7781 18.3
      vertex 154.608 -9.56001 2.5
      vertex 154.608 -9.56001 18.3
    endloop
  endfacet
  facet normal 0.981112 -0.193442 0
    outer loop
      vertex 154.608 -9.56001 2.5
      vertex 154.565 -9.7781 18.3
      vertex 154.565 -9.7781 2.5
    endloop
  endfacet
  facet normal 0.659765 -0.751472 0
    outer loop
      vertex 155.048 -8.79792 2.5
      vertex 155.215 -8.6513 18.3
      vertex 155.048 -8.79792 18.3
    endloop
  endfacet
  facet normal 0.659765 -0.751472 0
    outer loop
      vertex 155.215 -8.6513 18.3
      vertex 155.048 -8.79792 2.5
      vertex 155.215 -8.6513 2.5
    endloop
  endfacet
  facet normal -0.4431 -0.896472 0
    outer loop
      vertex 156.901 -8.4294 2.5
      vertex 157.1 -8.52776 18.3
      vertex 156.901 -8.4294 18.3
    endloop
  endfacet
  facet normal -0.4431 -0.896472 -0
    outer loop
      vertex 157.1 -8.52776 18.3
      vertex 156.901 -8.4294 2.5
      vertex 157.1 -8.52776 2.5
    endloop
  endfacet
  facet normal -0.320816 -0.947141 0
    outer loop
      vertex 156.69 -8.35793 2.5
      vertex 156.901 -8.4294 18.3
      vertex 156.69 -8.35793 18.3
    endloop
  endfacet
  facet normal -0.320816 -0.947141 -0
    outer loop
      vertex 156.901 -8.4294 18.3
      vertex 156.69 -8.35793 2.5
      vertex 156.901 -8.4294 2.5
    endloop
  endfacet
  facet normal -0.659765 -0.751472 0
    outer loop
      vertex 157.285 -8.6513 2.5
      vertex 157.452 -8.79792 18.3
      vertex 157.285 -8.6513 18.3
    endloop
  endfacet
  facet normal -0.659765 -0.751472 -0
    outer loop
      vertex 157.452 -8.79792 18.3
      vertex 157.285 -8.6513 2.5
      vertex 157.452 -8.79792 2.5
    endloop
  endfacet
  facet normal -0.895717 -0.444625 0
    outer loop
      vertex 157.821 -9.34944 2.5
      vertex 157.722 -9.15 18.3
      vertex 157.722 -9.15 2.5
    endloop
  endfacet
  facet normal -0.895717 -0.444625 0
    outer loop
      vertex 157.722 -9.15 18.3
      vertex 157.821 -9.34944 2.5
      vertex 157.821 -9.34944 18.3
    endloop
  endfacet
  facet normal -0.83259 -0.553889 0
    outer loop
      vertex 157.722 -9.15 2.5
      vertex 157.599 -8.96511 18.3
      vertex 157.599 -8.96511 2.5
    endloop
  endfacet
  facet normal -0.83259 -0.553889 0
    outer loop
      vertex 157.599 -8.96511 18.3
      vertex 157.722 -9.15 2.5
      vertex 157.722 -9.15 18.3
    endloop
  endfacet
  facet normal 0.0653555 -0.997862 0
    outer loop
      vertex 156.028 -8.31454 2.5
      vertex 156.25 -8.3 18.3
      vertex 156.028 -8.31454 18.3
    endloop
  endfacet
  facet normal 0.0653555 -0.997862 0
    outer loop
      vertex 156.25 -8.3 18.3
      vertex 156.028 -8.31454 2.5
      vertex 156.25 -8.3 2.5
    endloop
  endfacet
  facet normal 0.320816 -0.947141 0
    outer loop
      vertex 155.599 -8.4294 2.5
      vertex 155.81 -8.35793 18.3
      vertex 155.599 -8.4294 18.3
    endloop
  endfacet
  facet normal 0.320816 -0.947141 0
    outer loop
      vertex 155.81 -8.35793 18.3
      vertex 155.599 -8.4294 2.5
      vertex 155.81 -8.35793 2.5
    endloop
  endfacet
  facet normal -0.750997 -0.660306 0
    outer loop
      vertex 157.599 -8.96511 2.5
      vertex 157.452 -8.79792 18.3
      vertex 157.452 -8.79792 2.5
    endloop
  endfacet
  facet normal -0.750997 -0.660306 0
    outer loop
      vertex 157.452 -8.79792 18.3
      vertex 157.599 -8.96511 2.5
      vertex 157.599 -8.96511 18.3
    endloop
  endfacet
  facet normal 0.4431 -0.896472 0
    outer loop
      vertex 155.4 -8.52776 2.5
      vertex 155.599 -8.4294 18.3
      vertex 155.4 -8.52776 18.3
    endloop
  endfacet
  facet normal 0.4431 -0.896472 0
    outer loop
      vertex 155.599 -8.4294 18.3
      vertex 155.4 -8.52776 2.5
      vertex 155.599 -8.4294 2.5
    endloop
  endfacet
  facet normal -0.556112 0.831107 0
    outer loop
      vertex 158.228 -12.5784 7.62939e-07
      vertex 157.875 -12.8146 2.5
      vertex 158.228 -12.5784 2.5
    endloop
  endfacet
  facet normal -0.556112 0.831107 0
    outer loop
      vertex 157.875 -12.8146 2.5
      vertex 158.228 -12.5784 7.62939e-07
      vertex 157.875 -12.8146 7.62939e-07
    endloop
  endfacet
  facet normal 0.980761 0.195211 0
    outer loop
      vertex 153.111 -10.8412 2.5
      vertex 153.028 -10.4242 7.62939e-07
      vertex 153.028 -10.4242 2.5
    endloop
  endfacet
  facet normal 0.980761 0.195211 0
    outer loop
      vertex 153.028 -10.4242 7.62939e-07
      vertex 153.111 -10.8412 2.5
      vertex 153.111 -10.8412 7.62939e-07
    endloop
  endfacet
  facet normal 0.195076 -0.980788 0
    outer loop
      vertex 155.409 -6.86074 7.62939e-07
      vertex 155.826 -6.7778 2.5
      vertex 155.409 -6.86074 2.5
    endloop
  endfacet
  facet normal 0.195076 -0.980788 0
    outer loop
      vertex 155.826 -6.7778 2.5
      vertex 155.409 -6.86074 7.62939e-07
      vertex 155.826 -6.7778 7.62939e-07
    endloop
  endfacet
  facet normal 0.4425 0.896769 -0
    outer loop
      vertex 155.006 -13.0026 7.62939e-07
      vertex 154.625 -12.8146 2.5
      vertex 155.006 -13.0026 2.5
    endloop
  endfacet
  facet normal 0.4425 0.896769 0
    outer loop
      vertex 154.625 -12.8146 2.5
      vertex 155.006 -13.0026 7.62939e-07
      vertex 154.625 -12.8146 7.62939e-07
    endloop
  endfacet
  facet normal 0.947381 0.320109 0
    outer loop
      vertex 153.247 -11.2437 2.5
      vertex 153.111 -10.8412 7.62939e-07
      vertex 153.111 -10.8412 2.5
    endloop
  endfacet
  facet normal 0.947381 0.320109 0
    outer loop
      vertex 153.111 -10.8412 7.62939e-07
      vertex 153.247 -11.2437 2.5
      vertex 153.247 -11.2437 7.62939e-07
    endloop
  endfacet
  facet normal -0.897272 0.441477 0
    outer loop
      vertex 159.065 -11.625 7.62939e-07
      vertex 159.25 -11.249 2.5
      vertex 159.25 -11.249 7.62939e-07
    endloop
  endfacet
  facet normal -0.897272 0.441477 0
    outer loop
      vertex 159.25 -11.249 2.5
      vertex 159.065 -11.625 7.62939e-07
      vertex 159.065 -11.625 2.5
    endloop
  endfacet
  facet normal -0.830602 0.556867 0
    outer loop
      vertex 158.828 -11.9785 7.62939e-07
      vertex 159.065 -11.625 2.5
      vertex 159.065 -11.625 7.62939e-07
    endloop
  endfacet
  facet normal -0.830602 0.556867 0
    outer loop
      vertex 159.065 -11.625 2.5
      vertex 158.828 -11.9785 7.62939e-07
      vertex 158.828 -11.9785 2.5
    endloop
  endfacet
  facet normal -0.321229 0.947002 0
    outer loop
      vertex 157.494 -13.0026 7.62939e-07
      vertex 157.091 -13.1393 2.5
      vertex 157.494 -13.0026 2.5
    endloop
  endfacet
  facet normal -0.321229 0.947002 0
    outer loop
      vertex 157.091 -13.1393 2.5
      vertex 157.494 -13.0026 7.62939e-07
      vertex 157.091 -13.1393 7.62939e-07
    endloop
  endfacet
  facet normal 0.0654256 0.997857 -0
    outer loop
      vertex 156.25 -13.25 7.62939e-07
      vertex 155.826 -13.2222 2.5
      vertex 156.25 -13.25 2.5
    endloop
  endfacet
  facet normal 0.0654256 0.997857 0
    outer loop
      vertex 155.826 -13.2222 2.5
      vertex 156.25 -13.25 7.62939e-07
      vertex 155.826 -13.2222 7.62939e-07
    endloop
  endfacet
  facet normal 0 0 -1
    outer loop
      vertex 157.821 -10.6506 2.5
      vertex 159.25 -11.249 2.5
      vertex 159.065 -11.625 2.5
    endloop
  endfacet
  facet normal 0 0 -1
    outer loop
      vertex 159.25 -11.249 2.5
      vertex 157.95 -10 2.5
      vertex 159.25 -8.75099 2.5
    endloop
  endfacet
  facet normal 0 0 -1
    outer loop
      vertex 157.722 -10.85 2.5
      vertex 159.065 -11.625 2.5
      vertex 158.828 -11.9785 2.5
    endloop
  endfacet
  facet normal 0 0 -1
    outer loop
      vertex 157.935 -9.7781 2.5
      vertex 159.25 -8.75099 2.5
      vertex 157.95 -10 2.5
    endloop
  endfacet
  facet normal 0 0 -1
    outer loop
      vertex 157.599 -11.0349 2.5
      vertex 158.828 -11.9785 2.5
      vertex 158.548 -12.2981 2.5
    endloop
  endfacet
  facet normal 0 0 -1
    outer loop
      vertex 157.892 -9.56001 2.5
      vertex 159.25 -8.75099 2.5
      vertex 157.935 -9.7781 2.5
    endloop
  endfacet
  facet normal 0 0 -1
    outer loop
      vertex 157.452 -11.2021 2.5
      vertex 158.548 -12.2981 2.5
      vertex 158.228 -12.5784 2.5
    endloop
  endfacet
  facet normal 0 0 -1
    outer loop
      vertex 157.821 -9.34944 2.5
      vertex 159.25 -8.75099 2.5
      vertex 157.892 -9.56001 2.5
    endloop
  endfacet
  facet normal -0 0 -1
    outer loop
      vertex 159.25 -8.75099 2.5
      vertex 157.821 -9.34944 2.5
      vertex 159.065 -8.375 2.5
    endloop
  endfacet
  facet normal 0 0 -1
    outer loop
      vertex 159.25 -11.249 2.5
      vertex 157.935 -10.2219 2.5
      vertex 157.95 -10 2.5
    endloop
  endfacet
  facet normal 0 0 -1
    outer loop
      vertex 159.25 -11.249 2.5
      vertex 157.892 -10.44 2.5
      vertex 157.935 -10.2219 2.5
    endloop
  endfacet
  facet normal 0 0 -1
    outer loop
      vertex 157.285 -11.3487 2.5
      vertex 158.228 -12.5784 2.5
      vertex 157.875 -12.8146 2.5
    endloop
  endfacet
  facet normal 0 0 -1
    outer loop
      vertex 159.25 -11.249 2.5
      vertex 157.821 -10.6506 2.5
      vertex 157.892 -10.44 2.5
    endloop
  endfacet
  facet normal 0 0 -1
    outer loop
      vertex 159.065 -11.625 2.5
      vertex 157.722 -10.85 2.5
      vertex 157.821 -10.6506 2.5
    endloop
  endfacet
  facet normal 0 0 -1
    outer loop
      vertex 158.828 -11.9785 2.5
      vertex 157.599 -11.0349 2.5
      vertex 157.722 -10.85 2.5
    endloop
  endfacet
  facet normal 0 0 -1
    outer loop
      vertex 157.1 -11.4722 2.5
      vertex 157.875 -12.8146 2.5
      vertex 157.494 -13.0026 2.5
    endloop
  endfacet
  facet normal 0 0 -1
    outer loop
      vertex 158.548 -12.2981 2.5
      vertex 157.452 -11.2021 2.5
      vertex 157.599 -11.0349 2.5
    endloop
  endfacet
  facet normal 0 0 -1
    outer loop
      vertex 158.228 -12.5784 2.5
      vertex 157.285 -11.3487 2.5
      vertex 157.452 -11.2021 2.5
    endloop
  endfacet
  facet normal 0 0 -1
    outer loop
      vertex 157.875 -12.8146 2.5
      vertex 157.1 -11.4722 2.5
      vertex 157.285 -11.3487 2.5
    endloop
  endfacet
  facet normal 0 0 -1
    outer loop
      vertex 156.901 -11.5706 2.5
      vertex 157.494 -13.0026 2.5
      vertex 157.091 -13.1393 2.5
    endloop
  endfacet
  facet normal 0 0 -1
    outer loop
      vertex 157.494 -13.0026 2.5
      vertex 156.901 -11.5706 2.5
      vertex 157.1 -11.4722 2.5
    endloop
  endfacet
  facet normal 0 0 -1
    outer loop
      vertex 157.091 -13.1393 2.5
      vertex 156.69 -11.6421 2.5
      vertex 156.901 -11.5706 2.5
    endloop
  endfacet
  facet normal 0 0 -1
    outer loop
      vertex 156.674 -13.2222 2.5
      vertex 156.69 -11.6421 2.5
      vertex 157.091 -13.1393 2.5
    endloop
  endfacet
  facet normal 0 0 -1
    outer loop
      vertex 156.674 -13.2222 2.5
      vertex 156.472 -11.6855 2.5
      vertex 156.69 -11.6421 2.5
    endloop
  endfacet
  facet normal 0 0 -1
    outer loop
      vertex 156.25 -13.25 2.5
      vertex 156.472 -11.6855 2.5
      vertex 156.674 -13.2222 2.5
    endloop
  endfacet
  facet normal 0 0 -1
    outer loop
      vertex 156.25 -13.25 2.5
      vertex 156.25 -11.7 2.5
      vertex 156.472 -11.6855 2.5
    endloop
  endfacet
  facet normal 0 0 -1
    outer loop
      vertex 156.25 -13.25 2.5
      vertex 156.028 -11.6855 2.5
      vertex 156.25 -11.7 2.5
    endloop
  endfacet
  facet normal 0 0 -1
    outer loop
      vertex 155.826 -13.2222 2.5
      vertex 156.028 -11.6855 2.5
      vertex 156.25 -13.25 2.5
    endloop
  endfacet
  facet normal 0 0 -1
    outer loop
      vertex 155.826 -13.2222 2.5
      vertex 155.81 -11.6421 2.5
      vertex 156.028 -11.6855 2.5
    endloop
  endfacet
  facet normal 0 0 -1
    outer loop
      vertex 155.409 -13.1393 2.5
      vertex 155.81 -11.6421 2.5
      vertex 155.826 -13.2222 2.5
    endloop
  endfacet
  facet normal -0 0 -1
    outer loop
      vertex 155.81 -11.6421 2.5
      vertex 155.409 -13.1393 2.5
      vertex 155.599 -11.5706 2.5
    endloop
  endfacet
  facet normal 0 0 -1
    outer loop
      vertex 155.006 -13.0026 2.5
      vertex 155.599 -11.5706 2.5
      vertex 155.409 -13.1393 2.5
    endloop
  endfacet
  facet normal -0 0 -1
    outer loop
      vertex 155.599 -11.5706 2.5
      vertex 155.006 -13.0026 2.5
      vertex 155.4 -11.4722 2.5
    endloop
  endfacet
  facet normal 0 0 -1
    outer loop
      vertex 154.625 -12.8146 2.5
      vertex 155.4 -11.4722 2.5
      vertex 155.006 -13.0026 2.5
    endloop
  endfacet
  facet normal -0 0 -1
    outer loop
      vertex 155.4 -11.4722 2.5
      vertex 154.625 -12.8146 2.5
      vertex 155.215 -11.3487 2.5
    endloop
  endfacet
  facet normal 0 0 -1
    outer loop
      vertex 154.272 -12.5784 2.5
      vertex 155.215 -11.3487 2.5
      vertex 154.625 -12.8146 2.5
    endloop
  endfacet
  facet normal -0 0 -1
    outer loop
      vertex 155.215 -11.3487 2.5
      vertex 154.272 -12.5784 2.5
      vertex 155.048 -11.2021 2.5
    endloop
  endfacet
  facet normal 0 0 -1
    outer loop
      vertex 153.952 -12.2981 2.5
      vertex 155.048 -11.2021 2.5
      vertex 154.272 -12.5784 2.5
    endloop
  endfacet
  facet normal -0 0 -1
    outer loop
      vertex 155.048 -11.2021 2.5
      vertex 153.952 -12.2981 2.5
      vertex 154.901 -11.0349 2.5
    endloop
  endfacet
  facet normal 0 0 -1
    outer loop
      vertex 153.672 -11.9785 2.5
      vertex 154.901 -11.0349 2.5
      vertex 153.952 -12.2981 2.5
    endloop
  endfacet
  facet normal -0 0 -1
    outer loop
      vertex 154.901 -11.0349 2.5
      vertex 153.672 -11.9785 2.5
      vertex 154.778 -10.85 2.5
    endloop
  endfacet
  facet normal 0 0 -1
    outer loop
      vertex 153.435 -11.625 2.5
      vertex 154.778 -10.85 2.5
      vertex 153.672 -11.9785 2.5
    endloop
  endfacet
  facet normal -0 0 -1
    outer loop
      vertex 154.778 -10.85 2.5
      vertex 153.435 -11.625 2.5
      vertex 154.679 -10.6506 2.5
    endloop
  endfacet
  facet normal 0 0 -1
    outer loop
      vertex 157.722 -9.15 2.5
      vertex 159.065 -8.375 2.5
      vertex 157.821 -9.34944 2.5
    endloop
  endfacet
  facet normal -0 0 -1
    outer loop
      vertex 159.065 -8.375 2.5
      vertex 157.722 -9.15 2.5
      vertex 158.828 -8.02152 2.5
    endloop
  endfacet
  facet normal 0 0 -1
    outer loop
      vertex 157.599 -8.96511 2.5
      vertex 158.828 -8.02152 2.5
      vertex 157.722 -9.15 2.5
    endloop
  endfacet
  facet normal -0 0 -1
    outer loop
      vertex 158.828 -8.02152 2.5
      vertex 157.599 -8.96511 2.5
      vertex 158.548 -7.7019 2.5
    endloop
  endfacet
  facet normal 0 0 -1
    outer loop
      vertex 157.452 -8.79792 2.5
      vertex 158.548 -7.7019 2.5
      vertex 157.599 -8.96511 2.5
    endloop
  endfacet
  facet normal -0 0 -1
    outer loop
      vertex 158.548 -7.7019 2.5
      vertex 157.452 -8.79792 2.5
      vertex 158.228 -7.4216 2.5
    endloop
  endfacet
  facet normal 0 0 -1
    outer loop
      vertex 157.285 -8.6513 2.5
      vertex 158.228 -7.4216 2.5
      vertex 157.452 -8.79792 2.5
    endloop
  endfacet
  facet normal -0 0 -1
    outer loop
      vertex 158.228 -7.4216 2.5
      vertex 157.285 -8.6513 2.5
      vertex 157.875 -7.18542 2.5
    endloop
  endfacet
  facet normal 0 0 -1
    outer loop
      vertex 157.1 -8.52776 2.5
      vertex 157.875 -7.18542 2.5
      vertex 157.285 -8.6513 2.5
    endloop
  endfacet
  facet normal -0 0 -1
    outer loop
      vertex 157.875 -7.18542 2.5
      vertex 157.1 -8.52776 2.5
      vertex 157.494 -6.99739 2.5
    endloop
  endfacet
  facet normal 0 0 -1
    outer loop
      vertex 156.901 -8.4294 2.5
      vertex 157.494 -6.99739 2.5
      vertex 157.1 -8.52776 2.5
    endloop
  endfacet
  facet normal -0 0 -1
    outer loop
      vertex 157.494 -6.99739 2.5
      vertex 156.901 -8.4294 2.5
      vertex 157.091 -6.86074 2.5
    endloop
  endfacet
  facet normal 0 0 -1
    outer loop
      vertex 156.69 -8.35793 2.5
      vertex 157.091 -6.86074 2.5
      vertex 156.901 -8.4294 2.5
    endloop
  endfacet
  facet normal 0 0 -1
    outer loop
      vertex 156.69 -8.35793 2.5
      vertex 156.674 -6.7778 2.5
      vertex 157.091 -6.86074 2.5
    endloop
  endfacet
  facet normal 0 0 -1
    outer loop
      vertex 156.472 -8.31454 2.5
      vertex 156.674 -6.7778 2.5
      vertex 156.69 -8.35793 2.5
    endloop
  endfacet
  facet normal 0 0 -1
    outer loop
      vertex 156.25 -8.3 2.5
      vertex 156.674 -6.7778 2.5
      vertex 156.472 -8.31454 2.5
    endloop
  endfacet
  facet normal 0 0 -1
    outer loop
      vertex 156.25 -8.3 2.5
      vertex 156.25 -6.75 2.5
      vertex 156.674 -6.7778 2.5
    endloop
  endfacet
  facet normal 0 0 -1
    outer loop
      vertex 156.028 -8.31454 2.5
      vertex 156.25 -6.75 2.5
      vertex 156.25 -8.3 2.5
    endloop
  endfacet
  facet normal 0 0 -1
    outer loop
      vertex 156.028 -8.31454 2.5
      vertex 155.826 -6.7778 2.5
      vertex 156.25 -6.75 2.5
    endloop
  endfacet
  facet normal 0 0 -1
    outer loop
      vertex 155.81 -8.35793 2.5
      vertex 155.826 -6.7778 2.5
      vertex 156.028 -8.31454 2.5
    endloop
  endfacet
  facet normal 0 0 -1
    outer loop
      vertex 155.409 -6.86074 2.5
      vertex 155.81 -8.35793 2.5
      vertex 155.599 -8.4294 2.5
    endloop
  endfacet
  facet normal 0 0 -1
    outer loop
      vertex 155.81 -8.35793 2.5
      vertex 155.409 -6.86074 2.5
      vertex 155.826 -6.7778 2.5
    endloop
  endfacet
  facet normal 0 0 -1
    outer loop
      vertex 155.006 -6.99739 2.5
      vertex 155.599 -8.4294 2.5
      vertex 155.4 -8.52776 2.5
    endloop
  endfacet
  facet normal 0 0 -1
    outer loop
      vertex 154.625 -7.18542 2.5
      vertex 155.4 -8.52776 2.5
      vertex 155.215 -8.6513 2.5
    endloop
  endfacet
  facet normal 0 0 -1
    outer loop
      vertex 154.272 -7.4216 2.5
      vertex 155.215 -8.6513 2.5
      vertex 155.048 -8.79792 2.5
    endloop
  endfacet
  facet normal 0 0 -1
    outer loop
      vertex 155.599 -8.4294 2.5
      vertex 155.006 -6.99739 2.5
      vertex 155.409 -6.86074 2.5
    endloop
  endfacet
  facet normal 0 0 -1
    outer loop
      vertex 153.952 -7.7019 2.5
      vertex 155.048 -8.79792 2.5
      vertex 154.901 -8.96511 2.5
    endloop
  endfacet
  facet normal 0 0 -1
    outer loop
      vertex 153.672 -8.02152 2.5
      vertex 154.901 -8.96511 2.5
      vertex 154.778 -9.15 2.5
    endloop
  endfacet
  facet normal 0 0 -1
    outer loop
      vertex 153.435 -8.375 2.5
      vertex 154.778 -9.15 2.5
      vertex 154.679 -9.34944 2.5
    endloop
  endfacet
  facet normal 0 0 -1
    outer loop
      vertex 155.4 -8.52776 2.5
      vertex 154.625 -7.18542 2.5
      vertex 155.006 -6.99739 2.5
    endloop
  endfacet
  facet normal 0 0 -1
    outer loop
      vertex 153.247 -8.75628 2.5
      vertex 154.679 -9.34944 2.5
      vertex 154.608 -9.56001 2.5
    endloop
  endfacet
  facet normal 0 0 -1
    outer loop
      vertex 153.111 -9.15884 2.5
      vertex 154.608 -9.56001 2.5
      vertex 154.565 -9.7781 2.5
    endloop
  endfacet
  facet normal 0 0 -1
    outer loop
      vertex 153.028 -9.57579 2.5
      vertex 154.565 -9.7781 2.5
      vertex 154.55 -10 2.5
    endloop
  endfacet
  facet normal 0 0 -1
    outer loop
      vertex 153.247 -11.2437 2.5
      vertex 154.679 -10.6506 2.5
      vertex 153.435 -11.625 2.5
    endloop
  endfacet
  facet normal 0 0 -1
    outer loop
      vertex 155.215 -8.6513 2.5
      vertex 154.272 -7.4216 2.5
      vertex 154.625 -7.18542 2.5
    endloop
  endfacet
  facet normal -0 0 -1
    outer loop
      vertex 154.679 -10.6506 2.5
      vertex 153.247 -11.2437 2.5
      vertex 154.608 -10.44 2.5
    endloop
  endfacet
  facet normal 0 0 -1
    outer loop
      vertex 155.048 -8.79792 2.5
      vertex 153.952 -7.7019 2.5
      vertex 154.272 -7.4216 2.5
    endloop
  endfacet
  facet normal 0 0 -1
    outer loop
      vertex 153.111 -10.8412 2.5
      vertex 154.608 -10.44 2.5
      vertex 153.247 -11.2437 2.5
    endloop
  endfacet
  facet normal 0 0 -1
    outer loop
      vertex 154.901 -8.96511 2.5
      vertex 153.672 -8.02152 2.5
      vertex 153.952 -7.7019 2.5
    endloop
  endfacet
  facet normal -0 0 -1
    outer loop
      vertex 154.608 -10.44 2.5
      vertex 153.111 -10.8412 2.5
      vertex 154.565 -10.2219 2.5
    endloop
  endfacet
  facet normal 0 0 -1
    outer loop
      vertex 154.778 -9.15 2.5
      vertex 153.435 -8.375 2.5
      vertex 153.672 -8.02152 2.5
    endloop
  endfacet
  facet normal 0 0 -1
    outer loop
      vertex 153.028 -10.4242 2.5
      vertex 154.565 -10.2219 2.5
      vertex 153.111 -10.8412 2.5
    endloop
  endfacet
  facet normal 0 0 -1
    outer loop
      vertex 154.679 -9.34944 2.5
      vertex 153.247 -8.75628 2.5
      vertex 153.435 -8.375 2.5
    endloop
  endfacet
  facet normal -0 0 -1
    outer loop
      vertex 154.565 -10.2219 2.5
      vertex 153.028 -10.4242 2.5
      vertex 154.55 -10 2.5
    endloop
  endfacet
  facet normal 0 0 -1
    outer loop
      vertex 154.608 -9.56001 2.5
      vertex 153.111 -9.15884 2.5
      vertex 153.247 -8.75628 2.5
    endloop
  endfacet
  facet normal 0 0 -1
    outer loop
      vertex 153 -10 2.5
      vertex 154.55 -10 2.5
      vertex 153.028 -10.4242 2.5
    endloop
  endfacet
  facet normal 0 0 -1
    outer loop
      vertex 154.565 -9.7781 2.5
      vertex 153.028 -9.57579 2.5
      vertex 153.111 -9.15884 2.5
    endloop
  endfacet
  facet normal 0 0 -1
    outer loop
      vertex 154.55 -10 2.5
      vertex 153 -10 2.5
      vertex 153.028 -9.57579 2.5
    endloop
  endfacet
  facet normal 0.997829 0.0658633 0
    outer loop
      vertex 153.028 -10.4242 2.5
      vertex 153 -10 7.62939e-07
      vertex 153 -10 2.5
    endloop
  endfacet
  facet normal 0.997829 0.0658633 0
    outer loop
      vertex 153 -10 7.62939e-07
      vertex 153.028 -10.4242 2.5
      vertex 153.028 -10.4242 7.62939e-07
    endloop
  endfacet
  facet normal 0.830602 0.556867 0
    outer loop
      vertex 153.672 -11.9785 2.5
      vertex 153.435 -11.625 7.62939e-07
      vertex 153.435 -11.625 2.5
    endloop
  endfacet
  facet normal 0.830602 0.556867 0
    outer loop
      vertex 153.435 -11.625 7.62939e-07
      vertex 153.672 -11.9785 2.5
      vertex 153.672 -11.9785 7.62939e-07
    endloop
  endfacet
  facet normal 0.556112 0.831107 -0
    outer loop
      vertex 154.625 -12.8146 7.62939e-07
      vertex 154.272 -12.5784 2.5
      vertex 154.625 -12.8146 2.5
    endloop
  endfacet
  facet normal 0.556112 0.831107 0
    outer loop
      vertex 154.272 -12.5784 2.5
      vertex 154.625 -12.8146 7.62939e-07
      vertex 154.272 -12.5784 7.62939e-07
    endloop
  endfacet
  facet normal 0.321229 0.947002 -0
    outer loop
      vertex 155.409 -13.1393 7.62939e-07
      vertex 155.006 -13.0026 2.5
      vertex 155.409 -13.1393 2.5
    endloop
  endfacet
  facet normal 0.321229 0.947002 0
    outer loop
      vertex 155.006 -13.0026 2.5
      vertex 155.409 -13.1393 7.62939e-07
      vertex 155.006 -13.0026 7.62939e-07
    endloop
  endfacet
  facet normal -0.830587 -0.556889 0
    outer loop
      vertex 159.065 -8.375 7.62939e-07
      vertex 158.828 -8.02152 2.5
      vertex 158.828 -8.02152 7.62939e-07
    endloop
  endfacet
  facet normal -0.830587 -0.556889 0
    outer loop
      vertex 158.828 -8.02152 2.5
      vertex 159.065 -8.375 7.62939e-07
      vertex 159.065 -8.375 2.5
    endloop
  endfacet
  facet normal -0.442557 -0.896741 0
    outer loop
      vertex 157.494 -6.99739 7.62939e-07
      vertex 157.875 -7.18542 2.5
      vertex 157.494 -6.99739 2.5
    endloop
  endfacet
  facet normal -0.442557 -0.896741 -0
    outer loop
      vertex 157.875 -7.18542 2.5
      vertex 157.494 -6.99739 7.62939e-07
      vertex 157.875 -7.18542 7.62939e-07
    endloop
  endfacet
  facet normal -0.55608 -0.831129 0
    outer loop
      vertex 157.875 -7.18542 7.62939e-07
      vertex 158.228 -7.4216 2.5
      vertex 157.875 -7.18542 2.5
    endloop
  endfacet
  facet normal -0.55608 -0.831129 -0
    outer loop
      vertex 158.228 -7.4216 2.5
      vertex 157.875 -7.18542 7.62939e-07
      vertex 158.228 -7.4216 7.62939e-07
    endloop
  endfacet
  facet normal 0.0654256 -0.997857 0
    outer loop
      vertex 155.826 -6.7778 7.62939e-07
      vertex 156.25 -6.75 2.5
      vertex 155.826 -6.7778 2.5
    endloop
  endfacet
  facet normal 0.0654256 -0.997857 0
    outer loop
      vertex 156.25 -6.75 2.5
      vertex 155.826 -6.7778 7.62939e-07
      vertex 156.25 -6.75 7.62939e-07
    endloop
  endfacet
  facet normal 0.55608 -0.831129 0
    outer loop
      vertex 154.272 -7.4216 7.62939e-07
      vertex 154.625 -7.18542 2.5
      vertex 154.272 -7.4216 2.5
    endloop
  endfacet
  facet normal 0.55608 -0.831129 0
    outer loop
      vertex 154.625 -7.18542 2.5
      vertex 154.272 -7.4216 7.62939e-07
      vertex 154.625 -7.18542 7.62939e-07
    endloop
  endfacet
  facet normal 0.830587 -0.556889 0
    outer loop
      vertex 153.435 -8.375 2.5
      vertex 153.672 -8.02152 7.62939e-07
      vertex 153.672 -8.02152 2.5
    endloop
  endfacet
  facet normal 0.830587 -0.556889 0
    outer loop
      vertex 153.672 -8.02152 7.62939e-07
      vertex 153.435 -8.375 2.5
      vertex 153.435 -8.375 7.62939e-07
    endloop
  endfacet
  facet normal -0.752168 0.658971 0
    outer loop
      vertex 158.548 -12.2981 7.62939e-07
      vertex 158.828 -11.9785 2.5
      vertex 158.828 -11.9785 7.62939e-07
    endloop
  endfacet
  facet normal -0.752168 0.658971 0
    outer loop
      vertex 158.828 -11.9785 2.5
      vertex 158.548 -12.2981 7.62939e-07
      vertex 158.548 -12.2981 2.5
    endloop
  endfacet
  facet normal -0.658904 0.752227 0
    outer loop
      vertex 158.548 -12.2981 7.62939e-07
      vertex 158.228 -12.5784 2.5
      vertex 158.548 -12.2981 2.5
    endloop
  endfacet
  facet normal -0.658904 0.752227 0
    outer loop
      vertex 158.228 -12.5784 2.5
      vertex 158.548 -12.2981 7.62939e-07
      vertex 158.228 -12.5784 7.62939e-07
    endloop
  endfacet
  facet normal -0.4425 0.896769 0
    outer loop
      vertex 157.875 -12.8146 7.62939e-07
      vertex 157.494 -13.0026 2.5
      vertex 157.875 -12.8146 2.5
    endloop
  endfacet
  facet normal -0.4425 0.896769 0
    outer loop
      vertex 157.494 -13.0026 2.5
      vertex 157.875 -12.8146 7.62939e-07
      vertex 157.494 -13.0026 7.62939e-07
    endloop
  endfacet
  facet normal -0.194985 0.980806 0
    outer loop
      vertex 157.091 -13.1393 7.62939e-07
      vertex 156.674 -13.2222 2.5
      vertex 157.091 -13.1393 2.5
    endloop
  endfacet
  facet normal -0.194985 0.980806 0
    outer loop
      vertex 156.674 -13.2222 2.5
      vertex 157.091 -13.1393 7.62939e-07
      vertex 156.674 -13.2222 7.62939e-07
    endloop
  endfacet
  facet normal -0.0654256 0.997857 0
    outer loop
      vertex 156.674 -13.2222 7.62939e-07
      vertex 156.25 -13.25 2.5
      vertex 156.674 -13.2222 2.5
    endloop
  endfacet
  facet normal -0.0654256 0.997857 0
    outer loop
      vertex 156.25 -13.25 2.5
      vertex 156.674 -13.2222 7.62939e-07
      vertex 156.25 -13.25 7.62939e-07
    endloop
  endfacet
  facet normal 0.896907 0.44222 0
    outer loop
      vertex 153.435 -11.625 2.5
      vertex 153.247 -11.2437 7.62939e-07
      vertex 153.247 -11.2437 2.5
    endloop
  endfacet
  facet normal 0.896907 0.44222 0
    outer loop
      vertex 153.247 -11.2437 7.62939e-07
      vertex 153.435 -11.625 2.5
      vertex 153.435 -11.625 7.62939e-07
    endloop
  endfacet
  facet normal 0.194985 0.980806 -0
    outer loop
      vertex 155.826 -13.2222 7.62939e-07
      vertex 155.409 -13.1393 2.5
      vertex 155.826 -13.2222 2.5
    endloop
  endfacet
  facet normal 0.194985 0.980806 0
    outer loop
      vertex 155.409 -13.1393 2.5
      vertex 155.826 -13.2222 7.62939e-07
      vertex 155.409 -13.1393 7.62939e-07
    endloop
  endfacet
  facet normal 0.658904 0.752227 -0
    outer loop
      vertex 154.272 -12.5784 7.62939e-07
      vertex 153.952 -12.2981 2.5
      vertex 154.272 -12.5784 2.5
    endloop
  endfacet
  facet normal 0.658904 0.752227 0
    outer loop
      vertex 153.952 -12.2981 2.5
      vertex 154.272 -12.5784 7.62939e-07
      vertex 153.952 -12.2981 7.62939e-07
    endloop
  endfacet
  facet normal 0.752168 0.658971 0
    outer loop
      vertex 153.952 -12.2981 2.5
      vertex 153.672 -11.9785 7.62939e-07
      vertex 153.672 -11.9785 2.5
    endloop
  endfacet
  facet normal 0.752168 0.658971 0
    outer loop
      vertex 153.672 -11.9785 7.62939e-07
      vertex 153.952 -12.2981 2.5
      vertex 153.952 -12.2981 7.62939e-07
    endloop
  endfacet
  facet normal -0.195076 -0.980788 0
    outer loop
      vertex 156.674 -6.7778 7.62939e-07
      vertex 157.091 -6.86074 2.5
      vertex 156.674 -6.7778 2.5
    endloop
  endfacet
  facet normal -0.195076 -0.980788 -0
    outer loop
      vertex 157.091 -6.86074 2.5
      vertex 156.674 -6.7778 7.62939e-07
      vertex 157.091 -6.86074 7.62939e-07
    endloop
  endfacet
  facet normal -0.752189 -0.658948 0
    outer loop
      vertex 158.828 -8.02152 7.62939e-07
      vertex 158.548 -7.7019 2.5
      vertex 158.548 -7.7019 7.62939e-07
    endloop
  endfacet
  facet normal -0.752189 -0.658948 0
    outer loop
      vertex 158.548 -7.7019 2.5
      vertex 158.828 -8.02152 7.62939e-07
      vertex 158.828 -8.02152 2.5
    endloop
  endfacet
  facet normal -0.658904 -0.752227 0
    outer loop
      vertex 158.228 -7.4216 7.62939e-07
      vertex 158.548 -7.7019 2.5
      vertex 158.228 -7.4216 2.5
    endloop
  endfacet
  facet normal -0.658904 -0.752227 -0
    outer loop
      vertex 158.548 -7.7019 2.5
      vertex 158.228 -7.4216 7.62939e-07
      vertex 158.548 -7.7019 7.62939e-07
    endloop
  endfacet
  facet normal -0.0654256 -0.997857 0
    outer loop
      vertex 156.25 -6.75 7.62939e-07
      vertex 156.674 -6.7778 2.5
      vertex 156.25 -6.75 2.5
    endloop
  endfacet
  facet normal -0.0654256 -0.997857 -0
    outer loop
      vertex 156.674 -6.7778 2.5
      vertex 156.25 -6.75 7.62939e-07
      vertex 156.674 -6.7778 7.62939e-07
    endloop
  endfacet
  facet normal 0.321123 -0.947037 0
    outer loop
      vertex 155.006 -6.99739 7.62939e-07
      vertex 155.409 -6.86074 2.5
      vertex 155.006 -6.99739 2.5
    endloop
  endfacet
  facet normal 0.321123 -0.947037 0
    outer loop
      vertex 155.409 -6.86074 2.5
      vertex 155.006 -6.99739 7.62939e-07
      vertex 155.409 -6.86074 7.62939e-07
    endloop
  endfacet
  facet normal 0.896897 -0.442239 0
    outer loop
      vertex 153.247 -8.75628 2.5
      vertex 153.435 -8.375 7.62939e-07
      vertex 153.435 -8.375 2.5
    endloop
  endfacet
  facet normal 0.896897 -0.442239 0
    outer loop
      vertex 153.435 -8.375 7.62939e-07
      vertex 153.247 -8.75628 2.5
      vertex 153.247 -8.75628 7.62939e-07
    endloop
  endfacet
  facet normal 0.980757 -0.195234 0
    outer loop
      vertex 153.028 -9.57579 2.5
      vertex 153.111 -9.15884 7.62939e-07
      vertex 153.111 -9.15884 2.5
    endloop
  endfacet
  facet normal 0.980757 -0.195234 0
    outer loop
      vertex 153.111 -9.15884 7.62939e-07
      vertex 153.028 -9.57579 2.5
      vertex 153.028 -9.57579 7.62939e-07
    endloop
  endfacet
  facet normal 0.752189 -0.658948 0
    outer loop
      vertex 153.672 -8.02152 2.5
      vertex 153.952 -7.7019 7.62939e-07
      vertex 153.952 -7.7019 2.5
    endloop
  endfacet
  facet normal 0.752189 -0.658948 0
    outer loop
      vertex 153.952 -7.7019 7.62939e-07
      vertex 153.672 -8.02152 2.5
      vertex 153.672 -8.02152 7.62939e-07
    endloop
  endfacet
  facet normal 0.997829 -0.0658617 0
    outer loop
      vertex 153 -10 2.5
      vertex 153.028 -9.57579 7.62939e-07
      vertex 153.028 -9.57579 2.5
    endloop
  endfacet
  facet normal 0.997829 -0.0658617 0
    outer loop
      vertex 153.028 -9.57579 7.62939e-07
      vertex 153 -10 2.5
      vertex 153 -10 7.62939e-07
    endloop
  endfacet
  facet normal -0.897268 -0.441487 0
    outer loop
      vertex 159.25 -8.75099 7.62939e-07
      vertex 159.065 -8.375 2.5
      vertex 159.065 -8.375 7.62939e-07
    endloop
  endfacet
  facet normal -0.897268 -0.441487 0
    outer loop
      vertex 159.065 -8.375 2.5
      vertex 159.25 -8.75099 7.62939e-07
      vertex 159.25 -8.75099 2.5
    endloop
  endfacet
  facet normal -0.321123 -0.947037 0
    outer loop
      vertex 157.091 -6.86074 7.62939e-07
      vertex 157.494 -6.99739 2.5
      vertex 157.091 -6.86074 2.5
    endloop
  endfacet
  facet normal -0.321123 -0.947037 -0
    outer loop
      vertex 157.494 -6.99739 2.5
      vertex 157.091 -6.86074 7.62939e-07
      vertex 157.494 -6.99739 7.62939e-07
    endloop
  endfacet
  facet normal 0.442557 -0.896741 0
    outer loop
      vertex 154.625 -7.18542 7.62939e-07
      vertex 155.006 -6.99739 2.5
      vertex 154.625 -7.18542 2.5
    endloop
  endfacet
  facet normal 0.442557 -0.896741 0
    outer loop
      vertex 155.006 -6.99739 2.5
      vertex 154.625 -7.18542 7.62939e-07
      vertex 155.006 -6.99739 7.62939e-07
    endloop
  endfacet
  facet normal 0.947395 -0.320066 0
    outer loop
      vertex 153.111 -9.15884 2.5
      vertex 153.247 -8.75628 7.62939e-07
      vertex 153.247 -8.75628 2.5
    endloop
  endfacet
  facet normal 0.947395 -0.320066 0
    outer loop
      vertex 153.247 -8.75628 7.62939e-07
      vertex 153.111 -9.15884 2.5
      vertex 153.111 -9.15884 7.62939e-07
    endloop
  endfacet
  facet normal 0.658904 -0.752227 0
    outer loop
      vertex 153.952 -7.7019 7.62939e-07
      vertex 154.272 -7.4216 2.5
      vertex 153.952 -7.7019 2.5
    endloop
  endfacet
  facet normal 0.658904 -0.752227 0
    outer loop
      vertex 154.272 -7.4216 2.5
      vertex 153.952 -7.7019 7.62939e-07
      vertex 154.272 -7.4216 7.62939e-07
    endloop
  endfacet
  facet normal -0.831566 0.555426 0
    outer loop
      vertex 37.2987 -35.5349 2.5
      vertex 37.4222 -35.35 18.3
      vertex 37.4222 -35.35 2.5
    endloop
  endfacet
  facet normal -0.831566 0.555426 0
    outer loop
      vertex 37.4222 -35.35 18.3
      vertex 37.2987 -35.5349 2.5
      vertex 37.2987 -35.5349 18.3
    endloop
  endfacet
  facet normal -0.321484 0.946915 0
    outer loop
      vertex 36.6006 -36.0706 2.5
      vertex 36.39 -36.1421 18.3
      vertex 36.6006 -36.0706 18.3
    endloop
  endfacet
  facet normal -0.321484 0.946915 0
    outer loop
      vertex 36.39 -36.1421 18.3
      vertex 36.6006 -36.0706 2.5
      vertex 36.39 -36.1421 2.5
    endloop
  endfacet
  facet normal 0.44253 0.896754 -0
    outer loop
      vertex 35.2994 -36.0706 2.5
      vertex 35.1 -35.9722 18.3
      vertex 35.2994 -36.0706 18.3
    endloop
  endfacet
  facet normal 0.44253 0.896754 0
    outer loop
      vertex 35.1 -35.9722 18.3
      vertex 35.2994 -36.0706 2.5
      vertex 35.1 -35.9722 2.5
    endloop
  endfacet
  facet normal 0.946915 0.321484 0
    outer loop
      vertex 34.3794 -35.1506 18.3
      vertex 34.3079 -34.94 2.5
      vertex 34.3079 -34.94 18.3
    endloop
  endfacet
  facet normal 0.946915 0.321484 0
    outer loop
      vertex 34.3079 -34.94 2.5
      vertex 34.3794 -35.1506 18.3
      vertex 34.3794 -35.1506 2.5
    endloop
  endfacet
  facet normal -0.997872 -0.0652057 0
    outer loop
      vertex 37.65 -34.5 2.5
      vertex 37.6355 -34.2781 18.3
      vertex 37.6355 -34.2781 2.5
    endloop
  endfacet
  facet normal -0.997872 -0.0652057 0
    outer loop
      vertex 37.6355 -34.2781 18.3
      vertex 37.65 -34.5 2.5
      vertex 37.65 -34.5 18.3
    endloop
  endfacet
  facet normal -0.98077 0.195165 0
    outer loop
      vertex 37.5921 -34.94 2.5
      vertex 37.6355 -34.7219 18.3
      vertex 37.6355 -34.7219 2.5
    endloop
  endfacet
  facet normal -0.98077 0.195165 0
    outer loop
      vertex 37.6355 -34.7219 18.3
      vertex 37.5921 -34.94 2.5
      vertex 37.5921 -34.94 18.3
    endloop
  endfacet
  facet normal -0.659268 0.751908 0
    outer loop
      vertex 37.1521 -35.7021 2.5
      vertex 36.9849 -35.8487 18.3
      vertex 37.1521 -35.7021 18.3
    endloop
  endfacet
  facet normal -0.659268 0.751908 0
    outer loop
      vertex 36.9849 -35.8487 18.3
      vertex 37.1521 -35.7021 2.5
      vertex 36.9849 -35.8487 2.5
    endloop
  endfacet
  facet normal 0.0652057 0.997872 -0
    outer loop
      vertex 35.95 -36.2 2.5
      vertex 35.7281 -36.1855 18.3
      vertex 35.95 -36.2 18.3
    endloop
  endfacet
  facet normal 0.0652057 0.997872 0
    outer loop
      vertex 35.7281 -36.1855 18.3
      vertex 35.95 -36.2 2.5
      vertex 35.7281 -36.1855 2.5
    endloop
  endfacet
  facet normal -0.44253 0.896754 0
    outer loop
      vertex 36.8 -35.9722 2.5
      vertex 36.6006 -36.0706 18.3
      vertex 36.8 -35.9722 18.3
    endloop
  endfacet
  facet normal -0.44253 0.896754 0
    outer loop
      vertex 36.6006 -36.0706 18.3
      vertex 36.8 -35.9722 2.5
      vertex 36.6006 -36.0706 2.5
    endloop
  endfacet
  facet normal 0.997872 -0.0652057 0
    outer loop
      vertex 34.25 -34.5 18.3
      vertex 34.2645 -34.2781 2.5
      vertex 34.2645 -34.2781 18.3
    endloop
  endfacet
  facet normal 0.997872 -0.0652057 0
    outer loop
      vertex 34.2645 -34.2781 2.5
      vertex 34.25 -34.5 18.3
      vertex 34.25 -34.5 2.5
    endloop
  endfacet
  facet normal 0.831566 0.555426 0
    outer loop
      vertex 34.6013 -35.5349 18.3
      vertex 34.4778 -35.35 2.5
      vertex 34.4778 -35.35 18.3
    endloop
  endfacet
  facet normal 0.831566 0.555426 0
    outer loop
      vertex 34.4778 -35.35 2.5
      vertex 34.6013 -35.5349 18.3
      vertex 34.6013 -35.5349 2.5
    endloop
  endfacet
  facet normal 0.555426 0.831566 -0
    outer loop
      vertex 35.1 -35.9722 2.5
      vertex 34.9151 -35.8487 18.3
      vertex 35.1 -35.9722 18.3
    endloop
  endfacet
  facet normal 0.555426 0.831566 0
    outer loop
      vertex 34.9151 -35.8487 18.3
      vertex 35.1 -35.9722 2.5
      vertex 34.9151 -35.8487 2.5
    endloop
  endfacet
  facet normal 0.195165 0.98077 -0
    outer loop
      vertex 35.7281 -36.1855 2.5
      vertex 35.51 -36.1421 18.3
      vertex 35.7281 -36.1855 18.3
    endloop
  endfacet
  facet normal 0.195165 0.98077 0
    outer loop
      vertex 35.51 -36.1421 18.3
      vertex 35.7281 -36.1855 2.5
      vertex 35.51 -36.1421 2.5
    endloop
  endfacet
  facet normal 0.555426 -0.831566 0
    outer loop
      vertex 34.9151 -33.1513 2.5
      vertex 35.1 -33.0278 18.3
      vertex 34.9151 -33.1513 18.3
    endloop
  endfacet
  facet normal 0.555426 -0.831566 0
    outer loop
      vertex 35.1 -33.0278 18.3
      vertex 34.9151 -33.1513 2.5
      vertex 35.1 -33.0278 2.5
    endloop
  endfacet
  facet normal 0.831566 -0.555426 0
    outer loop
      vertex 34.4778 -33.65 18.3
      vertex 34.6013 -33.4651 2.5
      vertex 34.6013 -33.4651 18.3
    endloop
  endfacet
  facet normal 0.831566 -0.555426 0
    outer loop
      vertex 34.6013 -33.4651 2.5
      vertex 34.4778 -33.65 18.3
      vertex 34.4778 -33.65 2.5
    endloop
  endfacet
  facet normal -0.751908 0.659268 0
    outer loop
      vertex 37.1521 -35.7021 2.5
      vertex 37.2987 -35.5349 18.3
      vertex 37.2987 -35.5349 2.5
    endloop
  endfacet
  facet normal -0.751908 0.659268 0
    outer loop
      vertex 37.2987 -35.5349 18.3
      vertex 37.1521 -35.7021 2.5
      vertex 37.1521 -35.7021 18.3
    endloop
  endfacet
  facet normal -0.195165 0.98077 0
    outer loop
      vertex 36.39 -36.1421 2.5
      vertex 36.1719 -36.1855 18.3
      vertex 36.39 -36.1421 18.3
    endloop
  endfacet
  facet normal -0.195165 0.98077 0
    outer loop
      vertex 36.1719 -36.1855 18.3
      vertex 36.39 -36.1421 2.5
      vertex 36.1719 -36.1855 2.5
    endloop
  endfacet
  facet normal -0.0652057 0.997872 0
    outer loop
      vertex 36.1719 -36.1855 2.5
      vertex 35.95 -36.2 18.3
      vertex 36.1719 -36.1855 18.3
    endloop
  endfacet
  facet normal -0.0652057 0.997872 0
    outer loop
      vertex 35.95 -36.2 18.3
      vertex 36.1719 -36.1855 2.5
      vertex 35.95 -36.2 2.5
    endloop
  endfacet
  facet normal -0.555426 0.831566 0
    outer loop
      vertex 36.9849 -35.8487 2.5
      vertex 36.8 -35.9722 18.3
      vertex 36.9849 -35.8487 18.3
    endloop
  endfacet
  facet normal -0.555426 0.831566 0
    outer loop
      vertex 36.8 -35.9722 18.3
      vertex 36.9849 -35.8487 2.5
      vertex 36.8 -35.9722 2.5
    endloop
  endfacet
  facet normal 0.98077 0.195165 0
    outer loop
      vertex 34.3079 -34.94 18.3
      vertex 34.2645 -34.7219 2.5
      vertex 34.2645 -34.7219 18.3
    endloop
  endfacet
  facet normal 0.98077 0.195165 0
    outer loop
      vertex 34.2645 -34.7219 2.5
      vertex 34.3079 -34.94 18.3
      vertex 34.3079 -34.94 2.5
    endloop
  endfacet
  facet normal 0.997872 0.0652057 0
    outer loop
      vertex 34.2645 -34.7219 18.3
      vertex 34.25 -34.5 2.5
      vertex 34.25 -34.5 18.3
    endloop
  endfacet
  facet normal 0.997872 0.0652057 0
    outer loop
      vertex 34.25 -34.5 2.5
      vertex 34.2645 -34.7219 18.3
      vertex 34.2645 -34.7219 2.5
    endloop
  endfacet
  facet normal 0.896754 0.44253 0
    outer loop
      vertex 34.4778 -35.35 18.3
      vertex 34.3794 -35.1506 2.5
      vertex 34.3794 -35.1506 18.3
    endloop
  endfacet
  facet normal 0.896754 0.44253 0
    outer loop
      vertex 34.3794 -35.1506 2.5
      vertex 34.4778 -35.35 18.3
      vertex 34.4778 -35.35 2.5
    endloop
  endfacet
  facet normal 0.321484 0.946915 -0
    outer loop
      vertex 35.51 -36.1421 2.5
      vertex 35.2994 -36.0706 18.3
      vertex 35.51 -36.1421 18.3
    endloop
  endfacet
  facet normal 0.321484 0.946915 0
    outer loop
      vertex 35.2994 -36.0706 18.3
      vertex 35.51 -36.1421 2.5
      vertex 35.2994 -36.0706 2.5
    endloop
  endfacet
  facet normal 0.659268 0.751908 -0
    outer loop
      vertex 34.9151 -35.8487 2.5
      vertex 34.7479 -35.7021 18.3
      vertex 34.9151 -35.8487 18.3
    endloop
  endfacet
  facet normal 0.659268 0.751908 0
    outer loop
      vertex 34.7479 -35.7021 18.3
      vertex 34.9151 -35.8487 2.5
      vertex 34.7479 -35.7021 2.5
    endloop
  endfacet
  facet normal 0.751908 0.659268 0
    outer loop
      vertex 34.7479 -35.7021 18.3
      vertex 34.6013 -35.5349 2.5
      vertex 34.6013 -35.5349 18.3
    endloop
  endfacet
  facet normal 0.751908 0.659268 0
    outer loop
      vertex 34.6013 -35.5349 2.5
      vertex 34.7479 -35.7021 18.3
      vertex 34.7479 -35.7021 2.5
    endloop
  endfacet
  facet normal -0.997872 0.0652057 0
    outer loop
      vertex 37.6355 -34.7219 2.5
      vertex 37.65 -34.5 18.3
      vertex 37.65 -34.5 2.5
    endloop
  endfacet
  facet normal -0.997872 0.0652057 0
    outer loop
      vertex 37.65 -34.5 18.3
      vertex 37.6355 -34.7219 2.5
      vertex 37.6355 -34.7219 18.3
    endloop
  endfacet
  facet normal -0.98077 -0.195165 0
    outer loop
      vertex 37.6355 -34.2781 2.5
      vertex 37.5921 -34.06 18.3
      vertex 37.5921 -34.06 2.5
    endloop
  endfacet
  facet normal -0.98077 -0.195165 0
    outer loop
      vertex 37.5921 -34.06 18.3
      vertex 37.6355 -34.2781 2.5
      vertex 37.6355 -34.2781 18.3
    endloop
  endfacet
  facet normal -0.0652057 -0.997872 0
    outer loop
      vertex 35.95 -32.8 2.5
      vertex 36.1719 -32.8145 18.3
      vertex 35.95 -32.8 18.3
    endloop
  endfacet
  facet normal -0.0652057 -0.997872 -0
    outer loop
      vertex 36.1719 -32.8145 18.3
      vertex 35.95 -32.8 2.5
      vertex 36.1719 -32.8145 2.5
    endloop
  endfacet
  facet normal 0.98077 -0.195165 0
    outer loop
      vertex 34.2645 -34.2781 18.3
      vertex 34.3079 -34.06 2.5
      vertex 34.3079 -34.06 18.3
    endloop
  endfacet
  facet normal 0.98077 -0.195165 0
    outer loop
      vertex 34.3079 -34.06 2.5
      vertex 34.2645 -34.2781 18.3
      vertex 34.2645 -34.2781 2.5
    endloop
  endfacet
  facet normal 0.751908 -0.659268 0
    outer loop
      vertex 34.6013 -33.4651 18.3
      vertex 34.7479 -33.2979 2.5
      vertex 34.7479 -33.2979 18.3
    endloop
  endfacet
  facet normal 0.751908 -0.659268 0
    outer loop
      vertex 34.7479 -33.2979 2.5
      vertex 34.6013 -33.4651 18.3
      vertex 34.6013 -33.4651 2.5
    endloop
  endfacet
  facet normal -0.195165 -0.98077 0
    outer loop
      vertex 36.1719 -32.8145 2.5
      vertex 36.39 -32.8579 18.3
      vertex 36.1719 -32.8145 18.3
    endloop
  endfacet
  facet normal -0.195165 -0.98077 -0
    outer loop
      vertex 36.39 -32.8579 18.3
      vertex 36.1719 -32.8145 2.5
      vertex 36.39 -32.8579 2.5
    endloop
  endfacet
  facet normal -0.44253 -0.896754 0
    outer loop
      vertex 36.6006 -32.9294 2.5
      vertex 36.8 -33.0278 18.3
      vertex 36.6006 -32.9294 18.3
    endloop
  endfacet
  facet normal -0.44253 -0.896754 -0
    outer loop
      vertex 36.8 -33.0278 18.3
      vertex 36.6006 -32.9294 2.5
      vertex 36.8 -33.0278 2.5
    endloop
  endfacet
  facet normal -0.896754 0.44253 0
    outer loop
      vertex 37.4222 -35.35 2.5
      vertex 37.5206 -35.1506 18.3
      vertex 37.5206 -35.1506 2.5
    endloop
  endfacet
  facet normal -0.896754 0.44253 0
    outer loop
      vertex 37.5206 -35.1506 18.3
      vertex 37.4222 -35.35 2.5
      vertex 37.4222 -35.35 18.3
    endloop
  endfacet
  facet normal -0.946915 0.321484 0
    outer loop
      vertex 37.5206 -35.1506 2.5
      vertex 37.5921 -34.94 18.3
      vertex 37.5921 -34.94 2.5
    endloop
  endfacet
  facet normal -0.946915 0.321484 0
    outer loop
      vertex 37.5921 -34.94 18.3
      vertex 37.5206 -35.1506 2.5
      vertex 37.5206 -35.1506 18.3
    endloop
  endfacet
  facet normal -0.751908 -0.659268 0
    outer loop
      vertex 37.2987 -33.4651 2.5
      vertex 37.1521 -33.2979 18.3
      vertex 37.1521 -33.2979 2.5
    endloop
  endfacet
  facet normal -0.751908 -0.659268 0
    outer loop
      vertex 37.1521 -33.2979 18.3
      vertex 37.2987 -33.4651 2.5
      vertex 37.2987 -33.4651 18.3
    endloop
  endfacet
  facet normal -0.831566 -0.555426 0
    outer loop
      vertex 37.4222 -33.65 2.5
      vertex 37.2987 -33.4651 18.3
      vertex 37.2987 -33.4651 2.5
    endloop
  endfacet
  facet normal -0.831566 -0.555426 0
    outer loop
      vertex 37.2987 -33.4651 18.3
      vertex 37.4222 -33.65 2.5
      vertex 37.4222 -33.65 18.3
    endloop
  endfacet
  facet normal -0.896754 -0.44253 0
    outer loop
      vertex 37.5206 -33.8494 2.5
      vertex 37.4222 -33.65 18.3
      vertex 37.4222 -33.65 2.5
    endloop
  endfacet
  facet normal -0.896754 -0.44253 0
    outer loop
      vertex 37.4222 -33.65 18.3
      vertex 37.5206 -33.8494 2.5
      vertex 37.5206 -33.8494 18.3
    endloop
  endfacet
  facet normal 0.195165 -0.98077 0
    outer loop
      vertex 35.51 -32.8579 2.5
      vertex 35.7281 -32.8145 18.3
      vertex 35.51 -32.8579 18.3
    endloop
  endfacet
  facet normal 0.195165 -0.98077 0
    outer loop
      vertex 35.7281 -32.8145 18.3
      vertex 35.51 -32.8579 2.5
      vertex 35.7281 -32.8145 2.5
    endloop
  endfacet
  facet normal 0.896754 -0.44253 0
    outer loop
      vertex 34.3794 -33.8494 18.3
      vertex 34.4778 -33.65 2.5
      vertex 34.4778 -33.65 18.3
    endloop
  endfacet
  facet normal 0.896754 -0.44253 0
    outer loop
      vertex 34.4778 -33.65 2.5
      vertex 34.3794 -33.8494 18.3
      vertex 34.3794 -33.8494 2.5
    endloop
  endfacet
  facet normal 0.946915 -0.321484 0
    outer loop
      vertex 34.3079 -34.06 18.3
      vertex 34.3794 -33.8494 2.5
      vertex 34.3794 -33.8494 18.3
    endloop
  endfacet
  facet normal 0.946915 -0.321484 0
    outer loop
      vertex 34.3794 -33.8494 2.5
      vertex 34.3079 -34.06 18.3
      vertex 34.3079 -34.06 2.5
    endloop
  endfacet
  facet normal 0.659268 -0.751908 0
    outer loop
      vertex 34.7479 -33.2979 2.5
      vertex 34.9151 -33.1513 18.3
      vertex 34.7479 -33.2979 18.3
    endloop
  endfacet
  facet normal 0.659268 -0.751908 0
    outer loop
      vertex 34.9151 -33.1513 18.3
      vertex 34.7479 -33.2979 2.5
      vertex 34.9151 -33.1513 2.5
    endloop
  endfacet
  facet normal -0.321484 -0.946915 0
    outer loop
      vertex 36.39 -32.8579 2.5
      vertex 36.6006 -32.9294 18.3
      vertex 36.39 -32.8579 18.3
    endloop
  endfacet
  facet normal -0.321484 -0.946915 -0
    outer loop
      vertex 36.6006 -32.9294 18.3
      vertex 36.39 -32.8579 2.5
      vertex 36.6006 -32.9294 2.5
    endloop
  endfacet
  facet normal -0.659268 -0.751908 0
    outer loop
      vertex 36.9849 -33.1513 2.5
      vertex 37.1521 -33.2979 18.3
      vertex 36.9849 -33.1513 18.3
    endloop
  endfacet
  facet normal -0.659268 -0.751908 -0
    outer loop
      vertex 37.1521 -33.2979 18.3
      vertex 36.9849 -33.1513 2.5
      vertex 37.1521 -33.2979 2.5
    endloop
  endfacet
  facet normal -0.555426 -0.831566 0
    outer loop
      vertex 36.8 -33.0278 2.5
      vertex 36.9849 -33.1513 18.3
      vertex 36.8 -33.0278 18.3
    endloop
  endfacet
  facet normal -0.555426 -0.831566 -0
    outer loop
      vertex 36.9849 -33.1513 18.3
      vertex 36.8 -33.0278 2.5
      vertex 36.9849 -33.1513 2.5
    endloop
  endfacet
  facet normal -0.946915 -0.321484 0
    outer loop
      vertex 37.5921 -34.06 2.5
      vertex 37.5206 -33.8494 18.3
      vertex 37.5206 -33.8494 2.5
    endloop
  endfacet
  facet normal -0.946915 -0.321484 0
    outer loop
      vertex 37.5206 -33.8494 18.3
      vertex 37.5921 -34.06 2.5
      vertex 37.5921 -34.06 18.3
    endloop
  endfacet
  facet normal 0.0652057 -0.997872 0
    outer loop
      vertex 35.7281 -32.8145 2.5
      vertex 35.95 -32.8 18.3
      vertex 35.7281 -32.8145 18.3
    endloop
  endfacet
  facet normal 0.0652057 -0.997872 0
    outer loop
      vertex 35.95 -32.8 18.3
      vertex 35.7281 -32.8145 2.5
      vertex 35.95 -32.8 2.5
    endloop
  endfacet
  facet normal 0.321484 -0.946915 0
    outer loop
      vertex 35.2994 -32.9294 2.5
      vertex 35.51 -32.8579 18.3
      vertex 35.2994 -32.9294 18.3
    endloop
  endfacet
  facet normal 0.321484 -0.946915 0
    outer loop
      vertex 35.51 -32.8579 18.3
      vertex 35.2994 -32.9294 2.5
      vertex 35.51 -32.8579 2.5
    endloop
  endfacet
  facet normal 0.44253 -0.896754 0
    outer loop
      vertex 35.1 -33.0278 2.5
      vertex 35.2994 -32.9294 18.3
      vertex 35.1 -33.0278 18.3
    endloop
  endfacet
  facet normal 0.44253 -0.896754 0
    outer loop
      vertex 35.2994 -32.9294 18.3
      vertex 35.1 -33.0278 2.5
      vertex 35.2994 -32.9294 2.5
    endloop
  endfacet
  facet normal -0.94688 0.321586 0
    outer loop
      vertex 38.9526 -35.7437 7.62939e-07
      vertex 39.0893 -35.3412 2.5
      vertex 39.0893 -35.3412 7.62939e-07
    endloop
  endfacet
  facet normal -0.94688 0.321586 0
    outer loop
      vertex 39.0893 -35.3412 2.5
      vertex 38.9526 -35.7437 7.62939e-07
      vertex 38.9526 -35.7437 2.5
    endloop
  endfacet
  facet normal -0.997859 0.0653948 0
    outer loop
      vertex 39.1722 -34.9242 7.62939e-07
      vertex 39.2 -34.5 2.5
      vertex 39.2 -34.5 7.62939e-07
    endloop
  endfacet
  facet normal -0.997859 0.0653948 0
    outer loop
      vertex 39.2 -34.5 2.5
      vertex 39.1722 -34.9242 7.62939e-07
      vertex 39.1722 -34.9242 2.5
    endloop
  endfacet
  facet normal 0.0653948 0.997859 -0
    outer loop
      vertex 35.95 -37.75 7.62939e-07
      vertex 35.5258 -37.7222 2.5
      vertex 35.95 -37.75 2.5
    endloop
  endfacet
  facet normal 0.0653948 0.997859 0
    outer loop
      vertex 35.5258 -37.7222 2.5
      vertex 35.95 -37.75 7.62939e-07
      vertex 35.5258 -37.7222 7.62939e-07
    endloop
  endfacet
  facet normal -0.65937 0.751818 0
    outer loop
      vertex 38.2481 -36.7981 7.62939e-07
      vertex 37.9285 -37.0784 2.5
      vertex 38.2481 -36.7981 2.5
    endloop
  endfacet
  facet normal -0.65937 0.751818 0
    outer loop
      vertex 37.9285 -37.0784 2.5
      vertex 38.2481 -36.7981 7.62939e-07
      vertex 37.9285 -37.0784 7.62939e-07
    endloop
  endfacet
  facet normal 0.751818 0.65937 0
    outer loop
      vertex 33.6519 -36.7981 2.5
      vertex 33.3716 -36.4785 7.62939e-07
      vertex 33.3716 -36.4785 2.5
    endloop
  endfacet
  facet normal 0.751818 0.65937 0
    outer loop
      vertex 33.3716 -36.4785 7.62939e-07
      vertex 33.6519 -36.7981 2.5
      vertex 33.6519 -36.7981 7.62939e-07
    endloop
  endfacet
  facet normal 0.44222 0.896907 -0
    outer loop
      vertex 34.7063 -37.5026 7.62939e-07
      vertex 34.325 -37.3146 2.5
      vertex 34.7063 -37.5026 2.5
    endloop
  endfacet
  facet normal 0.44222 0.896907 0
    outer loop
      vertex 34.325 -37.3146 2.5
      vertex 34.7063 -37.5026 7.62939e-07
      vertex 34.325 -37.3146 7.62939e-07
    endloop
  endfacet
  facet normal -0.997859 -0.0653948 0
    outer loop
      vertex 39.2 -34.5 7.62939e-07
      vertex 39.1722 -34.0758 2.5
      vertex 39.1722 -34.0758 7.62939e-07
    endloop
  endfacet
  facet normal -0.997859 -0.0653948 0
    outer loop
      vertex 39.1722 -34.0758 2.5
      vertex 39.2 -34.5 7.62939e-07
      vertex 39.2 -34.5 2.5
    endloop
  endfacet
  facet normal 0.751818 -0.65937 0
    outer loop
      vertex 33.3716 -32.5215 2.5
      vertex 33.6519 -32.2019 7.62939e-07
      vertex 33.6519 -32.2019 2.5
    endloop
  endfacet
  facet normal 0.751818 -0.65937 0
    outer loop
      vertex 33.6519 -32.2019 7.62939e-07
      vertex 33.3716 -32.5215 2.5
      vertex 33.3716 -32.5215 7.62939e-07
    endloop
  endfacet
  facet normal -0.896907 0.44222 0
    outer loop
      vertex 38.7646 -36.125 7.62939e-07
      vertex 38.9526 -35.7437 2.5
      vertex 38.9526 -35.7437 7.62939e-07
    endloop
  endfacet
  facet normal -0.896907 0.44222 0
    outer loop
      vertex 38.9526 -35.7437 2.5
      vertex 38.7646 -36.125 7.62939e-07
      vertex 38.7646 -36.125 2.5
    endloop
  endfacet
  facet normal -0.831471 0.555568 0
    outer loop
      vertex 38.5284 -36.4785 7.62939e-07
      vertex 38.7646 -36.125 2.5
      vertex 38.7646 -36.125 7.62939e-07
    endloop
  endfacet
  facet normal -0.831471 0.555568 0
    outer loop
      vertex 38.7646 -36.125 2.5
      vertex 38.5284 -36.4785 7.62939e-07
      vertex 38.5284 -36.4785 2.5
    endloop
  endfacet
  facet normal -0.321586 0.94688 0
    outer loop
      vertex 37.1937 -37.5026 7.62939e-07
      vertex 36.7912 -37.6393 2.5
      vertex 37.1937 -37.5026 2.5
    endloop
  endfacet
  facet normal -0.321586 0.94688 0
    outer loop
      vertex 36.7912 -37.6393 2.5
      vertex 37.1937 -37.5026 7.62939e-07
      vertex 36.7912 -37.6393 7.62939e-07
    endloop
  endfacet
  facet normal -0.0653948 0.997859 0
    outer loop
      vertex 36.3742 -37.7222 7.62939e-07
      vertex 35.95 -37.75 2.5
      vertex 36.3742 -37.7222 2.5
    endloop
  endfacet
  facet normal -0.0653948 0.997859 0
    outer loop
      vertex 35.95 -37.75 2.5
      vertex 36.3742 -37.7222 7.62939e-07
      vertex 35.95 -37.75 7.62939e-07
    endloop
  endfacet
  facet normal -0.555568 0.831471 0
    outer loop
      vertex 37.9285 -37.0784 7.62939e-07
      vertex 37.575 -37.3146 2.5
      vertex 37.9285 -37.0784 2.5
    endloop
  endfacet
  facet normal -0.555568 0.831471 0
    outer loop
      vertex 37.575 -37.3146 2.5
      vertex 37.9285 -37.0784 7.62939e-07
      vertex 37.575 -37.3146 7.62939e-07
    endloop
  endfacet
  facet normal 0.896907 0.44222 0
    outer loop
      vertex 33.1354 -36.125 2.5
      vertex 32.9474 -35.7437 7.62939e-07
      vertex 32.9474 -35.7437 2.5
    endloop
  endfacet
  facet normal 0.896907 0.44222 0
    outer loop
      vertex 32.9474 -35.7437 7.62939e-07
      vertex 33.1354 -36.125 2.5
      vertex 33.1354 -36.125 7.62939e-07
    endloop
  endfacet
  facet normal 0 0 -1
    outer loop
      vertex 37.65 -34.5 2.5
      vertex 39.2 -34.5 2.5
      vertex 39.1722 -34.9242 2.5
    endloop
  endfacet
  facet normal 0 0 -1
    outer loop
      vertex 37.6355 -34.7219 2.5
      vertex 39.1722 -34.9242 2.5
      vertex 39.0893 -35.3412 2.5
    endloop
  endfacet
  facet normal 0 0 -1
    outer loop
      vertex 39.2 -34.5 2.5
      vertex 37.65 -34.5 2.5
      vertex 39.1722 -34.0758 2.5
    endloop
  endfacet
  facet normal 0 0 -1
    outer loop
      vertex 37.5921 -34.94 2.5
      vertex 39.0893 -35.3412 2.5
      vertex 38.9526 -35.7437 2.5
    endloop
  endfacet
  facet normal 0 0 -1
    outer loop
      vertex 37.6355 -34.2781 2.5
      vertex 39.1722 -34.0758 2.5
      vertex 37.65 -34.5 2.5
    endloop
  endfacet
  facet normal 0 0 -1
    outer loop
      vertex 37.5206 -35.1506 2.5
      vertex 38.9526 -35.7437 2.5
      vertex 38.7646 -36.125 2.5
    endloop
  endfacet
  facet normal -0 0 -1
    outer loop
      vertex 39.1722 -34.0758 2.5
      vertex 37.6355 -34.2781 2.5
      vertex 39.0893 -33.6588 2.5
    endloop
  endfacet
  facet normal 0 0 -1
    outer loop
      vertex 37.4222 -35.35 2.5
      vertex 38.7646 -36.125 2.5
      vertex 38.5284 -36.4785 2.5
    endloop
  endfacet
  facet normal 0 0 -1
    outer loop
      vertex 37.5921 -34.06 2.5
      vertex 39.0893 -33.6588 2.5
      vertex 37.6355 -34.2781 2.5
    endloop
  endfacet
  facet normal 0 0 -1
    outer loop
      vertex 37.2987 -35.5349 2.5
      vertex 38.5284 -36.4785 2.5
      vertex 38.2481 -36.7981 2.5
    endloop
  endfacet
  facet normal -0 0 -1
    outer loop
      vertex 39.0893 -33.6588 2.5
      vertex 37.5921 -34.06 2.5
      vertex 38.9526 -33.2563 2.5
    endloop
  endfacet
  facet normal 0 0 -1
    outer loop
      vertex 37.1521 -35.7021 2.5
      vertex 38.2481 -36.7981 2.5
      vertex 37.9285 -37.0784 2.5
    endloop
  endfacet
  facet normal 0 0 -1
    outer loop
      vertex 37.5206 -33.8494 2.5
      vertex 38.9526 -33.2563 2.5
      vertex 37.5921 -34.06 2.5
    endloop
  endfacet
  facet normal -0 0 -1
    outer loop
      vertex 38.9526 -33.2563 2.5
      vertex 37.5206 -33.8494 2.5
      vertex 38.7646 -32.875 2.5
    endloop
  endfacet
  facet normal 0 0 -1
    outer loop
      vertex 39.1722 -34.9242 2.5
      vertex 37.6355 -34.7219 2.5
      vertex 37.65 -34.5 2.5
    endloop
  endfacet
  facet normal 0 0 -1
    outer loop
      vertex 39.0893 -35.3412 2.5
      vertex 37.5921 -34.94 2.5
      vertex 37.6355 -34.7219 2.5
    endloop
  endfacet
  facet normal 0 0 -1
    outer loop
      vertex 36.9849 -35.8487 2.5
      vertex 37.9285 -37.0784 2.5
      vertex 37.575 -37.3146 2.5
    endloop
  endfacet
  facet normal 0 0 -1
    outer loop
      vertex 38.9526 -35.7437 2.5
      vertex 37.5206 -35.1506 2.5
      vertex 37.5921 -34.94 2.5
    endloop
  endfacet
  facet normal 0 0 -1
    outer loop
      vertex 38.7646 -36.125 2.5
      vertex 37.4222 -35.35 2.5
      vertex 37.5206 -35.1506 2.5
    endloop
  endfacet
  facet normal 0 0 -1
    outer loop
      vertex 38.5284 -36.4785 2.5
      vertex 37.2987 -35.5349 2.5
      vertex 37.4222 -35.35 2.5
    endloop
  endfacet
  facet normal 0 0 -1
    outer loop
      vertex 36.8 -35.9722 2.5
      vertex 37.575 -37.3146 2.5
      vertex 37.1937 -37.5026 2.5
    endloop
  endfacet
  facet normal 0 0 -1
    outer loop
      vertex 38.2481 -36.7981 2.5
      vertex 37.1521 -35.7021 2.5
      vertex 37.2987 -35.5349 2.5
    endloop
  endfacet
  facet normal 0 0 -1
    outer loop
      vertex 37.9285 -37.0784 2.5
      vertex 36.9849 -35.8487 2.5
      vertex 37.1521 -35.7021 2.5
    endloop
  endfacet
  facet normal 0 0 -1
    outer loop
      vertex 37.575 -37.3146 2.5
      vertex 36.8 -35.9722 2.5
      vertex 36.9849 -35.8487 2.5
    endloop
  endfacet
  facet normal 0 0 -1
    outer loop
      vertex 36.6006 -36.0706 2.5
      vertex 37.1937 -37.5026 2.5
      vertex 36.7912 -37.6393 2.5
    endloop
  endfacet
  facet normal 0 0 -1
    outer loop
      vertex 37.1937 -37.5026 2.5
      vertex 36.6006 -36.0706 2.5
      vertex 36.8 -35.9722 2.5
    endloop
  endfacet
  facet normal 0 0 -1
    outer loop
      vertex 36.7912 -37.6393 2.5
      vertex 36.39 -36.1421 2.5
      vertex 36.6006 -36.0706 2.5
    endloop
  endfacet
  facet normal 0 0 -1
    outer loop
      vertex 36.3742 -37.7222 2.5
      vertex 36.39 -36.1421 2.5
      vertex 36.7912 -37.6393 2.5
    endloop
  endfacet
  facet normal 0 0 -1
    outer loop
      vertex 36.3742 -37.7222 2.5
      vertex 36.1719 -36.1855 2.5
      vertex 36.39 -36.1421 2.5
    endloop
  endfacet
  facet normal 0 0 -1
    outer loop
      vertex 35.95 -37.75 2.5
      vertex 36.1719 -36.1855 2.5
      vertex 36.3742 -37.7222 2.5
    endloop
  endfacet
  facet normal 0 0 -1
    outer loop
      vertex 35.95 -37.75 2.5
      vertex 35.95 -36.2 2.5
      vertex 36.1719 -36.1855 2.5
    endloop
  endfacet
  facet normal 0 0 -1
    outer loop
      vertex 35.95 -37.75 2.5
      vertex 35.7281 -36.1855 2.5
      vertex 35.95 -36.2 2.5
    endloop
  endfacet
  facet normal 0 0 -1
    outer loop
      vertex 35.5258 -37.7222 2.5
      vertex 35.7281 -36.1855 2.5
      vertex 35.95 -37.75 2.5
    endloop
  endfacet
  facet normal 0 0 -1
    outer loop
      vertex 35.5258 -37.7222 2.5
      vertex 35.51 -36.1421 2.5
      vertex 35.7281 -36.1855 2.5
    endloop
  endfacet
  facet normal 0 0 -1
    outer loop
      vertex 35.1088 -37.6393 2.5
      vertex 35.51 -36.1421 2.5
      vertex 35.5258 -37.7222 2.5
    endloop
  endfacet
  facet normal -0 0 -1
    outer loop
      vertex 35.51 -36.1421 2.5
      vertex 35.1088 -37.6393 2.5
      vertex 35.2994 -36.0706 2.5
    endloop
  endfacet
  facet normal 0 0 -1
    outer loop
      vertex 34.7063 -37.5026 2.5
      vertex 35.2994 -36.0706 2.5
      vertex 35.1088 -37.6393 2.5
    endloop
  endfacet
  facet normal -0 0 -1
    outer loop
      vertex 35.2994 -36.0706 2.5
      vertex 34.7063 -37.5026 2.5
      vertex 35.1 -35.9722 2.5
    endloop
  endfacet
  facet normal 0 0 -1
    outer loop
      vertex 34.325 -37.3146 2.5
      vertex 35.1 -35.9722 2.5
      vertex 34.7063 -37.5026 2.5
    endloop
  endfacet
  facet normal -0 0 -1
    outer loop
      vertex 35.1 -35.9722 2.5
      vertex 34.325 -37.3146 2.5
      vertex 34.9151 -35.8487 2.5
    endloop
  endfacet
  facet normal 0 0 -1
    outer loop
      vertex 33.9715 -37.0784 2.5
      vertex 34.9151 -35.8487 2.5
      vertex 34.325 -37.3146 2.5
    endloop
  endfacet
  facet normal -0 0 -1
    outer loop
      vertex 34.9151 -35.8487 2.5
      vertex 33.9715 -37.0784 2.5
      vertex 34.7479 -35.7021 2.5
    endloop
  endfacet
  facet normal 0 0 -1
    outer loop
      vertex 33.6519 -36.7981 2.5
      vertex 34.7479 -35.7021 2.5
      vertex 33.9715 -37.0784 2.5
    endloop
  endfacet
  facet normal -0 0 -1
    outer loop
      vertex 34.7479 -35.7021 2.5
      vertex 33.6519 -36.7981 2.5
      vertex 34.6013 -35.5349 2.5
    endloop
  endfacet
  facet normal 0 0 -1
    outer loop
      vertex 33.3716 -36.4785 2.5
      vertex 34.6013 -35.5349 2.5
      vertex 33.6519 -36.7981 2.5
    endloop
  endfacet
  facet normal -0 0 -1
    outer loop
      vertex 34.6013 -35.5349 2.5
      vertex 33.3716 -36.4785 2.5
      vertex 34.4778 -35.35 2.5
    endloop
  endfacet
  facet normal 0 0 -1
    outer loop
      vertex 33.1354 -36.125 2.5
      vertex 34.4778 -35.35 2.5
      vertex 33.3716 -36.4785 2.5
    endloop
  endfacet
  facet normal -0 0 -1
    outer loop
      vertex 34.4778 -35.35 2.5
      vertex 33.1354 -36.125 2.5
      vertex 34.3794 -35.1506 2.5
    endloop
  endfacet
  facet normal 0 0 -1
    outer loop
      vertex 37.4222 -33.65 2.5
      vertex 38.7646 -32.875 2.5
      vertex 37.5206 -33.8494 2.5
    endloop
  endfacet
  facet normal -0 0 -1
    outer loop
      vertex 38.7646 -32.875 2.5
      vertex 37.4222 -33.65 2.5
      vertex 38.5284 -32.5215 2.5
    endloop
  endfacet
  facet normal 0 0 -1
    outer loop
      vertex 37.2987 -33.4651 2.5
      vertex 38.5284 -32.5215 2.5
      vertex 37.4222 -33.65 2.5
    endloop
  endfacet
  facet normal -0 0 -1
    outer loop
      vertex 38.5284 -32.5215 2.5
      vertex 37.2987 -33.4651 2.5
      vertex 38.2481 -32.2019 2.5
    endloop
  endfacet
  facet normal 0 0 -1
    outer loop
      vertex 37.1521 -33.2979 2.5
      vertex 38.2481 -32.2019 2.5
      vertex 37.2987 -33.4651 2.5
    endloop
  endfacet
  facet normal -0 0 -1
    outer loop
      vertex 38.2481 -32.2019 2.5
      vertex 37.1521 -33.2979 2.5
      vertex 37.9285 -31.9216 2.5
    endloop
  endfacet
  facet normal 0 0 -1
    outer loop
      vertex 36.9849 -33.1513 2.5
      vertex 37.9285 -31.9216 2.5
      vertex 37.1521 -33.2979 2.5
    endloop
  endfacet
  facet normal -0 0 -1
    outer loop
      vertex 37.9285 -31.9216 2.5
      vertex 36.9849 -33.1513 2.5
      vertex 37.575 -31.6854 2.5
    endloop
  endfacet
  facet normal 0 0 -1
    outer loop
      vertex 36.8 -33.0278 2.5
      vertex 37.575 -31.6854 2.5
      vertex 36.9849 -33.1513 2.5
    endloop
  endfacet
  facet normal -0 0 -1
    outer loop
      vertex 37.575 -31.6854 2.5
      vertex 36.8 -33.0278 2.5
      vertex 37.1937 -31.4974 2.5
    endloop
  endfacet
  facet normal 0 0 -1
    outer loop
      vertex 36.6006 -32.9294 2.5
      vertex 37.1937 -31.4974 2.5
      vertex 36.8 -33.0278 2.5
    endloop
  endfacet
  facet normal -0 0 -1
    outer loop
      vertex 37.1937 -31.4974 2.5
      vertex 36.6006 -32.9294 2.5
      vertex 36.7912 -31.3607 2.5
    endloop
  endfacet
  facet normal 0 0 -1
    outer loop
      vertex 36.39 -32.8579 2.5
      vertex 36.7912 -31.3607 2.5
      vertex 36.6006 -32.9294 2.5
    endloop
  endfacet
  facet normal 0 0 -1
    outer loop
      vertex 36.39 -32.8579 2.5
      vertex 36.3742 -31.2778 2.5
      vertex 36.7912 -31.3607 2.5
    endloop
  endfacet
  facet normal 0 0 -1
    outer loop
      vertex 36.1719 -32.8145 2.5
      vertex 36.3742 -31.2778 2.5
      vertex 36.39 -32.8579 2.5
    endloop
  endfacet
  facet normal 0 0 -1
    outer loop
      vertex 35.95 -32.8 2.5
      vertex 36.3742 -31.2778 2.5
      vertex 36.1719 -32.8145 2.5
    endloop
  endfacet
  facet normal 0 0 -1
    outer loop
      vertex 35.95 -32.8 2.5
      vertex 35.95 -31.25 2.5
      vertex 36.3742 -31.2778 2.5
    endloop
  endfacet
  facet normal 0 0 -1
    outer loop
      vertex 35.7281 -32.8145 2.5
      vertex 35.95 -31.25 2.5
      vertex 35.95 -32.8 2.5
    endloop
  endfacet
  facet normal 0 0 -1
    outer loop
      vertex 35.7281 -32.8145 2.5
      vertex 35.5258 -31.2778 2.5
      vertex 35.95 -31.25 2.5
    endloop
  endfacet
  facet normal 0 0 -1
    outer loop
      vertex 35.51 -32.8579 2.5
      vertex 35.5258 -31.2778 2.5
      vertex 35.7281 -32.8145 2.5
    endloop
  endfacet
  facet normal 0 0 -1
    outer loop
      vertex 35.1088 -31.3607 2.5
      vertex 35.51 -32.8579 2.5
      vertex 35.2994 -32.9294 2.5
    endloop
  endfacet
  facet normal 0 0 -1
    outer loop
      vertex 35.51 -32.8579 2.5
      vertex 35.1088 -31.3607 2.5
      vertex 35.5258 -31.2778 2.5
    endloop
  endfacet
  facet normal 0 0 -1
    outer loop
      vertex 34.7063 -31.4974 2.5
      vertex 35.2994 -32.9294 2.5
      vertex 35.1 -33.0278 2.5
    endloop
  endfacet
  facet normal 0 0 -1
    outer loop
      vertex 34.325 -31.6854 2.5
      vertex 35.1 -33.0278 2.5
      vertex 34.9151 -33.1513 2.5
    endloop
  endfacet
  facet normal 0 0 -1
    outer loop
      vertex 33.9715 -31.9216 2.5
      vertex 34.9151 -33.1513 2.5
      vertex 34.7479 -33.2979 2.5
    endloop
  endfacet
  facet normal 0 0 -1
    outer loop
      vertex 35.2994 -32.9294 2.5
      vertex 34.7063 -31.4974 2.5
      vertex 35.1088 -31.3607 2.5
    endloop
  endfacet
  facet normal 0 0 -1
    outer loop
      vertex 33.6519 -32.2019 2.5
      vertex 34.7479 -33.2979 2.5
      vertex 34.6013 -33.4651 2.5
    endloop
  endfacet
  facet normal 0 0 -1
    outer loop
      vertex 33.3716 -32.5215 2.5
      vertex 34.6013 -33.4651 2.5
      vertex 34.4778 -33.65 2.5
    endloop
  endfacet
  facet normal 0 0 -1
    outer loop
      vertex 33.1354 -32.875 2.5
      vertex 34.4778 -33.65 2.5
      vertex 34.3794 -33.8494 2.5
    endloop
  endfacet
  facet normal 0 0 -1
    outer loop
      vertex 35.1 -33.0278 2.5
      vertex 34.325 -31.6854 2.5
      vertex 34.7063 -31.4974 2.5
    endloop
  endfacet
  facet normal 0 0 -1
    outer loop
      vertex 32.9474 -33.2563 2.5
      vertex 34.3794 -33.8494 2.5
      vertex 34.3079 -34.06 2.5
    endloop
  endfacet
  facet normal 0 0 -1
    outer loop
      vertex 32.8107 -33.6588 2.5
      vertex 34.3079 -34.06 2.5
      vertex 34.2645 -34.2781 2.5
    endloop
  endfacet
  facet normal 0 0 -1
    outer loop
      vertex 32.7278 -34.0758 2.5
      vertex 34.2645 -34.2781 2.5
      vertex 34.25 -34.5 2.5
    endloop
  endfacet
  facet normal 0 0 -1
    outer loop
      vertex 32.9474 -35.7437 2.5
      vertex 34.3794 -35.1506 2.5
      vertex 33.1354 -36.125 2.5
    endloop
  endfacet
  facet normal 0 0 -1
    outer loop
      vertex 34.9151 -33.1513 2.5
      vertex 33.9715 -31.9216 2.5
      vertex 34.325 -31.6854 2.5
    endloop
  endfacet
  facet normal -0 0 -1
    outer loop
      vertex 34.3794 -35.1506 2.5
      vertex 32.9474 -35.7437 2.5
      vertex 34.3079 -34.94 2.5
    endloop
  endfacet
  facet normal 0 0 -1
    outer loop
      vertex 34.7479 -33.2979 2.5
      vertex 33.6519 -32.2019 2.5
      vertex 33.9715 -31.9216 2.5
    endloop
  endfacet
  facet normal 0 0 -1
    outer loop
      vertex 32.8107 -35.3412 2.5
      vertex 34.3079 -34.94 2.5
      vertex 32.9474 -35.7437 2.5
    endloop
  endfacet
  facet normal 0 0 -1
    outer loop
      vertex 34.6013 -33.4651 2.5
      vertex 33.3716 -32.5215 2.5
      vertex 33.6519 -32.2019 2.5
    endloop
  endfacet
  facet normal -0 0 -1
    outer loop
      vertex 34.3079 -34.94 2.5
      vertex 32.8107 -35.3412 2.5
      vertex 34.2645 -34.7219 2.5
    endloop
  endfacet
  facet normal 0 0 -1
    outer loop
      vertex 34.4778 -33.65 2.5
      vertex 33.1354 -32.875 2.5
      vertex 33.3716 -32.5215 2.5
    endloop
  endfacet
  facet normal 0 0 -1
    outer loop
      vertex 32.7278 -34.9242 2.5
      vertex 34.2645 -34.7219 2.5
      vertex 32.8107 -35.3412 2.5
    endloop
  endfacet
  facet normal 0 0 -1
    outer loop
      vertex 34.3794 -33.8494 2.5
      vertex 32.9474 -33.2563 2.5
      vertex 33.1354 -32.875 2.5
    endloop
  endfacet
  facet normal -0 0 -1
    outer loop
      vertex 34.2645 -34.7219 2.5
      vertex 32.7278 -34.9242 2.5
      vertex 34.25 -34.5 2.5
    endloop
  endfacet
  facet normal 0 0 -1
    outer loop
      vertex 34.3079 -34.06 2.5
      vertex 32.8107 -33.6588 2.5
      vertex 32.9474 -33.2563 2.5
    endloop
  endfacet
  facet normal 0 0 -1
    outer loop
      vertex 32.7 -34.5 2.5
      vertex 34.25 -34.5 2.5
      vertex 32.7278 -34.9242 2.5
    endloop
  endfacet
  facet normal 0 0 -1
    outer loop
      vertex 34.2645 -34.2781 2.5
      vertex 32.7278 -34.0758 2.5
      vertex 32.8107 -33.6588 2.5
    endloop
  endfacet
  facet normal 0 0 -1
    outer loop
      vertex 34.25 -34.5 2.5
      vertex 32.7 -34.5 2.5
      vertex 32.7278 -34.0758 2.5
    endloop
  endfacet
  facet normal 0.831471 0.555568 0
    outer loop
      vertex 33.3716 -36.4785 2.5
      vertex 33.1354 -36.125 7.62939e-07
      vertex 33.1354 -36.125 2.5
    endloop
  endfacet
  facet normal 0.831471 0.555568 0
    outer loop
      vertex 33.1354 -36.125 7.62939e-07
      vertex 33.3716 -36.4785 2.5
      vertex 33.3716 -36.4785 7.62939e-07
    endloop
  endfacet
  facet normal 0.997859 0.0653948 0
    outer loop
      vertex 32.7278 -34.9242 2.5
      vertex 32.7 -34.5 7.62939e-07
      vertex 32.7 -34.5 2.5
    endloop
  endfacet
  facet normal 0.997859 0.0653948 0
    outer loop
      vertex 32.7 -34.5 7.62939e-07
      vertex 32.7278 -34.9242 2.5
      vertex 32.7278 -34.9242 7.62939e-07
    endloop
  endfacet
  facet normal 0.65937 0.751818 -0
    outer loop
      vertex 33.9715 -37.0784 7.62939e-07
      vertex 33.6519 -36.7981 2.5
      vertex 33.9715 -37.0784 2.5
    endloop
  endfacet
  facet normal 0.65937 0.751818 0
    outer loop
      vertex 33.6519 -36.7981 2.5
      vertex 33.9715 -37.0784 7.62939e-07
      vertex 33.6519 -36.7981 7.62939e-07
    endloop
  endfacet
  facet normal 0.194985 0.980806 -0
    outer loop
      vertex 35.5258 -37.7222 7.62939e-07
      vertex 35.1088 -37.6393 2.5
      vertex 35.5258 -37.7222 2.5
    endloop
  endfacet
  facet normal 0.194985 0.980806 0
    outer loop
      vertex 35.1088 -37.6393 2.5
      vertex 35.5258 -37.7222 7.62939e-07
      vertex 35.1088 -37.6393 7.62939e-07
    endloop
  endfacet
  facet normal -0.831471 -0.555568 0
    outer loop
      vertex 38.7646 -32.875 7.62939e-07
      vertex 38.5284 -32.5215 2.5
      vertex 38.5284 -32.5215 7.62939e-07
    endloop
  endfacet
  facet normal -0.831471 -0.555568 0
    outer loop
      vertex 38.5284 -32.5215 2.5
      vertex 38.7646 -32.875 7.62939e-07
      vertex 38.7646 -32.875 2.5
    endloop
  endfacet
  facet normal -0.751818 -0.65937 0
    outer loop
      vertex 38.5284 -32.5215 7.62939e-07
      vertex 38.2481 -32.2019 2.5
      vertex 38.2481 -32.2019 7.62939e-07
    endloop
  endfacet
  facet normal -0.751818 -0.65937 0
    outer loop
      vertex 38.2481 -32.2019 2.5
      vertex 38.5284 -32.5215 7.62939e-07
      vertex 38.5284 -32.5215 2.5
    endloop
  endfacet
  facet normal -0.555568 -0.831471 0
    outer loop
      vertex 37.575 -31.6854 7.62939e-07
      vertex 37.9285 -31.9216 2.5
      vertex 37.575 -31.6854 2.5
    endloop
  endfacet
  facet normal -0.555568 -0.831471 -0
    outer loop
      vertex 37.9285 -31.9216 2.5
      vertex 37.575 -31.6854 7.62939e-07
      vertex 37.9285 -31.9216 7.62939e-07
    endloop
  endfacet
  facet normal 0.194985 -0.980806 0
    outer loop
      vertex 35.1088 -31.3607 7.62939e-07
      vertex 35.5258 -31.2778 2.5
      vertex 35.1088 -31.3607 2.5
    endloop
  endfacet
  facet normal 0.194985 -0.980806 0
    outer loop
      vertex 35.5258 -31.2778 2.5
      vertex 35.1088 -31.3607 7.62939e-07
      vertex 35.5258 -31.2778 7.62939e-07
    endloop
  endfacet
  facet normal 0.980806 -0.194985 0
    outer loop
      vertex 32.7278 -34.0758 2.5
      vertex 32.8107 -33.6588 7.62939e-07
      vertex 32.8107 -33.6588 2.5
    endloop
  endfacet
  facet normal 0.980806 -0.194985 0
    outer loop
      vertex 32.8107 -33.6588 7.62939e-07
      vertex 32.7278 -34.0758 2.5
      vertex 32.7278 -34.0758 7.62939e-07
    endloop
  endfacet
  facet normal 0.831471 -0.555568 0
    outer loop
      vertex 33.1354 -32.875 2.5
      vertex 33.3716 -32.5215 7.62939e-07
      vertex 33.3716 -32.5215 2.5
    endloop
  endfacet
  facet normal 0.831471 -0.555568 0
    outer loop
      vertex 33.3716 -32.5215 7.62939e-07
      vertex 33.1354 -32.875 2.5
      vertex 33.1354 -32.875 7.62939e-07
    endloop
  endfacet
  facet normal -0.980806 0.194985 0
    outer loop
      vertex 39.0893 -35.3412 7.62939e-07
      vertex 39.1722 -34.9242 2.5
      vertex 39.1722 -34.9242 7.62939e-07
    endloop
  endfacet
  facet normal -0.980806 0.194985 0
    outer loop
      vertex 39.1722 -34.9242 2.5
      vertex 39.0893 -35.3412 7.62939e-07
      vertex 39.0893 -35.3412 2.5
    endloop
  endfacet
  facet normal -0.44222 0.896907 0
    outer loop
      vertex 37.575 -37.3146 7.62939e-07
      vertex 37.1937 -37.5026 2.5
      vertex 37.575 -37.3146 2.5
    endloop
  endfacet
  facet normal -0.44222 0.896907 0
    outer loop
      vertex 37.1937 -37.5026 2.5
      vertex 37.575 -37.3146 7.62939e-07
      vertex 37.1937 -37.5026 7.62939e-07
    endloop
  endfacet
  facet normal 0.94688 0.321586 0
    outer loop
      vertex 32.9474 -35.7437 2.5
      vertex 32.8107 -35.3412 7.62939e-07
      vertex 32.8107 -35.3412 2.5
    endloop
  endfacet
  facet normal 0.94688 0.321586 0
    outer loop
      vertex 32.8107 -35.3412 7.62939e-07
      vertex 32.9474 -35.7437 2.5
      vertex 32.9474 -35.7437 7.62939e-07
    endloop
  endfacet
  facet normal 0.997859 -0.0653948 0
    outer loop
      vertex 32.7 -34.5 2.5
      vertex 32.7278 -34.0758 7.62939e-07
      vertex 32.7278 -34.0758 2.5
    endloop
  endfacet
  facet normal 0.997859 -0.0653948 0
    outer loop
      vertex 32.7278 -34.0758 7.62939e-07
      vertex 32.7 -34.5 2.5
      vertex 32.7 -34.5 7.62939e-07
    endloop
  endfacet
  facet normal 0.321586 0.94688 -0
    outer loop
      vertex 35.1088 -37.6393 7.62939e-07
      vertex 34.7063 -37.5026 2.5
      vertex 35.1088 -37.6393 2.5
    endloop
  endfacet
  facet normal 0.321586 0.94688 0
    outer loop
      vertex 34.7063 -37.5026 2.5
      vertex 35.1088 -37.6393 7.62939e-07
      vertex 34.7063 -37.5026 7.62939e-07
    endloop
  endfacet
  facet normal -0.44222 -0.896907 0
    outer loop
      vertex 37.1937 -31.4974 7.62939e-07
      vertex 37.575 -31.6854 2.5
      vertex 37.1937 -31.4974 2.5
    endloop
  endfacet
  facet normal -0.44222 -0.896907 -0
    outer loop
      vertex 37.575 -31.6854 2.5
      vertex 37.1937 -31.4974 7.62939e-07
      vertex 37.575 -31.6854 7.62939e-07
    endloop
  endfacet
  facet normal -0.194985 -0.980806 0
    outer loop
      vertex 36.3742 -31.2778 7.62939e-07
      vertex 36.7912 -31.3607 2.5
      vertex 36.3742 -31.2778 2.5
    endloop
  endfacet
  facet normal -0.194985 -0.980806 -0
    outer loop
      vertex 36.7912 -31.3607 2.5
      vertex 36.3742 -31.2778 7.62939e-07
      vertex 36.7912 -31.3607 7.62939e-07
    endloop
  endfacet
  facet normal -0.321586 -0.94688 0
    outer loop
      vertex 36.7912 -31.3607 7.62939e-07
      vertex 37.1937 -31.4974 2.5
      vertex 36.7912 -31.3607 2.5
    endloop
  endfacet
  facet normal -0.321586 -0.94688 -0
    outer loop
      vertex 37.1937 -31.4974 2.5
      vertex 36.7912 -31.3607 7.62939e-07
      vertex 37.1937 -31.4974 7.62939e-07
    endloop
  endfacet
  facet normal -0.65937 -0.751818 0
    outer loop
      vertex 37.9285 -31.9216 7.62939e-07
      vertex 38.2481 -32.2019 2.5
      vertex 37.9285 -31.9216 2.5
    endloop
  endfacet
  facet normal -0.65937 -0.751818 -0
    outer loop
      vertex 38.2481 -32.2019 2.5
      vertex 37.9285 -31.9216 7.62939e-07
      vertex 38.2481 -32.2019 7.62939e-07
    endloop
  endfacet
  facet normal -0.94688 -0.321586 0
    outer loop
      vertex 39.0893 -33.6588 7.62939e-07
      vertex 38.9526 -33.2563 2.5
      vertex 38.9526 -33.2563 7.62939e-07
    endloop
  endfacet
  facet normal -0.94688 -0.321586 0
    outer loop
      vertex 38.9526 -33.2563 2.5
      vertex 39.0893 -33.6588 7.62939e-07
      vertex 39.0893 -33.6588 2.5
    endloop
  endfacet
  facet normal 0.0653948 -0.997859 0
    outer loop
      vertex 35.5258 -31.2778 7.62939e-07
      vertex 35.95 -31.25 2.5
      vertex 35.5258 -31.2778 2.5
    endloop
  endfacet
  facet normal 0.0653948 -0.997859 0
    outer loop
      vertex 35.95 -31.25 2.5
      vertex 35.5258 -31.2778 7.62939e-07
      vertex 35.95 -31.25 7.62939e-07
    endloop
  endfacet
  facet normal 0.44222 -0.896907 0
    outer loop
      vertex 34.325 -31.6854 7.62939e-07
      vertex 34.7063 -31.4974 2.5
      vertex 34.325 -31.6854 2.5
    endloop
  endfacet
  facet normal 0.44222 -0.896907 0
    outer loop
      vertex 34.7063 -31.4974 2.5
      vertex 34.325 -31.6854 7.62939e-07
      vertex 34.7063 -31.4974 7.62939e-07
    endloop
  endfacet
  facet normal 0.555568 -0.831471 0
    outer loop
      vertex 33.9715 -31.9216 7.62939e-07
      vertex 34.325 -31.6854 2.5
      vertex 33.9715 -31.9216 2.5
    endloop
  endfacet
  facet normal 0.555568 -0.831471 0
    outer loop
      vertex 34.325 -31.6854 2.5
      vertex 33.9715 -31.9216 7.62939e-07
      vertex 34.325 -31.6854 7.62939e-07
    endloop
  endfacet
  facet normal 0.321586 -0.94688 0
    outer loop
      vertex 34.7063 -31.4974 7.62939e-07
      vertex 35.1088 -31.3607 2.5
      vertex 34.7063 -31.4974 2.5
    endloop
  endfacet
  facet normal 0.321586 -0.94688 0
    outer loop
      vertex 35.1088 -31.3607 2.5
      vertex 34.7063 -31.4974 7.62939e-07
      vertex 35.1088 -31.3607 7.62939e-07
    endloop
  endfacet
  facet normal -0.0653948 -0.997859 0
    outer loop
      vertex 35.95 -31.25 7.62939e-07
      vertex 36.3742 -31.2778 2.5
      vertex 35.95 -31.25 2.5
    endloop
  endfacet
  facet normal -0.0653948 -0.997859 -0
    outer loop
      vertex 36.3742 -31.2778 2.5
      vertex 35.95 -31.25 7.62939e-07
      vertex 36.3742 -31.2778 7.62939e-07
    endloop
  endfacet
  facet normal 0.65937 -0.751818 0
    outer loop
      vertex 33.6519 -32.2019 7.62939e-07
      vertex 33.9715 -31.9216 2.5
      vertex 33.6519 -32.2019 2.5
    endloop
  endfacet
  facet normal 0.65937 -0.751818 0
    outer loop
      vertex 33.9715 -31.9216 2.5
      vertex 33.6519 -32.2019 7.62939e-07
      vertex 33.9715 -31.9216 7.62939e-07
    endloop
  endfacet
  facet normal 0.94688 -0.321586 0
    outer loop
      vertex 32.8107 -33.6588 2.5
      vertex 32.9474 -33.2563 7.62939e-07
      vertex 32.9474 -33.2563 2.5
    endloop
  endfacet
  facet normal 0.94688 -0.321586 0
    outer loop
      vertex 32.9474 -33.2563 7.62939e-07
      vertex 32.8107 -33.6588 2.5
      vertex 32.8107 -33.6588 7.62939e-07
    endloop
  endfacet
  facet normal 0.896907 -0.44222 0
    outer loop
      vertex 32.9474 -33.2563 2.5
      vertex 33.1354 -32.875 7.62939e-07
      vertex 33.1354 -32.875 2.5
    endloop
  endfacet
  facet normal 0.896907 -0.44222 0
    outer loop
      vertex 33.1354 -32.875 7.62939e-07
      vertex 32.9474 -33.2563 2.5
      vertex 32.9474 -33.2563 7.62939e-07
    endloop
  endfacet
  facet normal -0.751818 0.65937 0
    outer loop
      vertex 38.2481 -36.7981 7.62939e-07
      vertex 38.5284 -36.4785 2.5
      vertex 38.5284 -36.4785 7.62939e-07
    endloop
  endfacet
  facet normal -0.751818 0.65937 0
    outer loop
      vertex 38.5284 -36.4785 2.5
      vertex 38.2481 -36.7981 7.62939e-07
      vertex 38.2481 -36.7981 2.5
    endloop
  endfacet
  facet normal -0.194985 0.980806 0
    outer loop
      vertex 36.7912 -37.6393 7.62939e-07
      vertex 36.3742 -37.7222 2.5
      vertex 36.7912 -37.6393 2.5
    endloop
  endfacet
  facet normal -0.194985 0.980806 0
    outer loop
      vertex 36.3742 -37.7222 2.5
      vertex 36.7912 -37.6393 7.62939e-07
      vertex 36.3742 -37.7222 7.62939e-07
    endloop
  endfacet
  facet normal 0.980806 0.194985 0
    outer loop
      vertex 32.8107 -35.3412 2.5
      vertex 32.7278 -34.9242 7.62939e-07
      vertex 32.7278 -34.9242 2.5
    endloop
  endfacet
  facet normal 0.980806 0.194985 0
    outer loop
      vertex 32.7278 -34.9242 7.62939e-07
      vertex 32.8107 -35.3412 2.5
      vertex 32.8107 -35.3412 7.62939e-07
    endloop
  endfacet
  facet normal 0.555568 0.831471 -0
    outer loop
      vertex 34.325 -37.3146 7.62939e-07
      vertex 33.9715 -37.0784 2.5
      vertex 34.325 -37.3146 2.5
    endloop
  endfacet
  facet normal 0.555568 0.831471 0
    outer loop
      vertex 33.9715 -37.0784 2.5
      vertex 34.325 -37.3146 7.62939e-07
      vertex 33.9715 -37.0784 7.62939e-07
    endloop
  endfacet
  facet normal -0.896907 -0.44222 0
    outer loop
      vertex 38.9526 -33.2563 7.62939e-07
      vertex 38.7646 -32.875 2.5
      vertex 38.7646 -32.875 7.62939e-07
    endloop
  endfacet
  facet normal -0.896907 -0.44222 0
    outer loop
      vertex 38.7646 -32.875 2.5
      vertex 38.9526 -33.2563 7.62939e-07
      vertex 38.9526 -33.2563 2.5
    endloop
  endfacet
  facet normal -0.980806 -0.194985 0
    outer loop
      vertex 39.1722 -34.0758 7.62939e-07
      vertex 39.0893 -33.6588 2.5
      vertex 39.0893 -33.6588 7.62939e-07
    endloop
  endfacet
  facet normal -0.980806 -0.194985 0
    outer loop
      vertex 39.0893 -33.6588 2.5
      vertex 39.1722 -34.0758 7.62939e-07
      vertex 39.1722 -34.0758 2.5
    endloop
  endfacet
  facet normal -0.997723 0.0674441 0
    outer loop
      vertex 117.635 -34.7219 2.5
      vertex 117.65 -34.5 18.3
      vertex 117.65 -34.5 2.5
    endloop
  endfacet
  facet normal -0.997723 0.0674441 0
    outer loop
      vertex 117.65 -34.5 18.3
      vertex 117.635 -34.7219 2.5
      vertex 117.635 -34.7219 18.3
    endloop
  endfacet
  facet normal 0.0651764 0.997874 -0
    outer loop
      vertex 115.95 -36.2 2.5
      vertex 115.728 -36.1855 18.3
      vertex 115.95 -36.2 18.3
    endloop
  endfacet
  facet normal 0.0651764 0.997874 0
    outer loop
      vertex 115.728 -36.1855 18.3
      vertex 115.95 -36.2 2.5
      vertex 115.728 -36.1855 2.5
    endloop
  endfacet
  facet normal -0.0651764 -0.997874 0
    outer loop
      vertex 115.95 -32.8 2.5
      vertex 116.172 -32.8145 18.3
      vertex 115.95 -32.8 18.3
    endloop
  endfacet
  facet normal -0.0651764 -0.997874 -0
    outer loop
      vertex 116.172 -32.8145 18.3
      vertex 115.95 -32.8 2.5
      vertex 116.172 -32.8145 2.5
    endloop
  endfacet
  facet normal -0.659714 0.751516 0
    outer loop
      vertex 117.152 -35.7021 2.5
      vertex 116.985 -35.8487 18.3
      vertex 117.152 -35.7021 18.3
    endloop
  endfacet
  facet normal -0.659714 0.751516 0
    outer loop
      vertex 116.985 -35.8487 18.3
      vertex 117.152 -35.7021 2.5
      vertex 116.985 -35.8487 2.5
    endloop
  endfacet
  facet normal 0.751016 0.660284 0
    outer loop
      vertex 114.748 -35.7021 18.3
      vertex 114.601 -35.5349 2.5
      vertex 114.601 -35.5349 18.3
    endloop
  endfacet
  facet normal 0.751016 0.660284 0
    outer loop
      vertex 114.601 -35.5349 2.5
      vertex 114.748 -35.7021 18.3
      vertex 114.748 -35.7021 2.5
    endloop
  endfacet
  facet normal 0.443245 0.8964 -0
    outer loop
      vertex 115.299 -36.0706 2.5
      vertex 115.1 -35.9722 18.3
      vertex 115.299 -36.0706 18.3
    endloop
  endfacet
  facet normal 0.443245 0.8964 0
    outer loop
      vertex 115.1 -35.9722 18.3
      vertex 115.299 -36.0706 2.5
      vertex 115.1 -35.9722 2.5
    endloop
  endfacet
  facet normal -0.832604 -0.553869 0
    outer loop
      vertex 117.422 -33.65 2.5
      vertex 117.299 -33.4651 18.3
      vertex 117.299 -33.4651 2.5
    endloop
  endfacet
  facet normal -0.832604 -0.553869 0
    outer loop
      vertex 117.299 -33.4651 18.3
      vertex 117.422 -33.65 2.5
      vertex 117.422 -33.65 18.3
    endloop
  endfacet
  facet normal -0.895681 0.444696 0
    outer loop
      vertex 117.422 -35.35 2.5
      vertex 117.521 -35.1506 18.3
      vertex 117.521 -35.1506 2.5
    endloop
  endfacet
  facet normal -0.895681 0.444696 0
    outer loop
      vertex 117.521 -35.1506 18.3
      vertex 117.422 -35.35 2.5
      vertex 117.422 -35.35 18.3
    endloop
  endfacet
  facet normal -0.981113 0.193434 0
    outer loop
      vertex 117.592 -34.94 2.5
      vertex 117.635 -34.7219 18.3
      vertex 117.635 -34.7219 2.5
    endloop
  endfacet
  facet normal -0.981113 0.193434 0
    outer loop
      vertex 117.635 -34.7219 18.3
      vertex 117.592 -34.94 2.5
      vertex 117.592 -34.94 18.3
    endloop
  endfacet
  facet normal -0.320937 0.947101 0
    outer loop
      vertex 116.601 -36.0706 2.5
      vertex 116.39 -36.1421 18.3
      vertex 116.601 -36.0706 18.3
    endloop
  endfacet
  facet normal -0.320937 0.947101 0
    outer loop
      vertex 116.39 -36.1421 18.3
      vertex 116.601 -36.0706 2.5
      vertex 116.39 -36.1421 2.5
    endloop
  endfacet
  facet normal -0.443245 0.8964 0
    outer loop
      vertex 116.8 -35.9722 2.5
      vertex 116.601 -36.0706 18.3
      vertex 116.8 -35.9722 18.3
    endloop
  endfacet
  facet normal -0.443245 0.8964 0
    outer loop
      vertex 116.601 -36.0706 18.3
      vertex 116.8 -35.9722 2.5
      vertex 116.601 -36.0706 2.5
    endloop
  endfacet
  facet normal 0.947598 0.319466 0
    outer loop
      vertex 114.379 -35.1506 18.3
      vertex 114.308 -34.94 2.5
      vertex 114.308 -34.94 18.3
    endloop
  endfacet
  facet normal 0.947598 0.319466 0
    outer loop
      vertex 114.308 -34.94 2.5
      vertex 114.379 -35.1506 18.3
      vertex 114.379 -35.1506 2.5
    endloop
  endfacet
  facet normal 0.895681 0.444696 0
    outer loop
      vertex 114.478 -35.35 18.3
      vertex 114.379 -35.1506 2.5
      vertex 114.379 -35.1506 18.3
    endloop
  endfacet
  facet normal 0.895681 0.444696 0
    outer loop
      vertex 114.379 -35.1506 2.5
      vertex 114.478 -35.35 18.3
      vertex 114.478 -35.35 2.5
    endloop
  endfacet
  facet normal 0.555219 0.831704 -0
    outer loop
      vertex 115.1 -35.9722 2.5
      vertex 114.915 -35.8487 18.3
      vertex 115.1 -35.9722 18.3
    endloop
  endfacet
  facet normal 0.555219 0.831704 0
    outer loop
      vertex 114.915 -35.8487 18.3
      vertex 115.1 -35.9722 2.5
      vertex 114.915 -35.8487 2.5
    endloop
  endfacet
  facet normal 0.195251 0.980753 -0
    outer loop
      vertex 115.728 -36.1855 2.5
      vertex 115.51 -36.1421 18.3
      vertex 115.728 -36.1855 18.3
    endloop
  endfacet
  facet normal 0.195251 0.980753 0
    outer loop
      vertex 115.51 -36.1421 18.3
      vertex 115.728 -36.1855 2.5
      vertex 115.51 -36.1421 2.5
    endloop
  endfacet
  facet normal -0.195251 -0.980753 0
    outer loop
      vertex 116.172 -32.8145 2.5
      vertex 116.39 -32.8579 18.3
      vertex 116.172 -32.8145 18.3
    endloop
  endfacet
  facet normal -0.195251 -0.980753 -0
    outer loop
      vertex 116.39 -32.8579 18.3
      vertex 116.172 -32.8145 2.5
      vertex 116.39 -32.8579 2.5
    endloop
  endfacet
  facet normal -0.947598 0.319466 0
    outer loop
      vertex 117.521 -35.1506 2.5
      vertex 117.592 -34.94 18.3
      vertex 117.592 -34.94 2.5
    endloop
  endfacet
  facet normal -0.947598 0.319466 0
    outer loop
      vertex 117.592 -34.94 18.3
      vertex 117.521 -35.1506 2.5
      vertex 117.521 -35.1506 18.3
    endloop
  endfacet
  facet normal -0.751016 0.660284 0
    outer loop
      vertex 117.152 -35.7021 2.5
      vertex 117.299 -35.5349 18.3
      vertex 117.299 -35.5349 2.5
    endloop
  endfacet
  facet normal -0.751016 0.660284 0
    outer loop
      vertex 117.299 -35.5349 18.3
      vertex 117.152 -35.7021 2.5
      vertex 117.152 -35.7021 18.3
    endloop
  endfacet
  facet normal -0.832604 0.553869 0
    outer loop
      vertex 117.299 -35.5349 2.5
      vertex 117.422 -35.35 18.3
      vertex 117.422 -35.35 2.5
    endloop
  endfacet
  facet normal -0.832604 0.553869 0
    outer loop
      vertex 117.422 -35.35 18.3
      vertex 117.299 -35.5349 2.5
      vertex 117.299 -35.5349 18.3
    endloop
  endfacet
  facet normal -0.195251 0.980753 0
    outer loop
      vertex 116.39 -36.1421 2.5
      vertex 116.172 -36.1855 18.3
      vertex 116.39 -36.1421 18.3
    endloop
  endfacet
  facet normal -0.195251 0.980753 0
    outer loop
      vertex 116.172 -36.1855 18.3
      vertex 116.39 -36.1421 2.5
      vertex 116.172 -36.1855 2.5
    endloop
  endfacet
  facet normal -0.0651764 0.997874 0
    outer loop
      vertex 116.172 -36.1855 2.5
      vertex 115.95 -36.2 18.3
      vertex 116.172 -36.1855 18.3
    endloop
  endfacet
  facet normal -0.0651764 0.997874 0
    outer loop
      vertex 115.95 -36.2 18.3
      vertex 116.172 -36.1855 2.5
      vertex 115.95 -36.2 2.5
    endloop
  endfacet
  facet normal -0.555219 0.831704 0
    outer loop
      vertex 116.985 -35.8487 2.5
      vertex 116.8 -35.9722 18.3
      vertex 116.985 -35.8487 18.3
    endloop
  endfacet
  facet normal -0.555219 0.831704 0
    outer loop
      vertex 116.8 -35.9722 18.3
      vertex 116.985 -35.8487 2.5
      vertex 116.8 -35.9722 2.5
    endloop
  endfacet
  facet normal 0.997723 0.0674441 0
    outer loop
      vertex 114.265 -34.7219 18.3
      vertex 114.25 -34.5 2.5
      vertex 114.25 -34.5 18.3
    endloop
  endfacet
  facet normal 0.997723 0.0674441 0
    outer loop
      vertex 114.25 -34.5 2.5
      vertex 114.265 -34.7219 18.3
      vertex 114.265 -34.7219 2.5
    endloop
  endfacet
  facet normal 0.997723 -0.0674441 0
    outer loop
      vertex 114.25 -34.5 18.3
      vertex 114.265 -34.2781 2.5
      vertex 114.265 -34.2781 18.3
    endloop
  endfacet
  facet normal 0.997723 -0.0674441 0
    outer loop
      vertex 114.265 -34.2781 2.5
      vertex 114.25 -34.5 18.3
      vertex 114.25 -34.5 2.5
    endloop
  endfacet
  facet normal -0.997723 -0.0674441 0
    outer loop
      vertex 117.65 -34.5 2.5
      vertex 117.635 -34.2781 18.3
      vertex 117.635 -34.2781 2.5
    endloop
  endfacet
  facet normal -0.997723 -0.0674441 0
    outer loop
      vertex 117.635 -34.2781 18.3
      vertex 117.65 -34.5 2.5
      vertex 117.65 -34.5 18.3
    endloop
  endfacet
  facet normal -0.751016 -0.660284 0
    outer loop
      vertex 117.299 -33.4651 2.5
      vertex 117.152 -33.2979 18.3
      vertex 117.152 -33.2979 2.5
    endloop
  endfacet
  facet normal -0.751016 -0.660284 0
    outer loop
      vertex 117.152 -33.2979 18.3
      vertex 117.299 -33.4651 2.5
      vertex 117.299 -33.4651 18.3
    endloop
  endfacet
  facet normal 0.832604 -0.553869 0
    outer loop
      vertex 114.478 -33.65 18.3
      vertex 114.601 -33.4651 2.5
      vertex 114.601 -33.4651 18.3
    endloop
  endfacet
  facet normal 0.832604 -0.553869 0
    outer loop
      vertex 114.601 -33.4651 2.5
      vertex 114.478 -33.65 18.3
      vertex 114.478 -33.65 2.5
    endloop
  endfacet
  facet normal 0.981113 -0.193434 0
    outer loop
      vertex 114.265 -34.2781 18.3
      vertex 114.308 -34.06 2.5
      vertex 114.308 -34.06 18.3
    endloop
  endfacet
  facet normal 0.981113 -0.193434 0
    outer loop
      vertex 114.308 -34.06 2.5
      vertex 114.265 -34.2781 18.3
      vertex 114.265 -34.2781 2.5
    endloop
  endfacet
  facet normal -0.443245 -0.8964 0
    outer loop
      vertex 116.601 -32.9294 2.5
      vertex 116.8 -33.0278 18.3
      vertex 116.601 -32.9294 18.3
    endloop
  endfacet
  facet normal -0.443245 -0.8964 -0
    outer loop
      vertex 116.8 -33.0278 18.3
      vertex 116.601 -32.9294 2.5
      vertex 116.8 -33.0278 2.5
    endloop
  endfacet
  facet normal 0.832604 0.553869 0
    outer loop
      vertex 114.601 -35.5349 18.3
      vertex 114.478 -35.35 2.5
      vertex 114.478 -35.35 18.3
    endloop
  endfacet
  facet normal 0.832604 0.553869 0
    outer loop
      vertex 114.478 -35.35 2.5
      vertex 114.601 -35.5349 18.3
      vertex 114.601 -35.5349 2.5
    endloop
  endfacet
  facet normal 0.981113 0.193434 0
    outer loop
      vertex 114.308 -34.94 18.3
      vertex 114.265 -34.7219 2.5
      vertex 114.265 -34.7219 18.3
    endloop
  endfacet
  facet normal 0.981113 0.193434 0
    outer loop
      vertex 114.265 -34.7219 2.5
      vertex 114.308 -34.94 18.3
      vertex 114.308 -34.94 2.5
    endloop
  endfacet
  facet normal 0.659714 0.751516 -0
    outer loop
      vertex 114.915 -35.8487 2.5
      vertex 114.748 -35.7021 18.3
      vertex 114.915 -35.8487 18.3
    endloop
  endfacet
  facet normal 0.659714 0.751516 0
    outer loop
      vertex 114.748 -35.7021 18.3
      vertex 114.915 -35.8487 2.5
      vertex 114.748 -35.7021 2.5
    endloop
  endfacet
  facet normal 0.320937 0.947101 -0
    outer loop
      vertex 115.51 -36.1421 2.5
      vertex 115.299 -36.0706 18.3
      vertex 115.51 -36.1421 18.3
    endloop
  endfacet
  facet normal 0.320937 0.947101 0
    outer loop
      vertex 115.299 -36.0706 18.3
      vertex 115.51 -36.1421 2.5
      vertex 115.299 -36.0706 2.5
    endloop
  endfacet
  facet normal -0.981113 -0.193434 0
    outer loop
      vertex 117.635 -34.2781 2.5
      vertex 117.592 -34.06 18.3
      vertex 117.592 -34.06 2.5
    endloop
  endfacet
  facet normal -0.981113 -0.193434 0
    outer loop
      vertex 117.592 -34.06 18.3
      vertex 117.635 -34.2781 2.5
      vertex 117.635 -34.2781 18.3
    endloop
  endfacet
  facet normal -0.555219 -0.831704 0
    outer loop
      vertex 116.8 -33.0278 2.5
      vertex 116.985 -33.1513 18.3
      vertex 116.8 -33.0278 18.3
    endloop
  endfacet
  facet normal -0.555219 -0.831704 -0
    outer loop
      vertex 116.985 -33.1513 18.3
      vertex 116.8 -33.0278 2.5
      vertex 116.985 -33.1513 2.5
    endloop
  endfacet
  facet normal -0.659714 -0.751516 0
    outer loop
      vertex 116.985 -33.1513 2.5
      vertex 117.152 -33.2979 18.3
      vertex 116.985 -33.1513 18.3
    endloop
  endfacet
  facet normal -0.659714 -0.751516 -0
    outer loop
      vertex 117.152 -33.2979 18.3
      vertex 116.985 -33.1513 2.5
      vertex 117.152 -33.2979 2.5
    endloop
  endfacet
  facet normal -0.895681 -0.444696 0
    outer loop
      vertex 117.521 -33.8494 2.5
      vertex 117.422 -33.65 18.3
      vertex 117.422 -33.65 2.5
    endloop
  endfacet
  facet normal -0.895681 -0.444696 0
    outer loop
      vertex 117.422 -33.65 18.3
      vertex 117.521 -33.8494 2.5
      vertex 117.521 -33.8494 18.3
    endloop
  endfacet
  facet normal 0.195251 -0.980753 0
    outer loop
      vertex 115.51 -32.8579 2.5
      vertex 115.728 -32.8145 18.3
      vertex 115.51 -32.8579 18.3
    endloop
  endfacet
  facet normal 0.195251 -0.980753 0
    outer loop
      vertex 115.728 -32.8145 18.3
      vertex 115.51 -32.8579 2.5
      vertex 115.728 -32.8145 2.5
    endloop
  endfacet
  facet normal 0.947598 -0.319466 0
    outer loop
      vertex 114.308 -34.06 18.3
      vertex 114.379 -33.8494 2.5
      vertex 114.379 -33.8494 18.3
    endloop
  endfacet
  facet normal 0.947598 -0.319466 0
    outer loop
      vertex 114.379 -33.8494 2.5
      vertex 114.308 -34.06 18.3
      vertex 114.308 -34.06 2.5
    endloop
  endfacet
  facet normal 0.895681 -0.444696 0
    outer loop
      vertex 114.379 -33.8494 18.3
      vertex 114.478 -33.65 2.5
      vertex 114.478 -33.65 18.3
    endloop
  endfacet
  facet normal 0.895681 -0.444696 0
    outer loop
      vertex 114.478 -33.65 2.5
      vertex 114.379 -33.8494 18.3
      vertex 114.379 -33.8494 2.5
    endloop
  endfacet
  facet normal -0.320937 -0.947101 0
    outer loop
      vertex 116.39 -32.8579 2.5
      vertex 116.601 -32.9294 18.3
      vertex 116.39 -32.8579 18.3
    endloop
  endfacet
  facet normal -0.320937 -0.947101 -0
    outer loop
      vertex 116.601 -32.9294 18.3
      vertex 116.39 -32.8579 2.5
      vertex 116.601 -32.9294 2.5
    endloop
  endfacet
  facet normal -0.947598 -0.319466 0
    outer loop
      vertex 117.592 -34.06 2.5
      vertex 117.521 -33.8494 18.3
      vertex 117.521 -33.8494 2.5
    endloop
  endfacet
  facet normal -0.947598 -0.319466 0
    outer loop
      vertex 117.521 -33.8494 18.3
      vertex 117.592 -34.06 2.5
      vertex 117.592 -34.06 18.3
    endloop
  endfacet
  facet normal 0.0651764 -0.997874 0
    outer loop
      vertex 115.728 -32.8145 2.5
      vertex 115.95 -32.8 18.3
      vertex 115.728 -32.8145 18.3
    endloop
  endfacet
  facet normal 0.0651764 -0.997874 0
    outer loop
      vertex 115.95 -32.8 18.3
      vertex 115.728 -32.8145 2.5
      vertex 115.95 -32.8 2.5
    endloop
  endfacet
  facet normal 0.443245 -0.8964 0
    outer loop
      vertex 115.1 -33.0278 2.5
      vertex 115.299 -32.9294 18.3
      vertex 115.1 -33.0278 18.3
    endloop
  endfacet
  facet normal 0.443245 -0.8964 0
    outer loop
      vertex 115.299 -32.9294 18.3
      vertex 115.1 -33.0278 2.5
      vertex 115.299 -32.9294 2.5
    endloop
  endfacet
  facet normal 0.320937 -0.947101 0
    outer loop
      vertex 115.299 -32.9294 2.5
      vertex 115.51 -32.8579 18.3
      vertex 115.299 -32.9294 18.3
    endloop
  endfacet
  facet normal 0.320937 -0.947101 0
    outer loop
      vertex 115.51 -32.8579 18.3
      vertex 115.299 -32.9294 2.5
      vertex 115.51 -32.8579 2.5
    endloop
  endfacet
  facet normal 0.555219 -0.831704 0
    outer loop
      vertex 114.915 -33.1513 2.5
      vertex 115.1 -33.0278 18.3
      vertex 114.915 -33.1513 18.3
    endloop
  endfacet
  facet normal 0.555219 -0.831704 0
    outer loop
      vertex 115.1 -33.0278 18.3
      vertex 114.915 -33.1513 2.5
      vertex 115.1 -33.0278 2.5
    endloop
  endfacet
  facet normal 0.659714 -0.751516 0
    outer loop
      vertex 114.748 -33.2979 2.5
      vertex 114.915 -33.1513 18.3
      vertex 114.748 -33.2979 18.3
    endloop
  endfacet
  facet normal 0.659714 -0.751516 0
    outer loop
      vertex 114.915 -33.1513 18.3
      vertex 114.748 -33.2979 2.5
      vertex 114.915 -33.1513 2.5
    endloop
  endfacet
  facet normal 0.751016 -0.660284 0
    outer loop
      vertex 114.601 -33.4651 18.3
      vertex 114.748 -33.2979 2.5
      vertex 114.748 -33.2979 18.3
    endloop
  endfacet
  facet normal 0.751016 -0.660284 0
    outer loop
      vertex 114.748 -33.2979 2.5
      vertex 114.601 -33.4651 18.3
      vertex 114.601 -33.4651 2.5
    endloop
  endfacet
  facet normal -0.997829 0.0658633 0
    outer loop
      vertex 119.172 -34.9242 7.62939e-07
      vertex 119.2 -34.5 2.5
      vertex 119.2 -34.5 7.62939e-07
    endloop
  endfacet
  facet normal -0.997829 0.0658633 0
    outer loop
      vertex 119.2 -34.5 2.5
      vertex 119.172 -34.9242 7.62939e-07
      vertex 119.172 -34.9242 2.5
    endloop
  endfacet
  facet normal 0.0654256 0.997857 -0
    outer loop
      vertex 115.95 -37.75 7.62939e-07
      vertex 115.526 -37.7222 2.5
      vertex 115.95 -37.75 2.5
    endloop
  endfacet
  facet normal 0.0654256 0.997857 0
    outer loop
      vertex 115.526 -37.7222 2.5
      vertex 115.95 -37.75 7.62939e-07
      vertex 115.526 -37.7222 7.62939e-07
    endloop
  endfacet
  facet normal -0.0654256 -0.997857 0
    outer loop
      vertex 115.95 -31.25 7.62939e-07
      vertex 116.374 -31.2778 2.5
      vertex 115.95 -31.25 2.5
    endloop
  endfacet
  facet normal -0.0654256 -0.997857 -0
    outer loop
      vertex 116.374 -31.2778 2.5
      vertex 115.95 -31.25 7.62939e-07
      vertex 116.374 -31.2778 7.62939e-07
    endloop
  endfacet
  facet normal -0.658904 0.752227 0
    outer loop
      vertex 118.248 -36.7981 7.62939e-07
      vertex 117.928 -37.0784 2.5
      vertex 118.248 -36.7981 2.5
    endloop
  endfacet
  facet normal -0.658904 0.752227 0
    outer loop
      vertex 117.928 -37.0784 2.5
      vertex 118.248 -36.7981 7.62939e-07
      vertex 117.928 -37.0784 7.62939e-07
    endloop
  endfacet
  facet normal 0.752168 0.658971 0
    outer loop
      vertex 113.652 -36.7981 2.5
      vertex 113.372 -36.4785 7.62939e-07
      vertex 113.372 -36.4785 2.5
    endloop
  endfacet
  facet normal 0.752168 0.658971 0
    outer loop
      vertex 113.372 -36.4785 7.62939e-07
      vertex 113.652 -36.7981 2.5
      vertex 113.652 -36.7981 7.62939e-07
    endloop
  endfacet
  facet normal 0.4425 0.896769 -0
    outer loop
      vertex 114.706 -37.5026 7.62939e-07
      vertex 114.325 -37.3146 2.5
      vertex 114.706 -37.5026 2.5
    endloop
  endfacet
  facet normal 0.4425 0.896769 0
    outer loop
      vertex 114.325 -37.3146 2.5
      vertex 114.706 -37.5026 7.62939e-07
      vertex 114.325 -37.3146 7.62939e-07
    endloop
  endfacet
  facet normal 0.947381 -0.320109 0
    outer loop
      vertex 112.811 -33.6588 2.5
      vertex 112.947 -33.2563 7.62939e-07
      vertex 112.947 -33.2563 2.5
    endloop
  endfacet
  facet normal 0.947381 -0.320109 0
    outer loop
      vertex 112.947 -33.2563 7.62939e-07
      vertex 112.811 -33.6588 2.5
      vertex 112.811 -33.6588 7.62939e-07
    endloop
  endfacet
  facet normal -0.896907 0.44222 0
    outer loop
      vertex 118.765 -36.125 7.62939e-07
      vertex 118.953 -35.7437 2.5
      vertex 118.953 -35.7437 7.62939e-07
    endloop
  endfacet
  facet normal -0.896907 0.44222 0
    outer loop
      vertex 118.953 -35.7437 2.5
      vertex 118.765 -36.125 7.62939e-07
      vertex 118.765 -36.125 2.5
    endloop
  endfacet
  facet normal -0.830602 0.556867 0
    outer loop
      vertex 118.528 -36.4785 7.62939e-07
      vertex 118.765 -36.125 2.5
      vertex 118.765 -36.125 7.62939e-07
    endloop
  endfacet
  facet normal -0.830602 0.556867 0
    outer loop
      vertex 118.765 -36.125 2.5
      vertex 118.528 -36.4785 7.62939e-07
      vertex 118.528 -36.4785 2.5
    endloop
  endfacet
  facet normal -0.321229 0.947002 0
    outer loop
      vertex 117.194 -37.5026 7.62939e-07
      vertex 116.791 -37.6393 2.5
      vertex 117.194 -37.5026 2.5
    endloop
  endfacet
  facet normal -0.321229 0.947002 0
    outer loop
      vertex 116.791 -37.6393 2.5
      vertex 117.194 -37.5026 7.62939e-07
      vertex 116.791 -37.6393 7.62939e-07
    endloop
  endfacet
  facet normal -0.4425 0.896769 0
    outer loop
      vertex 117.575 -37.3146 7.62939e-07
      vertex 117.194 -37.5026 2.5
      vertex 117.575 -37.3146 2.5
    endloop
  endfacet
  facet normal -0.4425 0.896769 0
    outer loop
      vertex 117.194 -37.5026 2.5
      vertex 117.575 -37.3146 7.62939e-07
      vertex 117.194 -37.5026 7.62939e-07
    endloop
  endfacet
  facet normal 0.896907 0.44222 0
    outer loop
      vertex 113.135 -36.125 2.5
      vertex 112.947 -35.7437 7.62939e-07
      vertex 112.947 -35.7437 2.5
    endloop
  endfacet
  facet normal 0.896907 0.44222 0
    outer loop
      vertex 112.947 -35.7437 7.62939e-07
      vertex 113.135 -36.125 2.5
      vertex 113.135 -36.125 7.62939e-07
    endloop
  endfacet
  facet normal 0 0 -1
    outer loop
      vertex 117.65 -34.5 2.5
      vertex 119.2 -34.5 2.5
      vertex 119.172 -34.9242 2.5
    endloop
  endfacet
  facet normal 0 0 -1
    outer loop
      vertex 117.635 -34.7219 2.5
      vertex 119.172 -34.9242 2.5
      vertex 119.089 -35.3412 2.5
    endloop
  endfacet
  facet normal 0 0 -1
    outer loop
      vertex 119.2 -34.5 2.5
      vertex 117.65 -34.5 2.5
      vertex 119.172 -34.0758 2.5
    endloop
  endfacet
  facet normal 0 0 -1
    outer loop
      vertex 117.592 -34.94 2.5
      vertex 119.089 -35.3412 2.5
      vertex 118.953 -35.7437 2.5
    endloop
  endfacet
  facet normal 0 0 -1
    outer loop
      vertex 117.635 -34.2781 2.5
      vertex 119.172 -34.0758 2.5
      vertex 117.65 -34.5 2.5
    endloop
  endfacet
  facet normal 0 0 -1
    outer loop
      vertex 117.521 -35.1506 2.5
      vertex 118.953 -35.7437 2.5
      vertex 118.765 -36.125 2.5
    endloop
  endfacet
  facet normal -0 0 -1
    outer loop
      vertex 119.172 -34.0758 2.5
      vertex 117.635 -34.2781 2.5
      vertex 119.089 -33.6588 2.5
    endloop
  endfacet
  facet normal 0 0 -1
    outer loop
      vertex 117.422 -35.35 2.5
      vertex 118.765 -36.125 2.5
      vertex 118.528 -36.4785 2.5
    endloop
  endfacet
  facet normal 0 0 -1
    outer loop
      vertex 117.592 -34.06 2.5
      vertex 119.089 -33.6588 2.5
      vertex 117.635 -34.2781 2.5
    endloop
  endfacet
  facet normal 0 0 -1
    outer loop
      vertex 117.299 -35.5349 2.5
      vertex 118.528 -36.4785 2.5
      vertex 118.248 -36.7981 2.5
    endloop
  endfacet
  facet normal -0 0 -1
    outer loop
      vertex 119.089 -33.6588 2.5
      vertex 117.592 -34.06 2.5
      vertex 118.953 -33.2563 2.5
    endloop
  endfacet
  facet normal 0 0 -1
    outer loop
      vertex 117.152 -35.7021 2.5
      vertex 118.248 -36.7981 2.5
      vertex 117.928 -37.0784 2.5
    endloop
  endfacet
  facet normal 0 0 -1
    outer loop
      vertex 117.521 -33.8494 2.5
      vertex 118.953 -33.2563 2.5
      vertex 117.592 -34.06 2.5
    endloop
  endfacet
  facet normal -0 0 -1
    outer loop
      vertex 118.953 -33.2563 2.5
      vertex 117.521 -33.8494 2.5
      vertex 118.765 -32.875 2.5
    endloop
  endfacet
  facet normal 0 0 -1
    outer loop
      vertex 119.172 -34.9242 2.5
      vertex 117.635 -34.7219 2.5
      vertex 117.65 -34.5 2.5
    endloop
  endfacet
  facet normal 0 0 -1
    outer loop
      vertex 119.089 -35.3412 2.5
      vertex 117.592 -34.94 2.5
      vertex 117.635 -34.7219 2.5
    endloop
  endfacet
  facet normal 0 0 -1
    outer loop
      vertex 116.985 -35.8487 2.5
      vertex 117.928 -37.0784 2.5
      vertex 117.575 -37.3146 2.5
    endloop
  endfacet
  facet normal 0 0 -1
    outer loop
      vertex 118.953 -35.7437 2.5
      vertex 117.521 -35.1506 2.5
      vertex 117.592 -34.94 2.5
    endloop
  endfacet
  facet normal 0 0 -1
    outer loop
      vertex 118.765 -36.125 2.5
      vertex 117.422 -35.35 2.5
      vertex 117.521 -35.1506 2.5
    endloop
  endfacet
  facet normal 0 0 -1
    outer loop
      vertex 118.528 -36.4785 2.5
      vertex 117.299 -35.5349 2.5
      vertex 117.422 -35.35 2.5
    endloop
  endfacet
  facet normal 0 0 -1
    outer loop
      vertex 116.8 -35.9722 2.5
      vertex 117.575 -37.3146 2.5
      vertex 117.194 -37.5026 2.5
    endloop
  endfacet
  facet normal 0 0 -1
    outer loop
      vertex 118.248 -36.7981 2.5
      vertex 117.152 -35.7021 2.5
      vertex 117.299 -35.5349 2.5
    endloop
  endfacet
  facet normal 0 0 -1
    outer loop
      vertex 117.928 -37.0784 2.5
      vertex 116.985 -35.8487 2.5
      vertex 117.152 -35.7021 2.5
    endloop
  endfacet
  facet normal 0 0 -1
    outer loop
      vertex 117.575 -37.3146 2.5
      vertex 116.8 -35.9722 2.5
      vertex 116.985 -35.8487 2.5
    endloop
  endfacet
  facet normal 0 0 -1
    outer loop
      vertex 116.601 -36.0706 2.5
      vertex 117.194 -37.5026 2.5
      vertex 116.791 -37.6393 2.5
    endloop
  endfacet
  facet normal 0 0 -1
    outer loop
      vertex 117.194 -37.5026 2.5
      vertex 116.601 -36.0706 2.5
      vertex 116.8 -35.9722 2.5
    endloop
  endfacet
  facet normal 0 0 -1
    outer loop
      vertex 116.791 -37.6393 2.5
      vertex 116.39 -36.1421 2.5
      vertex 116.601 -36.0706 2.5
    endloop
  endfacet
  facet normal 0 0 -1
    outer loop
      vertex 116.374 -37.7222 2.5
      vertex 116.39 -36.1421 2.5
      vertex 116.791 -37.6393 2.5
    endloop
  endfacet
  facet normal 0 0 -1
    outer loop
      vertex 116.374 -37.7222 2.5
      vertex 116.172 -36.1855 2.5
      vertex 116.39 -36.1421 2.5
    endloop
  endfacet
  facet normal 0 0 -1
    outer loop
      vertex 115.95 -37.75 2.5
      vertex 116.172 -36.1855 2.5
      vertex 116.374 -37.7222 2.5
    endloop
  endfacet
  facet normal 0 0 -1
    outer loop
      vertex 115.95 -37.75 2.5
      vertex 115.95 -36.2 2.5
      vertex 116.172 -36.1855 2.5
    endloop
  endfacet
  facet normal 0 0 -1
    outer loop
      vertex 115.95 -37.75 2.5
      vertex 115.728 -36.1855 2.5
      vertex 115.95 -36.2 2.5
    endloop
  endfacet
  facet normal 0 0 -1
    outer loop
      vertex 115.526 -37.7222 2.5
      vertex 115.728 -36.1855 2.5
      vertex 115.95 -37.75 2.5
    endloop
  endfacet
  facet normal 0 0 -1
    outer loop
      vertex 115.526 -37.7222 2.5
      vertex 115.51 -36.1421 2.5
      vertex 115.728 -36.1855 2.5
    endloop
  endfacet
  facet normal 0 0 -1
    outer loop
      vertex 115.109 -37.6393 2.5
      vertex 115.51 -36.1421 2.5
      vertex 115.526 -37.7222 2.5
    endloop
  endfacet
  facet normal -0 0 -1
    outer loop
      vertex 115.51 -36.1421 2.5
      vertex 115.109 -37.6393 2.5
      vertex 115.299 -36.0706 2.5
    endloop
  endfacet
  facet normal 0 0 -1
    outer loop
      vertex 114.706 -37.5026 2.5
      vertex 115.299 -36.0706 2.5
      vertex 115.109 -37.6393 2.5
    endloop
  endfacet
  facet normal -0 0 -1
    outer loop
      vertex 115.299 -36.0706 2.5
      vertex 114.706 -37.5026 2.5
      vertex 115.1 -35.9722 2.5
    endloop
  endfacet
  facet normal 0 0 -1
    outer loop
      vertex 114.325 -37.3146 2.5
      vertex 115.1 -35.9722 2.5
      vertex 114.706 -37.5026 2.5
    endloop
  endfacet
  facet normal -0 0 -1
    outer loop
      vertex 115.1 -35.9722 2.5
      vertex 114.325 -37.3146 2.5
      vertex 114.915 -35.8487 2.5
    endloop
  endfacet
  facet normal 0 0 -1
    outer loop
      vertex 113.972 -37.0784 2.5
      vertex 114.915 -35.8487 2.5
      vertex 114.325 -37.3146 2.5
    endloop
  endfacet
  facet normal -0 0 -1
    outer loop
      vertex 114.915 -35.8487 2.5
      vertex 113.972 -37.0784 2.5
      vertex 114.748 -35.7021 2.5
    endloop
  endfacet
  facet normal 0 0 -1
    outer loop
      vertex 113.652 -36.7981 2.5
      vertex 114.748 -35.7021 2.5
      vertex 113.972 -37.0784 2.5
    endloop
  endfacet
  facet normal -0 0 -1
    outer loop
      vertex 114.748 -35.7021 2.5
      vertex 113.652 -36.7981 2.5
      vertex 114.601 -35.5349 2.5
    endloop
  endfacet
  facet normal 0 0 -1
    outer loop
      vertex 113.372 -36.4785 2.5
      vertex 114.601 -35.5349 2.5
      vertex 113.652 -36.7981 2.5
    endloop
  endfacet
  facet normal -0 0 -1
    outer loop
      vertex 114.601 -35.5349 2.5
      vertex 113.372 -36.4785 2.5
      vertex 114.478 -35.35 2.5
    endloop
  endfacet
  facet normal 0 0 -1
    outer loop
      vertex 113.135 -36.125 2.5
      vertex 114.478 -35.35 2.5
      vertex 113.372 -36.4785 2.5
    endloop
  endfacet
  facet normal -0 0 -1
    outer loop
      vertex 114.478 -35.35 2.5
      vertex 113.135 -36.125 2.5
      vertex 114.379 -35.1506 2.5
    endloop
  endfacet
  facet normal 0 0 -1
    outer loop
      vertex 117.422 -33.65 2.5
      vertex 118.765 -32.875 2.5
      vertex 117.521 -33.8494 2.5
    endloop
  endfacet
  facet normal -0 0 -1
    outer loop
      vertex 118.765 -32.875 2.5
      vertex 117.422 -33.65 2.5
      vertex 118.528 -32.5215 2.5
    endloop
  endfacet
  facet normal 0 0 -1
    outer loop
      vertex 117.299 -33.4651 2.5
      vertex 118.528 -32.5215 2.5
      vertex 117.422 -33.65 2.5
    endloop
  endfacet
  facet normal -0 0 -1
    outer loop
      vertex 118.528 -32.5215 2.5
      vertex 117.299 -33.4651 2.5
      vertex 118.248 -32.2019 2.5
    endloop
  endfacet
  facet normal 0 0 -1
    outer loop
      vertex 117.152 -33.2979 2.5
      vertex 118.248 -32.2019 2.5
      vertex 117.299 -33.4651 2.5
    endloop
  endfacet
  facet normal -0 0 -1
    outer loop
      vertex 118.248 -32.2019 2.5
      vertex 117.152 -33.2979 2.5
      vertex 117.928 -31.9216 2.5
    endloop
  endfacet
  facet normal 0 0 -1
    outer loop
      vertex 116.985 -33.1513 2.5
      vertex 117.928 -31.9216 2.5
      vertex 117.152 -33.2979 2.5
    endloop
  endfacet
  facet normal -0 0 -1
    outer loop
      vertex 117.928 -31.9216 2.5
      vertex 116.985 -33.1513 2.5
      vertex 117.575 -31.6854 2.5
    endloop
  endfacet
  facet normal 0 0 -1
    outer loop
      vertex 116.8 -33.0278 2.5
      vertex 117.575 -31.6854 2.5
      vertex 116.985 -33.1513 2.5
    endloop
  endfacet
  facet normal -0 0 -1
    outer loop
      vertex 117.575 -31.6854 2.5
      vertex 116.8 -33.0278 2.5
      vertex 117.194 -31.4974 2.5
    endloop
  endfacet
  facet normal 0 0 -1
    outer loop
      vertex 116.601 -32.9294 2.5
      vertex 117.194 -31.4974 2.5
      vertex 116.8 -33.0278 2.5
    endloop
  endfacet
  facet normal -0 0 -1
    outer loop
      vertex 117.194 -31.4974 2.5
      vertex 116.601 -32.9294 2.5
      vertex 116.791 -31.3607 2.5
    endloop
  endfacet
  facet normal 0 0 -1
    outer loop
      vertex 116.39 -32.8579 2.5
      vertex 116.791 -31.3607 2.5
      vertex 116.601 -32.9294 2.5
    endloop
  endfacet
  facet normal 0 0 -1
    outer loop
      vertex 116.39 -32.8579 2.5
      vertex 116.374 -31.2778 2.5
      vertex 116.791 -31.3607 2.5
    endloop
  endfacet
  facet normal 0 0 -1
    outer loop
      vertex 116.172 -32.8145 2.5
      vertex 116.374 -31.2778 2.5
      vertex 116.39 -32.8579 2.5
    endloop
  endfacet
  facet normal 0 0 -1
    outer loop
      vertex 115.95 -32.8 2.5
      vertex 116.374 -31.2778 2.5
      vertex 116.172 -32.8145 2.5
    endloop
  endfacet
  facet normal 0 0 -1
    outer loop
      vertex 115.95 -32.8 2.5
      vertex 115.95 -31.25 2.5
      vertex 116.374 -31.2778 2.5
    endloop
  endfacet
  facet normal 0 0 -1
    outer loop
      vertex 115.728 -32.8145 2.5
      vertex 115.95 -31.25 2.5
      vertex 115.95 -32.8 2.5
    endloop
  endfacet
  facet normal 0 0 -1
    outer loop
      vertex 115.728 -32.8145 2.5
      vertex 115.526 -31.2778 2.5
      vertex 115.95 -31.25 2.5
    endloop
  endfacet
  facet normal 0 0 -1
    outer loop
      vertex 115.51 -32.8579 2.5
      vertex 115.526 -31.2778 2.5
      vertex 115.728 -32.8145 2.5
    endloop
  endfacet
  facet normal 0 0 -1
    outer loop
      vertex 115.109 -31.3607 2.5
      vertex 115.51 -32.8579 2.5
      vertex 115.299 -32.9294 2.5
    endloop
  endfacet
  facet normal 0 0 -1
    outer loop
      vertex 115.51 -32.8579 2.5
      vertex 115.109 -31.3607 2.5
      vertex 115.526 -31.2778 2.5
    endloop
  endfacet
  facet normal 0 0 -1
    outer loop
      vertex 114.706 -31.4974 2.5
      vertex 115.299 -32.9294 2.5
      vertex 115.1 -33.0278 2.5
    endloop
  endfacet
  facet normal 0 0 -1
    outer loop
      vertex 114.325 -31.6854 2.5
      vertex 115.1 -33.0278 2.5
      vertex 114.915 -33.1513 2.5
    endloop
  endfacet
  facet normal 0 0 -1
    outer loop
      vertex 113.972 -31.9216 2.5
      vertex 114.915 -33.1513 2.5
      vertex 114.748 -33.2979 2.5
    endloop
  endfacet
  facet normal 0 0 -1
    outer loop
      vertex 115.299 -32.9294 2.5
      vertex 114.706 -31.4974 2.5
      vertex 115.109 -31.3607 2.5
    endloop
  endfacet
  facet normal 0 0 -1
    outer loop
      vertex 113.652 -32.2019 2.5
      vertex 114.748 -33.2979 2.5
      vertex 114.601 -33.4651 2.5
    endloop
  endfacet
  facet normal 0 0 -1
    outer loop
      vertex 113.372 -32.5215 2.5
      vertex 114.601 -33.4651 2.5
      vertex 114.478 -33.65 2.5
    endloop
  endfacet
  facet normal 0 0 -1
    outer loop
      vertex 113.135 -32.875 2.5
      vertex 114.478 -33.65 2.5
      vertex 114.379 -33.8494 2.5
    endloop
  endfacet
  facet normal 0 0 -1
    outer loop
      vertex 115.1 -33.0278 2.5
      vertex 114.325 -31.6854 2.5
      vertex 114.706 -31.4974 2.5
    endloop
  endfacet
  facet normal 0 0 -1
    outer loop
      vertex 112.947 -33.2563 2.5
      vertex 114.379 -33.8494 2.5
      vertex 114.308 -34.06 2.5
    endloop
  endfacet
  facet normal 0 0 -1
    outer loop
      vertex 112.811 -33.6588 2.5
      vertex 114.308 -34.06 2.5
      vertex 114.265 -34.2781 2.5
    endloop
  endfacet
  facet normal 0 0 -1
    outer loop
      vertex 112.728 -34.0758 2.5
      vertex 114.265 -34.2781 2.5
      vertex 114.25 -34.5 2.5
    endloop
  endfacet
  facet normal 0 0 -1
    outer loop
      vertex 112.947 -35.7437 2.5
      vertex 114.379 -35.1506 2.5
      vertex 113.135 -36.125 2.5
    endloop
  endfacet
  facet normal 0 0 -1
    outer loop
      vertex 114.915 -33.1513 2.5
      vertex 113.972 -31.9216 2.5
      vertex 114.325 -31.6854 2.5
    endloop
  endfacet
  facet normal -0 0 -1
    outer loop
      vertex 114.379 -35.1506 2.5
      vertex 112.947 -35.7437 2.5
      vertex 114.308 -34.94 2.5
    endloop
  endfacet
  facet normal 0 0 -1
    outer loop
      vertex 114.748 -33.2979 2.5
      vertex 113.652 -32.2019 2.5
      vertex 113.972 -31.9216 2.5
    endloop
  endfacet
  facet normal 0 0 -1
    outer loop
      vertex 112.811 -35.3412 2.5
      vertex 114.308 -34.94 2.5
      vertex 112.947 -35.7437 2.5
    endloop
  endfacet
  facet normal 0 0 -1
    outer loop
      vertex 114.601 -33.4651 2.5
      vertex 113.372 -32.5215 2.5
      vertex 113.652 -32.2019 2.5
    endloop
  endfacet
  facet normal -0 0 -1
    outer loop
      vertex 114.308 -34.94 2.5
      vertex 112.811 -35.3412 2.5
      vertex 114.265 -34.7219 2.5
    endloop
  endfacet
  facet normal 0 0 -1
    outer loop
      vertex 114.478 -33.65 2.5
      vertex 113.135 -32.875 2.5
      vertex 113.372 -32.5215 2.5
    endloop
  endfacet
  facet normal 0 0 -1
    outer loop
      vertex 112.728 -34.9242 2.5
      vertex 114.265 -34.7219 2.5
      vertex 112.811 -35.3412 2.5
    endloop
  endfacet
  facet normal 0 0 -1
    outer loop
      vertex 114.379 -33.8494 2.5
      vertex 112.947 -33.2563 2.5
      vertex 113.135 -32.875 2.5
    endloop
  endfacet
  facet normal -0 0 -1
    outer loop
      vertex 114.265 -34.7219 2.5
      vertex 112.728 -34.9242 2.5
      vertex 114.25 -34.5 2.5
    endloop
  endfacet
  facet normal 0 0 -1
    outer loop
      vertex 114.308 -34.06 2.5
      vertex 112.811 -33.6588 2.5
      vertex 112.947 -33.2563 2.5
    endloop
  endfacet
  facet normal 0 0 -1
    outer loop
      vertex 112.7 -34.5 2.5
      vertex 114.25 -34.5 2.5
      vertex 112.728 -34.9242 2.5
    endloop
  endfacet
  facet normal 0 0 -1
    outer loop
      vertex 114.265 -34.2781 2.5
      vertex 112.728 -34.0758 2.5
      vertex 112.811 -33.6588 2.5
    endloop
  endfacet
  facet normal 0 0 -1
    outer loop
      vertex 114.25 -34.5 2.5
      vertex 112.7 -34.5 2.5
      vertex 112.728 -34.0758 2.5
    endloop
  endfacet
  facet normal 0.830602 0.556867 0
    outer loop
      vertex 113.372 -36.4785 2.5
      vertex 113.135 -36.125 7.62939e-07
      vertex 113.135 -36.125 2.5
    endloop
  endfacet
  facet normal 0.830602 0.556867 0
    outer loop
      vertex 113.135 -36.125 7.62939e-07
      vertex 113.372 -36.4785 2.5
      vertex 113.372 -36.4785 7.62939e-07
    endloop
  endfacet
  facet normal 0.658904 0.752227 -0
    outer loop
      vertex 113.972 -37.0784 7.62939e-07
      vertex 113.652 -36.7981 2.5
      vertex 113.972 -37.0784 2.5
    endloop
  endfacet
  facet normal 0.658904 0.752227 0
    outer loop
      vertex 113.652 -36.7981 2.5
      vertex 113.972 -37.0784 7.62939e-07
      vertex 113.652 -36.7981 7.62939e-07
    endloop
  endfacet
  facet normal 0.321229 0.947002 -0
    outer loop
      vertex 115.109 -37.6393 7.62939e-07
      vertex 114.706 -37.5026 2.5
      vertex 115.109 -37.6393 2.5
    endloop
  endfacet
  facet normal 0.321229 0.947002 0
    outer loop
      vertex 114.706 -37.5026 2.5
      vertex 115.109 -37.6393 7.62939e-07
      vertex 114.706 -37.5026 7.62939e-07
    endloop
  endfacet
  facet normal -0.947381 -0.320109 0
    outer loop
      vertex 119.089 -33.6588 7.62939e-07
      vertex 118.953 -33.2563 2.5
      vertex 118.953 -33.2563 7.62939e-07
    endloop
  endfacet
  facet normal -0.947381 -0.320109 0
    outer loop
      vertex 118.953 -33.2563 2.5
      vertex 119.089 -33.6588 7.62939e-07
      vertex 119.089 -33.6588 2.5
    endloop
  endfacet
  facet normal -0.752168 -0.658971 0
    outer loop
      vertex 118.528 -32.5215 7.62939e-07
      vertex 118.248 -32.2019 2.5
      vertex 118.248 -32.2019 7.62939e-07
    endloop
  endfacet
  facet normal -0.752168 -0.658971 0
    outer loop
      vertex 118.248 -32.2019 2.5
      vertex 118.528 -32.5215 7.62939e-07
      vertex 118.528 -32.5215 2.5
    endloop
  endfacet
  facet normal -0.556112 -0.831107 0
    outer loop
      vertex 117.575 -31.6854 7.62939e-07
      vertex 117.928 -31.9216 2.5
      vertex 117.575 -31.6854 2.5
    endloop
  endfacet
  facet normal -0.556112 -0.831107 -0
    outer loop
      vertex 117.928 -31.9216 2.5
      vertex 117.575 -31.6854 7.62939e-07
      vertex 117.928 -31.9216 7.62939e-07
    endloop
  endfacet
  facet normal -0.896907 -0.44222 0
    outer loop
      vertex 118.953 -33.2563 7.62939e-07
      vertex 118.765 -32.875 2.5
      vertex 118.765 -32.875 7.62939e-07
    endloop
  endfacet
  facet normal -0.896907 -0.44222 0
    outer loop
      vertex 118.765 -32.875 2.5
      vertex 118.953 -33.2563 7.62939e-07
      vertex 118.953 -33.2563 2.5
    endloop
  endfacet
  facet normal 0.321229 -0.947002 0
    outer loop
      vertex 114.706 -31.4974 7.62939e-07
      vertex 115.109 -31.3607 2.5
      vertex 114.706 -31.4974 2.5
    endloop
  endfacet
  facet normal 0.321229 -0.947002 0
    outer loop
      vertex 115.109 -31.3607 2.5
      vertex 114.706 -31.4974 7.62939e-07
      vertex 115.109 -31.3607 7.62939e-07
    endloop
  endfacet
  facet normal 0.194985 -0.980806 0
    outer loop
      vertex 115.109 -31.3607 7.62939e-07
      vertex 115.526 -31.2778 2.5
      vertex 115.109 -31.3607 2.5
    endloop
  endfacet
  facet normal 0.194985 -0.980806 0
    outer loop
      vertex 115.526 -31.2778 2.5
      vertex 115.109 -31.3607 7.62939e-07
      vertex 115.526 -31.2778 7.62939e-07
    endloop
  endfacet
  facet normal 0.830602 -0.556867 0
    outer loop
      vertex 113.135 -32.875 2.5
      vertex 113.372 -32.5215 7.62939e-07
      vertex 113.372 -32.5215 2.5
    endloop
  endfacet
  facet normal 0.830602 -0.556867 0
    outer loop
      vertex 113.372 -32.5215 7.62939e-07
      vertex 113.135 -32.875 2.5
      vertex 113.135 -32.875 7.62939e-07
    endloop
  endfacet
  facet normal 0.752168 -0.658971 0
    outer loop
      vertex 113.372 -32.5215 2.5
      vertex 113.652 -32.2019 7.62939e-07
      vertex 113.652 -32.2019 2.5
    endloop
  endfacet
  facet normal 0.752168 -0.658971 0
    outer loop
      vertex 113.652 -32.2019 7.62939e-07
      vertex 113.372 -32.5215 2.5
      vertex 113.372 -32.5215 7.62939e-07
    endloop
  endfacet
  facet normal 0.980761 -0.195211 0
    outer loop
      vertex 112.728 -34.0758 2.5
      vertex 112.811 -33.6588 7.62939e-07
      vertex 112.811 -33.6588 2.5
    endloop
  endfacet
  facet normal 0.980761 -0.195211 0
    outer loop
      vertex 112.811 -33.6588 7.62939e-07
      vertex 112.728 -34.0758 2.5
      vertex 112.728 -34.0758 7.62939e-07
    endloop
  endfacet
  facet normal -0.947381 0.320109 0
    outer loop
      vertex 118.953 -35.7437 7.62939e-07
      vertex 119.089 -35.3412 2.5
      vertex 119.089 -35.3412 7.62939e-07
    endloop
  endfacet
  facet normal -0.947381 0.320109 0
    outer loop
      vertex 119.089 -35.3412 2.5
      vertex 118.953 -35.7437 7.62939e-07
      vertex 118.953 -35.7437 2.5
    endloop
  endfacet
  facet normal -0.980761 0.195211 0
    outer loop
      vertex 119.089 -35.3412 7.62939e-07
      vertex 119.172 -34.9242 2.5
      vertex 119.172 -34.9242 7.62939e-07
    endloop
  endfacet
  facet normal -0.980761 0.195211 0
    outer loop
      vertex 119.172 -34.9242 2.5
      vertex 119.089 -35.3412 7.62939e-07
      vertex 119.089 -35.3412 2.5
    endloop
  endfacet
  facet normal -0.194985 0.980806 0
    outer loop
      vertex 116.791 -37.6393 7.62939e-07
      vertex 116.374 -37.7222 2.5
      vertex 116.791 -37.6393 2.5
    endloop
  endfacet
  facet normal -0.194985 0.980806 0
    outer loop
      vertex 116.374 -37.7222 2.5
      vertex 116.791 -37.6393 7.62939e-07
      vertex 116.374 -37.7222 7.62939e-07
    endloop
  endfacet
  facet normal -0.0654256 0.997857 0
    outer loop
      vertex 116.374 -37.7222 7.62939e-07
      vertex 115.95 -37.75 2.5
      vertex 116.374 -37.7222 2.5
    endloop
  endfacet
  facet normal -0.0654256 0.997857 0
    outer loop
      vertex 115.95 -37.75 2.5
      vertex 116.374 -37.7222 7.62939e-07
      vertex 115.95 -37.75 7.62939e-07
    endloop
  endfacet
  facet normal -0.556112 0.831107 0
    outer loop
      vertex 117.928 -37.0784 7.62939e-07
      vertex 117.575 -37.3146 2.5
      vertex 117.928 -37.0784 2.5
    endloop
  endfacet
  facet normal -0.556112 0.831107 0
    outer loop
      vertex 117.575 -37.3146 2.5
      vertex 117.928 -37.0784 7.62939e-07
      vertex 117.575 -37.3146 7.62939e-07
    endloop
  endfacet
  facet normal 0.947381 0.320109 0
    outer loop
      vertex 112.947 -35.7437 2.5
      vertex 112.811 -35.3412 7.62939e-07
      vertex 112.811 -35.3412 2.5
    endloop
  endfacet
  facet normal 0.947381 0.320109 0
    outer loop
      vertex 112.811 -35.3412 7.62939e-07
      vertex 112.947 -35.7437 2.5
      vertex 112.947 -35.7437 7.62939e-07
    endloop
  endfacet
  facet normal 0.997829 0.0658633 0
    outer loop
      vertex 112.728 -34.9242 2.5
      vertex 112.7 -34.5 7.62939e-07
      vertex 112.7 -34.5 2.5
    endloop
  endfacet
  facet normal 0.997829 0.0658633 0
    outer loop
      vertex 112.7 -34.5 7.62939e-07
      vertex 112.728 -34.9242 2.5
      vertex 112.728 -34.9242 7.62939e-07
    endloop
  endfacet
  facet normal 0.997829 -0.0658633 0
    outer loop
      vertex 112.7 -34.5 2.5
      vertex 112.728 -34.0758 7.62939e-07
      vertex 112.728 -34.0758 2.5
    endloop
  endfacet
  facet normal 0.997829 -0.0658633 0
    outer loop
      vertex 112.728 -34.0758 7.62939e-07
      vertex 112.7 -34.5 2.5
      vertex 112.7 -34.5 7.62939e-07
    endloop
  endfacet
  facet normal 0.194985 0.980806 -0
    outer loop
      vertex 115.526 -37.7222 7.62939e-07
      vertex 115.109 -37.6393 2.5
      vertex 115.526 -37.7222 2.5
    endloop
  endfacet
  facet normal 0.194985 0.980806 0
    outer loop
      vertex 115.109 -37.6393 2.5
      vertex 115.526 -37.7222 7.62939e-07
      vertex 115.109 -37.6393 7.62939e-07
    endloop
  endfacet
  facet normal -0.194985 -0.980806 0
    outer loop
      vertex 116.374 -31.2778 7.62939e-07
      vertex 116.791 -31.3607 2.5
      vertex 116.374 -31.2778 2.5
    endloop
  endfacet
  facet normal -0.194985 -0.980806 -0
    outer loop
      vertex 116.791 -31.3607 2.5
      vertex 116.374 -31.2778 7.62939e-07
      vertex 116.791 -31.3607 7.62939e-07
    endloop
  endfacet
  facet normal -0.4425 -0.896769 0
    outer loop
      vertex 117.194 -31.4974 7.62939e-07
      vertex 117.575 -31.6854 2.5
      vertex 117.194 -31.4974 2.5
    endloop
  endfacet
  facet normal -0.4425 -0.896769 -0
    outer loop
      vertex 117.575 -31.6854 2.5
      vertex 117.194 -31.4974 7.62939e-07
      vertex 117.575 -31.6854 7.62939e-07
    endloop
  endfacet
  facet normal -0.658904 -0.752227 0
    outer loop
      vertex 117.928 -31.9216 7.62939e-07
      vertex 118.248 -32.2019 2.5
      vertex 117.928 -31.9216 2.5
    endloop
  endfacet
  facet normal -0.658904 -0.752227 -0
    outer loop
      vertex 118.248 -32.2019 2.5
      vertex 117.928 -31.9216 7.62939e-07
      vertex 118.248 -32.2019 7.62939e-07
    endloop
  endfacet
  facet normal -0.830602 -0.556867 0
    outer loop
      vertex 118.765 -32.875 7.62939e-07
      vertex 118.528 -32.5215 2.5
      vertex 118.528 -32.5215 7.62939e-07
    endloop
  endfacet
  facet normal -0.830602 -0.556867 0
    outer loop
      vertex 118.528 -32.5215 2.5
      vertex 118.765 -32.875 7.62939e-07
      vertex 118.765 -32.875 2.5
    endloop
  endfacet
  facet normal 0.4425 -0.896769 0
    outer loop
      vertex 114.325 -31.6854 7.62939e-07
      vertex 114.706 -31.4974 2.5
      vertex 114.325 -31.6854 2.5
    endloop
  endfacet
  facet normal 0.4425 -0.896769 0
    outer loop
      vertex 114.706 -31.4974 2.5
      vertex 114.325 -31.6854 7.62939e-07
      vertex 114.706 -31.4974 7.62939e-07
    endloop
  endfacet
  facet normal 0.556112 -0.831107 0
    outer loop
      vertex 113.972 -31.9216 7.62939e-07
      vertex 114.325 -31.6854 2.5
      vertex 113.972 -31.9216 2.5
    endloop
  endfacet
  facet normal 0.556112 -0.831107 0
    outer loop
      vertex 114.325 -31.6854 2.5
      vertex 113.972 -31.9216 7.62939e-07
      vertex 114.325 -31.6854 7.62939e-07
    endloop
  endfacet
  facet normal 0.0654256 -0.997857 0
    outer loop
      vertex 115.526 -31.2778 7.62939e-07
      vertex 115.95 -31.25 2.5
      vertex 115.526 -31.2778 2.5
    endloop
  endfacet
  facet normal 0.0654256 -0.997857 0
    outer loop
      vertex 115.95 -31.25 2.5
      vertex 115.526 -31.2778 7.62939e-07
      vertex 115.95 -31.25 7.62939e-07
    endloop
  endfacet
  facet normal 0.658904 -0.752227 0
    outer loop
      vertex 113.652 -32.2019 7.62939e-07
      vertex 113.972 -31.9216 2.5
      vertex 113.652 -32.2019 2.5
    endloop
  endfacet
  facet normal 0.658904 -0.752227 0
    outer loop
      vertex 113.972 -31.9216 2.5
      vertex 113.652 -32.2019 7.62939e-07
      vertex 113.972 -31.9216 7.62939e-07
    endloop
  endfacet
  facet normal -0.752168 0.658971 0
    outer loop
      vertex 118.248 -36.7981 7.62939e-07
      vertex 118.528 -36.4785 2.5
      vertex 118.528 -36.4785 7.62939e-07
    endloop
  endfacet
  facet normal -0.752168 0.658971 0
    outer loop
      vertex 118.528 -36.4785 2.5
      vertex 118.248 -36.7981 7.62939e-07
      vertex 118.248 -36.7981 2.5
    endloop
  endfacet
  facet normal 0.980761 0.195211 0
    outer loop
      vertex 112.811 -35.3412 2.5
      vertex 112.728 -34.9242 7.62939e-07
      vertex 112.728 -34.9242 2.5
    endloop
  endfacet
  facet normal 0.980761 0.195211 0
    outer loop
      vertex 112.728 -34.9242 7.62939e-07
      vertex 112.811 -35.3412 2.5
      vertex 112.811 -35.3412 7.62939e-07
    endloop
  endfacet
  facet normal 0.556112 0.831107 -0
    outer loop
      vertex 114.325 -37.3146 7.62939e-07
      vertex 113.972 -37.0784 2.5
      vertex 114.325 -37.3146 2.5
    endloop
  endfacet
  facet normal 0.556112 0.831107 0
    outer loop
      vertex 113.972 -37.0784 2.5
      vertex 114.325 -37.3146 7.62939e-07
      vertex 113.972 -37.0784 7.62939e-07
    endloop
  endfacet
  facet normal -0.321229 -0.947002 0
    outer loop
      vertex 116.791 -31.3607 7.62939e-07
      vertex 117.194 -31.4974 2.5
      vertex 116.791 -31.3607 2.5
    endloop
  endfacet
  facet normal -0.321229 -0.947002 -0
    outer loop
      vertex 117.194 -31.4974 2.5
      vertex 116.791 -31.3607 7.62939e-07
      vertex 117.194 -31.4974 7.62939e-07
    endloop
  endfacet
  facet normal -0.980761 -0.195211 0
    outer loop
      vertex 119.172 -34.0758 7.62939e-07
      vertex 119.089 -33.6588 2.5
      vertex 119.089 -33.6588 7.62939e-07
    endloop
  endfacet
  facet normal -0.980761 -0.195211 0
    outer loop
      vertex 119.089 -33.6588 2.5
      vertex 119.172 -34.0758 7.62939e-07
      vertex 119.172 -34.0758 2.5
    endloop
  endfacet
  facet normal 0.896907 -0.44222 0
    outer loop
      vertex 112.947 -33.2563 2.5
      vertex 113.135 -32.875 7.62939e-07
      vertex 113.135 -32.875 2.5
    endloop
  endfacet
  facet normal 0.896907 -0.44222 0
    outer loop
      vertex 113.135 -32.875 7.62939e-07
      vertex 112.947 -33.2563 2.5
      vertex 112.947 -33.2563 7.62939e-07
    endloop
  endfacet
  facet normal -0.997829 -0.0658633 0
    outer loop
      vertex 119.2 -34.5 7.62939e-07
      vertex 119.172 -34.0758 2.5
      vertex 119.172 -34.0758 7.62939e-07
    endloop
  endfacet
  facet normal -0.997829 -0.0658633 0
    outer loop
      vertex 119.172 -34.0758 2.5
      vertex 119.2 -34.5 7.62939e-07
      vertex 119.2 -34.5 2.5
    endloop
  endfacet
  facet normal -1 0 0
    outer loop
      vertex -7.35 -11.249 7.62939e-07
      vertex -7.35 -39 7.62939e-07
      vertex -7.35 -11.249 2.5
    endloop
  endfacet
  facet normal -1 0 0
    outer loop
      vertex -7.35 13 7.62939e-07
      vertex -7.35 9 8.3
      vertex -7.35 13 8.3
    endloop
  endfacet
  facet normal -1 0 0
    outer loop
      vertex -7.35 -8.75099 7.62939e-07
      vertex -7.35 9 8.3
      vertex -7.35 13 7.62939e-07
    endloop
  endfacet
  facet normal -1 0 0
    outer loop
      vertex -7.35 -8.75099 2.5
      vertex -7.35 9 8.3
      vertex -7.35 -8.75099 7.62939e-07
    endloop
  endfacet
  facet normal -1 -0 0
    outer loop
      vertex -7.35 9 8.3
      vertex -7.35 -8.75099 2.5
      vertex -7.35 9 18.3
    endloop
  endfacet
  facet normal -1 0 0
    outer loop
      vertex -7.35 -11.249 2.5
      vertex -7.35 9 18.3
      vertex -7.35 -8.75099 2.5
    endloop
  endfacet
  facet normal -1 0 0
    outer loop
      vertex -7.35 -39 18.3
      vertex -7.35 -11.249 2.5
      vertex -7.35 -39 7.62939e-07
    endloop
  endfacet
  facet normal -1 0 0
    outer loop
      vertex -7.35 -11.249 2.5
      vertex -7.35 -39 18.3
      vertex -7.35 9 18.3
    endloop
  endfacet
  facet normal 0 0 -1
    outer loop
      vertex 159.25 -39 7.62939e-07
      vertex 159.065 -11.625 7.62939e-07
      vertex 159.25 -11.249 7.62939e-07
    endloop
  endfacet
  facet normal 0 0 -1
    outer loop
      vertex 159.25 -39 7.62939e-07
      vertex 158.828 -11.9785 7.62939e-07
      vertex 159.065 -11.625 7.62939e-07
    endloop
  endfacet
  facet normal 0 0 -1
    outer loop
      vertex 159.25 -39 7.62939e-07
      vertex 158.548 -12.2981 7.62939e-07
      vertex 158.828 -11.9785 7.62939e-07
    endloop
  endfacet
  facet normal 0 0 -1
    outer loop
      vertex 159.25 -39 7.62939e-07
      vertex 158.228 -12.5784 7.62939e-07
      vertex 158.548 -12.2981 7.62939e-07
    endloop
  endfacet
  facet normal 0 0 -1
    outer loop
      vertex 159.25 -39 7.62939e-07
      vertex 157.875 -12.8146 7.62939e-07
      vertex 158.228 -12.5784 7.62939e-07
    endloop
  endfacet
  facet normal 0 0 -1
    outer loop
      vertex 159.25 -39 7.62939e-07
      vertex 157.494 -13.0026 7.62939e-07
      vertex 157.875 -12.8146 7.62939e-07
    endloop
  endfacet
  facet normal 0 0 -1
    outer loop
      vertex 159.25 -39 7.62939e-07
      vertex 157.091 -13.1393 7.62939e-07
      vertex 157.494 -13.0026 7.62939e-07
    endloop
  endfacet
  facet normal 0 0 -1
    outer loop
      vertex 159.25 -39 7.62939e-07
      vertex 156.674 -13.2222 7.62939e-07
      vertex 157.091 -13.1393 7.62939e-07
    endloop
  endfacet
  facet normal 0 0 -1
    outer loop
      vertex 159.25 -39 7.62939e-07
      vertex 156.25 -13.25 7.62939e-07
      vertex 156.674 -13.2222 7.62939e-07
    endloop
  endfacet
  facet normal 0 0 -1
    outer loop
      vertex 159.25 -39 7.62939e-07
      vertex 155.826 -13.2222 7.62939e-07
      vertex 156.25 -13.25 7.62939e-07
    endloop
  endfacet
  facet normal 0 0 -1
    outer loop
      vertex 159.25 -39 7.62939e-07
      vertex 155.409 -13.1393 7.62939e-07
      vertex 155.826 -13.2222 7.62939e-07
    endloop
  endfacet
  facet normal 0 0 -1
    outer loop
      vertex 159.25 -39 7.62939e-07
      vertex 155.006 -13.0026 7.62939e-07
      vertex 155.409 -13.1393 7.62939e-07
    endloop
  endfacet
  facet normal 0 0 -1
    outer loop
      vertex 159.25 -39 7.62939e-07
      vertex 154.625 -12.8146 7.62939e-07
      vertex 155.006 -13.0026 7.62939e-07
    endloop
  endfacet
  facet normal 0 0 -1
    outer loop
      vertex 159.25 -39 7.62939e-07
      vertex 154.272 -12.5784 7.62939e-07
      vertex 154.625 -12.8146 7.62939e-07
    endloop
  endfacet
  facet normal 0 0 -1
    outer loop
      vertex 119.089 -33.6588 7.62939e-07
      vertex 154.272 -12.5784 7.62939e-07
      vertex 159.25 -39 7.62939e-07
    endloop
  endfacet
  facet normal -0 0 -1
    outer loop
      vertex 154.272 -12.5784 7.62939e-07
      vertex 119.089 -33.6588 7.62939e-07
      vertex 153.952 -12.2981 7.62939e-07
    endloop
  endfacet
  facet normal 0 0 -1
    outer loop
      vertex 118.953 -33.2563 7.62939e-07
      vertex 153.952 -12.2981 7.62939e-07
      vertex 119.089 -33.6588 7.62939e-07
    endloop
  endfacet
  facet normal -0 0 -1
    outer loop
      vertex 153.952 -12.2981 7.62939e-07
      vertex 118.953 -33.2563 7.62939e-07
      vertex 153.672 -11.9785 7.62939e-07
    endloop
  endfacet
  facet normal 0 0 -1
    outer loop
      vertex 118.765 -32.875 7.62939e-07
      vertex 153.672 -11.9785 7.62939e-07
      vertex 118.953 -33.2563 7.62939e-07
    endloop
  endfacet
  facet normal -0 0 -1
    outer loop
      vertex 153.672 -11.9785 7.62939e-07
      vertex 118.765 -32.875 7.62939e-07
      vertex 153.435 -11.625 7.62939e-07
    endloop
  endfacet
  facet normal 0 0 -1
    outer loop
      vertex 119.089 -33.6588 7.62939e-07
      vertex 159.25 -39 7.62939e-07
      vertex 119.172 -34.0758 7.62939e-07
    endloop
  endfacet
  facet normal 0 0 -1
    outer loop
      vertex 119.172 -34.0758 7.62939e-07
      vertex 159.25 -39 7.62939e-07
      vertex 119.2 -34.5 7.62939e-07
    endloop
  endfacet
  facet normal 0 0 -1
    outer loop
      vertex 159.25 -39 7.62939e-07
      vertex 119.172 -34.9242 7.62939e-07
      vertex 119.2 -34.5 7.62939e-07
    endloop
  endfacet
  facet normal 0 0 -1
    outer loop
      vertex 159.25 -39 7.62939e-07
      vertex 119.089 -35.3412 7.62939e-07
      vertex 119.172 -34.9242 7.62939e-07
    endloop
  endfacet
  facet normal 0 0 -1
    outer loop
      vertex 159.25 -39 7.62939e-07
      vertex 118.953 -35.7437 7.62939e-07
      vertex 119.089 -35.3412 7.62939e-07
    endloop
  endfacet
  facet normal 0 0 -1
    outer loop
      vertex 159.25 -39 7.62939e-07
      vertex 118.765 -36.125 7.62939e-07
      vertex 118.953 -35.7437 7.62939e-07
    endloop
  endfacet
  facet normal 0 0 -1
    outer loop
      vertex 159.25 -39 7.62939e-07
      vertex 118.528 -36.4785 7.62939e-07
      vertex 118.765 -36.125 7.62939e-07
    endloop
  endfacet
  facet normal 0 0 -1
    outer loop
      vertex 159.25 -39 7.62939e-07
      vertex 118.248 -36.7981 7.62939e-07
      vertex 118.528 -36.4785 7.62939e-07
    endloop
  endfacet
  facet normal 0 0 -1
    outer loop
      vertex 159.25 -39 7.62939e-07
      vertex 117.928 -37.0784 7.62939e-07
      vertex 118.248 -36.7981 7.62939e-07
    endloop
  endfacet
  facet normal 0 0 -1
    outer loop
      vertex 159.25 -39 7.62939e-07
      vertex 117.575 -37.3146 7.62939e-07
      vertex 117.928 -37.0784 7.62939e-07
    endloop
  endfacet
  facet normal 0 0 -1
    outer loop
      vertex 159.25 -39 7.62939e-07
      vertex 117.194 -37.5026 7.62939e-07
      vertex 117.575 -37.3146 7.62939e-07
    endloop
  endfacet
  facet normal 0 0 -1
    outer loop
      vertex 159.25 -39 7.62939e-07
      vertex 116.791 -37.6393 7.62939e-07
      vertex 117.194 -37.5026 7.62939e-07
    endloop
  endfacet
  facet normal 0 0 -1
    outer loop
      vertex 159.25 -39 7.62939e-07
      vertex 116.374 -37.7222 7.62939e-07
      vertex 116.791 -37.6393 7.62939e-07
    endloop
  endfacet
  facet normal 0 0 -1
    outer loop
      vertex 159.25 -39 7.62939e-07
      vertex 115.95 -37.75 7.62939e-07
      vertex 116.374 -37.7222 7.62939e-07
    endloop
  endfacet
  facet normal 0 0 -1
    outer loop
      vertex 112.728 -34.9242 7.62939e-07
      vertex 39.2 -34.5 7.62939e-07
      vertex 112.7 -34.5 7.62939e-07
    endloop
  endfacet
  facet normal 0 0 -1
    outer loop
      vertex 39.1722 -34.9242 7.62939e-07
      vertex 112.728 -34.9242 7.62939e-07
      vertex 112.811 -35.3412 7.62939e-07
    endloop
  endfacet
  facet normal 0 0 -1
    outer loop
      vertex 39.0893 -35.3412 7.62939e-07
      vertex 112.811 -35.3412 7.62939e-07
      vertex 112.947 -35.7437 7.62939e-07
    endloop
  endfacet
  facet normal 0 0 -1
    outer loop
      vertex 38.9526 -35.7437 7.62939e-07
      vertex 112.947 -35.7437 7.62939e-07
      vertex 113.135 -36.125 7.62939e-07
    endloop
  endfacet
  facet normal 0 0 -1
    outer loop
      vertex 38.7646 -36.125 7.62939e-07
      vertex 113.135 -36.125 7.62939e-07
      vertex 113.372 -36.4785 7.62939e-07
    endloop
  endfacet
  facet normal 0 0 -1
    outer loop
      vertex 38.5284 -36.4785 7.62939e-07
      vertex 113.372 -36.4785 7.62939e-07
      vertex 113.652 -36.7981 7.62939e-07
    endloop
  endfacet
  facet normal 0 0 -1
    outer loop
      vertex 38.2481 -36.7981 7.62939e-07
      vertex 113.652 -36.7981 7.62939e-07
      vertex 113.972 -37.0784 7.62939e-07
    endloop
  endfacet
  facet normal 0 0 -1
    outer loop
      vertex 37.9285 -37.0784 7.62939e-07
      vertex 113.972 -37.0784 7.62939e-07
      vertex 114.325 -37.3146 7.62939e-07
    endloop
  endfacet
  facet normal 0 0 -1
    outer loop
      vertex 37.575 -37.3146 7.62939e-07
      vertex 114.325 -37.3146 7.62939e-07
      vertex 114.706 -37.5026 7.62939e-07
    endloop
  endfacet
  facet normal 0 0 -1
    outer loop
      vertex 37.1937 -37.5026 7.62939e-07
      vertex 114.706 -37.5026 7.62939e-07
      vertex 115.109 -37.6393 7.62939e-07
    endloop
  endfacet
  facet normal 0 0 -1
    outer loop
      vertex 36.7912 -37.6393 7.62939e-07
      vertex 115.109 -37.6393 7.62939e-07
      vertex 115.526 -37.7222 7.62939e-07
    endloop
  endfacet
  facet normal 0 0 -1
    outer loop
      vertex 36.3742 -37.7222 7.62939e-07
      vertex 115.526 -37.7222 7.62939e-07
      vertex 115.95 -37.75 7.62939e-07
    endloop
  endfacet
  facet normal 0 0 -1
    outer loop
      vertex 112.728 -34.9242 7.62939e-07
      vertex 39.1722 -34.9242 7.62939e-07
      vertex 39.2 -34.5 7.62939e-07
    endloop
  endfacet
  facet normal 0 0 -1
    outer loop
      vertex 112.811 -35.3412 7.62939e-07
      vertex 39.0893 -35.3412 7.62939e-07
      vertex 39.1722 -34.9242 7.62939e-07
    endloop
  endfacet
  facet normal 0 0 -1
    outer loop
      vertex 112.947 -35.7437 7.62939e-07
      vertex 38.9526 -35.7437 7.62939e-07
      vertex 39.0893 -35.3412 7.62939e-07
    endloop
  endfacet
  facet normal 0 0 -1
    outer loop
      vertex 35.95 -37.75 7.62939e-07
      vertex 115.95 -37.75 7.62939e-07
      vertex 159.25 -39 7.62939e-07
    endloop
  endfacet
  facet normal 0 0 -1
    outer loop
      vertex 113.135 -36.125 7.62939e-07
      vertex 38.7646 -36.125 7.62939e-07
      vertex 38.9526 -35.7437 7.62939e-07
    endloop
  endfacet
  facet normal 0 0 -1
    outer loop
      vertex 113.372 -36.4785 7.62939e-07
      vertex 38.5284 -36.4785 7.62939e-07
      vertex 38.7646 -36.125 7.62939e-07
    endloop
  endfacet
  facet normal 0 0 -1
    outer loop
      vertex 113.652 -36.7981 7.62939e-07
      vertex 38.2481 -36.7981 7.62939e-07
      vertex 38.5284 -36.4785 7.62939e-07
    endloop
  endfacet
  facet normal 0 0 -1
    outer loop
      vertex 113.972 -37.0784 7.62939e-07
      vertex 37.9285 -37.0784 7.62939e-07
      vertex 38.2481 -36.7981 7.62939e-07
    endloop
  endfacet
  facet normal 0 0 -1
    outer loop
      vertex 114.325 -37.3146 7.62939e-07
      vertex 37.575 -37.3146 7.62939e-07
      vertex 37.9285 -37.0784 7.62939e-07
    endloop
  endfacet
  facet normal 0 0 -1
    outer loop
      vertex 114.706 -37.5026 7.62939e-07
      vertex 37.1937 -37.5026 7.62939e-07
      vertex 37.575 -37.3146 7.62939e-07
    endloop
  endfacet
  facet normal 0 0 -1
    outer loop
      vertex 115.109 -37.6393 7.62939e-07
      vertex 36.7912 -37.6393 7.62939e-07
      vertex 37.1937 -37.5026 7.62939e-07
    endloop
  endfacet
  facet normal 0 0 -1
    outer loop
      vertex 115.526 -37.7222 7.62939e-07
      vertex 36.3742 -37.7222 7.62939e-07
      vertex 36.7912 -37.6393 7.62939e-07
    endloop
  endfacet
  facet normal 0 0 -1
    outer loop
      vertex 115.95 -37.75 7.62939e-07
      vertex 35.95 -37.75 7.62939e-07
      vertex 36.3742 -37.7222 7.62939e-07
    endloop
  endfacet
  facet normal 0 0 -1
    outer loop
      vertex -7.35 -39 7.62939e-07
      vertex 32.7 -34.5 7.62939e-07
      vertex 32.7278 -34.9242 7.62939e-07
    endloop
  endfacet
  facet normal 0 0 -1
    outer loop
      vertex -7.35 -39 7.62939e-07
      vertex 32.7278 -34.9242 7.62939e-07
      vertex 32.8107 -35.3412 7.62939e-07
    endloop
  endfacet
  facet normal 0 0 -1
    outer loop
      vertex -7.35 -39 7.62939e-07
      vertex 32.8107 -35.3412 7.62939e-07
      vertex 32.9474 -35.7437 7.62939e-07
    endloop
  endfacet
  facet normal 0 0 -1
    outer loop
      vertex -7.35 -39 7.62939e-07
      vertex 32.9474 -35.7437 7.62939e-07
      vertex 33.1354 -36.125 7.62939e-07
    endloop
  endfacet
  facet normal 0 0 -1
    outer loop
      vertex -7.35 -39 7.62939e-07
      vertex 33.1354 -36.125 7.62939e-07
      vertex 33.3716 -36.4785 7.62939e-07
    endloop
  endfacet
  facet normal 0 0 -1
    outer loop
      vertex -7.35 -39 7.62939e-07
      vertex 33.3716 -36.4785 7.62939e-07
      vertex 33.6519 -36.7981 7.62939e-07
    endloop
  endfacet
  facet normal 0 0 -1
    outer loop
      vertex -7.35 -39 7.62939e-07
      vertex 33.6519 -36.7981 7.62939e-07
      vertex 33.9715 -37.0784 7.62939e-07
    endloop
  endfacet
  facet normal 0 0 -1
    outer loop
      vertex 32.7 -34.5 7.62939e-07
      vertex -1.1278 -10.4242 7.62939e-07
      vertex -1.1 -10 7.62939e-07
    endloop
  endfacet
  facet normal 0 0 -1
    outer loop
      vertex 32.7 -34.5 7.62939e-07
      vertex -1.21074 -10.8412 7.62939e-07
      vertex -1.1278 -10.4242 7.62939e-07
    endloop
  endfacet
  facet normal 0 0 -1
    outer loop
      vertex 32.7 -34.5 7.62939e-07
      vertex -1.34739 -11.2437 7.62939e-07
      vertex -1.21074 -10.8412 7.62939e-07
    endloop
  endfacet
  facet normal 0 0 -1
    outer loop
      vertex 32.7 -34.5 7.62939e-07
      vertex -1.53542 -11.625 7.62939e-07
      vertex -1.34739 -11.2437 7.62939e-07
    endloop
  endfacet
  facet normal 0 0 -1
    outer loop
      vertex 32.7 -34.5 7.62939e-07
      vertex -1.7716 -11.9785 7.62939e-07
      vertex -1.53542 -11.625 7.62939e-07
    endloop
  endfacet
  facet normal 0 0 -1
    outer loop
      vertex 32.7 -34.5 7.62939e-07
      vertex -2.0519 -12.2981 7.62939e-07
      vertex -1.7716 -11.9785 7.62939e-07
    endloop
  endfacet
  facet normal -0 0 -1
    outer loop
      vertex 32.7 -34.5 7.62939e-07
      vertex -7.35 -39 7.62939e-07
      vertex -2.37152 -12.5784 7.62939e-07
    endloop
  endfacet
  facet normal 0 0 -1
    outer loop
      vertex 32.7 -34.5 7.62939e-07
      vertex -2.37152 -12.5784 7.62939e-07
      vertex -2.0519 -12.2981 7.62939e-07
    endloop
  endfacet
  facet normal 0 0 -1
    outer loop
      vertex -7.35 -39 7.62939e-07
      vertex 33.9715 -37.0784 7.62939e-07
      vertex 34.325 -37.3146 7.62939e-07
    endloop
  endfacet
  facet normal 0 0 -1
    outer loop
      vertex -2.37152 -12.5784 7.62939e-07
      vertex -7.35 -39 7.62939e-07
      vertex -2.725 -12.8146 7.62939e-07
    endloop
  endfacet
  facet normal 0 0 -1
    outer loop
      vertex -2.725 -12.8146 7.62939e-07
      vertex -7.35 -39 7.62939e-07
      vertex -3.10628 -13.0026 7.62939e-07
    endloop
  endfacet
  facet normal 0 0 -1
    outer loop
      vertex -3.10628 -13.0026 7.62939e-07
      vertex -7.35 -39 7.62939e-07
      vertex -3.50884 -13.1393 7.62939e-07
    endloop
  endfacet
  facet normal 0 0 -1
    outer loop
      vertex -3.50884 -13.1393 7.62939e-07
      vertex -7.35 -39 7.62939e-07
      vertex -3.92579 -13.2222 7.62939e-07
    endloop
  endfacet
  facet normal 0 0 -1
    outer loop
      vertex -3.92579 -13.2222 7.62939e-07
      vertex -7.35 -39 7.62939e-07
      vertex -4.35 -13.25 7.62939e-07
    endloop
  endfacet
  facet normal -0 0 -1
    outer loop
      vertex -4.35 -13.25 7.62939e-07
      vertex -7.35 -39 7.62939e-07
      vertex -4.77421 -13.2222 7.62939e-07
    endloop
  endfacet
  facet normal -0 0 -1
    outer loop
      vertex -4.77421 -13.2222 7.62939e-07
      vertex -7.35 -39 7.62939e-07
      vertex -5.19116 -13.1393 7.62939e-07
    endloop
  endfacet
  facet normal -0 0 -1
    outer loop
      vertex -5.19116 -13.1393 7.62939e-07
      vertex -7.35 -39 7.62939e-07
      vertex -5.59372 -13.0026 7.62939e-07
    endloop
  endfacet
  facet normal 0 0 -1
    outer loop
      vertex -7.35 -39 7.62939e-07
      vertex 35.95 -37.75 7.62939e-07
      vertex 159.25 -39 7.62939e-07
    endloop
  endfacet
  facet normal 0 0 -1
    outer loop
      vertex -7.35 -39 7.62939e-07
      vertex 35.5258 -37.7222 7.62939e-07
      vertex 35.95 -37.75 7.62939e-07
    endloop
  endfacet
  facet normal 0 0 -1
    outer loop
      vertex -7.35 -39 7.62939e-07
      vertex 35.1088 -37.6393 7.62939e-07
      vertex 35.5258 -37.7222 7.62939e-07
    endloop
  endfacet
  facet normal 0 0 -1
    outer loop
      vertex -7.35 -39 7.62939e-07
      vertex 34.7063 -37.5026 7.62939e-07
      vertex 35.1088 -37.6393 7.62939e-07
    endloop
  endfacet
  facet normal 0 0 -1
    outer loop
      vertex -7.35 -39 7.62939e-07
      vertex 34.325 -37.3146 7.62939e-07
      vertex 34.7063 -37.5026 7.62939e-07
    endloop
  endfacet
  facet normal -0 0 -1
    outer loop
      vertex -5.59372 -13.0026 7.62939e-07
      vertex -7.35 -39 7.62939e-07
      vertex -5.975 -12.8146 7.62939e-07
    endloop
  endfacet
  facet normal 0 0 -1
    outer loop
      vertex -7.35 -39 7.62939e-07
      vertex -6.32847 -12.5784 7.62939e-07
      vertex -5.975 -12.8146 7.62939e-07
    endloop
  endfacet
  facet normal 0 0 -1
    outer loop
      vertex -7.35 -39 7.62939e-07
      vertex -6.6481 -12.2981 7.62939e-07
      vertex -6.32847 -12.5784 7.62939e-07
    endloop
  endfacet
  facet normal 0 0 -1
    outer loop
      vertex -7.35 -39 7.62939e-07
      vertex -6.9284 -11.9785 7.62939e-07
      vertex -6.6481 -12.2981 7.62939e-07
    endloop
  endfacet
  facet normal 0 0 -1
    outer loop
      vertex -7.35 -39 7.62939e-07
      vertex -7.16458 -11.625 7.62939e-07
      vertex -6.9284 -11.9785 7.62939e-07
    endloop
  endfacet
  facet normal -0 0 -1
    outer loop
      vertex -7.16458 -11.625 7.62939e-07
      vertex -7.35 -39 7.62939e-07
      vertex -7.35 -11.249 7.62939e-07
    endloop
  endfacet
  facet normal 0 0 -1
    outer loop
      vertex 159.065 -8.375 7.62939e-07
      vertex 159.25 13 7.62939e-07
      vertex 159.25 -8.75099 7.62939e-07
    endloop
  endfacet
  facet normal 0 0 -1
    outer loop
      vertex 158.828 -8.02152 7.62939e-07
      vertex 159.25 13 7.62939e-07
      vertex 159.065 -8.375 7.62939e-07
    endloop
  endfacet
  facet normal 0 0 -1
    outer loop
      vertex 158.548 -7.7019 7.62939e-07
      vertex 159.25 13 7.62939e-07
      vertex 158.828 -8.02152 7.62939e-07
    endloop
  endfacet
  facet normal 0 0 -1
    outer loop
      vertex 158.228 -7.4216 7.62939e-07
      vertex 159.25 13 7.62939e-07
      vertex 158.548 -7.7019 7.62939e-07
    endloop
  endfacet
  facet normal 0 0 -1
    outer loop
      vertex 157.875 -7.18542 7.62939e-07
      vertex 159.25 13 7.62939e-07
      vertex 158.228 -7.4216 7.62939e-07
    endloop
  endfacet
  facet normal 0 0 -1
    outer loop
      vertex 157.494 -6.99739 7.62939e-07
      vertex 159.25 13 7.62939e-07
      vertex 157.875 -7.18542 7.62939e-07
    endloop
  endfacet
  facet normal 0 0 -1
    outer loop
      vertex 157.091 -6.86074 7.62939e-07
      vertex 159.25 13 7.62939e-07
      vertex 157.494 -6.99739 7.62939e-07
    endloop
  endfacet
  facet normal 0 0 -1
    outer loop
      vertex 156.674 -6.7778 7.62939e-07
      vertex 159.25 13 7.62939e-07
      vertex 157.091 -6.86074 7.62939e-07
    endloop
  endfacet
  facet normal 0 0 -1
    outer loop
      vertex 156.25 -6.75 7.62939e-07
      vertex 159.25 13 7.62939e-07
      vertex 156.674 -6.7778 7.62939e-07
    endloop
  endfacet
  facet normal 0 0 -1
    outer loop
      vertex 155.826 -6.7778 7.62939e-07
      vertex 159.25 13 7.62939e-07
      vertex 156.25 -6.75 7.62939e-07
    endloop
  endfacet
  facet normal 0 0 -1
    outer loop
      vertex 155.409 -6.86074 7.62939e-07
      vertex 159.25 13 7.62939e-07
      vertex 155.826 -6.7778 7.62939e-07
    endloop
  endfacet
  facet normal 0 0 -1
    outer loop
      vertex 155.006 -6.99739 7.62939e-07
      vertex 159.25 13 7.62939e-07
      vertex 155.409 -6.86074 7.62939e-07
    endloop
  endfacet
  facet normal 0 0 -1
    outer loop
      vertex 154.625 -7.18542 7.62939e-07
      vertex 159.25 13 7.62939e-07
      vertex 155.006 -6.99739 7.62939e-07
    endloop
  endfacet
  facet normal 0 0 -1
    outer loop
      vertex 154.272 -7.4216 7.62939e-07
      vertex 159.25 13 7.62939e-07
      vertex 154.625 -7.18542 7.62939e-07
    endloop
  endfacet
  facet normal 0 0 -1
    outer loop
      vertex 153.952 -7.7019 7.62939e-07
      vertex 159.25 13 7.62939e-07
      vertex 154.272 -7.4216 7.62939e-07
    endloop
  endfacet
  facet normal 0 0 -1
    outer loop
      vertex 153.672 -8.02152 7.62939e-07
      vertex 159.25 13 7.62939e-07
      vertex 153.952 -7.7019 7.62939e-07
    endloop
  endfacet
  facet normal 0 0 -1
    outer loop
      vertex 153.435 -8.375 7.62939e-07
      vertex 159.25 13 7.62939e-07
      vertex 153.672 -8.02152 7.62939e-07
    endloop
  endfacet
  facet normal 0 0 -1
    outer loop
      vertex 115.95 -31.25 7.62939e-07
      vertex 153.435 -8.375 7.62939e-07
      vertex 153.247 -8.75628 7.62939e-07
    endloop
  endfacet
  facet normal 0 0 -1
    outer loop
      vertex 116.374 -31.2778 7.62939e-07
      vertex 153.247 -8.75628 7.62939e-07
      vertex 153.111 -9.15884 7.62939e-07
    endloop
  endfacet
  facet normal 0 0 -1
    outer loop
      vertex 118.528 -32.5215 7.62939e-07
      vertex 153.435 -11.625 7.62939e-07
      vertex 118.765 -32.875 7.62939e-07
    endloop
  endfacet
  facet normal -0 0 -1
    outer loop
      vertex 153.435 -11.625 7.62939e-07
      vertex 118.528 -32.5215 7.62939e-07
      vertex 153.247 -11.2437 7.62939e-07
    endloop
  endfacet
  facet normal 0 0 -1
    outer loop
      vertex 118.248 -32.2019 7.62939e-07
      vertex 153.247 -11.2437 7.62939e-07
      vertex 118.528 -32.5215 7.62939e-07
    endloop
  endfacet
  facet normal -0 0 -1
    outer loop
      vertex 153.247 -11.2437 7.62939e-07
      vertex 118.248 -32.2019 7.62939e-07
      vertex 153.111 -10.8412 7.62939e-07
    endloop
  endfacet
  facet normal 0 0 -1
    outer loop
      vertex 117.928 -31.9216 7.62939e-07
      vertex 153.111 -10.8412 7.62939e-07
      vertex 118.248 -32.2019 7.62939e-07
    endloop
  endfacet
  facet normal -0 0 -1
    outer loop
      vertex 153.111 -10.8412 7.62939e-07
      vertex 117.928 -31.9216 7.62939e-07
      vertex 153.028 -10.4242 7.62939e-07
    endloop
  endfacet
  facet normal 0 0 -1
    outer loop
      vertex 117.575 -31.6854 7.62939e-07
      vertex 153.028 -10.4242 7.62939e-07
      vertex 117.928 -31.9216 7.62939e-07
    endloop
  endfacet
  facet normal -0 0 -1
    outer loop
      vertex 153.028 -10.4242 7.62939e-07
      vertex 117.575 -31.6854 7.62939e-07
      vertex 153 -10 7.62939e-07
    endloop
  endfacet
  facet normal 0 0 -1
    outer loop
      vertex 117.194 -31.4974 7.62939e-07
      vertex 153 -10 7.62939e-07
      vertex 117.575 -31.6854 7.62939e-07
    endloop
  endfacet
  facet normal -0 0 -1
    outer loop
      vertex 153 -10 7.62939e-07
      vertex 117.194 -31.4974 7.62939e-07
      vertex 153.028 -9.57579 7.62939e-07
    endloop
  endfacet
  facet normal 0 0 -1
    outer loop
      vertex 116.791 -31.3607 7.62939e-07
      vertex 153.028 -9.57579 7.62939e-07
      vertex 117.194 -31.4974 7.62939e-07
    endloop
  endfacet
  facet normal -0 0 -1
    outer loop
      vertex 153.028 -9.57579 7.62939e-07
      vertex 116.791 -31.3607 7.62939e-07
      vertex 153.111 -9.15884 7.62939e-07
    endloop
  endfacet
  facet normal 0 0 -1
    outer loop
      vertex 116.374 -31.2778 7.62939e-07
      vertex 153.111 -9.15884 7.62939e-07
      vertex 116.791 -31.3607 7.62939e-07
    endloop
  endfacet
  facet normal 0 0 -1
    outer loop
      vertex 153.247 -8.75628 7.62939e-07
      vertex 116.374 -31.2778 7.62939e-07
      vertex 115.95 -31.25 7.62939e-07
    endloop
  endfacet
  facet normal -0 0 -1
    outer loop
      vertex 153.435 -8.375 7.62939e-07
      vertex 115.95 -31.25 7.62939e-07
      vertex 159.25 13 7.62939e-07
    endloop
  endfacet
  facet normal 0 0 -1
    outer loop
      vertex 115.526 -31.2778 7.62939e-07
      vertex 159.25 13 7.62939e-07
      vertex 115.95 -31.25 7.62939e-07
    endloop
  endfacet
  facet normal 0 0 -1
    outer loop
      vertex 115.109 -31.3607 7.62939e-07
      vertex 159.25 13 7.62939e-07
      vertex 115.526 -31.2778 7.62939e-07
    endloop
  endfacet
  facet normal 0 0 -1
    outer loop
      vertex 114.706 -31.4974 7.62939e-07
      vertex 159.25 13 7.62939e-07
      vertex 115.109 -31.3607 7.62939e-07
    endloop
  endfacet
  facet normal 0 0 -1
    outer loop
      vertex 37.1937 -31.4974 7.62939e-07
      vertex 114.706 -31.4974 7.62939e-07
      vertex 114.325 -31.6854 7.62939e-07
    endloop
  endfacet
  facet normal 0 0 -1
    outer loop
      vertex 37.575 -31.6854 7.62939e-07
      vertex 114.325 -31.6854 7.62939e-07
      vertex 113.972 -31.9216 7.62939e-07
    endloop
  endfacet
  facet normal 0 0 -1
    outer loop
      vertex 37.9285 -31.9216 7.62939e-07
      vertex 113.972 -31.9216 7.62939e-07
      vertex 113.652 -32.2019 7.62939e-07
    endloop
  endfacet
  facet normal 0 0 -1
    outer loop
      vertex 39.2 -34.5 7.62939e-07
      vertex 112.728 -34.0758 7.62939e-07
      vertex 112.7 -34.5 7.62939e-07
    endloop
  endfacet
  facet normal 0 0 -1
    outer loop
      vertex 39.1722 -34.0758 7.62939e-07
      vertex 112.728 -34.0758 7.62939e-07
      vertex 39.2 -34.5 7.62939e-07
    endloop
  endfacet
  facet normal 0 0 -1
    outer loop
      vertex 112.728 -34.0758 7.62939e-07
      vertex 39.1722 -34.0758 7.62939e-07
      vertex 112.811 -33.6588 7.62939e-07
    endloop
  endfacet
  facet normal 0 0 -1
    outer loop
      vertex 39.0893 -33.6588 7.62939e-07
      vertex 112.811 -33.6588 7.62939e-07
      vertex 39.1722 -34.0758 7.62939e-07
    endloop
  endfacet
  facet normal 0 0 -1
    outer loop
      vertex 112.811 -33.6588 7.62939e-07
      vertex 39.0893 -33.6588 7.62939e-07
      vertex 112.947 -33.2563 7.62939e-07
    endloop
  endfacet
  facet normal 0 0 -1
    outer loop
      vertex 38.9526 -33.2563 7.62939e-07
      vertex 112.947 -33.2563 7.62939e-07
      vertex 39.0893 -33.6588 7.62939e-07
    endloop
  endfacet
  facet normal 0 0 -1
    outer loop
      vertex 112.947 -33.2563 7.62939e-07
      vertex 38.9526 -33.2563 7.62939e-07
      vertex 113.135 -32.875 7.62939e-07
    endloop
  endfacet
  facet normal 0 0 -1
    outer loop
      vertex 38.7646 -32.875 7.62939e-07
      vertex 113.135 -32.875 7.62939e-07
      vertex 38.9526 -33.2563 7.62939e-07
    endloop
  endfacet
  facet normal 0 0 -1
    outer loop
      vertex 113.135 -32.875 7.62939e-07
      vertex 38.7646 -32.875 7.62939e-07
      vertex 113.372 -32.5215 7.62939e-07
    endloop
  endfacet
  facet normal 0 0 -1
    outer loop
      vertex 38.5284 -32.5215 7.62939e-07
      vertex 113.372 -32.5215 7.62939e-07
      vertex 38.7646 -32.875 7.62939e-07
    endloop
  endfacet
  facet normal 0 0 -1
    outer loop
      vertex 113.372 -32.5215 7.62939e-07
      vertex 38.5284 -32.5215 7.62939e-07
      vertex 113.652 -32.2019 7.62939e-07
    endloop
  endfacet
  facet normal 0 0 -1
    outer loop
      vertex 38.2481 -32.2019 7.62939e-07
      vertex 113.652 -32.2019 7.62939e-07
      vertex 38.5284 -32.5215 7.62939e-07
    endloop
  endfacet
  facet normal 0 0 -1
    outer loop
      vertex 37.9285 -31.9216 7.62939e-07
      vertex 113.652 -32.2019 7.62939e-07
      vertex 38.2481 -32.2019 7.62939e-07
    endloop
  endfacet
  facet normal 0 0 -1
    outer loop
      vertex 113.972 -31.9216 7.62939e-07
      vertex 37.9285 -31.9216 7.62939e-07
      vertex 37.575 -31.6854 7.62939e-07
    endloop
  endfacet
  facet normal 0 0 -1
    outer loop
      vertex 114.325 -31.6854 7.62939e-07
      vertex 37.575 -31.6854 7.62939e-07
      vertex 37.1937 -31.4974 7.62939e-07
    endloop
  endfacet
  facet normal 0 0 -1
    outer loop
      vertex 114.706 -31.4974 7.62939e-07
      vertex 37.1937 -31.4974 7.62939e-07
      vertex 159.25 13 7.62939e-07
    endloop
  endfacet
  facet normal 0 0 -1
    outer loop
      vertex -7.35 13 7.62939e-07
      vertex 37.1937 -31.4974 7.62939e-07
      vertex 36.7912 -31.3607 7.62939e-07
    endloop
  endfacet
  facet normal 0 0 -1
    outer loop
      vertex -7.35 13 7.62939e-07
      vertex 36.7912 -31.3607 7.62939e-07
      vertex 36.3742 -31.2778 7.62939e-07
    endloop
  endfacet
  facet normal 0 0 -1
    outer loop
      vertex -7.35 13 7.62939e-07
      vertex 36.3742 -31.2778 7.62939e-07
      vertex 35.95 -31.25 7.62939e-07
    endloop
  endfacet
  facet normal 0 0 -1
    outer loop
      vertex -1.34739 -8.75628 7.62939e-07
      vertex 35.95 -31.25 7.62939e-07
      vertex 35.5258 -31.2778 7.62939e-07
    endloop
  endfacet
  facet normal 0 0 -1
    outer loop
      vertex -1.21074 -9.15884 7.62939e-07
      vertex 35.5258 -31.2778 7.62939e-07
      vertex 35.1088 -31.3607 7.62939e-07
    endloop
  endfacet
  facet normal 0 0 -1
    outer loop
      vertex -1.1278 -9.57579 7.62939e-07
      vertex 35.1088 -31.3607 7.62939e-07
      vertex 34.7063 -31.4974 7.62939e-07
    endloop
  endfacet
  facet normal 0 0 -1
    outer loop
      vertex -1.1 -10 7.62939e-07
      vertex 32.7278 -34.0758 7.62939e-07
      vertex 32.7 -34.5 7.62939e-07
    endloop
  endfacet
  facet normal 0 0 -1
    outer loop
      vertex -1.1 -10 7.62939e-07
      vertex 32.8107 -33.6588 7.62939e-07
      vertex 32.7278 -34.0758 7.62939e-07
    endloop
  endfacet
  facet normal 0 0 -1
    outer loop
      vertex -1.1 -10 7.62939e-07
      vertex 32.9474 -33.2563 7.62939e-07
      vertex 32.8107 -33.6588 7.62939e-07
    endloop
  endfacet
  facet normal 0 0 -1
    outer loop
      vertex -1.1 -10 7.62939e-07
      vertex 33.1354 -32.875 7.62939e-07
      vertex 32.9474 -33.2563 7.62939e-07
    endloop
  endfacet
  facet normal 0 0 -1
    outer loop
      vertex -1.1 -10 7.62939e-07
      vertex 33.3716 -32.5215 7.62939e-07
      vertex 33.1354 -32.875 7.62939e-07
    endloop
  endfacet
  facet normal 0 0 -1
    outer loop
      vertex -1.1 -10 7.62939e-07
      vertex 33.6519 -32.2019 7.62939e-07
      vertex 33.3716 -32.5215 7.62939e-07
    endloop
  endfacet
  facet normal 0 0 -1
    outer loop
      vertex -1.1 -10 7.62939e-07
      vertex 33.9715 -31.9216 7.62939e-07
      vertex 33.6519 -32.2019 7.62939e-07
    endloop
  endfacet
  facet normal 0 0 -1
    outer loop
      vertex -1.1 -10 7.62939e-07
      vertex 34.325 -31.6854 7.62939e-07
      vertex 33.9715 -31.9216 7.62939e-07
    endloop
  endfacet
  facet normal 0 0 -1
    outer loop
      vertex -1.1 -10 7.62939e-07
      vertex 34.7063 -31.4974 7.62939e-07
      vertex 34.325 -31.6854 7.62939e-07
    endloop
  endfacet
  facet normal 0 0 -1
    outer loop
      vertex -1.1278 -9.57579 7.62939e-07
      vertex 34.7063 -31.4974 7.62939e-07
      vertex -1.1 -10 7.62939e-07
    endloop
  endfacet
  facet normal 0 0 -1
    outer loop
      vertex 35.1088 -31.3607 7.62939e-07
      vertex -1.1278 -9.57579 7.62939e-07
      vertex -1.21074 -9.15884 7.62939e-07
    endloop
  endfacet
  facet normal 0 0 -1
    outer loop
      vertex 35.5258 -31.2778 7.62939e-07
      vertex -1.21074 -9.15884 7.62939e-07
      vertex -1.34739 -8.75628 7.62939e-07
    endloop
  endfacet
  facet normal 0 0 -1
    outer loop
      vertex 35.95 -31.25 7.62939e-07
      vertex -1.34739 -8.75628 7.62939e-07
      vertex -1.53542 -8.375 7.62939e-07
    endloop
  endfacet
  facet normal 0 0 -1
    outer loop
      vertex 35.95 -31.25 7.62939e-07
      vertex -1.53542 -8.375 7.62939e-07
      vertex -7.35 13 7.62939e-07
    endloop
  endfacet
  facet normal 0 0 -1
    outer loop
      vertex -7.35 13 7.62939e-07
      vertex -1.53542 -8.375 7.62939e-07
      vertex -1.7716 -8.02152 7.62939e-07
    endloop
  endfacet
  facet normal 0 0 -1
    outer loop
      vertex -7.35 13 7.62939e-07
      vertex -1.7716 -8.02152 7.62939e-07
      vertex -2.0519 -7.7019 7.62939e-07
    endloop
  endfacet
  facet normal 0 0 -1
    outer loop
      vertex -7.35 13 7.62939e-07
      vertex -2.0519 -7.7019 7.62939e-07
      vertex -2.37152 -7.4216 7.62939e-07
    endloop
  endfacet
  facet normal 0 0 -1
    outer loop
      vertex -7.35 13 7.62939e-07
      vertex -2.37152 -7.4216 7.62939e-07
      vertex -2.725 -7.18542 7.62939e-07
    endloop
  endfacet
  facet normal 0 0 -1
    outer loop
      vertex -7.35 13 7.62939e-07
      vertex -2.725 -7.18542 7.62939e-07
      vertex -3.10628 -6.99739 7.62939e-07
    endloop
  endfacet
  facet normal 0 0 -1
    outer loop
      vertex -7.35 13 7.62939e-07
      vertex -3.10628 -6.99739 7.62939e-07
      vertex -3.50884 -6.86074 7.62939e-07
    endloop
  endfacet
  facet normal 0 0 -1
    outer loop
      vertex -7.35 13 7.62939e-07
      vertex -3.50884 -6.86074 7.62939e-07
      vertex -3.92579 -6.7778 7.62939e-07
    endloop
  endfacet
  facet normal 0 0 -1
    outer loop
      vertex -7.35 13 7.62939e-07
      vertex -3.92579 -6.7778 7.62939e-07
      vertex -4.35 -6.75 7.62939e-07
    endloop
  endfacet
  facet normal 0 0 -1
    outer loop
      vertex -7.35 13 7.62939e-07
      vertex -4.35 -6.75 7.62939e-07
      vertex -4.77421 -6.7778 7.62939e-07
    endloop
  endfacet
  facet normal 0 0 -1
    outer loop
      vertex 37.1937 -31.4974 7.62939e-07
      vertex -7.35 13 7.62939e-07
      vertex 159.25 13 7.62939e-07
    endloop
  endfacet
  facet normal 0 0 -1
    outer loop
      vertex -5.19116 -6.86074 7.62939e-07
      vertex -7.35 13 7.62939e-07
      vertex -4.77421 -6.7778 7.62939e-07
    endloop
  endfacet
  facet normal 0 0 -1
    outer loop
      vertex -5.59372 -6.99739 7.62939e-07
      vertex -7.35 13 7.62939e-07
      vertex -5.19116 -6.86074 7.62939e-07
    endloop
  endfacet
  facet normal 0 0 -1
    outer loop
      vertex -5.975 -7.18542 7.62939e-07
      vertex -7.35 13 7.62939e-07
      vertex -5.59372 -6.99739 7.62939e-07
    endloop
  endfacet
  facet normal 0 0 -1
    outer loop
      vertex -6.32847 -7.4216 7.62939e-07
      vertex -7.35 13 7.62939e-07
      vertex -5.975 -7.18542 7.62939e-07
    endloop
  endfacet
  facet normal 0 0 -1
    outer loop
      vertex -6.6481 -7.7019 7.62939e-07
      vertex -7.35 13 7.62939e-07
      vertex -6.32847 -7.4216 7.62939e-07
    endloop
  endfacet
  facet normal 0 0 -1
    outer loop
      vertex -6.9284 -8.02152 7.62939e-07
      vertex -7.35 13 7.62939e-07
      vertex -6.6481 -7.7019 7.62939e-07
    endloop
  endfacet
  facet normal 0 0 -1
    outer loop
      vertex -7.16458 -8.375 7.62939e-07
      vertex -7.35 13 7.62939e-07
      vertex -6.9284 -8.02152 7.62939e-07
    endloop
  endfacet
  facet normal 0 0 -1
    outer loop
      vertex -7.35 13 7.62939e-07
      vertex -7.16458 -8.375 7.62939e-07
      vertex -7.35 -8.75099 7.62939e-07
    endloop
  endfacet
  facet normal 1 0 0
    outer loop
      vertex 159.25 9 18.3
      vertex 159.25 -8.75099 2.5
      vertex 159.25 9 8.3
    endloop
  endfacet
  facet normal 1 0 0
    outer loop
      vertex 159.25 9 18.3
      vertex 159.25 -11.249 2.5
      vertex 159.25 -8.75099 2.5
    endloop
  endfacet
  facet normal 1 -0 0
    outer loop
      vertex 159.25 -39 18.3
      vertex 159.25 -11.249 2.5
      vertex 159.25 9 18.3
    endloop
  endfacet
  facet normal 1 0 0
    outer loop
      vertex 159.25 -39 7.62939e-07
      vertex 159.25 -11.249 2.5
      vertex 159.25 -39 18.3
    endloop
  endfacet
  facet normal 1 0 0
    outer loop
      vertex 159.25 -11.249 2.5
      vertex 159.25 -39 7.62939e-07
      vertex 159.25 -11.249 7.62939e-07
    endloop
  endfacet
  facet normal 1 -0 0
    outer loop
      vertex 159.25 9 8.3
      vertex 159.25 13 7.62939e-07
      vertex 159.25 13 8.3
    endloop
  endfacet
  facet normal 1 0 0
    outer loop
      vertex 159.25 -8.75099 7.62939e-07
      vertex 159.25 9 8.3
      vertex 159.25 -8.75099 2.5
    endloop
  endfacet
  facet normal 1 0 0
    outer loop
      vertex 159.25 9 8.3
      vertex 159.25 -8.75099 7.62939e-07
      vertex 159.25 13 7.62939e-07
    endloop
  endfacet
  facet normal 0 -1 0
    outer loop
      vertex -7.35 -39 7.62939e-07
      vertex 159.25 -39 18.3
      vertex -7.35 -39 18.3
    endloop
  endfacet
  facet normal 0 -1 -0
    outer loop
      vertex 159.25 -39 18.3
      vertex -7.35 -39 7.62939e-07
      vertex 159.25 -39 7.62939e-07
    endloop
  endfacet
  facet normal 0 0 1
    outer loop
      vertex -1.35 9 18.3
      vertex -2.65 -10 18.3
      vertex -1.35 -30.3 18.3
    endloop
  endfacet
  facet normal 0 0 1
    outer loop
      vertex -1.35 9 18.3
      vertex -2.66454 -9.7781 18.3
      vertex -2.65 -10 18.3
    endloop
  endfacet
  facet normal 0 0 1
    outer loop
      vertex -1.35 9 18.3
      vertex -2.70793 -9.56001 18.3
      vertex -2.66454 -9.7781 18.3
    endloop
  endfacet
  facet normal 0 0 1
    outer loop
      vertex -1.35 9 18.3
      vertex -2.7794 -9.34944 18.3
      vertex -2.70793 -9.56001 18.3
    endloop
  endfacet
  facet normal 0 0 1
    outer loop
      vertex -1.35 9 18.3
      vertex -2.87776 -9.15 18.3
      vertex -2.7794 -9.34944 18.3
    endloop
  endfacet
  facet normal 0 0 1
    outer loop
      vertex -1.35 9 18.3
      vertex -3.0013 -8.96511 18.3
      vertex -2.87776 -9.15 18.3
    endloop
  endfacet
  facet normal 0 0 1
    outer loop
      vertex -1.35 9 18.3
      vertex -3.14792 -8.79792 18.3
      vertex -3.0013 -8.96511 18.3
    endloop
  endfacet
  facet normal 0 0 1
    outer loop
      vertex -1.35 9 18.3
      vertex -3.31511 -8.6513 18.3
      vertex -3.14792 -8.79792 18.3
    endloop
  endfacet
  facet normal 0 0 1
    outer loop
      vertex -1.35 9 18.3
      vertex -3.5 -8.52776 18.3
      vertex -3.31511 -8.6513 18.3
    endloop
  endfacet
  facet normal 0 0 1
    outer loop
      vertex -1.35 9 18.3
      vertex -3.69944 -8.4294 18.3
      vertex -3.5 -8.52776 18.3
    endloop
  endfacet
  facet normal 0 0 1
    outer loop
      vertex -1.35 9 18.3
      vertex -3.91001 -8.35793 18.3
      vertex -3.69944 -8.4294 18.3
    endloop
  endfacet
  facet normal 0 0 1
    outer loop
      vertex -1.35 9 18.3
      vertex -4.12811 -8.31454 18.3
      vertex -3.91001 -8.35793 18.3
    endloop
  endfacet
  facet normal 0 0 1
    outer loop
      vertex -1.35 9 18.3
      vertex -4.35 -8.3 18.3
      vertex -4.12811 -8.31454 18.3
    endloop
  endfacet
  facet normal -0 0 1
    outer loop
      vertex -7.35 9 18.3
      vertex -4.35 -8.3 18.3
      vertex -1.35 9 18.3
    endloop
  endfacet
  facet normal 0 0 1
    outer loop
      vertex -4.35 -8.3 18.3
      vertex -7.35 9 18.3
      vertex -4.57189 -8.31454 18.3
    endloop
  endfacet
  facet normal 0 0 1
    outer loop
      vertex -4.57189 -8.31454 18.3
      vertex -7.35 9 18.3
      vertex -4.78999 -8.35793 18.3
    endloop
  endfacet
  facet normal 0 0 1
    outer loop
      vertex -4.78999 -8.35793 18.3
      vertex -7.35 9 18.3
      vertex -5.00056 -8.4294 18.3
    endloop
  endfacet
  facet normal 0 0 1
    outer loop
      vertex -5.00056 -8.4294 18.3
      vertex -7.35 9 18.3
      vertex -5.2 -8.52776 18.3
    endloop
  endfacet
  facet normal 0 0 1
    outer loop
      vertex -5.2 -8.52776 18.3
      vertex -7.35 9 18.3
      vertex -5.38489 -8.6513 18.3
    endloop
  endfacet
  facet normal 0 0 1
    outer loop
      vertex -5.38489 -8.6513 18.3
      vertex -7.35 9 18.3
      vertex -5.55208 -8.79792 18.3
    endloop
  endfacet
  facet normal 0 0 1
    outer loop
      vertex -5.55208 -8.79792 18.3
      vertex -7.35 9 18.3
      vertex -5.6987 -8.96511 18.3
    endloop
  endfacet
  facet normal 0 0 1
    outer loop
      vertex -5.6987 -8.96511 18.3
      vertex -7.35 9 18.3
      vertex -5.82224 -9.15 18.3
    endloop
  endfacet
  facet normal 0 0 1
    outer loop
      vertex -5.82224 -9.15 18.3
      vertex -7.35 9 18.3
      vertex -5.9206 -9.34944 18.3
    endloop
  endfacet
  facet normal 0 0 1
    outer loop
      vertex -6.03546 -9.7781 18.3
      vertex -7.35 9 18.3
      vertex -6.05 -10 18.3
    endloop
  endfacet
  facet normal 0 0 1
    outer loop
      vertex -5.99207 -9.56001 18.3
      vertex -7.35 9 18.3
      vertex -6.03546 -9.7781 18.3
    endloop
  endfacet
  facet normal 0 0 1
    outer loop
      vertex -5.9206 -9.34944 18.3
      vertex -7.35 9 18.3
      vertex -5.99207 -9.56001 18.3
    endloop
  endfacet
  facet normal 0 0 1
    outer loop
      vertex 153.25 -30.3 18.3
      vertex 117.635 -34.2781 18.3
      vertex 117.65 -34.5 18.3
    endloop
  endfacet
  facet normal 0 0 1
    outer loop
      vertex 153.25 -30.3 18.3
      vertex 117.592 -34.06 18.3
      vertex 117.635 -34.2781 18.3
    endloop
  endfacet
  facet normal 0 0 1
    outer loop
      vertex 153.25 -30.3 18.3
      vertex 117.521 -33.8494 18.3
      vertex 117.592 -34.06 18.3
    endloop
  endfacet
  facet normal 0 0 1
    outer loop
      vertex 153.25 -30.3 18.3
      vertex 117.422 -33.65 18.3
      vertex 117.521 -33.8494 18.3
    endloop
  endfacet
  facet normal 0 0 1
    outer loop
      vertex 153.25 -30.3 18.3
      vertex 117.299 -33.4651 18.3
      vertex 117.422 -33.65 18.3
    endloop
  endfacet
  facet normal 0 0 1
    outer loop
      vertex 153.25 -30.3 18.3
      vertex 117.152 -33.2979 18.3
      vertex 117.299 -33.4651 18.3
    endloop
  endfacet
  facet normal 0 0 1
    outer loop
      vertex 153.25 -30.3 18.3
      vertex 116.985 -33.1513 18.3
      vertex 117.152 -33.2979 18.3
    endloop
  endfacet
  facet normal 0 0 1
    outer loop
      vertex 153.25 -30.3 18.3
      vertex 116.8 -33.0278 18.3
      vertex 116.985 -33.1513 18.3
    endloop
  endfacet
  facet normal 0 0 1
    outer loop
      vertex 153.25 -30.3 18.3
      vertex 116.601 -32.9294 18.3
      vertex 116.8 -33.0278 18.3
    endloop
  endfacet
  facet normal 0 0 1
    outer loop
      vertex 153.25 -30.3 18.3
      vertex 116.39 -32.8579 18.3
      vertex 116.601 -32.9294 18.3
    endloop
  endfacet
  facet normal 0 0 1
    outer loop
      vertex 153.25 -30.3 18.3
      vertex 116.172 -32.8145 18.3
      vertex 116.39 -32.8579 18.3
    endloop
  endfacet
  facet normal 0 0 1
    outer loop
      vertex 153.25 -30.3 18.3
      vertex 115.95 -32.8 18.3
      vertex 116.172 -32.8145 18.3
    endloop
  endfacet
  facet normal 0 0 1
    outer loop
      vertex 35.95 -32.8 18.3
      vertex 115.95 -32.8 18.3
      vertex 153.25 -30.3 18.3
    endloop
  endfacet
  facet normal 0 0 1
    outer loop
      vertex 114.265 -34.2781 18.3
      vertex 37.65 -34.5 18.3
      vertex 114.25 -34.5 18.3
    endloop
  endfacet
  facet normal 0 0 1
    outer loop
      vertex 37.6355 -34.2781 18.3
      vertex 114.265 -34.2781 18.3
      vertex 114.308 -34.06 18.3
    endloop
  endfacet
  facet normal 0 0 1
    outer loop
      vertex 37.5921 -34.06 18.3
      vertex 114.308 -34.06 18.3
      vertex 114.379 -33.8494 18.3
    endloop
  endfacet
  facet normal 0 0 1
    outer loop
      vertex 37.5206 -33.8494 18.3
      vertex 114.379 -33.8494 18.3
      vertex 114.478 -33.65 18.3
    endloop
  endfacet
  facet normal 0 0 1
    outer loop
      vertex 37.4222 -33.65 18.3
      vertex 114.478 -33.65 18.3
      vertex 114.601 -33.4651 18.3
    endloop
  endfacet
  facet normal 0 0 1
    outer loop
      vertex 37.2987 -33.4651 18.3
      vertex 114.601 -33.4651 18.3
      vertex 114.748 -33.2979 18.3
    endloop
  endfacet
  facet normal 0 0 1
    outer loop
      vertex 37.1521 -33.2979 18.3
      vertex 114.748 -33.2979 18.3
      vertex 114.915 -33.1513 18.3
    endloop
  endfacet
  facet normal 0 0 1
    outer loop
      vertex 36.9849 -33.1513 18.3
      vertex 114.915 -33.1513 18.3
      vertex 115.1 -33.0278 18.3
    endloop
  endfacet
  facet normal 0 0 1
    outer loop
      vertex 36.8 -33.0278 18.3
      vertex 115.1 -33.0278 18.3
      vertex 115.299 -32.9294 18.3
    endloop
  endfacet
  facet normal 0 0 1
    outer loop
      vertex 36.6006 -32.9294 18.3
      vertex 115.299 -32.9294 18.3
      vertex 115.51 -32.8579 18.3
    endloop
  endfacet
  facet normal 0 0 1
    outer loop
      vertex 36.39 -32.8579 18.3
      vertex 115.51 -32.8579 18.3
      vertex 115.728 -32.8145 18.3
    endloop
  endfacet
  facet normal 0 0 1
    outer loop
      vertex 115.95 -32.8 18.3
      vertex 35.95 -32.8 18.3
      vertex 115.728 -32.8145 18.3
    endloop
  endfacet
  facet normal 0 0 1
    outer loop
      vertex 114.265 -34.2781 18.3
      vertex 37.6355 -34.2781 18.3
      vertex 37.65 -34.5 18.3
    endloop
  endfacet
  facet normal 0 0 1
    outer loop
      vertex 114.308 -34.06 18.3
      vertex 37.5921 -34.06 18.3
      vertex 37.6355 -34.2781 18.3
    endloop
  endfacet
  facet normal 0 0 1
    outer loop
      vertex 114.379 -33.8494 18.3
      vertex 37.5206 -33.8494 18.3
      vertex 37.5921 -34.06 18.3
    endloop
  endfacet
  facet normal 0 0 1
    outer loop
      vertex 114.478 -33.65 18.3
      vertex 37.4222 -33.65 18.3
      vertex 37.5206 -33.8494 18.3
    endloop
  endfacet
  facet normal 0 0 1
    outer loop
      vertex 114.601 -33.4651 18.3
      vertex 37.2987 -33.4651 18.3
      vertex 37.4222 -33.65 18.3
    endloop
  endfacet
  facet normal 0 0 1
    outer loop
      vertex 114.748 -33.2979 18.3
      vertex 37.1521 -33.2979 18.3
      vertex 37.2987 -33.4651 18.3
    endloop
  endfacet
  facet normal 0 0 1
    outer loop
      vertex 114.915 -33.1513 18.3
      vertex 36.9849 -33.1513 18.3
      vertex 37.1521 -33.2979 18.3
    endloop
  endfacet
  facet normal 0 0 1
    outer loop
      vertex 115.1 -33.0278 18.3
      vertex 36.8 -33.0278 18.3
      vertex 36.9849 -33.1513 18.3
    endloop
  endfacet
  facet normal 0 0 1
    outer loop
      vertex 115.299 -32.9294 18.3
      vertex 36.6006 -32.9294 18.3
      vertex 36.8 -33.0278 18.3
    endloop
  endfacet
  facet normal 0 0 1
    outer loop
      vertex 115.51 -32.8579 18.3
      vertex 36.39 -32.8579 18.3
      vertex 36.6006 -32.9294 18.3
    endloop
  endfacet
  facet normal 0 0 1
    outer loop
      vertex 115.728 -32.8145 18.3
      vertex 36.1719 -32.8145 18.3
      vertex 36.39 -32.8579 18.3
    endloop
  endfacet
  facet normal 0 0 1
    outer loop
      vertex 115.728 -32.8145 18.3
      vertex 35.95 -32.8 18.3
      vertex 36.1719 -32.8145 18.3
    endloop
  endfacet
  facet normal 0 0 1
    outer loop
      vertex 34.2645 -34.2781 18.3
      vertex -1.35 -30.3 18.3
      vertex 34.25 -34.5 18.3
    endloop
  endfacet
  facet normal 0 0 1
    outer loop
      vertex 34.3079 -34.06 18.3
      vertex -1.35 -30.3 18.3
      vertex 34.2645 -34.2781 18.3
    endloop
  endfacet
  facet normal 0 0 1
    outer loop
      vertex 34.3794 -33.8494 18.3
      vertex -1.35 -30.3 18.3
      vertex 34.3079 -34.06 18.3
    endloop
  endfacet
  facet normal 0 0 1
    outer loop
      vertex 34.4778 -33.65 18.3
      vertex -1.35 -30.3 18.3
      vertex 34.3794 -33.8494 18.3
    endloop
  endfacet
  facet normal 0 0 1
    outer loop
      vertex 34.6013 -33.4651 18.3
      vertex -1.35 -30.3 18.3
      vertex 34.4778 -33.65 18.3
    endloop
  endfacet
  facet normal 0 0 1
    outer loop
      vertex 34.7479 -33.2979 18.3
      vertex -1.35 -30.3 18.3
      vertex 34.6013 -33.4651 18.3
    endloop
  endfacet
  facet normal 0 0 1
    outer loop
      vertex 34.9151 -33.1513 18.3
      vertex -1.35 -30.3 18.3
      vertex 34.7479 -33.2979 18.3
    endloop
  endfacet
  facet normal 0 0 1
    outer loop
      vertex 35.1 -33.0278 18.3
      vertex -1.35 -30.3 18.3
      vertex 34.9151 -33.1513 18.3
    endloop
  endfacet
  facet normal 0 0 1
    outer loop
      vertex 35.2994 -32.9294 18.3
      vertex -1.35 -30.3 18.3
      vertex 35.1 -33.0278 18.3
    endloop
  endfacet
  facet normal 0 0 1
    outer loop
      vertex 35.51 -32.8579 18.3
      vertex -1.35 -30.3 18.3
      vertex 35.2994 -32.9294 18.3
    endloop
  endfacet
  facet normal 0 0 1
    outer loop
      vertex 35.7281 -32.8145 18.3
      vertex -1.35 -30.3 18.3
      vertex 35.51 -32.8579 18.3
    endloop
  endfacet
  facet normal 0 0 1
    outer loop
      vertex 35.95 -32.8 18.3
      vertex -1.35 -30.3 18.3
      vertex 35.7281 -32.8145 18.3
    endloop
  endfacet
  facet normal -0 0 1
    outer loop
      vertex -1.35 -30.3 18.3
      vertex 35.95 -32.8 18.3
      vertex 153.25 -30.3 18.3
    endloop
  endfacet
  facet normal 0 0 1
    outer loop
      vertex 159.25 9 18.3
      vertex 157.95 -10 18.3
      vertex 159.25 -39 18.3
    endloop
  endfacet
  facet normal 0 0 1
    outer loop
      vertex 159.25 9 18.3
      vertex 157.935 -9.7781 18.3
      vertex 157.95 -10 18.3
    endloop
  endfacet
  facet normal 0 0 1
    outer loop
      vertex 159.25 9 18.3
      vertex 157.892 -9.56001 18.3
      vertex 157.935 -9.7781 18.3
    endloop
  endfacet
  facet normal 0 0 1
    outer loop
      vertex 159.25 9 18.3
      vertex 157.821 -9.34944 18.3
      vertex 157.892 -9.56001 18.3
    endloop
  endfacet
  facet normal 0 0 1
    outer loop
      vertex 159.25 9 18.3
      vertex 157.722 -9.15 18.3
      vertex 157.821 -9.34944 18.3
    endloop
  endfacet
  facet normal 0 0 1
    outer loop
      vertex 159.25 9 18.3
      vertex 157.599 -8.96511 18.3
      vertex 157.722 -9.15 18.3
    endloop
  endfacet
  facet normal 0 0 1
    outer loop
      vertex 159.25 9 18.3
      vertex 157.452 -8.79792 18.3
      vertex 157.599 -8.96511 18.3
    endloop
  endfacet
  facet normal 0 0 1
    outer loop
      vertex 159.25 9 18.3
      vertex 157.285 -8.6513 18.3
      vertex 157.452 -8.79792 18.3
    endloop
  endfacet
  facet normal 0 0 1
    outer loop
      vertex 159.25 9 18.3
      vertex 157.1 -8.52776 18.3
      vertex 157.285 -8.6513 18.3
    endloop
  endfacet
  facet normal 0 0 1
    outer loop
      vertex 159.25 9 18.3
      vertex 156.901 -8.4294 18.3
      vertex 157.1 -8.52776 18.3
    endloop
  endfacet
  facet normal 0 0 1
    outer loop
      vertex 159.25 9 18.3
      vertex 156.69 -8.35793 18.3
      vertex 156.901 -8.4294 18.3
    endloop
  endfacet
  facet normal 0 0 1
    outer loop
      vertex 159.25 9 18.3
      vertex 156.472 -8.31454 18.3
      vertex 156.69 -8.35793 18.3
    endloop
  endfacet
  facet normal 0 0 1
    outer loop
      vertex 159.25 9 18.3
      vertex 156.25 -8.3 18.3
      vertex 156.472 -8.31454 18.3
    endloop
  endfacet
  facet normal -0 0 1
    outer loop
      vertex 153.25 9 18.3
      vertex 156.25 -8.3 18.3
      vertex 159.25 9 18.3
    endloop
  endfacet
  facet normal 0 0 1
    outer loop
      vertex 156.25 -8.3 18.3
      vertex 153.25 9 18.3
      vertex 156.028 -8.31454 18.3
    endloop
  endfacet
  facet normal 0 0 1
    outer loop
      vertex 156.028 -8.31454 18.3
      vertex 153.25 9 18.3
      vertex 155.81 -8.35793 18.3
    endloop
  endfacet
  facet normal 0 0 1
    outer loop
      vertex 155.81 -8.35793 18.3
      vertex 153.25 9 18.3
      vertex 155.599 -8.4294 18.3
    endloop
  endfacet
  facet normal 0 0 1
    outer loop
      vertex 155.599 -8.4294 18.3
      vertex 153.25 9 18.3
      vertex 155.4 -8.52776 18.3
    endloop
  endfacet
  facet normal 0 0 1
    outer loop
      vertex 155.4 -8.52776 18.3
      vertex 153.25 9 18.3
      vertex 155.215 -8.6513 18.3
    endloop
  endfacet
  facet normal 0 0 1
    outer loop
      vertex 155.215 -8.6513 18.3
      vertex 153.25 9 18.3
      vertex 155.048 -8.79792 18.3
    endloop
  endfacet
  facet normal 0 0 1
    outer loop
      vertex 155.048 -8.79792 18.3
      vertex 153.25 9 18.3
      vertex 154.901 -8.96511 18.3
    endloop
  endfacet
  facet normal 0 0 1
    outer loop
      vertex 154.901 -8.96511 18.3
      vertex 153.25 9 18.3
      vertex 154.778 -9.15 18.3
    endloop
  endfacet
  facet normal 0 0 1
    outer loop
      vertex 154.778 -9.15 18.3
      vertex 153.25 9 18.3
      vertex 154.679 -9.34944 18.3
    endloop
  endfacet
  facet normal 0 0 1
    outer loop
      vertex 154.565 -9.7781 18.3
      vertex 153.25 9 18.3
      vertex 154.55 -10 18.3
    endloop
  endfacet
  facet normal 0 0 1
    outer loop
      vertex 154.608 -9.56001 18.3
      vertex 153.25 9 18.3
      vertex 154.565 -9.7781 18.3
    endloop
  endfacet
  facet normal 0 0 1
    outer loop
      vertex 154.679 -9.34944 18.3
      vertex 153.25 9 18.3
      vertex 154.608 -9.56001 18.3
    endloop
  endfacet
  facet normal -0 0 1
    outer loop
      vertex 157.935 -10.2219 18.3
      vertex 159.25 -39 18.3
      vertex 157.95 -10 18.3
    endloop
  endfacet
  facet normal -0 0 1
    outer loop
      vertex 157.892 -10.44 18.3
      vertex 159.25 -39 18.3
      vertex 157.935 -10.2219 18.3
    endloop
  endfacet
  facet normal -0 0 1
    outer loop
      vertex 157.821 -10.6506 18.3
      vertex 159.25 -39 18.3
      vertex 157.892 -10.44 18.3
    endloop
  endfacet
  facet normal -0 0 1
    outer loop
      vertex 157.722 -10.85 18.3
      vertex 159.25 -39 18.3
      vertex 157.821 -10.6506 18.3
    endloop
  endfacet
  facet normal -0 0 1
    outer loop
      vertex 157.599 -11.0349 18.3
      vertex 159.25 -39 18.3
      vertex 157.722 -10.85 18.3
    endloop
  endfacet
  facet normal -0 0 1
    outer loop
      vertex 157.452 -11.2021 18.3
      vertex 159.25 -39 18.3
      vertex 157.599 -11.0349 18.3
    endloop
  endfacet
  facet normal 0 0 1
    outer loop
      vertex 153.25 -30.3 18.3
      vertex 157.452 -11.2021 18.3
      vertex 157.285 -11.3487 18.3
    endloop
  endfacet
  facet normal 0 0 1
    outer loop
      vertex 153.25 -30.3 18.3
      vertex 157.285 -11.3487 18.3
      vertex 157.1 -11.4722 18.3
    endloop
  endfacet
  facet normal 0 0 1
    outer loop
      vertex 153.25 -30.3 18.3
      vertex 157.1 -11.4722 18.3
      vertex 156.901 -11.5706 18.3
    endloop
  endfacet
  facet normal 0 0 1
    outer loop
      vertex 153.25 -30.3 18.3
      vertex 156.901 -11.5706 18.3
      vertex 156.69 -11.6421 18.3
    endloop
  endfacet
  facet normal 0 0 1
    outer loop
      vertex 153.25 -30.3 18.3
      vertex 156.69 -11.6421 18.3
      vertex 156.472 -11.6855 18.3
    endloop
  endfacet
  facet normal 0 0 1
    outer loop
      vertex 153.25 -30.3 18.3
      vertex 156.472 -11.6855 18.3
      vertex 156.25 -11.7 18.3
    endloop
  endfacet
  facet normal 0 0 1
    outer loop
      vertex 153.25 -30.3 18.3
      vertex 156.25 -11.7 18.3
      vertex 156.028 -11.6855 18.3
    endloop
  endfacet
  facet normal 0 0 1
    outer loop
      vertex 153.25 -30.3 18.3
      vertex 156.028 -11.6855 18.3
      vertex 155.81 -11.6421 18.3
    endloop
  endfacet
  facet normal 0 0 1
    outer loop
      vertex 153.25 -30.3 18.3
      vertex 155.81 -11.6421 18.3
      vertex 155.599 -11.5706 18.3
    endloop
  endfacet
  facet normal 0 0 1
    outer loop
      vertex 153.25 -30.3 18.3
      vertex 155.599 -11.5706 18.3
      vertex 155.4 -11.4722 18.3
    endloop
  endfacet
  facet normal 0 0 1
    outer loop
      vertex 153.25 -30.3 18.3
      vertex 155.4 -11.4722 18.3
      vertex 155.215 -11.3487 18.3
    endloop
  endfacet
  facet normal 0 0 1
    outer loop
      vertex 153.25 -30.3 18.3
      vertex 155.215 -11.3487 18.3
      vertex 155.048 -11.2021 18.3
    endloop
  endfacet
  facet normal 0 0 1
    outer loop
      vertex 153.25 -30.3 18.3
      vertex 155.048 -11.2021 18.3
      vertex 154.901 -11.0349 18.3
    endloop
  endfacet
  facet normal 0 0 1
    outer loop
      vertex 153.25 -30.3 18.3
      vertex 154.901 -11.0349 18.3
      vertex 154.778 -10.85 18.3
    endloop
  endfacet
  facet normal 0 0 1
    outer loop
      vertex 153.25 -30.3 18.3
      vertex 154.778 -10.85 18.3
      vertex 154.679 -10.6506 18.3
    endloop
  endfacet
  facet normal 0 0 1
    outer loop
      vertex 153.25 -30.3 18.3
      vertex 154.679 -10.6506 18.3
      vertex 154.608 -10.44 18.3
    endloop
  endfacet
  facet normal 0 0 1
    outer loop
      vertex 153.25 -30.3 18.3
      vertex 154.608 -10.44 18.3
      vertex 154.565 -10.2219 18.3
    endloop
  endfacet
  facet normal 0 0 1
    outer loop
      vertex 153.25 -30.3 18.3
      vertex 154.55 -10 18.3
      vertex 153.25 9 18.3
    endloop
  endfacet
  facet normal 0 0 1
    outer loop
      vertex 154.55 -10 18.3
      vertex 153.25 -30.3 18.3
      vertex 154.565 -10.2219 18.3
    endloop
  endfacet
  facet normal 0 0 1
    outer loop
      vertex 157.452 -11.2021 18.3
      vertex 153.25 -30.3 18.3
      vertex 159.25 -39 18.3
    endloop
  endfacet
  facet normal 0 0 1
    outer loop
      vertex 117.635 -34.7219 18.3
      vertex 153.25 -30.3 18.3
      vertex 117.65 -34.5 18.3
    endloop
  endfacet
  facet normal 0 0 1
    outer loop
      vertex 117.592 -34.94 18.3
      vertex 153.25 -30.3 18.3
      vertex 117.635 -34.7219 18.3
    endloop
  endfacet
  facet normal 0 0 1
    outer loop
      vertex 117.521 -35.1506 18.3
      vertex 153.25 -30.3 18.3
      vertex 117.592 -34.94 18.3
    endloop
  endfacet
  facet normal 0 0 1
    outer loop
      vertex 117.422 -35.35 18.3
      vertex 153.25 -30.3 18.3
      vertex 117.521 -35.1506 18.3
    endloop
  endfacet
  facet normal 0 0 1
    outer loop
      vertex 153.25 -30.3 18.3
      vertex 117.422 -35.35 18.3
      vertex 159.25 -39 18.3
    endloop
  endfacet
  facet normal -0 0 1
    outer loop
      vertex 117.299 -35.5349 18.3
      vertex 159.25 -39 18.3
      vertex 117.422 -35.35 18.3
    endloop
  endfacet
  facet normal -0 0 1
    outer loop
      vertex 117.152 -35.7021 18.3
      vertex 159.25 -39 18.3
      vertex 117.299 -35.5349 18.3
    endloop
  endfacet
  facet normal -0 0 1
    outer loop
      vertex 116.985 -35.8487 18.3
      vertex 159.25 -39 18.3
      vertex 117.152 -35.7021 18.3
    endloop
  endfacet
  facet normal -0 0 1
    outer loop
      vertex 116.8 -35.9722 18.3
      vertex 159.25 -39 18.3
      vertex 116.985 -35.8487 18.3
    endloop
  endfacet
  facet normal -0 0 1
    outer loop
      vertex 116.601 -36.0706 18.3
      vertex 159.25 -39 18.3
      vertex 116.8 -35.9722 18.3
    endloop
  endfacet
  facet normal -0 0 1
    outer loop
      vertex 116.39 -36.1421 18.3
      vertex 159.25 -39 18.3
      vertex 116.601 -36.0706 18.3
    endloop
  endfacet
  facet normal -0 0 1
    outer loop
      vertex 116.172 -36.1855 18.3
      vertex 159.25 -39 18.3
      vertex 116.39 -36.1421 18.3
    endloop
  endfacet
  facet normal -0 0 1
    outer loop
      vertex 115.95 -36.2 18.3
      vertex 159.25 -39 18.3
      vertex 116.172 -36.1855 18.3
    endloop
  endfacet
  facet normal -0 0 1
    outer loop
      vertex 37.65 -34.5 18.3
      vertex 114.265 -34.7219 18.3
      vertex 114.25 -34.5 18.3
    endloop
  endfacet
  facet normal 0 0 1
    outer loop
      vertex 37.6355 -34.7219 18.3
      vertex 114.265 -34.7219 18.3
      vertex 37.65 -34.5 18.3
    endloop
  endfacet
  facet normal 0 0 1
    outer loop
      vertex 114.265 -34.7219 18.3
      vertex 37.6355 -34.7219 18.3
      vertex 114.308 -34.94 18.3
    endloop
  endfacet
  facet normal 0 0 1
    outer loop
      vertex 37.5921 -34.94 18.3
      vertex 114.308 -34.94 18.3
      vertex 37.6355 -34.7219 18.3
    endloop
  endfacet
  facet normal 0 0 1
    outer loop
      vertex 114.308 -34.94 18.3
      vertex 37.5921 -34.94 18.3
      vertex 114.379 -35.1506 18.3
    endloop
  endfacet
  facet normal 0 0 1
    outer loop
      vertex 37.5206 -35.1506 18.3
      vertex 114.379 -35.1506 18.3
      vertex 37.5921 -34.94 18.3
    endloop
  endfacet
  facet normal 0 0 1
    outer loop
      vertex 114.379 -35.1506 18.3
      vertex 37.5206 -35.1506 18.3
      vertex 114.478 -35.35 18.3
    endloop
  endfacet
  facet normal 0 0 1
    outer loop
      vertex 37.4222 -35.35 18.3
      vertex 114.478 -35.35 18.3
      vertex 37.5206 -35.1506 18.3
    endloop
  endfacet
  facet normal 0 0 1
    outer loop
      vertex 114.478 -35.35 18.3
      vertex 37.4222 -35.35 18.3
      vertex 114.601 -35.5349 18.3
    endloop
  endfacet
  facet normal 0 0 1
    outer loop
      vertex 37.2987 -35.5349 18.3
      vertex 114.601 -35.5349 18.3
      vertex 37.4222 -35.35 18.3
    endloop
  endfacet
  facet normal 0 0 1
    outer loop
      vertex 114.601 -35.5349 18.3
      vertex 37.2987 -35.5349 18.3
      vertex 114.748 -35.7021 18.3
    endloop
  endfacet
  facet normal 0 0 1
    outer loop
      vertex 37.1521 -35.7021 18.3
      vertex 114.748 -35.7021 18.3
      vertex 37.2987 -35.5349 18.3
    endloop
  endfacet
  facet normal 0 0 1
    outer loop
      vertex 114.748 -35.7021 18.3
      vertex 37.1521 -35.7021 18.3
      vertex 114.915 -35.8487 18.3
    endloop
  endfacet
  facet normal 0 0 1
    outer loop
      vertex 36.9849 -35.8487 18.3
      vertex 114.915 -35.8487 18.3
      vertex 37.1521 -35.7021 18.3
    endloop
  endfacet
  facet normal 0 0 1
    outer loop
      vertex 114.915 -35.8487 18.3
      vertex 36.9849 -35.8487 18.3
      vertex 115.1 -35.9722 18.3
    endloop
  endfacet
  facet normal 0 0 1
    outer loop
      vertex 36.8 -35.9722 18.3
      vertex 115.1 -35.9722 18.3
      vertex 36.9849 -35.8487 18.3
    endloop
  endfacet
  facet normal 0 0 1
    outer loop
      vertex 115.1 -35.9722 18.3
      vertex 36.8 -35.9722 18.3
      vertex 115.299 -36.0706 18.3
    endloop
  endfacet
  facet normal 0 0 1
    outer loop
      vertex 36.6006 -36.0706 18.3
      vertex 115.299 -36.0706 18.3
      vertex 36.8 -35.9722 18.3
    endloop
  endfacet
  facet normal 0 0 1
    outer loop
      vertex 115.299 -36.0706 18.3
      vertex 36.6006 -36.0706 18.3
      vertex 115.51 -36.1421 18.3
    endloop
  endfacet
  facet normal 0 0 1
    outer loop
      vertex 36.39 -36.1421 18.3
      vertex 115.51 -36.1421 18.3
      vertex 36.6006 -36.0706 18.3
    endloop
  endfacet
  facet normal 0 0 1
    outer loop
      vertex 115.51 -36.1421 18.3
      vertex 36.39 -36.1421 18.3
      vertex 115.728 -36.1855 18.3
    endloop
  endfacet
  facet normal 0 0 1
    outer loop
      vertex 36.1719 -36.1855 18.3
      vertex 115.728 -36.1855 18.3
      vertex 36.39 -36.1421 18.3
    endloop
  endfacet
  facet normal 0 0 1
    outer loop
      vertex 115.728 -36.1855 18.3
      vertex 36.1719 -36.1855 18.3
      vertex 115.95 -36.2 18.3
    endloop
  endfacet
  facet normal 0 0 1
    outer loop
      vertex 35.95 -36.2 18.3
      vertex 115.95 -36.2 18.3
      vertex 36.1719 -36.1855 18.3
    endloop
  endfacet
  facet normal 0 0 1
    outer loop
      vertex 115.95 -36.2 18.3
      vertex 35.95 -36.2 18.3
      vertex 159.25 -39 18.3
    endloop
  endfacet
  facet normal 0 0 1
    outer loop
      vertex -1.35 -30.3 18.3
      vertex 34.2645 -34.7219 18.3
      vertex 34.25 -34.5 18.3
    endloop
  endfacet
  facet normal 0 0 1
    outer loop
      vertex -1.35 -30.3 18.3
      vertex 34.3079 -34.94 18.3
      vertex 34.2645 -34.7219 18.3
    endloop
  endfacet
  facet normal 0 0 1
    outer loop
      vertex -1.35 -30.3 18.3
      vertex 34.3794 -35.1506 18.3
      vertex 34.3079 -34.94 18.3
    endloop
  endfacet
  facet normal 0 0 1
    outer loop
      vertex -1.35 -30.3 18.3
      vertex 34.4778 -35.35 18.3
      vertex 34.3794 -35.1506 18.3
    endloop
  endfacet
  facet normal 0 0 1
    outer loop
      vertex -7.35 -39 18.3
      vertex 34.4778 -35.35 18.3
      vertex -1.35 -30.3 18.3
    endloop
  endfacet
  facet normal 0 0 1
    outer loop
      vertex 34.4778 -35.35 18.3
      vertex -7.35 -39 18.3
      vertex 34.6013 -35.5349 18.3
    endloop
  endfacet
  facet normal 0 0 1
    outer loop
      vertex 34.6013 -35.5349 18.3
      vertex -7.35 -39 18.3
      vertex 34.7479 -35.7021 18.3
    endloop
  endfacet
  facet normal 0 0 1
    outer loop
      vertex 34.7479 -35.7021 18.3
      vertex -7.35 -39 18.3
      vertex 34.9151 -35.8487 18.3
    endloop
  endfacet
  facet normal 0 0 1
    outer loop
      vertex 34.9151 -35.8487 18.3
      vertex -7.35 -39 18.3
      vertex 35.1 -35.9722 18.3
    endloop
  endfacet
  facet normal 0 0 1
    outer loop
      vertex 35.1 -35.9722 18.3
      vertex -7.35 -39 18.3
      vertex 35.2994 -36.0706 18.3
    endloop
  endfacet
  facet normal 0 0 1
    outer loop
      vertex 35.2994 -36.0706 18.3
      vertex -7.35 -39 18.3
      vertex 35.51 -36.1421 18.3
    endloop
  endfacet
  facet normal -0 0 1
    outer loop
      vertex -2.66454 -10.2219 18.3
      vertex -1.35 -30.3 18.3
      vertex -2.65 -10 18.3
    endloop
  endfacet
  facet normal -0 0 1
    outer loop
      vertex -2.70793 -10.44 18.3
      vertex -1.35 -30.3 18.3
      vertex -2.66454 -10.2219 18.3
    endloop
  endfacet
  facet normal -0 0 1
    outer loop
      vertex -2.7794 -10.6506 18.3
      vertex -1.35 -30.3 18.3
      vertex -2.70793 -10.44 18.3
    endloop
  endfacet
  facet normal -0 0 1
    outer loop
      vertex -2.87776 -10.85 18.3
      vertex -1.35 -30.3 18.3
      vertex -2.7794 -10.6506 18.3
    endloop
  endfacet
  facet normal -0 0 1
    outer loop
      vertex -3.0013 -11.0349 18.3
      vertex -1.35 -30.3 18.3
      vertex -2.87776 -10.85 18.3
    endloop
  endfacet
  facet normal -0 0 1
    outer loop
      vertex -3.14792 -11.2021 18.3
      vertex -1.35 -30.3 18.3
      vertex -3.0013 -11.0349 18.3
    endloop
  endfacet
  facet normal -0 0 1
    outer loop
      vertex -3.31511 -11.3487 18.3
      vertex -1.35 -30.3 18.3
      vertex -3.14792 -11.2021 18.3
    endloop
  endfacet
  facet normal -0 0 1
    outer loop
      vertex -3.5 -11.4722 18.3
      vertex -1.35 -30.3 18.3
      vertex -3.31511 -11.3487 18.3
    endloop
  endfacet
  facet normal -0 0 1
    outer loop
      vertex -3.69944 -11.5706 18.3
      vertex -1.35 -30.3 18.3
      vertex -3.5 -11.4722 18.3
    endloop
  endfacet
  facet normal -0 0 1
    outer loop
      vertex -3.91001 -11.6421 18.3
      vertex -1.35 -30.3 18.3
      vertex -3.69944 -11.5706 18.3
    endloop
  endfacet
  facet normal -0 0 1
    outer loop
      vertex -4.12811 -11.6855 18.3
      vertex -1.35 -30.3 18.3
      vertex -3.91001 -11.6421 18.3
    endloop
  endfacet
  facet normal -0 0 1
    outer loop
      vertex -4.35 -11.7 18.3
      vertex -1.35 -30.3 18.3
      vertex -4.12811 -11.6855 18.3
    endloop
  endfacet
  facet normal 0 0 1
    outer loop
      vertex -4.57189 -11.6855 18.3
      vertex -1.35 -30.3 18.3
      vertex -4.35 -11.7 18.3
    endloop
  endfacet
  facet normal 0 0 1
    outer loop
      vertex -4.78999 -11.6421 18.3
      vertex -1.35 -30.3 18.3
      vertex -4.57189 -11.6855 18.3
    endloop
  endfacet
  facet normal 0 0 1
    outer loop
      vertex -5.00056 -11.5706 18.3
      vertex -1.35 -30.3 18.3
      vertex -4.78999 -11.6421 18.3
    endloop
  endfacet
  facet normal 0 0 1
    outer loop
      vertex -5.2 -11.4722 18.3
      vertex -1.35 -30.3 18.3
      vertex -5.00056 -11.5706 18.3
    endloop
  endfacet
  facet normal 0 0 1
    outer loop
      vertex -5.38489 -11.3487 18.3
      vertex -1.35 -30.3 18.3
      vertex -5.2 -11.4722 18.3
    endloop
  endfacet
  facet normal 0 0 1
    outer loop
      vertex -5.55208 -11.2021 18.3
      vertex -1.35 -30.3 18.3
      vertex -5.38489 -11.3487 18.3
    endloop
  endfacet
  facet normal 0 0 1
    outer loop
      vertex -7.35 -39 18.3
      vertex -5.55208 -11.2021 18.3
      vertex -5.6987 -11.0349 18.3
    endloop
  endfacet
  facet normal 0 0 1
    outer loop
      vertex -7.35 -39 18.3
      vertex -5.6987 -11.0349 18.3
      vertex -5.82224 -10.85 18.3
    endloop
  endfacet
  facet normal 0 0 1
    outer loop
      vertex -7.35 -39 18.3
      vertex -5.82224 -10.85 18.3
      vertex -5.9206 -10.6506 18.3
    endloop
  endfacet
  facet normal 0 0 1
    outer loop
      vertex -7.35 -39 18.3
      vertex -5.9206 -10.6506 18.3
      vertex -5.99207 -10.44 18.3
    endloop
  endfacet
  facet normal 0 0 1
    outer loop
      vertex -7.35 -39 18.3
      vertex -6.05 -10 18.3
      vertex -7.35 9 18.3
    endloop
  endfacet
  facet normal 0 0 1
    outer loop
      vertex 35.95 -36.2 18.3
      vertex -7.35 -39 18.3
      vertex 159.25 -39 18.3
    endloop
  endfacet
  facet normal 0 0 1
    outer loop
      vertex 35.7281 -36.1855 18.3
      vertex -7.35 -39 18.3
      vertex 35.95 -36.2 18.3
    endloop
  endfacet
  facet normal 0 0 1
    outer loop
      vertex 35.51 -36.1421 18.3
      vertex -7.35 -39 18.3
      vertex 35.7281 -36.1855 18.3
    endloop
  endfacet
  facet normal 0 0 1
    outer loop
      vertex -5.55208 -11.2021 18.3
      vertex -7.35 -39 18.3
      vertex -1.35 -30.3 18.3
    endloop
  endfacet
  facet normal 0 0 1
    outer loop
      vertex -6.03546 -10.2219 18.3
      vertex -7.35 -39 18.3
      vertex -5.99207 -10.44 18.3
    endloop
  endfacet
  facet normal 0 0 1
    outer loop
      vertex -6.05 -10 18.3
      vertex -7.35 -39 18.3
      vertex -6.03546 -10.2219 18.3
    endloop
  endfacet
  facet normal 0 1 -0
    outer loop
      vertex 159.25 13 7.62939e-07
      vertex -7.35 13 8.3
      vertex 159.25 13 8.3
    endloop
  endfacet
  facet normal 0 1 0
    outer loop
      vertex -7.35 13 8.3
      vertex 159.25 13 7.62939e-07
      vertex -7.35 13 7.62939e-07
    endloop
  endfacet
  facet normal -0 0.412735 0.910851
    outer loop
      vertex -1.35 -20.8551 4.16464
      vertex 153.25 -21.767 4.57785
      vertex 153.25 -20.8551 4.16464
    endloop
  endfacet
  facet normal 0 0.412735 0.910851
    outer loop
      vertex 153.25 -21.767 4.57785
      vertex -1.35 -20.8551 4.16464
      vertex -1.35 -21.767 4.57785
    endloop
  endfacet
  facet normal -0 0.0327196 0.999465
    outer loop
      vertex -1.35 -15 3
      vertex 153.25 -16.0007 3.03276
      vertex 153.25 -15 3
    endloop
  endfacet
  facet normal 0 0.0327196 0.999465
    outer loop
      vertex 153.25 -16.0007 3.03276
      vertex -1.35 -15 3
      vertex -1.35 -16.0007 3.03276
    endloop
  endfacet
  facet normal 0 0.973885 0.22704
    outer loop
      vertex 153.25 -29.7787 14.3401
      vertex -1.35 -30.006 15.3151
      vertex 153.25 -30.006 15.3151
    endloop
  endfacet
  facet normal 0 0.973885 0.22704
    outer loop
      vertex -1.35 -30.006 15.3151
      vertex 153.25 -29.7787 14.3401
      vertex -1.35 -29.7787 14.3401
    endloop
  endfacet
  facet normal -0 0.227088 0.973874
    outer loop
      vertex -1.35 -17.9849 3.29399
      vertex 153.25 -18.9599 3.52134
      vertex 153.25 -17.9849 3.29399
    endloop
  endfacet
  facet normal 0 0.227088 0.973874
    outer loop
      vertex 153.25 -18.9599 3.52134
      vertex -1.35 -17.9849 3.29399
      vertex -1.35 -18.9599 3.52134
    endloop
  endfacet
  facet normal 0 -0.412711 0.910862
    outer loop
      vertex -1.35 1.76702 4.57785
      vertex 153.25 0.855056 4.16464
      vertex 153.25 1.76702 4.57785
    endloop
  endfacet
  facet normal 0 -0.412711 0.910862
    outer loop
      vertex 153.25 0.855056 4.16464
      vertex -1.35 1.76702 4.57785
      vertex -1.35 0.855056 4.16464
    endloop
  endfacet
  facet normal 0 0.999463 0.0327595
    outer loop
      vertex 153.25 -30.2672 17.2993
      vertex -1.35 -30.3 18.3
      vertex 153.25 -30.3 18.3
    endloop
  endfacet
  facet normal 0 0.999463 0.0327595
    outer loop
      vertex -1.35 -30.3 18.3
      vertex 153.25 -30.2672 17.2993
      vertex -1.35 -30.2672 17.2993
    endloop
  endfacet
  facet normal 0 0.995188 0.0979807
    outer loop
      vertex 153.25 -30.1691 16.3029
      vertex -1.35 -30.2672 17.2993
      vertex 153.25 -30.2672 17.2993
    endloop
  endfacet
  facet normal 0 0.995188 0.0979807
    outer loop
      vertex -1.35 -30.2672 17.2993
      vertex 153.25 -30.1691 16.3029
      vertex -1.35 -30.1691 16.3029
    endloop
  endfacet
  facet normal -0 0.290279 0.956942
    outer loop
      vertex -1.35 -18.9599 3.52134
      vertex 153.25 -19.918 3.81197
      vertex 153.25 -18.9599 3.52134
    endloop
  endfacet
  facet normal 0 0.290279 0.956942
    outer loop
      vertex 153.25 -19.918 3.81197
      vertex -1.35 -18.9599 3.52134
      vertex -1.35 -19.918 3.81197
    endloop
  endfacet
  facet normal -1 0 0
    outer loop
      vertex 153.25 8.72215 11.533
      vertex 153.25 9 18.3
      vertex 153.25 9 12.1462
    endloop
  endfacet
  facet normal -1 0 0
    outer loop
      vertex 153.25 8.25019 10.65
      vertex 153.25 9 18.3
      vertex 153.25 8.72215 11.533
    endloop
  endfacet
  facet normal -1 0 0
    outer loop
      vertex 153.25 7.72148 9.79978
      vertex 153.25 9 18.3
      vertex 153.25 8.25019 10.65
    endloop
  endfacet
  facet normal -1 0 0
    outer loop
      vertex 153.25 7.13831 8.98595
      vertex 153.25 9 18.3
      vertex 153.25 7.72148 9.79978
    endloop
  endfacet
  facet normal -1 0 0
    outer loop
      vertex 153.25 6.50315 8.21201
      vertex 153.25 9 18.3
      vertex 153.25 7.13831 8.98595
    endloop
  endfacet
  facet normal -1 0 0
    outer loop
      vertex 153.25 5.81873 7.48127
      vertex 153.25 9 18.3
      vertex 153.25 6.50315 8.21201
    endloop
  endfacet
  facet normal -1 0 0
    outer loop
      vertex 153.25 5.08799 6.79685
      vertex 153.25 9 18.3
      vertex 153.25 5.81873 7.48127
    endloop
  endfacet
  facet normal -1 0 0
    outer loop
      vertex 153.25 4.31405 6.16169
      vertex 153.25 9 18.3
      vertex 153.25 5.08799 6.79685
    endloop
  endfacet
  facet normal -1 0 0
    outer loop
      vertex 153.25 3.50022 5.57852
      vertex 153.25 9 18.3
      vertex 153.25 4.31405 6.16169
    endloop
  endfacet
  facet normal -1 0 0
    outer loop
      vertex 153.25 2.65 5.04981
      vertex 153.25 9 18.3
      vertex 153.25 3.50022 5.57852
    endloop
  endfacet
  facet normal -1 0 0
    outer loop
      vertex 153.25 1.76702 4.57785
      vertex 153.25 9 18.3
      vertex 153.25 2.65 5.04981
    endloop
  endfacet
  facet normal -1 0 0
    outer loop
      vertex 153.25 0.855056 4.16464
      vertex 153.25 9 18.3
      vertex 153.25 1.76702 4.57785
    endloop
  endfacet
  facet normal -1 0 0
    outer loop
      vertex 153.25 -0.0819769 3.81197
      vertex 153.25 9 18.3
      vertex 153.25 0.855056 4.16464
    endloop
  endfacet
  facet normal -1 0 0
    outer loop
      vertex 153.25 -1.04007 3.52134
      vertex 153.25 9 18.3
      vertex 153.25 -0.0819769 3.81197
    endloop
  endfacet
  facet normal -1 0 0
    outer loop
      vertex 153.25 -2.01512 3.29399
      vertex 153.25 9 18.3
      vertex 153.25 -1.04007 3.52134
    endloop
  endfacet
  facet normal -1 0 0
    outer loop
      vertex 153.25 -3.00295 3.13089
      vertex 153.25 9 18.3
      vertex 153.25 -2.01512 3.29399
    endloop
  endfacet
  facet normal -1 0 0
    outer loop
      vertex 153.25 -3.99933 3.03276
      vertex 153.25 9 18.3
      vertex 153.25 -3.00295 3.13089
    endloop
  endfacet
  facet normal -1 0 0
    outer loop
      vertex 153.25 -5 3
      vertex 153.25 9 18.3
      vertex 153.25 -3.99933 3.03276
    endloop
  endfacet
  facet normal -1 0 0
    outer loop
      vertex 153.25 -15 3
      vertex 153.25 9 18.3
      vertex 153.25 -5 3
    endloop
  endfacet
  facet normal -1 0 0
    outer loop
      vertex 153.25 -30.3 18.3
      vertex 153.25 -15 3
      vertex 153.25 -16.0007 3.03276
    endloop
  endfacet
  facet normal -1 0 0
    outer loop
      vertex 153.25 -30.3 18.3
      vertex 153.25 -16.0007 3.03276
      vertex 153.25 -16.9971 3.13089
    endloop
  endfacet
  facet normal -1 0 0
    outer loop
      vertex 153.25 -30.3 18.3
      vertex 153.25 -16.9971 3.13089
      vertex 153.25 -17.9849 3.29399
    endloop
  endfacet
  facet normal -1 0 0
    outer loop
      vertex 153.25 -30.3 18.3
      vertex 153.25 -17.9849 3.29399
      vertex 153.25 -18.9599 3.52134
    endloop
  endfacet
  facet normal -1 0 0
    outer loop
      vertex 153.25 -30.3 18.3
      vertex 153.25 -18.9599 3.52134
      vertex 153.25 -19.918 3.81197
    endloop
  endfacet
  facet normal -1 0 0
    outer loop
      vertex 153.25 -30.3 18.3
      vertex 153.25 -19.918 3.81197
      vertex 153.25 -20.8551 4.16464
    endloop
  endfacet
  facet normal -1 0 0
    outer loop
      vertex 153.25 -30.3 18.3
      vertex 153.25 -20.8551 4.16464
      vertex 153.25 -21.767 4.57785
    endloop
  endfacet
  facet normal -1 0 0
    outer loop
      vertex 153.25 -30.3 18.3
      vertex 153.25 -21.767 4.57785
      vertex 153.25 -22.65 5.04981
    endloop
  endfacet
  facet normal -1 0 0
    outer loop
      vertex 153.25 -30.3 18.3
      vertex 153.25 -22.65 5.04981
      vertex 153.25 -23.5002 5.57852
    endloop
  endfacet
  facet normal -1 0 0
    outer loop
      vertex 153.25 -30.3 18.3
      vertex 153.25 -23.5002 5.57852
      vertex 153.25 -24.314 6.16169
    endloop
  endfacet
  facet normal -1 0 0
    outer loop
      vertex 153.25 -30.3 18.3
      vertex 153.25 -24.314 6.16169
      vertex 153.25 -25.088 6.79685
    endloop
  endfacet
  facet normal -1 0 0
    outer loop
      vertex 153.25 -30.3 18.3
      vertex 153.25 -25.088 6.79685
      vertex 153.25 -25.8187 7.48127
    endloop
  endfacet
  facet normal -1 0 0
    outer loop
      vertex 153.25 -30.3 18.3
      vertex 153.25 -25.8187 7.48127
      vertex 153.25 -26.5031 8.21201
    endloop
  endfacet
  facet normal -1 0 0
    outer loop
      vertex 153.25 -30.3 18.3
      vertex 153.25 -26.5031 8.21201
      vertex 153.25 -27.1383 8.98595
    endloop
  endfacet
  facet normal -1 0 0
    outer loop
      vertex 153.25 -30.3 18.3
      vertex 153.25 -27.1383 8.98595
      vertex 153.25 -27.7215 9.79978
    endloop
  endfacet
  facet normal -1 0 0
    outer loop
      vertex 153.25 -30.3 18.3
      vertex 153.25 -27.7215 9.79978
      vertex 153.25 -28.2502 10.65
    endloop
  endfacet
  facet normal -1 0 0
    outer loop
      vertex 153.25 -30.3 18.3
      vertex 153.25 -28.2502 10.65
      vertex 153.25 -28.7222 11.533
    endloop
  endfacet
  facet normal -1 0 0
    outer loop
      vertex 153.25 -30.3 18.3
      vertex 153.25 -28.7222 11.533
      vertex 153.25 -29.1354 12.4449
    endloop
  endfacet
  facet normal -1 0 0
    outer loop
      vertex 153.25 -30.3 18.3
      vertex 153.25 -29.1354 12.4449
      vertex 153.25 -29.488 13.382
    endloop
  endfacet
  facet normal -1 0 0
    outer loop
      vertex 153.25 -30.3 18.3
      vertex 153.25 -29.488 13.382
      vertex 153.25 -29.7787 14.3401
    endloop
  endfacet
  facet normal -1 0 0
    outer loop
      vertex 153.25 -30.3 18.3
      vertex 153.25 -29.7787 14.3401
      vertex 153.25 -30.006 15.3151
    endloop
  endfacet
  facet normal -1 0 0
    outer loop
      vertex 153.25 -30.3 18.3
      vertex 153.25 -30.006 15.3151
      vertex 153.25 -30.1691 16.3029
    endloop
  endfacet
  facet normal -1 0 0
    outer loop
      vertex 153.25 -30.3 18.3
      vertex 153.25 -30.1691 16.3029
      vertex 153.25 -30.2672 17.2993
    endloop
  endfacet
  facet normal -1 0 0
    outer loop
      vertex 153.25 -15 3
      vertex 153.25 -30.3 18.3
      vertex 153.25 9 18.3
    endloop
  endfacet
  facet normal 0 -0.910857 0.412723
    outer loop
      vertex -1.35 8.72215 11.533
      vertex 153.25 9 12.1462
      vertex -1.35 9 12.1462
    endloop
  endfacet
  facet normal 0 -0.910857 0.412723
    outer loop
      vertex 153.25 9 12.1462
      vertex -1.35 8.72215 11.533
      vertex 153.25 8.72215 11.533
    endloop
  endfacet
  facet normal -0 0.471386 0.881927
    outer loop
      vertex -1.35 -21.767 4.57785
      vertex 153.25 -22.65 5.04981
      vertex 153.25 -21.767 4.57785
    endloop
  endfacet
  facet normal 0 0.471386 0.881927
    outer loop
      vertex 153.25 -22.65 5.04981
      vertex -1.35 -21.767 4.57785
      vertex -1.35 -22.65 5.04981
    endloop
  endfacet
  facet normal 0 0.72987 0.683586
    outer loop
      vertex 153.25 -25.8187 7.48127
      vertex -1.35 -26.5031 8.21201
      vertex 153.25 -26.5031 8.21201
    endloop
  endfacet
  facet normal 0 0.72987 0.683586
    outer loop
      vertex -1.35 -26.5031 8.21201
      vertex 153.25 -25.8187 7.48127
      vertex -1.35 -25.8187 7.48127
    endloop
  endfacet
  facet normal 0 0.986641 0.162909
    outer loop
      vertex 153.25 -30.006 15.3151
      vertex -1.35 -30.1691 16.3029
      vertex 153.25 -30.1691 16.3029
    endloop
  endfacet
  facet normal 0 0.986641 0.162909
    outer loop
      vertex -1.35 -30.1691 16.3029
      vertex 153.25 -30.006 15.3151
      vertex -1.35 -30.006 15.3151
    endloop
  endfacet
  facet normal -0 0 1
    outer loop
      vertex -1.35 -5 3
      vertex 153.25 -15 3
      vertex 153.25 -5 3
    endloop
  endfacet
  facet normal 0 0 1
    outer loop
      vertex 153.25 -15 3
      vertex -1.35 -5 3
      vertex -1.35 -15 3
    endloop
  endfacet
  facet normal -0 0.352224 0.935916
    outer loop
      vertex -1.35 -19.918 3.81197
      vertex 153.25 -20.8551 4.16464
      vertex 153.25 -19.918 3.81197
    endloop
  endfacet
  facet normal 0 0.352224 0.935916
    outer loop
      vertex 153.25 -20.8551 4.16464
      vertex -1.35 -19.918 3.81197
      vertex -1.35 -20.8551 4.16464
    endloop
  endfacet
  facet normal -0 0.0980104 0.995185
    outer loop
      vertex -1.35 -16.0007 3.03276
      vertex 153.25 -16.9971 3.13089
      vertex 153.25 -16.0007 3.03276
    endloop
  endfacet
  facet normal 0 0.0980104 0.995185
    outer loop
      vertex 153.25 -16.9971 3.13089
      vertex -1.35 -16.0007 3.03276
      vertex -1.35 -16.9971 3.13089
    endloop
  endfacet
  facet normal -0 0.162909 0.986641
    outer loop
      vertex -1.35 -16.9971 3.13089
      vertex 153.25 -17.9849 3.29399
      vertex 153.25 -16.9971 3.13089
    endloop
  endfacet
  facet normal 0 0.162909 0.986641
    outer loop
      vertex 153.25 -17.9849 3.29399
      vertex -1.35 -16.9971 3.13089
      vertex -1.35 -17.9849 3.29399
    endloop
  endfacet
  facet normal 0 -0.352246 0.935907
    outer loop
      vertex -1.35 0.855056 4.16464
      vertex 153.25 -0.0819769 3.81197
      vertex 153.25 0.855056 4.16464
    endloop
  endfacet
  facet normal 0 -0.352246 0.935907
    outer loop
      vertex 153.25 -0.0819769 3.81197
      vertex -1.35 0.855056 4.16464
      vertex -1.35 -0.0819769 3.81197
    endloop
  endfacet
  facet normal 0 -0.471395 0.881922
    outer loop
      vertex -1.35 2.65 5.04981
      vertex 153.25 1.76702 4.57785
      vertex 153.25 2.65 5.04981
    endloop
  endfacet
  facet normal 0 -0.471395 0.881922
    outer loop
      vertex 153.25 1.76702 4.57785
      vertex -1.35 2.65 5.04981
      vertex -1.35 1.76702 4.57785
    endloop
  endfacet
  facet normal 0 -0.58247 0.812853
    outer loop
      vertex -1.35 4.31405 6.16169
      vertex 153.25 3.50022 5.57852
      vertex 153.25 4.31405 6.16169
    endloop
  endfacet
  facet normal 0 -0.58247 0.812853
    outer loop
      vertex 153.25 3.50022 5.57852
      vertex -1.35 4.31405 6.16169
      vertex -1.35 3.50022 5.57852
    endloop
  endfacet
  facet normal 0 -0.634396 0.773009
    outer loop
      vertex -1.35 5.08799 6.79685
      vertex 153.25 4.31405 6.16169
      vertex 153.25 5.08799 6.79685
    endloop
  endfacet
  facet normal 0 -0.634396 0.773009
    outer loop
      vertex 153.25 4.31405 6.16169
      vertex -1.35 5.08799 6.79685
      vertex -1.35 4.31405 6.16169
    endloop
  endfacet
  facet normal 0 -0.72986 0.683596
    outer loop
      vertex -1.35 5.81873 7.48127
      vertex 153.25 6.50315 8.21201
      vertex -1.35 6.50315 8.21201
    endloop
  endfacet
  facet normal 0 -0.72986 0.683596
    outer loop
      vertex 153.25 6.50315 8.21201
      vertex -1.35 5.81873 7.48127
      vertex 153.25 5.81873 7.48127
    endloop
  endfacet
  facet normal 0 -0.881927 0.471386
    outer loop
      vertex -1.35 8.25019 10.65
      vertex 153.25 8.72215 11.533
      vertex -1.35 8.72215 11.533
    endloop
  endfacet
  facet normal 0 -0.881927 0.471386
    outer loop
      vertex 153.25 8.72215 11.533
      vertex -1.35 8.25019 10.65
      vertex 153.25 8.25019 10.65
    endloop
  endfacet
  facet normal 0 -0.812853 0.58247
    outer loop
      vertex -1.35 7.13831 8.98595
      vertex 153.25 7.72148 9.79978
      vertex -1.35 7.72148 9.79978
    endloop
  endfacet
  facet normal 0 -0.812853 0.58247
    outer loop
      vertex 153.25 7.72148 9.79978
      vertex -1.35 7.13831 8.98595
      vertex 153.25 7.13831 8.98595
    endloop
  endfacet
  facet normal 0 -0.773009 0.634396
    outer loop
      vertex -1.35 6.50315 8.21201
      vertex 153.25 7.13831 8.98595
      vertex -1.35 7.13831 8.98595
    endloop
  endfacet
  facet normal 0 -0.773009 0.634396
    outer loop
      vertex 153.25 7.13831 8.98595
      vertex -1.35 6.50315 8.21201
      vertex 153.25 6.50315 8.21201
    endloop
  endfacet
  facet normal -0 0.582484 0.812842
    outer loop
      vertex -1.35 -23.5002 5.57852
      vertex 153.25 -24.314 6.16169
      vertex 153.25 -23.5002 5.57852
    endloop
  endfacet
  facet normal 0 0.582484 0.812842
    outer loop
      vertex 153.25 -24.314 6.16169
      vertex -1.35 -23.5002 5.57852
      vertex -1.35 -24.314 6.16169
    endloop
  endfacet
  facet normal 0 0.849203 0.528067
    outer loop
      vertex 153.25 -27.7215 9.79978
      vertex -1.35 -28.2502 10.65
      vertex 153.25 -28.2502 10.65
    endloop
  endfacet
  facet normal 0 0.849203 0.528067
    outer loop
      vertex -1.35 -28.2502 10.65
      vertex 153.25 -27.7215 9.79978
      vertex -1.35 -27.7215 9.79978
    endloop
  endfacet
  facet normal -0 0.634366 0.773033
    outer loop
      vertex -1.35 -24.314 6.16169
      vertex 153.25 -25.088 6.79685
      vertex 153.25 -24.314 6.16169
    endloop
  endfacet
  facet normal 0 0.634366 0.773033
    outer loop
      vertex 153.25 -25.088 6.79685
      vertex -1.35 -24.314 6.16169
      vertex -1.35 -25.088 6.79685
    endloop
  endfacet
  facet normal 0 -0.227076 0.973877
    outer loop
      vertex -1.35 -1.04007 3.52134
      vertex 153.25 -2.01512 3.29399
      vertex 153.25 -1.04007 3.52134
    endloop
  endfacet
  facet normal 0 -0.227076 0.973877
    outer loop
      vertex 153.25 -2.01512 3.29399
      vertex -1.35 -1.04007 3.52134
      vertex -1.35 -2.01512 3.29399
    endloop
  endfacet
  facet normal 1 0 0
    outer loop
      vertex -1.35 9 18.3
      vertex -1.35 8.72215 11.533
      vertex -1.35 9 12.1462
    endloop
  endfacet
  facet normal 1 0 0
    outer loop
      vertex -1.35 9 18.3
      vertex -1.35 8.25019 10.65
      vertex -1.35 8.72215 11.533
    endloop
  endfacet
  facet normal 1 0 0
    outer loop
      vertex -1.35 9 18.3
      vertex -1.35 7.72148 9.79978
      vertex -1.35 8.25019 10.65
    endloop
  endfacet
  facet normal 1 0 0
    outer loop
      vertex -1.35 9 18.3
      vertex -1.35 7.13831 8.98595
      vertex -1.35 7.72148 9.79978
    endloop
  endfacet
  facet normal 1 0 0
    outer loop
      vertex -1.35 9 18.3
      vertex -1.35 6.50315 8.21201
      vertex -1.35 7.13831 8.98595
    endloop
  endfacet
  facet normal 1 0 0
    outer loop
      vertex -1.35 9 18.3
      vertex -1.35 5.81873 7.48127
      vertex -1.35 6.50315 8.21201
    endloop
  endfacet
  facet normal 1 0 0
    outer loop
      vertex -1.35 9 18.3
      vertex -1.35 5.08799 6.79685
      vertex -1.35 5.81873 7.48127
    endloop
  endfacet
  facet normal 1 0 0
    outer loop
      vertex -1.35 9 18.3
      vertex -1.35 4.31405 6.16169
      vertex -1.35 5.08799 6.79685
    endloop
  endfacet
  facet normal 1 0 0
    outer loop
      vertex -1.35 9 18.3
      vertex -1.35 3.50022 5.57852
      vertex -1.35 4.31405 6.16169
    endloop
  endfacet
  facet normal 1 0 0
    outer loop
      vertex -1.35 9 18.3
      vertex -1.35 2.65 5.04981
      vertex -1.35 3.50022 5.57852
    endloop
  endfacet
  facet normal 1 0 0
    outer loop
      vertex -1.35 9 18.3
      vertex -1.35 1.76702 4.57785
      vertex -1.35 2.65 5.04981
    endloop
  endfacet
  facet normal 1 0 0
    outer loop
      vertex -1.35 9 18.3
      vertex -1.35 0.855056 4.16464
      vertex -1.35 1.76702 4.57785
    endloop
  endfacet
  facet normal 1 0 0
    outer loop
      vertex -1.35 9 18.3
      vertex -1.35 -0.0819769 3.81197
      vertex -1.35 0.855056 4.16464
    endloop
  endfacet
  facet normal 1 0 0
    outer loop
      vertex -1.35 9 18.3
      vertex -1.35 -1.04007 3.52134
      vertex -1.35 -0.0819769 3.81197
    endloop
  endfacet
  facet normal 1 0 0
    outer loop
      vertex -1.35 9 18.3
      vertex -1.35 -2.01512 3.29399
      vertex -1.35 -1.04007 3.52134
    endloop
  endfacet
  facet normal 1 0 0
    outer loop
      vertex -1.35 9 18.3
      vertex -1.35 -3.00295 3.13089
      vertex -1.35 -2.01512 3.29399
    endloop
  endfacet
  facet normal 1 0 0
    outer loop
      vertex -1.35 9 18.3
      vertex -1.35 -3.99933 3.03276
      vertex -1.35 -3.00295 3.13089
    endloop
  endfacet
  facet normal 1 0 0
    outer loop
      vertex -1.35 9 18.3
      vertex -1.35 -5 3
      vertex -1.35 -3.99933 3.03276
    endloop
  endfacet
  facet normal 1 0 0
    outer loop
      vertex -1.35 9 18.3
      vertex -1.35 -15 3
      vertex -1.35 -5 3
    endloop
  endfacet
  facet normal 1 -0 0
    outer loop
      vertex -1.35 -30.3 18.3
      vertex -1.35 -15 3
      vertex -1.35 9 18.3
    endloop
  endfacet
  facet normal 1 0 0
    outer loop
      vertex -1.35 -15 3
      vertex -1.35 -30.3 18.3
      vertex -1.35 -16.0007 3.03276
    endloop
  endfacet
  facet normal 1 0 0
    outer loop
      vertex -1.35 -16.0007 3.03276
      vertex -1.35 -30.3 18.3
      vertex -1.35 -16.9971 3.13089
    endloop
  endfacet
  facet normal 1 0 0
    outer loop
      vertex -1.35 -16.9971 3.13089
      vertex -1.35 -30.3 18.3
      vertex -1.35 -17.9849 3.29399
    endloop
  endfacet
  facet normal 1 0 0
    outer loop
      vertex -1.35 -17.9849 3.29399
      vertex -1.35 -30.3 18.3
      vertex -1.35 -18.9599 3.52134
    endloop
  endfacet
  facet normal 1 0 0
    outer loop
      vertex -1.35 -18.9599 3.52134
      vertex -1.35 -30.3 18.3
      vertex -1.35 -19.918 3.81197
    endloop
  endfacet
  facet normal 1 0 0
    outer loop
      vertex -1.35 -19.918 3.81197
      vertex -1.35 -30.3 18.3
      vertex -1.35 -20.8551 4.16464
    endloop
  endfacet
  facet normal 1 0 0
    outer loop
      vertex -1.35 -20.8551 4.16464
      vertex -1.35 -30.3 18.3
      vertex -1.35 -21.767 4.57785
    endloop
  endfacet
  facet normal 1 0 0
    outer loop
      vertex -1.35 -21.767 4.57785
      vertex -1.35 -30.3 18.3
      vertex -1.35 -22.65 5.04981
    endloop
  endfacet
  facet normal 1 0 0
    outer loop
      vertex -1.35 -22.65 5.04981
      vertex -1.35 -30.3 18.3
      vertex -1.35 -23.5002 5.57852
    endloop
  endfacet
  facet normal 1 0 0
    outer loop
      vertex -1.35 -23.5002 5.57852
      vertex -1.35 -30.3 18.3
      vertex -1.35 -24.314 6.16169
    endloop
  endfacet
  facet normal 1 0 0
    outer loop
      vertex -1.35 -24.314 6.16169
      vertex -1.35 -30.3 18.3
      vertex -1.35 -25.088 6.79685
    endloop
  endfacet
  facet normal 1 0 0
    outer loop
      vertex -1.35 -25.088 6.79685
      vertex -1.35 -30.3 18.3
      vertex -1.35 -25.8187 7.48127
    endloop
  endfacet
  facet normal 1 0 0
    outer loop
      vertex -1.35 -25.8187 7.48127
      vertex -1.35 -30.3 18.3
      vertex -1.35 -26.5031 8.21201
    endloop
  endfacet
  facet normal 1 0 0
    outer loop
      vertex -1.35 -26.5031 8.21201
      vertex -1.35 -30.3 18.3
      vertex -1.35 -27.1383 8.98595
    endloop
  endfacet
  facet normal 1 0 0
    outer loop
      vertex -1.35 -27.1383 8.98595
      vertex -1.35 -30.3 18.3
      vertex -1.35 -27.7215 9.79978
    endloop
  endfacet
  facet normal 1 0 0
    outer loop
      vertex -1.35 -27.7215 9.79978
      vertex -1.35 -30.3 18.3
      vertex -1.35 -28.2502 10.65
    endloop
  endfacet
  facet normal 1 0 0
    outer loop
      vertex -1.35 -28.2502 10.65
      vertex -1.35 -30.3 18.3
      vertex -1.35 -28.7222 11.533
    endloop
  endfacet
  facet normal 1 0 0
    outer loop
      vertex -1.35 -28.7222 11.533
      vertex -1.35 -30.3 18.3
      vertex -1.35 -29.1354 12.4449
    endloop
  endfacet
  facet normal 1 0 0
    outer loop
      vertex -1.35 -29.1354 12.4449
      vertex -1.35 -30.3 18.3
      vertex -1.35 -29.488 13.382
    endloop
  endfacet
  facet normal 1 0 0
    outer loop
      vertex -1.35 -29.488 13.382
      vertex -1.35 -30.3 18.3
      vertex -1.35 -29.7787 14.3401
    endloop
  endfacet
  facet normal 1 0 0
    outer loop
      vertex -1.35 -29.7787 14.3401
      vertex -1.35 -30.3 18.3
      vertex -1.35 -30.006 15.3151
    endloop
  endfacet
  facet normal 1 0 0
    outer loop
      vertex -1.35 -30.006 15.3151
      vertex -1.35 -30.3 18.3
      vertex -1.35 -30.1691 16.3029
    endloop
  endfacet
  facet normal 1 0 0
    outer loop
      vertex -1.35 -30.1691 16.3029
      vertex -1.35 -30.3 18.3
      vertex -1.35 -30.2672 17.2993
    endloop
  endfacet
  facet normal 0 -0.528074 0.849198
    outer loop
      vertex -1.35 3.50022 5.57852
      vertex 153.25 2.65 5.04981
      vertex 153.25 3.50022 5.57852
    endloop
  endfacet
  facet normal 0 -0.528074 0.849198
    outer loop
      vertex 153.25 2.65 5.04981
      vertex -1.35 3.50022 5.57852
      vertex -1.35 2.65 5.04981
    endloop
  endfacet
  facet normal 0 -0.683596 0.72986
    outer loop
      vertex -1.35 5.81873 7.48127
      vertex 153.25 5.08799 6.79685
      vertex 153.25 5.81873 7.48127
    endloop
  endfacet
  facet normal 0 -0.683596 0.72986
    outer loop
      vertex 153.25 5.08799 6.79685
      vertex -1.35 5.81873 7.48127
      vertex -1.35 5.08799 6.79685
    endloop
  endfacet
  facet normal 0 -0.849198 0.528074
    outer loop
      vertex -1.35 7.72148 9.79978
      vertex 153.25 8.25019 10.65
      vertex -1.35 8.25019 10.65
    endloop
  endfacet
  facet normal 0 -0.849198 0.528074
    outer loop
      vertex 153.25 8.25019 10.65
      vertex -1.35 7.72148 9.79978
      vertex 153.25 7.72148 9.79978
    endloop
  endfacet
  facet normal -0 0.528083 0.849192
    outer loop
      vertex -1.35 -22.65 5.04981
      vertex 153.25 -23.5002 5.57852
      vertex 153.25 -22.65 5.04981
    endloop
  endfacet
  facet normal 0 0.528083 0.849192
    outer loop
      vertex 153.25 -23.5002 5.57852
      vertex -1.35 -22.65 5.04981
      vertex -1.35 -23.5002 5.57852
    endloop
  endfacet
  facet normal 0 0.772989 0.634419
    outer loop
      vertex 153.25 -26.5031 8.21201
      vertex -1.35 -27.1383 8.98595
      vertex 153.25 -27.1383 8.98595
    endloop
  endfacet
  facet normal 0 0.772989 0.634419
    outer loop
      vertex -1.35 -27.1383 8.98595
      vertex 153.25 -26.5031 8.21201
      vertex -1.35 -26.5031 8.21201
    endloop
  endfacet
  facet normal 0 0.812838 0.582489
    outer loop
      vertex 153.25 -27.1383 8.98595
      vertex -1.35 -27.7215 9.79978
      vertex 153.25 -27.7215 9.79978
    endloop
  endfacet
  facet normal 0 0.812838 0.582489
    outer loop
      vertex -1.35 -27.7215 9.79978
      vertex 153.25 -27.1383 8.98595
      vertex -1.35 -27.1383 8.98595
    endloop
  endfacet
  facet normal 0 0.88191 0.471417
    outer loop
      vertex 153.25 -28.2502 10.65
      vertex -1.35 -28.7222 11.533
      vertex 153.25 -28.7222 11.533
    endloop
  endfacet
  facet normal 0 0.88191 0.471417
    outer loop
      vertex -1.35 -28.7222 11.533
      vertex 153.25 -28.2502 10.65
      vertex -1.35 -28.2502 10.65
    endloop
  endfacet
  facet normal -0 0.683616 0.729842
    outer loop
      vertex -1.35 -25.088 6.79685
      vertex 153.25 -25.8187 7.48127
      vertex 153.25 -25.088 6.79685
    endloop
  endfacet
  facet normal 0 0.683616 0.729842
    outer loop
      vertex 153.25 -25.8187 7.48127
      vertex -1.35 -25.088 6.79685
      vertex -1.35 -25.8187 7.48127
    endloop
  endfacet
  facet normal 0 0.910855 0.412726
    outer loop
      vertex 153.25 -28.7222 11.533
      vertex -1.35 -29.1354 12.4449
      vertex 153.25 -29.1354 12.4449
    endloop
  endfacet
  facet normal 0 0.910855 0.412726
    outer loop
      vertex -1.35 -29.1354 12.4449
      vertex 153.25 -28.7222 11.533
      vertex -1.35 -28.7222 11.533
    endloop
  endfacet
  facet normal 0 0.935939 0.352163
    outer loop
      vertex 153.25 -29.1354 12.4449
      vertex -1.35 -29.488 13.382
      vertex 153.25 -29.488 13.382
    endloop
  endfacet
  facet normal 0 0.935939 0.352163
    outer loop
      vertex -1.35 -29.488 13.382
      vertex 153.25 -29.1354 12.4449
      vertex -1.35 -29.1354 12.4449
    endloop
  endfacet
  facet normal 0 0.956923 0.290343
    outer loop
      vertex 153.25 -29.488 13.382
      vertex -1.35 -29.7787 14.3401
      vertex 153.25 -29.7787 14.3401
    endloop
  endfacet
  facet normal 0 0.956923 0.290343
    outer loop
      vertex -1.35 -29.7787 14.3401
      vertex 153.25 -29.488 13.382
      vertex -1.35 -29.488 13.382
    endloop
  endfacet
  facet normal 0 -0.0327205 0.999465
    outer loop
      vertex -1.35 -3.99933 3.03276
      vertex 153.25 -5 3
      vertex 153.25 -3.99933 3.03276
    endloop
  endfacet
  facet normal 0 -0.0327205 0.999465
    outer loop
      vertex 153.25 -5 3
      vertex -1.35 -3.99933 3.03276
      vertex -1.35 -5 3
    endloop
  endfacet
  facet normal 0 -0.290281 0.956942
    outer loop
      vertex -1.35 -0.0819769 3.81197
      vertex 153.25 -1.04007 3.52134
      vertex 153.25 -0.0819769 3.81197
    endloop
  endfacet
  facet normal 0 -0.290281 0.956942
    outer loop
      vertex 153.25 -1.04007 3.52134
      vertex -1.35 -0.0819769 3.81197
      vertex -1.35 -1.04007 3.52134
    endloop
  endfacet
  facet normal 0 -0.162904 0.986642
    outer loop
      vertex -1.35 -2.01512 3.29399
      vertex 153.25 -3.00295 3.13089
      vertex 153.25 -2.01512 3.29399
    endloop
  endfacet
  facet normal 0 -0.162904 0.986642
    outer loop
      vertex 153.25 -3.00295 3.13089
      vertex -1.35 -2.01512 3.29399
      vertex -1.35 -3.00295 3.13089
    endloop
  endfacet
  facet normal 0 -0.0980123 0.995185
    outer loop
      vertex -1.35 -3.00295 3.13089
      vertex 153.25 -3.99933 3.03276
      vertex 153.25 -3.00295 3.13089
    endloop
  endfacet
  facet normal 0 -0.0980123 0.995185
    outer loop
      vertex 153.25 -3.99933 3.03276
      vertex -1.35 -3.00295 3.13089
      vertex -1.35 -3.99933 3.03276
    endloop
  endfacet
  facet normal -0 0 1
    outer loop
      vertex -7.35 13 8.3
      vertex 159.25 9 8.3
      vertex 159.25 13 8.3
    endloop
  endfacet
  facet normal 0 0 1
    outer loop
      vertex 159.25 9 8.3
      vertex -7.35 13 8.3
      vertex -7.35 9 8.3
    endloop
  endfacet
  facet normal 0 1 0
    outer loop
      vertex 159.25 9 18.3
      vertex 153.25 9 12.1462
      vertex 153.25 9 18.3
    endloop
  endfacet
  facet normal 0 1 0
    outer loop
      vertex 153.25 9 12.1462
      vertex 159.25 9 8.3
      vertex -1.35 9 12.1462
    endloop
  endfacet
  facet normal 0 1 -0
    outer loop
      vertex 159.25 9 8.3
      vertex 153.25 9 12.1462
      vertex 159.25 9 18.3
    endloop
  endfacet
  facet normal 0 1 -0
    outer loop
      vertex -1.35 9 12.1462
      vertex -7.35 9 18.3
      vertex -1.35 9 18.3
    endloop
  endfacet
  facet normal 0 1 0
    outer loop
      vertex -1.35 9 12.1462
      vertex -7.35 9 8.3
      vertex -7.35 9 18.3
    endloop
  endfacet
  facet normal 0 1 0
    outer loop
      vertex -7.35 9 8.3
      vertex -1.35 9 12.1462
      vertex 159.25 9 8.3
    endloop
  endfacet
endsolid OpenSCAD_Model
