solid OpenSCAD_Model
  facet normal -0.659745 -0.751489 0
    outer loop
      vertex 38.5116 38.8254 0
      vertex 38.6787 38.6787 2
      vertex 38.5116 38.8254 2
    endloop
  endfacet
  facet normal -0.659745 -0.751489 -0
    outer loop
      vertex 38.6787 38.6787 2
      vertex 38.5116 38.8254 0
      vertex 38.6787 38.6787 0
    endloop
  endfacet
  facet normal 0.659523 -0.751685 0
    outer loop
      vertex 36.2746 38.6787 0
      vertex 36.4418 38.8254 2
      vertex 36.2746 38.6787 2
    endloop
  endfacet
  facet normal 0.659523 -0.751685 0
    outer loop
      vertex 36.4418 38.8254 2
      vertex 36.2746 38.6787 0
      vertex 36.4418 38.8254 0
    endloop
  endfacet
  facet normal 0.0656534 -0.997842 0
    outer loop
      vertex 37.2548 39.1621 0
      vertex 37.4767 39.1767 2
      vertex 37.2548 39.1621 2
    endloop
  endfacet
  facet normal 0.0656534 -0.997842 0
    outer loop
      vertex 37.4767 39.1767 2
      vertex 37.2548 39.1621 0
      vertex 37.4767 39.1767 0
    endloop
  endfacet
  facet normal 0.997872 -0.0652057 0
    outer loop
      vertex 35.7767 37.4767 2
      vertex 35.7912 37.6986 0
      vertex 35.7912 37.6986 2
    endloop
  endfacet
  facet normal 0.997872 -0.0652057 0
    outer loop
      vertex 35.7912 37.6986 0
      vertex 35.7767 37.4767 2
      vertex 35.7767 37.4767 0
    endloop
  endfacet
  facet normal 0.89702 -0.44199 0
    outer loop
      vertex 35.9061 38.1272 2
      vertex 36.0044 38.3267 0
      vertex 36.0044 38.3267 2
    endloop
  endfacet
  facet normal 0.89702 -0.44199 0
    outer loop
      vertex 36.0044 38.3267 0
      vertex 35.9061 38.1272 2
      vertex 35.9061 38.1272 0
    endloop
  endfacet
  facet normal -0.997842 -0.0656534 0
    outer loop
      vertex 39.1767 37.4767 0
      vertex 39.1621 37.6986 2
      vertex 39.1621 37.6986 0
    endloop
  endfacet
  facet normal -0.997842 -0.0656534 0
    outer loop
      vertex 39.1621 37.6986 2
      vertex 39.1767 37.4767 0
      vertex 39.1767 37.4767 2
    endloop
  endfacet
  facet normal -0.321217 -0.947006 0
    outer loop
      vertex 37.9167 39.1187 0
      vertex 38.1272 39.0473 2
      vertex 37.9167 39.1187 2
    endloop
  endfacet
  facet normal -0.321217 -0.947006 -0
    outer loop
      vertex 38.1272 39.0473 2
      vertex 37.9167 39.1187 0
      vertex 38.1272 39.0473 0
    endloop
  endfacet
  facet normal -0.195165 -0.98077 0
    outer loop
      vertex 37.6986 39.1621 0
      vertex 37.9167 39.1187 2
      vertex 37.6986 39.1621 2
    endloop
  endfacet
  facet normal -0.195165 -0.98077 -0
    outer loop
      vertex 37.9167 39.1187 2
      vertex 37.6986 39.1621 0
      vertex 37.9167 39.1187 0
    endloop
  endfacet
  facet normal 0.32108 -0.947052 0
    outer loop
      vertex 36.8261 39.0473 0
      vertex 37.0367 39.1187 2
      vertex 36.8261 39.0473 2
    endloop
  endfacet
  facet normal 0.32108 -0.947052 0
    outer loop
      vertex 37.0367 39.1187 2
      vertex 36.8261 39.0473 0
      vertex 37.0367 39.1187 0
    endloop
  endfacet
  facet normal 0.44253 -0.896754 0
    outer loop
      vertex 36.6267 38.9489 0
      vertex 36.8261 39.0473 2
      vertex 36.6267 38.9489 2
    endloop
  endfacet
  facet normal 0.44253 -0.896754 0
    outer loop
      vertex 36.8261 39.0473 2
      vertex 36.6267 38.9489 0
      vertex 36.8261 39.0473 0
    endloop
  endfacet
  facet normal 0.195165 -0.98077 0
    outer loop
      vertex 37.0367 39.1187 0
      vertex 37.2548 39.1621 2
      vertex 37.0367 39.1187 2
    endloop
  endfacet
  facet normal 0.195165 -0.98077 0
    outer loop
      vertex 37.2548 39.1621 2
      vertex 37.0367 39.1187 0
      vertex 37.2548 39.1621 0
    endloop
  endfacet
  facet normal 0.997872 0.0652057 0
    outer loop
      vertex 35.7912 37.2548 2
      vertex 35.7767 37.4767 0
      vertex 35.7767 37.4767 2
    endloop
  endfacet
  facet normal 0.997872 0.0652057 0
    outer loop
      vertex 35.7767 37.4767 0
      vertex 35.7912 37.2548 2
      vertex 35.7912 37.2548 0
    endloop
  endfacet
  facet normal 0.896932 0.442169 0
    outer loop
      vertex 36.0044 36.6267 2
      vertex 35.9061 36.8261 0
      vertex 35.9061 36.8261 2
    endloop
  endfacet
  facet normal 0.896932 0.442169 0
    outer loop
      vertex 35.9061 36.8261 0
      vertex 36.0044 36.6267 2
      vertex 36.0044 36.6267 0
    endloop
  endfacet
  facet normal 0.831358 -0.555737 0
    outer loop
      vertex 36.0044 38.3267 2
      vertex 36.128 38.5116 0
      vertex 36.128 38.5116 2
    endloop
  endfacet
  facet normal 0.831358 -0.555737 0
    outer loop
      vertex 36.128 38.5116 0
      vertex 36.0044 38.3267 2
      vertex 36.0044 38.3267 0
    endloop
  endfacet
  facet normal -0.896842 -0.442352 0
    outer loop
      vertex 39.0473 38.1272 0
      vertex 38.9489 38.3267 2
      vertex 38.9489 38.3267 0
    endloop
  endfacet
  facet normal -0.896842 -0.442352 0
    outer loop
      vertex 38.9489 38.3267 2
      vertex 39.0473 38.1272 0
      vertex 39.0473 38.1272 2
    endloop
  endfacet
  facet normal -0.947006 -0.321217 0
    outer loop
      vertex 39.1187 37.9167 0
      vertex 39.0473 38.1272 2
      vertex 39.0473 38.1272 0
    endloop
  endfacet
  facet normal -0.947006 -0.321217 0
    outer loop
      vertex 39.0473 38.1272 2
      vertex 39.1187 37.9167 0
      vertex 39.1187 37.9167 2
    endloop
  endfacet
  facet normal -0.0652057 0.997872 0
    outer loop
      vertex 37.6986 35.7912 0
      vertex 37.4767 35.7767 2
      vertex 37.6986 35.7912 2
    endloop
  endfacet
  facet normal -0.0652057 0.997872 0
    outer loop
      vertex 37.4767 35.7767 2
      vertex 37.6986 35.7912 0
      vertex 37.4767 35.7767 0
    endloop
  endfacet
  facet normal -0.44199 0.89702 0
    outer loop
      vertex 38.3267 36.0044 0
      vertex 38.1272 35.9061 2
      vertex 38.3267 36.0044 2
    endloop
  endfacet
  facet normal -0.44199 0.89702 0
    outer loop
      vertex 38.1272 35.9061 2
      vertex 38.3267 36.0044 0
      vertex 38.1272 35.9061 0
    endloop
  endfacet
  facet normal -0.442352 -0.896842 0
    outer loop
      vertex 38.1272 39.0473 0
      vertex 38.3267 38.9489 2
      vertex 38.1272 39.0473 2
    endloop
  endfacet
  facet normal -0.442352 -0.896842 -0
    outer loop
      vertex 38.3267 38.9489 2
      vertex 38.1272 39.0473 0
      vertex 38.3267 38.9489 0
    endloop
  endfacet
  facet normal -0.555426 -0.831566 0
    outer loop
      vertex 38.3267 38.9489 0
      vertex 38.5116 38.8254 2
      vertex 38.3267 38.9489 2
    endloop
  endfacet
  facet normal -0.555426 -0.831566 -0
    outer loop
      vertex 38.5116 38.8254 2
      vertex 38.3267 38.9489 0
      vertex 38.5116 38.8254 0
    endloop
  endfacet
  facet normal -0.0656534 -0.997842 0
    outer loop
      vertex 37.4767 39.1767 0
      vertex 37.6986 39.1621 2
      vertex 37.4767 39.1767 2
    endloop
  endfacet
  facet normal -0.0656534 -0.997842 -0
    outer loop
      vertex 37.6986 39.1621 2
      vertex 37.4767 39.1767 0
      vertex 37.6986 39.1621 0
    endloop
  endfacet
  facet normal 0.555426 -0.831566 0
    outer loop
      vertex 36.4418 38.8254 0
      vertex 36.6267 38.9489 2
      vertex 36.4418 38.8254 2
    endloop
  endfacet
  facet normal 0.555426 -0.831566 0
    outer loop
      vertex 36.6267 38.9489 2
      vertex 36.4418 38.8254 0
      vertex 36.6267 38.9489 0
    endloop
  endfacet
  facet normal 0.98077 0.195165 0
    outer loop
      vertex 35.8346 37.0367 2
      vertex 35.7912 37.2548 0
      vertex 35.7912 37.2548 2
    endloop
  endfacet
  facet normal 0.98077 0.195165 0
    outer loop
      vertex 35.7912 37.2548 0
      vertex 35.8346 37.0367 2
      vertex 35.8346 37.0367 0
    endloop
  endfacet
  facet normal 0.831358 0.555737 0
    outer loop
      vertex 36.128 36.4418 2
      vertex 36.0044 36.6267 0
      vertex 36.0044 36.6267 2
    endloop
  endfacet
  facet normal 0.831358 0.555737 0
    outer loop
      vertex 36.0044 36.6267 0
      vertex 36.128 36.4418 2
      vertex 36.128 36.4418 0
    endloop
  endfacet
  facet normal 0.946869 -0.32162 0
    outer loop
      vertex 35.8346 37.9167 2
      vertex 35.9061 38.1272 0
      vertex 35.9061 38.1272 2
    endloop
  endfacet
  facet normal 0.946869 -0.32162 0
    outer loop
      vertex 35.9061 38.1272 0
      vertex 35.8346 37.9167 2
      vertex 35.8346 37.9167 0
    endloop
  endfacet
  facet normal 0.98077 -0.195165 0
    outer loop
      vertex 35.7912 37.6986 2
      vertex 35.8346 37.9167 0
      vertex 35.8346 37.9167 2
    endloop
  endfacet
  facet normal 0.98077 -0.195165 0
    outer loop
      vertex 35.8346 37.9167 0
      vertex 35.7912 37.6986 2
      vertex 35.7912 37.6986 0
    endloop
  endfacet
  facet normal 0.751712 -0.659491 0
    outer loop
      vertex 36.128 38.5116 2
      vertex 36.2746 38.6787 0
      vertex 36.2746 38.6787 2
    endloop
  endfacet
  facet normal 0.751712 -0.659491 0
    outer loop
      vertex 36.2746 38.6787 0
      vertex 36.128 38.5116 2
      vertex 36.128 38.5116 0
    endloop
  endfacet
  facet normal -0.751489 -0.659745 0
    outer loop
      vertex 38.8254 38.5116 0
      vertex 38.6787 38.6787 2
      vertex 38.6787 38.6787 0
    endloop
  endfacet
  facet normal -0.751489 -0.659745 0
    outer loop
      vertex 38.6787 38.6787 2
      vertex 38.8254 38.5116 0
      vertex 38.8254 38.5116 2
    endloop
  endfacet
  facet normal -0.751685 0.659523 0
    outer loop
      vertex 38.6787 36.2746 0
      vertex 38.8254 36.4418 2
      vertex 38.8254 36.4418 0
    endloop
  endfacet
  facet normal -0.751685 0.659523 0
    outer loop
      vertex 38.8254 36.4418 2
      vertex 38.6787 36.2746 0
      vertex 38.6787 36.2746 2
    endloop
  endfacet
  facet normal -0.896754 0.44253 0
    outer loop
      vertex 38.9489 36.6267 0
      vertex 39.0473 36.8261 2
      vertex 39.0473 36.8261 0
    endloop
  endfacet
  facet normal -0.896754 0.44253 0
    outer loop
      vertex 39.0473 36.8261 2
      vertex 38.9489 36.6267 0
      vertex 38.9489 36.6267 2
    endloop
  endfacet
  facet normal -0.997842 0.0656534 0
    outer loop
      vertex 39.1621 37.2548 0
      vertex 39.1767 37.4767 2
      vertex 39.1767 37.4767 0
    endloop
  endfacet
  facet normal -0.997842 0.0656534 0
    outer loop
      vertex 39.1767 37.4767 2
      vertex 39.1621 37.2548 0
      vertex 39.1621 37.2548 2
    endloop
  endfacet
  facet normal -0.947052 0.32108 0
    outer loop
      vertex 39.0473 36.8261 0
      vertex 39.1187 37.0367 2
      vertex 39.1187 37.0367 0
    endloop
  endfacet
  facet normal -0.947052 0.32108 0
    outer loop
      vertex 39.1187 37.0367 2
      vertex 39.0473 36.8261 0
      vertex 39.0473 36.8261 2
    endloop
  endfacet
  facet normal -0.98077 -0.195165 0
    outer loop
      vertex 39.1621 37.6986 0
      vertex 39.1187 37.9167 2
      vertex 39.1187 37.9167 0
    endloop
  endfacet
  facet normal -0.98077 -0.195165 0
    outer loop
      vertex 39.1187 37.9167 2
      vertex 39.1621 37.6986 0
      vertex 39.1621 37.6986 2
    endloop
  endfacet
  facet normal -0.195165 0.98077 0
    outer loop
      vertex 37.9167 35.8346 0
      vertex 37.6986 35.7912 2
      vertex 37.9167 35.8346 2
    endloop
  endfacet
  facet normal -0.195165 0.98077 0
    outer loop
      vertex 37.6986 35.7912 2
      vertex 37.9167 35.8346 0
      vertex 37.6986 35.7912 0
    endloop
  endfacet
  facet normal -0.555737 0.831358 0
    outer loop
      vertex 38.5116 36.128 0
      vertex 38.3267 36.0044 2
      vertex 38.5116 36.128 2
    endloop
  endfacet
  facet normal -0.555737 0.831358 0
    outer loop
      vertex 38.3267 36.0044 2
      vertex 38.5116 36.128 0
      vertex 38.3267 36.0044 0
    endloop
  endfacet
  facet normal 0.321484 0.946915 -0
    outer loop
      vertex 37.0367 35.8346 0
      vertex 36.8261 35.9061 2
      vertex 37.0367 35.8346 2
    endloop
  endfacet
  facet normal 0.321484 0.946915 0
    outer loop
      vertex 36.8261 35.9061 2
      vertex 37.0367 35.8346 0
      vertex 36.8261 35.9061 0
    endloop
  endfacet
  facet normal 0.0652057 0.997872 -0
    outer loop
      vertex 37.4767 35.7767 0
      vertex 37.2548 35.7912 2
      vertex 37.4767 35.7767 2
    endloop
  endfacet
  facet normal 0.0652057 0.997872 0
    outer loop
      vertex 37.2548 35.7912 2
      vertex 37.4767 35.7767 0
      vertex 37.2548 35.7912 0
    endloop
  endfacet
  facet normal 0.442169 0.896932 -0
    outer loop
      vertex 36.8261 35.9061 0
      vertex 36.6267 36.0044 2
      vertex 36.8261 35.9061 2
    endloop
  endfacet
  facet normal 0.442169 0.896932 0
    outer loop
      vertex 36.6267 36.0044 2
      vertex 36.8261 35.9061 0
      vertex 36.6267 36.0044 0
    endloop
  endfacet
  facet normal 0.659268 0.751908 -0
    outer loop
      vertex 36.4418 36.128 0
      vertex 36.2746 36.2746 2
      vertex 36.4418 36.128 2
    endloop
  endfacet
  facet normal 0.659268 0.751908 0
    outer loop
      vertex 36.2746 36.2746 2
      vertex 36.4418 36.128 0
      vertex 36.2746 36.2746 0
    endloop
  endfacet
  facet normal 0.946915 0.321484 0
    outer loop
      vertex 35.9061 36.8261 2
      vertex 35.8346 37.0367 0
      vertex 35.8346 37.0367 2
    endloop
  endfacet
  facet normal 0.946915 0.321484 0
    outer loop
      vertex 35.8346 37.0367 0
      vertex 35.9061 36.8261 2
      vertex 35.9061 36.8261 0
    endloop
  endfacet
  facet normal 0.751908 0.659268 0
    outer loop
      vertex 36.2746 36.2746 2
      vertex 36.128 36.4418 0
      vertex 36.128 36.4418 2
    endloop
  endfacet
  facet normal 0.751908 0.659268 0
    outer loop
      vertex 36.128 36.4418 0
      vertex 36.2746 36.2746 2
      vertex 36.2746 36.2746 0
    endloop
  endfacet
  facet normal -0.831566 0.555426 0
    outer loop
      vertex 38.8254 36.4418 0
      vertex 38.9489 36.6267 2
      vertex 38.9489 36.6267 0
    endloop
  endfacet
  facet normal -0.831566 0.555426 0
    outer loop
      vertex 38.9489 36.6267 2
      vertex 38.8254 36.4418 0
      vertex 38.8254 36.4418 2
    endloop
  endfacet
  facet normal -0.98077 0.195165 0
    outer loop
      vertex 39.1187 37.0367 0
      vertex 39.1621 37.2548 2
      vertex 39.1621 37.2548 0
    endloop
  endfacet
  facet normal -0.98077 0.195165 0
    outer loop
      vertex 39.1621 37.2548 2
      vertex 39.1187 37.0367 0
      vertex 39.1187 37.0367 2
    endloop
  endfacet
  facet normal -0.831566 -0.555426 0
    outer loop
      vertex 38.9489 38.3267 0
      vertex 38.8254 38.5116 2
      vertex 38.8254 38.5116 0
    endloop
  endfacet
  facet normal -0.831566 -0.555426 0
    outer loop
      vertex 38.8254 38.5116 2
      vertex 38.9489 38.3267 0
      vertex 38.9489 38.3267 2
    endloop
  endfacet
  facet normal -0.32162 0.946869 0
    outer loop
      vertex 38.1272 35.9061 0
      vertex 37.9167 35.8346 2
      vertex 38.1272 35.9061 2
    endloop
  endfacet
  facet normal -0.32162 0.946869 0
    outer loop
      vertex 37.9167 35.8346 2
      vertex 38.1272 35.9061 0
      vertex 37.9167 35.8346 0
    endloop
  endfacet
  facet normal -0.659491 0.751712 0
    outer loop
      vertex 38.6787 36.2746 0
      vertex 38.5116 36.128 2
      vertex 38.6787 36.2746 2
    endloop
  endfacet
  facet normal -0.659491 0.751712 0
    outer loop
      vertex 38.5116 36.128 2
      vertex 38.6787 36.2746 0
      vertex 38.5116 36.128 0
    endloop
  endfacet
  facet normal 0.195165 0.98077 -0
    outer loop
      vertex 37.2548 35.7912 0
      vertex 37.0367 35.8346 2
      vertex 37.2548 35.7912 2
    endloop
  endfacet
  facet normal 0.195165 0.98077 0
    outer loop
      vertex 37.0367 35.8346 2
      vertex 37.2548 35.7912 0
      vertex 37.0367 35.8346 0
    endloop
  endfacet
  facet normal 0.555737 0.831358 -0
    outer loop
      vertex 36.6267 36.0044 0
      vertex 36.4418 36.128 2
      vertex 36.6267 36.0044 2
    endloop
  endfacet
  facet normal 0.555737 0.831358 0
    outer loop
      vertex 36.4418 36.128 2
      vertex 36.6267 36.0044 0
      vertex 36.4418 36.128 0
    endloop
  endfacet
  facet normal 0.98077 0.195165 0
    outer loop
      vertex -39.1187 37.0367 2
      vertex -39.1621 37.2548 0
      vertex -39.1621 37.2548 2
    endloop
  endfacet
  facet normal 0.98077 0.195165 0
    outer loop
      vertex -39.1621 37.2548 0
      vertex -39.1187 37.0367 2
      vertex -39.1187 37.0367 0
    endloop
  endfacet
  facet normal -0.442169 0.896932 0
    outer loop
      vertex -36.6267 36.0044 0
      vertex -36.8261 35.9061 2
      vertex -36.6267 36.0044 2
    endloop
  endfacet
  facet normal -0.442169 0.896932 0
    outer loop
      vertex -36.8261 35.9061 2
      vertex -36.6267 36.0044 0
      vertex -36.8261 35.9061 0
    endloop
  endfacet
  facet normal 0.659745 -0.751489 0
    outer loop
      vertex -38.6787 38.6787 0
      vertex -38.5116 38.8254 2
      vertex -38.6787 38.6787 2
    endloop
  endfacet
  facet normal 0.659745 -0.751489 0
    outer loop
      vertex -38.5116 38.8254 2
      vertex -38.6787 38.6787 0
      vertex -38.5116 38.8254 0
    endloop
  endfacet
  facet normal -0.89702 -0.44199 0
    outer loop
      vertex -35.9061 38.1272 0
      vertex -36.0044 38.3267 2
      vertex -36.0044 38.3267 0
    endloop
  endfacet
  facet normal -0.89702 -0.44199 0
    outer loop
      vertex -36.0044 38.3267 2
      vertex -35.9061 38.1272 0
      vertex -35.9061 38.1272 2
    endloop
  endfacet
  facet normal -0.321484 0.946915 0
    outer loop
      vertex -36.8261 35.9061 0
      vertex -37.0367 35.8346 2
      vertex -36.8261 35.9061 2
    endloop
  endfacet
  facet normal -0.321484 0.946915 0
    outer loop
      vertex -37.0367 35.8346 2
      vertex -36.8261 35.9061 0
      vertex -37.0367 35.8346 0
    endloop
  endfacet
  facet normal -0.195165 -0.98077 0
    outer loop
      vertex -37.2548 39.1621 0
      vertex -37.0367 39.1187 2
      vertex -37.2548 39.1621 2
    endloop
  endfacet
  facet normal -0.195165 -0.98077 -0
    outer loop
      vertex -37.0367 39.1187 2
      vertex -37.2548 39.1621 0
      vertex -37.0367 39.1187 0
    endloop
  endfacet
  facet normal -0.946869 -0.32162 0
    outer loop
      vertex -35.8346 37.9167 0
      vertex -35.9061 38.1272 2
      vertex -35.9061 38.1272 0
    endloop
  endfacet
  facet normal -0.946869 -0.32162 0
    outer loop
      vertex -35.9061 38.1272 2
      vertex -35.8346 37.9167 0
      vertex -35.8346 37.9167 2
    endloop
  endfacet
  facet normal 0.947006 -0.321217 0
    outer loop
      vertex -39.1187 37.9167 2
      vertex -39.0473 38.1272 0
      vertex -39.0473 38.1272 2
    endloop
  endfacet
  facet normal 0.947006 -0.321217 0
    outer loop
      vertex -39.0473 38.1272 0
      vertex -39.1187 37.9167 2
      vertex -39.1187 37.9167 0
    endloop
  endfacet
  facet normal 0.98077 -0.195165 0
    outer loop
      vertex -39.1621 37.6986 2
      vertex -39.1187 37.9167 0
      vertex -39.1187 37.9167 2
    endloop
  endfacet
  facet normal 0.98077 -0.195165 0
    outer loop
      vertex -39.1187 37.9167 0
      vertex -39.1621 37.6986 2
      vertex -39.1621 37.6986 0
    endloop
  endfacet
  facet normal 0.896754 0.44253 0
    outer loop
      vertex -38.9489 36.6267 2
      vertex -39.0473 36.8261 0
      vertex -39.0473 36.8261 2
    endloop
  endfacet
  facet normal 0.896754 0.44253 0
    outer loop
      vertex -39.0473 36.8261 0
      vertex -38.9489 36.6267 2
      vertex -38.9489 36.6267 0
    endloop
  endfacet
  facet normal 0.831566 0.555426 0
    outer loop
      vertex -38.8254 36.4418 2
      vertex -38.9489 36.6267 0
      vertex -38.9489 36.6267 2
    endloop
  endfacet
  facet normal 0.831566 0.555426 0
    outer loop
      vertex -38.9489 36.6267 0
      vertex -38.8254 36.4418 2
      vertex -38.8254 36.4418 0
    endloop
  endfacet
  facet normal -0.555737 0.831358 0
    outer loop
      vertex -36.4418 36.128 0
      vertex -36.6267 36.0044 2
      vertex -36.4418 36.128 2
    endloop
  endfacet
  facet normal -0.555737 0.831358 0
    outer loop
      vertex -36.6267 36.0044 2
      vertex -36.4418 36.128 0
      vertex -36.6267 36.0044 0
    endloop
  endfacet
  facet normal -0.0652057 0.997872 0
    outer loop
      vertex -37.2548 35.7912 0
      vertex -37.4767 35.7767 2
      vertex -37.2548 35.7912 2
    endloop
  endfacet
  facet normal -0.0652057 0.997872 0
    outer loop
      vertex -37.4767 35.7767 2
      vertex -37.2548 35.7912 0
      vertex -37.4767 35.7767 0
    endloop
  endfacet
  facet normal 0.751489 -0.659745 0
    outer loop
      vertex -38.8254 38.5116 2
      vertex -38.6787 38.6787 0
      vertex -38.6787 38.6787 2
    endloop
  endfacet
  facet normal 0.751489 -0.659745 0
    outer loop
      vertex -38.6787 38.6787 0
      vertex -38.8254 38.5116 2
      vertex -38.8254 38.5116 0
    endloop
  endfacet
  facet normal -0.44253 -0.896754 0
    outer loop
      vertex -36.8261 39.0473 0
      vertex -36.6267 38.9489 2
      vertex -36.8261 39.0473 2
    endloop
  endfacet
  facet normal -0.44253 -0.896754 -0
    outer loop
      vertex -36.6267 38.9489 2
      vertex -36.8261 39.0473 0
      vertex -36.6267 38.9489 0
    endloop
  endfacet
  facet normal -0.831358 -0.555737 0
    outer loop
      vertex -36.0044 38.3267 0
      vertex -36.128 38.5116 2
      vertex -36.128 38.5116 0
    endloop
  endfacet
  facet normal -0.831358 -0.555737 0
    outer loop
      vertex -36.128 38.5116 2
      vertex -36.0044 38.3267 0
      vertex -36.0044 38.3267 2
    endloop
  endfacet
  facet normal -0.997872 -0.0652057 0
    outer loop
      vertex -35.7767 37.4767 0
      vertex -35.7912 37.6986 2
      vertex -35.7912 37.6986 0
    endloop
  endfacet
  facet normal -0.997872 -0.0652057 0
    outer loop
      vertex -35.7912 37.6986 2
      vertex -35.7767 37.4767 0
      vertex -35.7767 37.4767 2
    endloop
  endfacet
  facet normal 0.831566 -0.555426 0
    outer loop
      vertex -38.9489 38.3267 2
      vertex -38.8254 38.5116 0
      vertex -38.8254 38.5116 2
    endloop
  endfacet
  facet normal 0.831566 -0.555426 0
    outer loop
      vertex -38.8254 38.5116 0
      vertex -38.9489 38.3267 2
      vertex -38.9489 38.3267 0
    endloop
  endfacet
  facet normal 0.896842 -0.442352 0
    outer loop
      vertex -39.0473 38.1272 2
      vertex -38.9489 38.3267 0
      vertex -38.9489 38.3267 2
    endloop
  endfacet
  facet normal 0.896842 -0.442352 0
    outer loop
      vertex -38.9489 38.3267 0
      vertex -39.0473 38.1272 2
      vertex -39.0473 38.1272 0
    endloop
  endfacet
  facet normal 0.997842 -0.0656534 0
    outer loop
      vertex -39.1767 37.4767 2
      vertex -39.1621 37.6986 0
      vertex -39.1621 37.6986 2
    endloop
  endfacet
  facet normal 0.997842 -0.0656534 0
    outer loop
      vertex -39.1621 37.6986 0
      vertex -39.1767 37.4767 2
      vertex -39.1767 37.4767 0
    endloop
  endfacet
  facet normal 0.997842 0.0656534 0
    outer loop
      vertex -39.1621 37.2548 2
      vertex -39.1767 37.4767 0
      vertex -39.1767 37.4767 2
    endloop
  endfacet
  facet normal 0.997842 0.0656534 0
    outer loop
      vertex -39.1767 37.4767 0
      vertex -39.1621 37.2548 2
      vertex -39.1621 37.2548 0
    endloop
  endfacet
  facet normal 0.947052 0.32108 0
    outer loop
      vertex -39.0473 36.8261 2
      vertex -39.1187 37.0367 0
      vertex -39.1187 37.0367 2
    endloop
  endfacet
  facet normal 0.947052 0.32108 0
    outer loop
      vertex -39.1187 37.0367 0
      vertex -39.0473 36.8261 2
      vertex -39.0473 36.8261 0
    endloop
  endfacet
  facet normal -0.195165 0.98077 0
    outer loop
      vertex -37.0367 35.8346 0
      vertex -37.2548 35.7912 2
      vertex -37.0367 35.8346 2
    endloop
  endfacet
  facet normal -0.195165 0.98077 0
    outer loop
      vertex -37.2548 35.7912 2
      vertex -37.0367 35.8346 0
      vertex -37.2548 35.7912 0
    endloop
  endfacet
  facet normal 0.44199 0.89702 -0
    outer loop
      vertex -38.1272 35.9061 0
      vertex -38.3267 36.0044 2
      vertex -38.1272 35.9061 2
    endloop
  endfacet
  facet normal 0.44199 0.89702 0
    outer loop
      vertex -38.3267 36.0044 2
      vertex -38.1272 35.9061 0
      vertex -38.3267 36.0044 0
    endloop
  endfacet
  facet normal 0.659491 0.751712 -0
    outer loop
      vertex -38.5116 36.128 0
      vertex -38.6787 36.2746 2
      vertex -38.5116 36.128 2
    endloop
  endfacet
  facet normal 0.659491 0.751712 0
    outer loop
      vertex -38.6787 36.2746 2
      vertex -38.5116 36.128 0
      vertex -38.6787 36.2746 0
    endloop
  endfacet
  facet normal 0.0652057 0.997872 -0
    outer loop
      vertex -37.4767 35.7767 0
      vertex -37.6986 35.7912 2
      vertex -37.4767 35.7767 2
    endloop
  endfacet
  facet normal 0.0652057 0.997872 0
    outer loop
      vertex -37.6986 35.7912 2
      vertex -37.4767 35.7767 0
      vertex -37.6986 35.7912 0
    endloop
  endfacet
  facet normal 0.32162 0.946869 -0
    outer loop
      vertex -37.9167 35.8346 0
      vertex -38.1272 35.9061 2
      vertex -37.9167 35.8346 2
    endloop
  endfacet
  facet normal 0.32162 0.946869 0
    outer loop
      vertex -38.1272 35.9061 2
      vertex -37.9167 35.8346 0
      vertex -38.1272 35.9061 0
    endloop
  endfacet
  facet normal 0.555426 -0.831566 0
    outer loop
      vertex -38.5116 38.8254 0
      vertex -38.3267 38.9489 2
      vertex -38.5116 38.8254 2
    endloop
  endfacet
  facet normal 0.555426 -0.831566 0
    outer loop
      vertex -38.3267 38.9489 2
      vertex -38.5116 38.8254 0
      vertex -38.3267 38.9489 0
    endloop
  endfacet
  facet normal -0.659523 -0.751685 0
    outer loop
      vertex -36.4418 38.8254 0
      vertex -36.2746 38.6787 2
      vertex -36.4418 38.8254 2
    endloop
  endfacet
  facet normal -0.659523 -0.751685 -0
    outer loop
      vertex -36.2746 38.6787 2
      vertex -36.4418 38.8254 0
      vertex -36.2746 38.6787 0
    endloop
  endfacet
  facet normal -0.555426 -0.831566 0
    outer loop
      vertex -36.6267 38.9489 0
      vertex -36.4418 38.8254 2
      vertex -36.6267 38.9489 2
    endloop
  endfacet
  facet normal -0.555426 -0.831566 -0
    outer loop
      vertex -36.4418 38.8254 2
      vertex -36.6267 38.9489 0
      vertex -36.4418 38.8254 0
    endloop
  endfacet
  facet normal 0.0656534 -0.997842 0
    outer loop
      vertex -37.6986 39.1621 0
      vertex -37.4767 39.1767 2
      vertex -37.6986 39.1621 2
    endloop
  endfacet
  facet normal 0.0656534 -0.997842 0
    outer loop
      vertex -37.4767 39.1767 2
      vertex -37.6986 39.1621 0
      vertex -37.4767 39.1767 0
    endloop
  endfacet
  facet normal -0.0656534 -0.997842 0
    outer loop
      vertex -37.4767 39.1767 0
      vertex -37.2548 39.1621 2
      vertex -37.4767 39.1767 2
    endloop
  endfacet
  facet normal -0.0656534 -0.997842 -0
    outer loop
      vertex -37.2548 39.1621 2
      vertex -37.4767 39.1767 0
      vertex -37.2548 39.1621 0
    endloop
  endfacet
  facet normal -0.32108 -0.947052 0
    outer loop
      vertex -37.0367 39.1187 0
      vertex -36.8261 39.0473 2
      vertex -37.0367 39.1187 2
    endloop
  endfacet
  facet normal -0.32108 -0.947052 -0
    outer loop
      vertex -36.8261 39.0473 2
      vertex -37.0367 39.1187 0
      vertex -36.8261 39.0473 0
    endloop
  endfacet
  facet normal -0.751712 -0.659491 0
    outer loop
      vertex -36.128 38.5116 0
      vertex -36.2746 38.6787 2
      vertex -36.2746 38.6787 0
    endloop
  endfacet
  facet normal -0.751712 -0.659491 0
    outer loop
      vertex -36.2746 38.6787 2
      vertex -36.128 38.5116 0
      vertex -36.128 38.5116 2
    endloop
  endfacet
  facet normal -0.98077 -0.195165 0
    outer loop
      vertex -35.7912 37.6986 0
      vertex -35.8346 37.9167 2
      vertex -35.8346 37.9167 0
    endloop
  endfacet
  facet normal -0.98077 -0.195165 0
    outer loop
      vertex -35.8346 37.9167 2
      vertex -35.7912 37.6986 0
      vertex -35.7912 37.6986 2
    endloop
  endfacet
  facet normal -0.896932 0.442169 0
    outer loop
      vertex -36.0044 36.6267 0
      vertex -35.9061 36.8261 2
      vertex -35.9061 36.8261 0
    endloop
  endfacet
  facet normal -0.896932 0.442169 0
    outer loop
      vertex -35.9061 36.8261 2
      vertex -36.0044 36.6267 0
      vertex -36.0044 36.6267 2
    endloop
  endfacet
  facet normal -0.751908 0.659268 0
    outer loop
      vertex -36.2746 36.2746 0
      vertex -36.128 36.4418 2
      vertex -36.128 36.4418 0
    endloop
  endfacet
  facet normal -0.751908 0.659268 0
    outer loop
      vertex -36.128 36.4418 2
      vertex -36.2746 36.2746 0
      vertex -36.2746 36.2746 2
    endloop
  endfacet
  facet normal -0.997872 0.0652057 0
    outer loop
      vertex -35.7912 37.2548 0
      vertex -35.7767 37.4767 2
      vertex -35.7767 37.4767 0
    endloop
  endfacet
  facet normal -0.997872 0.0652057 0
    outer loop
      vertex -35.7767 37.4767 2
      vertex -35.7912 37.2548 0
      vertex -35.7912 37.2548 2
    endloop
  endfacet
  facet normal -0.946915 0.321484 0
    outer loop
      vertex -35.9061 36.8261 0
      vertex -35.8346 37.0367 2
      vertex -35.8346 37.0367 0
    endloop
  endfacet
  facet normal -0.946915 0.321484 0
    outer loop
      vertex -35.8346 37.0367 2
      vertex -35.9061 36.8261 0
      vertex -35.9061 36.8261 2
    endloop
  endfacet
  facet normal 0.751685 0.659523 0
    outer loop
      vertex -38.6787 36.2746 2
      vertex -38.8254 36.4418 0
      vertex -38.8254 36.4418 2
    endloop
  endfacet
  facet normal 0.751685 0.659523 0
    outer loop
      vertex -38.8254 36.4418 0
      vertex -38.6787 36.2746 2
      vertex -38.6787 36.2746 0
    endloop
  endfacet
  facet normal -0.659268 0.751908 0
    outer loop
      vertex -36.2746 36.2746 0
      vertex -36.4418 36.128 2
      vertex -36.2746 36.2746 2
    endloop
  endfacet
  facet normal -0.659268 0.751908 0
    outer loop
      vertex -36.4418 36.128 2
      vertex -36.2746 36.2746 0
      vertex -36.4418 36.128 0
    endloop
  endfacet
  facet normal 0.555737 0.831358 -0
    outer loop
      vertex -38.3267 36.0044 0
      vertex -38.5116 36.128 2
      vertex -38.3267 36.0044 2
    endloop
  endfacet
  facet normal 0.555737 0.831358 0
    outer loop
      vertex -38.5116 36.128 2
      vertex -38.3267 36.0044 0
      vertex -38.5116 36.128 0
    endloop
  endfacet
  facet normal 0.195165 0.98077 -0
    outer loop
      vertex -37.6986 35.7912 0
      vertex -37.9167 35.8346 2
      vertex -37.6986 35.7912 2
    endloop
  endfacet
  facet normal 0.195165 0.98077 0
    outer loop
      vertex -37.9167 35.8346 2
      vertex -37.6986 35.7912 0
      vertex -37.9167 35.8346 0
    endloop
  endfacet
  facet normal 0.321217 -0.947006 0
    outer loop
      vertex -38.1272 39.0473 0
      vertex -37.9167 39.1187 2
      vertex -38.1272 39.0473 2
    endloop
  endfacet
  facet normal 0.321217 -0.947006 0
    outer loop
      vertex -37.9167 39.1187 2
      vertex -38.1272 39.0473 0
      vertex -37.9167 39.1187 0
    endloop
  endfacet
  facet normal 0.195165 -0.98077 0
    outer loop
      vertex -37.9167 39.1187 0
      vertex -37.6986 39.1621 2
      vertex -37.9167 39.1187 2
    endloop
  endfacet
  facet normal 0.195165 -0.98077 0
    outer loop
      vertex -37.6986 39.1621 2
      vertex -37.9167 39.1187 0
      vertex -37.6986 39.1621 0
    endloop
  endfacet
  facet normal -0.831358 0.555737 0
    outer loop
      vertex -36.128 36.4418 0
      vertex -36.0044 36.6267 2
      vertex -36.0044 36.6267 0
    endloop
  endfacet
  facet normal -0.831358 0.555737 0
    outer loop
      vertex -36.0044 36.6267 2
      vertex -36.128 36.4418 0
      vertex -36.128 36.4418 2
    endloop
  endfacet
  facet normal -0.98077 0.195165 0
    outer loop
      vertex -35.8346 37.0367 0
      vertex -35.7912 37.2548 2
      vertex -35.7912 37.2548 0
    endloop
  endfacet
  facet normal -0.98077 0.195165 0
    outer loop
      vertex -35.7912 37.2548 2
      vertex -35.8346 37.0367 0
      vertex -35.8346 37.0367 2
    endloop
  endfacet
  facet normal 0.442352 -0.896842 0
    outer loop
      vertex -38.3267 38.9489 0
      vertex -38.1272 39.0473 2
      vertex -38.3267 38.9489 2
    endloop
  endfacet
  facet normal 0.442352 -0.896842 0
    outer loop
      vertex -38.1272 39.0473 2
      vertex -38.3267 38.9489 0
      vertex -38.1272 39.0473 0
    endloop
  endfacet
  facet normal 0.659745 0.751489 -0
    outer loop
      vertex -38.5116 -38.8254 0
      vertex -38.6787 -38.6787 2
      vertex -38.5116 -38.8254 2
    endloop
  endfacet
  facet normal 0.659745 0.751489 0
    outer loop
      vertex -38.6787 -38.6787 2
      vertex -38.5116 -38.8254 0
      vertex -38.6787 -38.6787 0
    endloop
  endfacet
  facet normal -0.751908 -0.659268 0
    outer loop
      vertex -36.128 -36.4418 0
      vertex -36.2746 -36.2746 2
      vertex -36.2746 -36.2746 0
    endloop
  endfacet
  facet normal -0.751908 -0.659268 0
    outer loop
      vertex -36.2746 -36.2746 2
      vertex -36.128 -36.4418 0
      vertex -36.128 -36.4418 2
    endloop
  endfacet
  facet normal 0.659491 -0.751712 0
    outer loop
      vertex -38.6787 -36.2746 0
      vertex -38.5116 -36.128 2
      vertex -38.6787 -36.2746 2
    endloop
  endfacet
  facet normal 0.659491 -0.751712 0
    outer loop
      vertex -38.5116 -36.128 2
      vertex -38.6787 -36.2746 0
      vertex -38.5116 -36.128 0
    endloop
  endfacet
  facet normal -0.0652057 -0.997872 0
    outer loop
      vertex -37.4767 -35.7767 0
      vertex -37.2548 -35.7912 2
      vertex -37.4767 -35.7767 2
    endloop
  endfacet
  facet normal -0.0652057 -0.997872 -0
    outer loop
      vertex -37.2548 -35.7912 2
      vertex -37.4767 -35.7767 0
      vertex -37.2548 -35.7912 0
    endloop
  endfacet
  facet normal -0.442169 -0.896932 0
    outer loop
      vertex -36.8261 -35.9061 0
      vertex -36.6267 -36.0044 2
      vertex -36.8261 -35.9061 2
    endloop
  endfacet
  facet normal -0.442169 -0.896932 -0
    outer loop
      vertex -36.6267 -36.0044 2
      vertex -36.8261 -35.9061 0
      vertex -36.6267 -36.0044 0
    endloop
  endfacet
  facet normal -0.0656534 0.997842 0
    outer loop
      vertex -37.2548 -39.1621 0
      vertex -37.4767 -39.1767 2
      vertex -37.2548 -39.1621 2
    endloop
  endfacet
  facet normal -0.0656534 0.997842 0
    outer loop
      vertex -37.4767 -39.1767 2
      vertex -37.2548 -39.1621 0
      vertex -37.4767 -39.1767 0
    endloop
  endfacet
  facet normal 0.195165 0.98077 -0
    outer loop
      vertex -37.6986 -39.1621 0
      vertex -37.9167 -39.1187 2
      vertex -37.6986 -39.1621 2
    endloop
  endfacet
  facet normal 0.195165 0.98077 0
    outer loop
      vertex -37.9167 -39.1187 2
      vertex -37.6986 -39.1621 0
      vertex -37.9167 -39.1187 0
    endloop
  endfacet
  facet normal -0.44253 0.896754 0
    outer loop
      vertex -36.6267 -38.9489 0
      vertex -36.8261 -39.0473 2
      vertex -36.6267 -38.9489 2
    endloop
  endfacet
  facet normal -0.44253 0.896754 0
    outer loop
      vertex -36.8261 -39.0473 2
      vertex -36.6267 -38.9489 0
      vertex -36.8261 -39.0473 0
    endloop
  endfacet
  facet normal -0.195165 0.98077 0
    outer loop
      vertex -37.0367 -39.1187 0
      vertex -37.2548 -39.1621 2
      vertex -37.0367 -39.1187 2
    endloop
  endfacet
  facet normal -0.195165 0.98077 0
    outer loop
      vertex -37.2548 -39.1621 2
      vertex -37.0367 -39.1187 0
      vertex -37.2548 -39.1621 0
    endloop
  endfacet
  facet normal -0.98077 -0.195165 0
    outer loop
      vertex -35.7912 -37.2548 0
      vertex -35.8346 -37.0367 2
      vertex -35.8346 -37.0367 0
    endloop
  endfacet
  facet normal -0.98077 -0.195165 0
    outer loop
      vertex -35.8346 -37.0367 2
      vertex -35.7912 -37.2548 0
      vertex -35.7912 -37.2548 2
    endloop
  endfacet
  facet normal -0.997872 -0.0652057 0
    outer loop
      vertex -35.7767 -37.4767 0
      vertex -35.7912 -37.2548 2
      vertex -35.7912 -37.2548 0
    endloop
  endfacet
  facet normal -0.997872 -0.0652057 0
    outer loop
      vertex -35.7912 -37.2548 2
      vertex -35.7767 -37.4767 0
      vertex -35.7767 -37.4767 2
    endloop
  endfacet
  facet normal -0.896932 -0.442169 0
    outer loop
      vertex -35.9061 -36.8261 0
      vertex -36.0044 -36.6267 2
      vertex -36.0044 -36.6267 0
    endloop
  endfacet
  facet normal -0.896932 -0.442169 0
    outer loop
      vertex -36.0044 -36.6267 2
      vertex -35.9061 -36.8261 0
      vertex -35.9061 -36.8261 2
    endloop
  endfacet
  facet normal 0.896842 0.442352 0
    outer loop
      vertex -38.9489 -38.3267 2
      vertex -39.0473 -38.1272 0
      vertex -39.0473 -38.1272 2
    endloop
  endfacet
  facet normal 0.896842 0.442352 0
    outer loop
      vertex -39.0473 -38.1272 0
      vertex -38.9489 -38.3267 2
      vertex -38.9489 -38.3267 0
    endloop
  endfacet
  facet normal 0.896754 -0.44253 0
    outer loop
      vertex -39.0473 -36.8261 2
      vertex -38.9489 -36.6267 0
      vertex -38.9489 -36.6267 2
    endloop
  endfacet
  facet normal 0.896754 -0.44253 0
    outer loop
      vertex -38.9489 -36.6267 0
      vertex -39.0473 -36.8261 2
      vertex -39.0473 -36.8261 0
    endloop
  endfacet
  facet normal 0.997842 0.0656534 0
    outer loop
      vertex -39.1621 -37.6986 2
      vertex -39.1767 -37.4767 0
      vertex -39.1767 -37.4767 2
    endloop
  endfacet
  facet normal 0.997842 0.0656534 0
    outer loop
      vertex -39.1767 -37.4767 0
      vertex -39.1621 -37.6986 2
      vertex -39.1621 -37.6986 0
    endloop
  endfacet
  facet normal 0.0652057 -0.997872 0
    outer loop
      vertex -37.6986 -35.7912 0
      vertex -37.4767 -35.7767 2
      vertex -37.6986 -35.7912 2
    endloop
  endfacet
  facet normal 0.0652057 -0.997872 0
    outer loop
      vertex -37.4767 -35.7767 2
      vertex -37.6986 -35.7912 0
      vertex -37.4767 -35.7767 0
    endloop
  endfacet
  facet normal 0.44199 -0.89702 0
    outer loop
      vertex -38.3267 -36.0044 0
      vertex -38.1272 -35.9061 2
      vertex -38.3267 -36.0044 2
    endloop
  endfacet
  facet normal 0.44199 -0.89702 0
    outer loop
      vertex -38.1272 -35.9061 2
      vertex -38.3267 -36.0044 0
      vertex -38.1272 -35.9061 0
    endloop
  endfacet
  facet normal -0.555737 -0.831358 0
    outer loop
      vertex -36.6267 -36.0044 0
      vertex -36.4418 -36.128 2
      vertex -36.6267 -36.0044 2
    endloop
  endfacet
  facet normal -0.555737 -0.831358 -0
    outer loop
      vertex -36.4418 -36.128 2
      vertex -36.6267 -36.0044 0
      vertex -36.4418 -36.128 0
    endloop
  endfacet
  facet normal 0.555426 0.831566 -0
    outer loop
      vertex -38.3267 -38.9489 0
      vertex -38.5116 -38.8254 2
      vertex -38.3267 -38.9489 2
    endloop
  endfacet
  facet normal 0.555426 0.831566 0
    outer loop
      vertex -38.5116 -38.8254 2
      vertex -38.3267 -38.9489 0
      vertex -38.5116 -38.8254 0
    endloop
  endfacet
  facet normal 0.321217 0.947006 -0
    outer loop
      vertex -37.9167 -39.1187 0
      vertex -38.1272 -39.0473 2
      vertex -37.9167 -39.1187 2
    endloop
  endfacet
  facet normal 0.321217 0.947006 0
    outer loop
      vertex -38.1272 -39.0473 2
      vertex -37.9167 -39.1187 0
      vertex -38.1272 -39.0473 0
    endloop
  endfacet
  facet normal 0.0656534 0.997842 -0
    outer loop
      vertex -37.4767 -39.1767 0
      vertex -37.6986 -39.1621 2
      vertex -37.4767 -39.1767 2
    endloop
  endfacet
  facet normal 0.0656534 0.997842 0
    outer loop
      vertex -37.6986 -39.1621 2
      vertex -37.4767 -39.1767 0
      vertex -37.6986 -39.1621 0
    endloop
  endfacet
  facet normal -0.555426 0.831566 0
    outer loop
      vertex -36.4418 -38.8254 0
      vertex -36.6267 -38.9489 2
      vertex -36.4418 -38.8254 2
    endloop
  endfacet
  facet normal -0.555426 0.831566 0
    outer loop
      vertex -36.6267 -38.9489 2
      vertex -36.4418 -38.8254 0
      vertex -36.6267 -38.9489 0
    endloop
  endfacet
  facet normal -0.32108 0.947052 0
    outer loop
      vertex -36.8261 -39.0473 0
      vertex -37.0367 -39.1187 2
      vertex -36.8261 -39.0473 2
    endloop
  endfacet
  facet normal -0.32108 0.947052 0
    outer loop
      vertex -37.0367 -39.1187 2
      vertex -36.8261 -39.0473 0
      vertex -37.0367 -39.1187 0
    endloop
  endfacet
  facet normal -0.946915 -0.321484 0
    outer loop
      vertex -35.8346 -37.0367 0
      vertex -35.9061 -36.8261 2
      vertex -35.9061 -36.8261 0
    endloop
  endfacet
  facet normal -0.946915 -0.321484 0
    outer loop
      vertex -35.9061 -36.8261 2
      vertex -35.8346 -37.0367 0
      vertex -35.8346 -37.0367 2
    endloop
  endfacet
  facet normal -0.831358 -0.555737 0
    outer loop
      vertex -36.0044 -36.6267 0
      vertex -36.128 -36.4418 2
      vertex -36.128 -36.4418 0
    endloop
  endfacet
  facet normal -0.831358 -0.555737 0
    outer loop
      vertex -36.128 -36.4418 2
      vertex -36.0044 -36.6267 0
      vertex -36.0044 -36.6267 2
    endloop
  endfacet
  facet normal -0.997872 0.0652057 0
    outer loop
      vertex -35.7912 -37.6986 0
      vertex -35.7767 -37.4767 2
      vertex -35.7767 -37.4767 0
    endloop
  endfacet
  facet normal -0.997872 0.0652057 0
    outer loop
      vertex -35.7767 -37.4767 2
      vertex -35.7912 -37.6986 0
      vertex -35.7912 -37.6986 2
    endloop
  endfacet
  facet normal -0.946869 0.32162 0
    outer loop
      vertex -35.9061 -38.1272 0
      vertex -35.8346 -37.9167 2
      vertex -35.8346 -37.9167 0
    endloop
  endfacet
  facet normal -0.946869 0.32162 0
    outer loop
      vertex -35.8346 -37.9167 2
      vertex -35.9061 -38.1272 0
      vertex -35.9061 -38.1272 2
    endloop
  endfacet
  facet normal -0.98077 0.195165 0
    outer loop
      vertex -35.8346 -37.9167 0
      vertex -35.7912 -37.6986 2
      vertex -35.7912 -37.6986 0
    endloop
  endfacet
  facet normal -0.98077 0.195165 0
    outer loop
      vertex -35.7912 -37.6986 2
      vertex -35.8346 -37.9167 0
      vertex -35.8346 -37.9167 2
    endloop
  endfacet
  facet normal -0.89702 0.44199 0
    outer loop
      vertex -36.0044 -38.3267 0
      vertex -35.9061 -38.1272 2
      vertex -35.9061 -38.1272 0
    endloop
  endfacet
  facet normal -0.89702 0.44199 0
    outer loop
      vertex -35.9061 -38.1272 2
      vertex -36.0044 -38.3267 0
      vertex -36.0044 -38.3267 2
    endloop
  endfacet
  facet normal -0.751712 0.659491 0
    outer loop
      vertex -36.2746 -38.6787 0
      vertex -36.128 -38.5116 2
      vertex -36.128 -38.5116 0
    endloop
  endfacet
  facet normal -0.751712 0.659491 0
    outer loop
      vertex -36.128 -38.5116 2
      vertex -36.2746 -38.6787 0
      vertex -36.2746 -38.6787 2
    endloop
  endfacet
  facet normal 0.831566 -0.555426 0
    outer loop
      vertex -38.9489 -36.6267 2
      vertex -38.8254 -36.4418 0
      vertex -38.8254 -36.4418 2
    endloop
  endfacet
  facet normal 0.831566 -0.555426 0
    outer loop
      vertex -38.8254 -36.4418 0
      vertex -38.9489 -36.6267 2
      vertex -38.9489 -36.6267 0
    endloop
  endfacet
  facet normal 0.751685 -0.659523 0
    outer loop
      vertex -38.8254 -36.4418 2
      vertex -38.6787 -36.2746 0
      vertex -38.6787 -36.2746 2
    endloop
  endfacet
  facet normal 0.751685 -0.659523 0
    outer loop
      vertex -38.6787 -36.2746 0
      vertex -38.8254 -36.4418 2
      vertex -38.8254 -36.4418 0
    endloop
  endfacet
  facet normal 0.947052 -0.32108 0
    outer loop
      vertex -39.1187 -37.0367 2
      vertex -39.0473 -36.8261 0
      vertex -39.0473 -36.8261 2
    endloop
  endfacet
  facet normal 0.947052 -0.32108 0
    outer loop
      vertex -39.0473 -36.8261 0
      vertex -39.1187 -37.0367 2
      vertex -39.1187 -37.0367 0
    endloop
  endfacet
  facet normal 0.997842 -0.0656534 0
    outer loop
      vertex -39.1767 -37.4767 2
      vertex -39.1621 -37.2548 0
      vertex -39.1621 -37.2548 2
    endloop
  endfacet
  facet normal 0.997842 -0.0656534 0
    outer loop
      vertex -39.1621 -37.2548 0
      vertex -39.1767 -37.4767 2
      vertex -39.1767 -37.4767 0
    endloop
  endfacet
  facet normal 0.98077 -0.195165 0
    outer loop
      vertex -39.1621 -37.2548 2
      vertex -39.1187 -37.0367 0
      vertex -39.1187 -37.0367 2
    endloop
  endfacet
  facet normal 0.98077 -0.195165 0
    outer loop
      vertex -39.1187 -37.0367 0
      vertex -39.1621 -37.2548 2
      vertex -39.1621 -37.2548 0
    endloop
  endfacet
  facet normal 0.98077 0.195165 0
    outer loop
      vertex -39.1187 -37.9167 2
      vertex -39.1621 -37.6986 0
      vertex -39.1621 -37.6986 2
    endloop
  endfacet
  facet normal 0.98077 0.195165 0
    outer loop
      vertex -39.1621 -37.6986 0
      vertex -39.1187 -37.9167 2
      vertex -39.1187 -37.9167 0
    endloop
  endfacet
  facet normal 0.195165 -0.98077 0
    outer loop
      vertex -37.9167 -35.8346 0
      vertex -37.6986 -35.7912 2
      vertex -37.9167 -35.8346 2
    endloop
  endfacet
  facet normal 0.195165 -0.98077 0
    outer loop
      vertex -37.6986 -35.7912 2
      vertex -37.9167 -35.8346 0
      vertex -37.6986 -35.7912 0
    endloop
  endfacet
  facet normal 0.32162 -0.946869 0
    outer loop
      vertex -38.1272 -35.9061 0
      vertex -37.9167 -35.8346 2
      vertex -38.1272 -35.9061 2
    endloop
  endfacet
  facet normal 0.32162 -0.946869 0
    outer loop
      vertex -37.9167 -35.8346 2
      vertex -38.1272 -35.9061 0
      vertex -37.9167 -35.8346 0
    endloop
  endfacet
  facet normal 0.555737 -0.831358 0
    outer loop
      vertex -38.5116 -36.128 0
      vertex -38.3267 -36.0044 2
      vertex -38.5116 -36.128 2
    endloop
  endfacet
  facet normal 0.555737 -0.831358 0
    outer loop
      vertex -38.3267 -36.0044 2
      vertex -38.5116 -36.128 0
      vertex -38.3267 -36.0044 0
    endloop
  endfacet
  facet normal -0.321484 -0.946915 0
    outer loop
      vertex -37.0367 -35.8346 0
      vertex -36.8261 -35.9061 2
      vertex -37.0367 -35.8346 2
    endloop
  endfacet
  facet normal -0.321484 -0.946915 -0
    outer loop
      vertex -36.8261 -35.9061 2
      vertex -37.0367 -35.8346 0
      vertex -36.8261 -35.9061 0
    endloop
  endfacet
  facet normal -0.195165 -0.98077 0
    outer loop
      vertex -37.2548 -35.7912 0
      vertex -37.0367 -35.8346 2
      vertex -37.2548 -35.7912 2
    endloop
  endfacet
  facet normal -0.195165 -0.98077 -0
    outer loop
      vertex -37.0367 -35.8346 2
      vertex -37.2548 -35.7912 0
      vertex -37.0367 -35.8346 0
    endloop
  endfacet
  facet normal -0.659268 -0.751908 0
    outer loop
      vertex -36.4418 -36.128 0
      vertex -36.2746 -36.2746 2
      vertex -36.4418 -36.128 2
    endloop
  endfacet
  facet normal -0.659268 -0.751908 -0
    outer loop
      vertex -36.2746 -36.2746 2
      vertex -36.4418 -36.128 0
      vertex -36.2746 -36.2746 0
    endloop
  endfacet
  facet normal 0.442352 0.896842 -0
    outer loop
      vertex -38.1272 -39.0473 0
      vertex -38.3267 -38.9489 2
      vertex -38.1272 -39.0473 2
    endloop
  endfacet
  facet normal 0.442352 0.896842 0
    outer loop
      vertex -38.3267 -38.9489 2
      vertex -38.1272 -39.0473 0
      vertex -38.3267 -38.9489 0
    endloop
  endfacet
  facet normal -0.659523 0.751685 0
    outer loop
      vertex -36.2746 -38.6787 0
      vertex -36.4418 -38.8254 2
      vertex -36.2746 -38.6787 2
    endloop
  endfacet
  facet normal -0.659523 0.751685 0
    outer loop
      vertex -36.4418 -38.8254 2
      vertex -36.2746 -38.6787 0
      vertex -36.4418 -38.8254 0
    endloop
  endfacet
  facet normal -0.831358 0.555737 0
    outer loop
      vertex -36.128 -38.5116 0
      vertex -36.0044 -38.3267 2
      vertex -36.0044 -38.3267 0
    endloop
  endfacet
  facet normal -0.831358 0.555737 0
    outer loop
      vertex -36.0044 -38.3267 2
      vertex -36.128 -38.5116 0
      vertex -36.128 -38.5116 2
    endloop
  endfacet
  facet normal 0.831566 0.555426 0
    outer loop
      vertex -38.8254 -38.5116 2
      vertex -38.9489 -38.3267 0
      vertex -38.9489 -38.3267 2
    endloop
  endfacet
  facet normal 0.831566 0.555426 0
    outer loop
      vertex -38.9489 -38.3267 0
      vertex -38.8254 -38.5116 2
      vertex -38.8254 -38.5116 0
    endloop
  endfacet
  facet normal 0.947006 0.321217 0
    outer loop
      vertex -39.0473 -38.1272 2
      vertex -39.1187 -37.9167 0
      vertex -39.1187 -37.9167 2
    endloop
  endfacet
  facet normal 0.947006 0.321217 0
    outer loop
      vertex -39.1187 -37.9167 0
      vertex -39.0473 -38.1272 2
      vertex -39.0473 -38.1272 0
    endloop
  endfacet
  facet normal 0.751489 0.659745 0
    outer loop
      vertex -38.6787 -38.6787 2
      vertex -38.8254 -38.5116 0
      vertex -38.8254 -38.5116 2
    endloop
  endfacet
  facet normal 0.751489 0.659745 0
    outer loop
      vertex -38.8254 -38.5116 0
      vertex -38.6787 -38.6787 2
      vertex -38.6787 -38.6787 0
    endloop
  endfacet
  facet normal -0.751489 0.659745 0
    outer loop
      vertex 38.6787 -38.6787 0
      vertex 38.8254 -38.5116 2
      vertex 38.8254 -38.5116 0
    endloop
  endfacet
  facet normal -0.751489 0.659745 0
    outer loop
      vertex 38.8254 -38.5116 2
      vertex 38.6787 -38.6787 0
      vertex 38.6787 -38.6787 2
    endloop
  endfacet
  facet normal 0.659268 -0.751908 0
    outer loop
      vertex 36.2746 -36.2746 0
      vertex 36.4418 -36.128 2
      vertex 36.2746 -36.2746 2
    endloop
  endfacet
  facet normal 0.659268 -0.751908 0
    outer loop
      vertex 36.4418 -36.128 2
      vertex 36.2746 -36.2746 0
      vertex 36.4418 -36.128 0
    endloop
  endfacet
  facet normal -0.751685 -0.659523 0
    outer loop
      vertex 38.8254 -36.4418 0
      vertex 38.6787 -36.2746 2
      vertex 38.6787 -36.2746 0
    endloop
  endfacet
  facet normal -0.751685 -0.659523 0
    outer loop
      vertex 38.6787 -36.2746 2
      vertex 38.8254 -36.4418 0
      vertex 38.8254 -36.4418 2
    endloop
  endfacet
  facet normal 0.751712 0.659491 0
    outer loop
      vertex 36.2746 -38.6787 2
      vertex 36.128 -38.5116 0
      vertex 36.128 -38.5116 2
    endloop
  endfacet
  facet normal 0.751712 0.659491 0
    outer loop
      vertex 36.128 -38.5116 0
      vertex 36.2746 -38.6787 2
      vertex 36.2746 -38.6787 0
    endloop
  endfacet
  facet normal 0.997872 -0.0652057 0
    outer loop
      vertex 35.7767 -37.4767 2
      vertex 35.7912 -37.2548 0
      vertex 35.7912 -37.2548 2
    endloop
  endfacet
  facet normal 0.997872 -0.0652057 0
    outer loop
      vertex 35.7912 -37.2548 0
      vertex 35.7767 -37.4767 2
      vertex 35.7767 -37.4767 0
    endloop
  endfacet
  facet normal -0.997842 -0.0656534 0
    outer loop
      vertex 39.1767 -37.4767 0
      vertex 39.1621 -37.2548 2
      vertex 39.1621 -37.2548 0
    endloop
  endfacet
  facet normal -0.997842 -0.0656534 0
    outer loop
      vertex 39.1621 -37.2548 2
      vertex 39.1767 -37.4767 0
      vertex 39.1767 -37.4767 2
    endloop
  endfacet
  facet normal -0.0652057 -0.997872 0
    outer loop
      vertex 37.4767 -35.7767 0
      vertex 37.6986 -35.7912 2
      vertex 37.4767 -35.7767 2
    endloop
  endfacet
  facet normal -0.0652057 -0.997872 -0
    outer loop
      vertex 37.6986 -35.7912 2
      vertex 37.4767 -35.7767 0
      vertex 37.6986 -35.7912 0
    endloop
  endfacet
  facet normal -0.44199 -0.89702 0
    outer loop
      vertex 38.1272 -35.9061 0
      vertex 38.3267 -36.0044 2
      vertex 38.1272 -35.9061 2
    endloop
  endfacet
  facet normal -0.44199 -0.89702 -0
    outer loop
      vertex 38.3267 -36.0044 2
      vertex 38.1272 -35.9061 0
      vertex 38.3267 -36.0044 0
    endloop
  endfacet
  facet normal 0.896932 -0.442169 0
    outer loop
      vertex 35.9061 -36.8261 2
      vertex 36.0044 -36.6267 0
      vertex 36.0044 -36.6267 2
    endloop
  endfacet
  facet normal 0.896932 -0.442169 0
    outer loop
      vertex 36.0044 -36.6267 0
      vertex 35.9061 -36.8261 2
      vertex 35.9061 -36.8261 0
    endloop
  endfacet
  facet normal -0.98077 0.195165 0
    outer loop
      vertex 39.1187 -37.9167 0
      vertex 39.1621 -37.6986 2
      vertex 39.1621 -37.6986 0
    endloop
  endfacet
  facet normal -0.98077 0.195165 0
    outer loop
      vertex 39.1621 -37.6986 2
      vertex 39.1187 -37.9167 0
      vertex 39.1187 -37.9167 2
    endloop
  endfacet
  facet normal -0.947052 -0.32108 0
    outer loop
      vertex 39.1187 -37.0367 0
      vertex 39.0473 -36.8261 2
      vertex 39.0473 -36.8261 0
    endloop
  endfacet
  facet normal -0.947052 -0.32108 0
    outer loop
      vertex 39.0473 -36.8261 2
      vertex 39.1187 -37.0367 0
      vertex 39.1187 -37.0367 2
    endloop
  endfacet
  facet normal -0.896754 -0.44253 0
    outer loop
      vertex 39.0473 -36.8261 0
      vertex 38.9489 -36.6267 2
      vertex 38.9489 -36.6267 0
    endloop
  endfacet
  facet normal -0.896754 -0.44253 0
    outer loop
      vertex 38.9489 -36.6267 2
      vertex 39.0473 -36.8261 0
      vertex 39.0473 -36.8261 2
    endloop
  endfacet
  facet normal -0.98077 -0.195165 0
    outer loop
      vertex 39.1621 -37.2548 0
      vertex 39.1187 -37.0367 2
      vertex 39.1187 -37.0367 0
    endloop
  endfacet
  facet normal -0.98077 -0.195165 0
    outer loop
      vertex 39.1187 -37.0367 2
      vertex 39.1621 -37.2548 0
      vertex 39.1621 -37.2548 2
    endloop
  endfacet
  facet normal 0.321484 -0.946915 0
    outer loop
      vertex 36.8261 -35.9061 0
      vertex 37.0367 -35.8346 2
      vertex 36.8261 -35.9061 2
    endloop
  endfacet
  facet normal 0.321484 -0.946915 0
    outer loop
      vertex 37.0367 -35.8346 2
      vertex 36.8261 -35.9061 0
      vertex 37.0367 -35.8346 0
    endloop
  endfacet
  facet normal 0.0652057 -0.997872 0
    outer loop
      vertex 37.2548 -35.7912 0
      vertex 37.4767 -35.7767 2
      vertex 37.2548 -35.7912 2
    endloop
  endfacet
  facet normal 0.0652057 -0.997872 0
    outer loop
      vertex 37.4767 -35.7767 2
      vertex 37.2548 -35.7912 0
      vertex 37.4767 -35.7767 0
    endloop
  endfacet
  facet normal 0.442169 -0.896932 0
    outer loop
      vertex 36.6267 -36.0044 0
      vertex 36.8261 -35.9061 2
      vertex 36.6267 -36.0044 2
    endloop
  endfacet
  facet normal 0.442169 -0.896932 0
    outer loop
      vertex 36.8261 -35.9061 2
      vertex 36.6267 -36.0044 0
      vertex 36.8261 -35.9061 0
    endloop
  endfacet
  facet normal -0.555737 -0.831358 0
    outer loop
      vertex 38.3267 -36.0044 0
      vertex 38.5116 -36.128 2
      vertex 38.3267 -36.0044 2
    endloop
  endfacet
  facet normal -0.555737 -0.831358 -0
    outer loop
      vertex 38.5116 -36.128 2
      vertex 38.3267 -36.0044 0
      vertex 38.5116 -36.128 0
    endloop
  endfacet
  facet normal -0.442352 0.896842 0
    outer loop
      vertex 38.3267 -38.9489 0
      vertex 38.1272 -39.0473 2
      vertex 38.3267 -38.9489 2
    endloop
  endfacet
  facet normal -0.442352 0.896842 0
    outer loop
      vertex 38.1272 -39.0473 2
      vertex 38.3267 -38.9489 0
      vertex 38.1272 -39.0473 0
    endloop
  endfacet
  facet normal 0.997872 0.0652057 0
    outer loop
      vertex 35.7912 -37.6986 2
      vertex 35.7767 -37.4767 0
      vertex 35.7767 -37.4767 2
    endloop
  endfacet
  facet normal 0.997872 0.0652057 0
    outer loop
      vertex 35.7767 -37.4767 0
      vertex 35.7912 -37.6986 2
      vertex 35.7912 -37.6986 0
    endloop
  endfacet
  facet normal 0.89702 0.44199 0
    outer loop
      vertex 36.0044 -38.3267 2
      vertex 35.9061 -38.1272 0
      vertex 35.9061 -38.1272 2
    endloop
  endfacet
  facet normal 0.89702 0.44199 0
    outer loop
      vertex 35.9061 -38.1272 0
      vertex 36.0044 -38.3267 2
      vertex 36.0044 -38.3267 0
    endloop
  endfacet
  facet normal 0.831358 -0.555737 0
    outer loop
      vertex 36.0044 -36.6267 2
      vertex 36.128 -36.4418 0
      vertex 36.128 -36.4418 2
    endloop
  endfacet
  facet normal 0.831358 -0.555737 0
    outer loop
      vertex 36.128 -36.4418 0
      vertex 36.0044 -36.6267 2
      vertex 36.0044 -36.6267 0
    endloop
  endfacet
  facet normal -0.831566 0.555426 0
    outer loop
      vertex 38.8254 -38.5116 0
      vertex 38.9489 -38.3267 2
      vertex 38.9489 -38.3267 0
    endloop
  endfacet
  facet normal -0.831566 0.555426 0
    outer loop
      vertex 38.9489 -38.3267 2
      vertex 38.8254 -38.5116 0
      vertex 38.8254 -38.5116 2
    endloop
  endfacet
  facet normal -0.947006 0.321217 0
    outer loop
      vertex 39.0473 -38.1272 0
      vertex 39.1187 -37.9167 2
      vertex 39.1187 -37.9167 0
    endloop
  endfacet
  facet normal -0.947006 0.321217 0
    outer loop
      vertex 39.1187 -37.9167 2
      vertex 39.0473 -38.1272 0
      vertex 39.0473 -38.1272 2
    endloop
  endfacet
  facet normal -0.997842 0.0656534 0
    outer loop
      vertex 39.1621 -37.6986 0
      vertex 39.1767 -37.4767 2
      vertex 39.1767 -37.4767 0
    endloop
  endfacet
  facet normal -0.997842 0.0656534 0
    outer loop
      vertex 39.1767 -37.4767 2
      vertex 39.1621 -37.6986 0
      vertex 39.1621 -37.6986 2
    endloop
  endfacet
  facet normal -0.831566 -0.555426 0
    outer loop
      vertex 38.9489 -36.6267 0
      vertex 38.8254 -36.4418 2
      vertex 38.8254 -36.4418 0
    endloop
  endfacet
  facet normal -0.831566 -0.555426 0
    outer loop
      vertex 38.8254 -36.4418 2
      vertex 38.9489 -36.6267 0
      vertex 38.9489 -36.6267 2
    endloop
  endfacet
  facet normal 0.195165 -0.98077 0
    outer loop
      vertex 37.0367 -35.8346 0
      vertex 37.2548 -35.7912 2
      vertex 37.0367 -35.8346 2
    endloop
  endfacet
  facet normal 0.195165 -0.98077 0
    outer loop
      vertex 37.2548 -35.7912 2
      vertex 37.0367 -35.8346 0
      vertex 37.2548 -35.7912 0
    endloop
  endfacet
  facet normal 0.555737 -0.831358 0
    outer loop
      vertex 36.4418 -36.128 0
      vertex 36.6267 -36.0044 2
      vertex 36.4418 -36.128 2
    endloop
  endfacet
  facet normal 0.555737 -0.831358 0
    outer loop
      vertex 36.6267 -36.0044 2
      vertex 36.4418 -36.128 0
      vertex 36.6267 -36.0044 0
    endloop
  endfacet
  facet normal -0.32162 -0.946869 0
    outer loop
      vertex 37.9167 -35.8346 0
      vertex 38.1272 -35.9061 2
      vertex 37.9167 -35.8346 2
    endloop
  endfacet
  facet normal -0.32162 -0.946869 -0
    outer loop
      vertex 38.1272 -35.9061 2
      vertex 37.9167 -35.8346 0
      vertex 38.1272 -35.9061 0
    endloop
  endfacet
  facet normal -0.195165 -0.98077 0
    outer loop
      vertex 37.6986 -35.7912 0
      vertex 37.9167 -35.8346 2
      vertex 37.6986 -35.7912 2
    endloop
  endfacet
  facet normal -0.195165 -0.98077 -0
    outer loop
      vertex 37.9167 -35.8346 2
      vertex 37.6986 -35.7912 0
      vertex 37.9167 -35.8346 0
    endloop
  endfacet
  facet normal -0.659491 -0.751712 0
    outer loop
      vertex 38.5116 -36.128 0
      vertex 38.6787 -36.2746 2
      vertex 38.5116 -36.128 2
    endloop
  endfacet
  facet normal -0.659491 -0.751712 -0
    outer loop
      vertex 38.6787 -36.2746 2
      vertex 38.5116 -36.128 0
      vertex 38.6787 -36.2746 0
    endloop
  endfacet
  facet normal -0.659745 0.751489 0
    outer loop
      vertex 38.6787 -38.6787 0
      vertex 38.5116 -38.8254 2
      vertex 38.6787 -38.6787 2
    endloop
  endfacet
  facet normal -0.659745 0.751489 0
    outer loop
      vertex 38.5116 -38.8254 2
      vertex 38.6787 -38.6787 0
      vertex 38.5116 -38.8254 0
    endloop
  endfacet
  facet normal 0.659523 0.751685 -0
    outer loop
      vertex 36.4418 -38.8254 0
      vertex 36.2746 -38.6787 2
      vertex 36.4418 -38.8254 2
    endloop
  endfacet
  facet normal 0.659523 0.751685 0
    outer loop
      vertex 36.2746 -38.6787 2
      vertex 36.4418 -38.8254 0
      vertex 36.2746 -38.6787 0
    endloop
  endfacet
  facet normal 0.44253 0.896754 -0
    outer loop
      vertex 36.8261 -39.0473 0
      vertex 36.6267 -38.9489 2
      vertex 36.8261 -39.0473 2
    endloop
  endfacet
  facet normal 0.44253 0.896754 0
    outer loop
      vertex 36.6267 -38.9489 2
      vertex 36.8261 -39.0473 0
      vertex 36.6267 -38.9489 0
    endloop
  endfacet
  facet normal 0.0656534 0.997842 -0
    outer loop
      vertex 37.4767 -39.1767 0
      vertex 37.2548 -39.1621 2
      vertex 37.4767 -39.1767 2
    endloop
  endfacet
  facet normal 0.0656534 0.997842 0
    outer loop
      vertex 37.2548 -39.1621 2
      vertex 37.4767 -39.1767 0
      vertex 37.2548 -39.1621 0
    endloop
  endfacet
  facet normal 0.32108 0.947052 -0
    outer loop
      vertex 37.0367 -39.1187 0
      vertex 36.8261 -39.0473 2
      vertex 37.0367 -39.1187 2
    endloop
  endfacet
  facet normal 0.32108 0.947052 0
    outer loop
      vertex 36.8261 -39.0473 2
      vertex 37.0367 -39.1187 0
      vertex 36.8261 -39.0473 0
    endloop
  endfacet
  facet normal -0.195165 0.98077 0
    outer loop
      vertex 37.9167 -39.1187 0
      vertex 37.6986 -39.1621 2
      vertex 37.9167 -39.1187 2
    endloop
  endfacet
  facet normal -0.195165 0.98077 0
    outer loop
      vertex 37.6986 -39.1621 2
      vertex 37.9167 -39.1187 0
      vertex 37.6986 -39.1621 0
    endloop
  endfacet
  facet normal 0.98077 0.195165 0
    outer loop
      vertex 35.8346 -37.9167 2
      vertex 35.7912 -37.6986 0
      vertex 35.7912 -37.6986 2
    endloop
  endfacet
  facet normal 0.98077 0.195165 0
    outer loop
      vertex 35.7912 -37.6986 0
      vertex 35.8346 -37.9167 2
      vertex 35.8346 -37.9167 0
    endloop
  endfacet
  facet normal 0.831358 0.555737 0
    outer loop
      vertex 36.128 -38.5116 2
      vertex 36.0044 -38.3267 0
      vertex 36.0044 -38.3267 2
    endloop
  endfacet
  facet normal 0.831358 0.555737 0
    outer loop
      vertex 36.0044 -38.3267 0
      vertex 36.128 -38.5116 2
      vertex 36.128 -38.5116 0
    endloop
  endfacet
  facet normal 0.946915 -0.321484 0
    outer loop
      vertex 35.8346 -37.0367 2
      vertex 35.9061 -36.8261 0
      vertex 35.9061 -36.8261 2
    endloop
  endfacet
  facet normal 0.946915 -0.321484 0
    outer loop
      vertex 35.9061 -36.8261 0
      vertex 35.8346 -37.0367 2
      vertex 35.8346 -37.0367 0
    endloop
  endfacet
  facet normal 0.98077 -0.195165 0
    outer loop
      vertex 35.7912 -37.2548 2
      vertex 35.8346 -37.0367 0
      vertex 35.8346 -37.0367 2
    endloop
  endfacet
  facet normal 0.98077 -0.195165 0
    outer loop
      vertex 35.8346 -37.0367 0
      vertex 35.7912 -37.2548 2
      vertex 35.7912 -37.2548 0
    endloop
  endfacet
  facet normal 0.751908 -0.659268 0
    outer loop
      vertex 36.128 -36.4418 2
      vertex 36.2746 -36.2746 0
      vertex 36.2746 -36.2746 2
    endloop
  endfacet
  facet normal 0.751908 -0.659268 0
    outer loop
      vertex 36.2746 -36.2746 0
      vertex 36.128 -36.4418 2
      vertex 36.128 -36.4418 0
    endloop
  endfacet
  facet normal -0.896842 0.442352 0
    outer loop
      vertex 38.9489 -38.3267 0
      vertex 39.0473 -38.1272 2
      vertex 39.0473 -38.1272 0
    endloop
  endfacet
  facet normal -0.896842 0.442352 0
    outer loop
      vertex 39.0473 -38.1272 2
      vertex 38.9489 -38.3267 0
      vertex 38.9489 -38.3267 2
    endloop
  endfacet
  facet normal 0.555426 0.831566 -0
    outer loop
      vertex 36.6267 -38.9489 0
      vertex 36.4418 -38.8254 2
      vertex 36.6267 -38.9489 2
    endloop
  endfacet
  facet normal 0.555426 0.831566 0
    outer loop
      vertex 36.4418 -38.8254 2
      vertex 36.6267 -38.9489 0
      vertex 36.4418 -38.8254 0
    endloop
  endfacet
  facet normal -0.0656534 0.997842 0
    outer loop
      vertex 37.6986 -39.1621 0
      vertex 37.4767 -39.1767 2
      vertex 37.6986 -39.1621 2
    endloop
  endfacet
  facet normal -0.0656534 0.997842 0
    outer loop
      vertex 37.4767 -39.1767 2
      vertex 37.6986 -39.1621 0
      vertex 37.4767 -39.1767 0
    endloop
  endfacet
  facet normal 0.195165 0.98077 -0
    outer loop
      vertex 37.2548 -39.1621 0
      vertex 37.0367 -39.1187 2
      vertex 37.2548 -39.1621 2
    endloop
  endfacet
  facet normal 0.195165 0.98077 0
    outer loop
      vertex 37.0367 -39.1187 2
      vertex 37.2548 -39.1621 0
      vertex 37.0367 -39.1187 0
    endloop
  endfacet
  facet normal -0.555426 0.831566 0
    outer loop
      vertex 38.5116 -38.8254 0
      vertex 38.3267 -38.9489 2
      vertex 38.5116 -38.8254 2
    endloop
  endfacet
  facet normal -0.555426 0.831566 0
    outer loop
      vertex 38.3267 -38.9489 2
      vertex 38.5116 -38.8254 0
      vertex 38.3267 -38.9489 0
    endloop
  endfacet
  facet normal -0.321217 0.947006 0
    outer loop
      vertex 38.1272 -39.0473 0
      vertex 37.9167 -39.1187 2
      vertex 38.1272 -39.0473 2
    endloop
  endfacet
  facet normal -0.321217 0.947006 0
    outer loop
      vertex 37.9167 -39.1187 2
      vertex 38.1272 -39.0473 0
      vertex 37.9167 -39.1187 0
    endloop
  endfacet
  facet normal 0.946869 0.32162 0
    outer loop
      vertex 35.9061 -38.1272 2
      vertex 35.8346 -37.9167 0
      vertex 35.8346 -37.9167 2
    endloop
  endfacet
  facet normal 0.946869 0.32162 0
    outer loop
      vertex 35.8346 -37.9167 0
      vertex 35.9061 -38.1272 2
      vertex 35.9061 -38.1272 0
    endloop
  endfacet
  facet normal 0.999658 0.0261613 0
    outer loop
      vertex 56 0 2
      vertex 55.9233 2.93081 0
      vertex 55.9233 2.93081 2
    endloop
  endfacet
  facet normal 0.999658 0.0261613 0
    outer loop
      vertex 55.9233 2.93081 0
      vertex 56 0 2
      vertex 56 0 0
    endloop
  endfacet
  facet normal -0.999658 0.0261613 0
    outer loop
      vertex -56 0 0
      vertex -55.9233 2.93081 2
      vertex -55.9233 2.93081 0
    endloop
  endfacet
  facet normal -0.999658 0.0261613 0
    outer loop
      vertex -55.9233 2.93081 2
      vertex -56 0 0
      vertex -56 0 2
    endloop
  endfacet
  facet normal 0.0261613 0.999658 -0
    outer loop
      vertex 2.93081 55.9233 0
      vertex 0 56 2
      vertex 2.93081 55.9233 2
    endloop
  endfacet
  facet normal 0.0261613 0.999658 0
    outer loop
      vertex 0 56 2
      vertex 2.93081 55.9233 0
      vertex 0 56 0
    endloop
  endfacet
  facet normal -0.0261613 -0.999658 0
    outer loop
      vertex -2.93081 -55.9233 0
      vertex 0 -56 2
      vertex -2.93081 -55.9233 2
    endloop
  endfacet
  facet normal -0.0261613 -0.999658 -0
    outer loop
      vertex 0 -56 2
      vertex -2.93081 -55.9233 0
      vertex 0 -56 0
    endloop
  endfacet
  facet normal 0.725385 0.688343 0
    outer loop
      vertex 41.6161 37.4713 2
      vertex 39.598 39.598 0
      vertex 39.598 39.598 2
    endloop
  endfacet
  facet normal 0.725385 0.688343 0
    outer loop
      vertex 39.598 39.598 0
      vertex 41.6161 37.4713 2
      vertex 41.6161 37.4713 0
    endloop
  endfacet
  facet normal -0.688343 0.725385 0
    outer loop
      vertex -37.4713 41.6161 0
      vertex -39.598 39.598 2
      vertex -37.4713 41.6161 2
    endloop
  endfacet
  facet normal -0.688343 0.725385 0
    outer loop
      vertex -39.598 39.598 2
      vertex -37.4713 41.6161 0
      vertex -39.598 39.598 0
    endloop
  endfacet
  facet normal -0.382689 0.923877 0
    outer loop
      vertex -20.0686 52.2805 0
      vertex -22.7773 51.1585 2
      vertex -20.0686 52.2805 2
    endloop
  endfacet
  facet normal -0.382689 0.923877 0
    outer loop
      vertex -22.7773 51.1585 2
      vertex -20.0686 52.2805 0
      vertex -22.7773 51.1585 0
    endloop
  endfacet
  facet normal 0.923877 0.382689 0
    outer loop
      vertex 52.2805 20.0686 2
      vertex 51.1585 22.7773 0
      vertex 51.1585 22.7773 2
    endloop
  endfacet
  facet normal 0.923877 0.382689 0
    outer loop
      vertex 51.1585 22.7773 0
      vertex 52.2805 20.0686 2
      vertex 52.2805 20.0686 0
    endloop
  endfacet
  facet normal 0.430491 0.902595 -0
    outer loop
      vertex 25.4235 49.8964 0
      vertex 22.7773 51.1585 2
      vertex 25.4235 49.8964 2
    endloop
  endfacet
  facet normal 0.430491 0.902595 0
    outer loop
      vertex 22.7773 51.1585 2
      vertex 25.4235 49.8964 0
      vertex 22.7773 51.1585 0
    endloop
  endfacet
  facet normal 0.608777 0.793341 -0
    outer loop
      vertex 35.2419 43.5202 0
      vertex 32.916 45.305 2
      vertex 35.2419 43.5202 2
    endloop
  endfacet
  facet normal 0.608777 0.793341 0
    outer loop
      vertex 32.916 45.305 2
      vertex 35.2419 43.5202 0
      vertex 32.916 45.305 0
    endloop
  endfacet
  facet normal -0.902595 0.430491 0
    outer loop
      vertex -51.1585 22.7773 0
      vertex -49.8964 25.4235 2
      vertex -49.8964 25.4235 0
    endloop
  endfacet
  facet normal -0.902595 0.430491 0
    outer loop
      vertex -49.8964 25.4235 2
      vertex -51.1585 22.7773 0
      vertex -51.1585 22.7773 2
    endloop
  endfacet
  facet normal -0.182206 0.98326 0
    outer loop
      vertex -8.76033 55.3105 0
      vertex -11.6431 54.7763 2
      vertex -8.76033 55.3105 2
    endloop
  endfacet
  facet normal -0.182206 0.98326 0
    outer loop
      vertex -11.6431 54.7763 2
      vertex -8.76033 55.3105 0
      vertex -11.6431 54.7763 0
    endloop
  endfacet
  facet normal 0.98326 0.182206 0
    outer loop
      vertex 55.3105 8.76033 2
      vertex 54.7763 11.6431 0
      vertex 54.7763 11.6431 2
    endloop
  endfacet
  facet normal 0.98326 0.182206 0
    outer loop
      vertex 54.7763 11.6431 0
      vertex 55.3105 8.76033 2
      vertex 55.3105 8.76033 0
    endloop
  endfacet
  facet normal 0.996915 0.0784836 0
    outer loop
      vertex 55.9233 2.93081 2
      vertex 55.6932 5.85359 0
      vertex 55.6932 5.85359 2
    endloop
  endfacet
  facet normal 0.996915 0.0784836 0
    outer loop
      vertex 55.6932 5.85359 0
      vertex 55.9233 2.93081 2
      vertex 55.9233 2.93081 0
    endloop
  endfacet
  facet normal 0.824128 0.566404 0
    outer loop
      vertex 46.9656 30.4998 2
      vertex 45.305 32.916 0
      vertex 45.305 32.916 2
    endloop
  endfacet
  facet normal 0.824128 0.566404 0
    outer loop
      vertex 45.305 32.916 0
      vertex 46.9656 30.4998 2
      vertex 46.9656 30.4998 0
    endloop
  endfacet
  facet normal 0.878806 0.477178 0
    outer loop
      vertex 49.8964 25.4235 2
      vertex 48.4974 28 0
      vertex 48.4974 28 2
    endloop
  endfacet
  facet normal 0.878806 0.477178 0
    outer loop
      vertex 48.4974 28 0
      vertex 49.8964 25.4235 2
      vertex 49.8964 25.4235 0
    endloop
  endfacet
  facet normal 0.233472 0.972363 -0
    outer loop
      vertex 14.4939 54.0918 0
      vertex 11.6431 54.7763 2
      vertex 14.4939 54.0918 2
    endloop
  endfacet
  facet normal 0.233472 0.972363 0
    outer loop
      vertex 11.6431 54.7763 2
      vertex 14.4939 54.0918 0
      vertex 11.6431 54.7763 0
    endloop
  endfacet
  facet normal 0.688343 0.725385 -0
    outer loop
      vertex 39.598 39.598 0
      vertex 37.4713 41.6161 2
      vertex 39.598 39.598 2
    endloop
  endfacet
  facet normal 0.688343 0.725385 0
    outer loop
      vertex 37.4713 41.6161 2
      vertex 39.598 39.598 0
      vertex 37.4713 41.6161 0
    endloop
  endfacet
  facet normal -0.972363 0.233472 0
    outer loop
      vertex -54.7763 11.6431 0
      vertex -54.0918 14.4939 2
      vertex -54.0918 14.4939 0
    endloop
  endfacet
  facet normal -0.972363 0.233472 0
    outer loop
      vertex -54.0918 14.4939 2
      vertex -54.7763 11.6431 0
      vertex -54.7763 11.6431 2
    endloop
  endfacet
  facet normal -0.793341 0.608777 0
    outer loop
      vertex -45.305 32.916 0
      vertex -43.5202 35.2419 2
      vertex -43.5202 35.2419 0
    endloop
  endfacet
  facet normal -0.793341 0.608777 0
    outer loop
      vertex -43.5202 35.2419 2
      vertex -45.305 32.916 0
      vertex -45.305 32.916 2
    endloop
  endfacet
  facet normal -0.725385 0.688343 0
    outer loop
      vertex -41.6161 37.4713 0
      vertex -39.598 39.598 2
      vertex -39.598 39.598 0
    endloop
  endfacet
  facet normal -0.725385 0.688343 0
    outer loop
      vertex -39.598 39.598 2
      vertex -41.6161 37.4713 0
      vertex -41.6161 37.4713 2
    endloop
  endfacet
  facet normal -0.566404 0.824128 0
    outer loop
      vertex -30.4998 46.9656 0
      vertex -32.916 45.305 2
      vertex -30.4998 46.9656 2
    endloop
  endfacet
  facet normal -0.566404 0.824128 0
    outer loop
      vertex -32.916 45.305 2
      vertex -30.4998 46.9656 0
      vertex -32.916 45.305 0
    endloop
  endfacet
  facet normal -0.0784836 0.996915 0
    outer loop
      vertex -2.93081 55.9233 0
      vertex -5.85359 55.6932 2
      vertex -2.93081 55.9233 2
    endloop
  endfacet
  facet normal -0.0784836 0.996915 0
    outer loop
      vertex -5.85359 55.6932 2
      vertex -2.93081 55.9233 0
      vertex -5.85359 55.6932 0
    endloop
  endfacet
  facet normal 0.972363 -0.233472 0
    outer loop
      vertex 54.0918 -14.4939 2
      vertex 54.7763 -11.6431 0
      vertex 54.7763 -11.6431 2
    endloop
  endfacet
  facet normal 0.972363 -0.233472 0
    outer loop
      vertex 54.7763 -11.6431 0
      vertex 54.0918 -14.4939 2
      vertex 54.0918 -14.4939 0
    endloop
  endfacet
  facet normal 0.566404 -0.824128 0
    outer loop
      vertex 30.4998 -46.9656 0
      vertex 32.916 -45.305 2
      vertex 30.4998 -46.9656 2
    endloop
  endfacet
  facet normal 0.566404 -0.824128 0
    outer loop
      vertex 32.916 -45.305 2
      vertex 30.4998 -46.9656 0
      vertex 32.916 -45.305 0
    endloop
  endfacet
  facet normal 0.793341 -0.608777 0
    outer loop
      vertex 43.5202 -35.2419 2
      vertex 45.305 -32.916 0
      vertex 45.305 -32.916 2
    endloop
  endfacet
  facet normal 0.793341 -0.608777 0
    outer loop
      vertex 45.305 -32.916 0
      vertex 43.5202 -35.2419 2
      vertex 43.5202 -35.2419 0
    endloop
  endfacet
  facet normal 0.923877 -0.382689 0
    outer loop
      vertex 51.1585 -22.7773 2
      vertex 52.2805 -20.0686 0
      vertex 52.2805 -20.0686 2
    endloop
  endfacet
  facet normal 0.923877 -0.382689 0
    outer loop
      vertex 52.2805 -20.0686 0
      vertex 51.1585 -22.7773 2
      vertex 51.1585 -22.7773 0
    endloop
  endfacet
  facet normal 0.991444 -0.130533 0
    outer loop
      vertex 55.3105 -8.76033 2
      vertex 55.6932 -5.85359 0
      vertex 55.6932 -5.85359 2
    endloop
  endfacet
  facet normal 0.991444 -0.130533 0
    outer loop
      vertex 55.6932 -5.85359 0
      vertex 55.3105 -8.76033 2
      vertex 55.3105 -8.76033 0
    endloop
  endfacet
  facet normal -0.283988 -0.958828 0
    outer loop
      vertex -17.305 -53.2592 0
      vertex -14.4939 -54.0918 2
      vertex -17.305 -53.2592 2
    endloop
  endfacet
  facet normal -0.283988 -0.958828 -0
    outer loop
      vertex -14.4939 -54.0918 2
      vertex -17.305 -53.2592 0
      vertex -14.4939 -54.0918 0
    endloop
  endfacet
  facet normal -0.649451 -0.760404 0
    outer loop
      vertex -37.4713 -41.6161 0
      vertex -35.2419 -43.5202 2
      vertex -37.4713 -41.6161 2
    endloop
  endfacet
  facet normal -0.649451 -0.760404 -0
    outer loop
      vertex -35.2419 -43.5202 2
      vertex -37.4713 -41.6161 0
      vertex -35.2419 -43.5202 0
    endloop
  endfacet
  facet normal -0.688343 -0.725385 0
    outer loop
      vertex -39.598 -39.598 0
      vertex -37.4713 -41.6161 2
      vertex -39.598 -39.598 2
    endloop
  endfacet
  facet normal -0.688343 -0.725385 -0
    outer loop
      vertex -37.4713 -41.6161 2
      vertex -39.598 -39.598 0
      vertex -37.4713 -41.6161 0
    endloop
  endfacet
  facet normal -0.430491 -0.902595 0
    outer loop
      vertex -25.4235 -49.8964 0
      vertex -22.7773 -51.1585 2
      vertex -25.4235 -49.8964 2
    endloop
  endfacet
  facet normal -0.430491 -0.902595 -0
    outer loop
      vertex -22.7773 -51.1585 2
      vertex -25.4235 -49.8964 0
      vertex -22.7773 -51.1585 0
    endloop
  endfacet
  facet normal -0.852652 -0.522479 0
    outer loop
      vertex -46.9656 -30.4998 0
      vertex -48.4974 -28 2
      vertex -48.4974 -28 0
    endloop
  endfacet
  facet normal -0.852652 -0.522479 0
    outer loop
      vertex -48.4974 -28 2
      vertex -46.9656 -30.4998 0
      vertex -46.9656 -30.4998 2
    endloop
  endfacet
  facet normal -0.923877 -0.382689 0
    outer loop
      vertex -51.1585 -22.7773 0
      vertex -52.2805 -20.0686 2
      vertex -52.2805 -20.0686 0
    endloop
  endfacet
  facet normal -0.923877 -0.382689 0
    outer loop
      vertex -52.2805 -20.0686 2
      vertex -51.1585 -22.7773 0
      vertex -51.1585 -22.7773 2
    endloop
  endfacet
  facet normal 0 0 -1
    outer loop
      vertex -31.4491 -34.9278 0
      vertex -35.7912 -37.6986 0
      vertex -35.7767 -37.4767 0
    endloop
  endfacet
  facet normal 0 0 -1
    outer loop
      vertex -29.5781 -36.5259 0
      vertex -35.8346 -37.9167 0
      vertex -35.7912 -37.6986 0
    endloop
  endfacet
  facet normal 0 0 -1
    outer loop
      vertex -29.5781 -36.5259 0
      vertex -35.9061 -38.1272 0
      vertex -35.8346 -37.9167 0
    endloop
  endfacet
  facet normal 0 0 -1
    outer loop
      vertex -29.5781 -36.5259 0
      vertex -36.0044 -38.3267 0
      vertex -35.9061 -38.1272 0
    endloop
  endfacet
  facet normal 0 0 -1
    outer loop
      vertex -35.2419 -43.5202 0
      vertex -36.128 -38.5116 0
      vertex -36.0044 -38.3267 0
    endloop
  endfacet
  facet normal 0 0 -1
    outer loop
      vertex -35.2419 -43.5202 0
      vertex -36.2746 -38.6787 0
      vertex -36.128 -38.5116 0
    endloop
  endfacet
  facet normal 0 0 -1
    outer loop
      vertex -35.2419 -43.5202 0
      vertex -36.4418 -38.8254 0
      vertex -36.2746 -38.6787 0
    endloop
  endfacet
  facet normal 0 0 -1
    outer loop
      vertex -37.4713 -41.6161 0
      vertex -36.4418 -38.8254 0
      vertex -35.2419 -43.5202 0
    endloop
  endfacet
  facet normal 0 0 -1
    outer loop
      vertex -36.4418 -38.8254 0
      vertex -37.4713 -41.6161 0
      vertex -36.6267 -38.9489 0
    endloop
  endfacet
  facet normal 0 0 -1
    outer loop
      vertex -36.6267 -38.9489 0
      vertex -37.4713 -41.6161 0
      vertex -36.8261 -39.0473 0
    endloop
  endfacet
  facet normal 0 0 -1
    outer loop
      vertex -36.8261 -39.0473 0
      vertex -37.4713 -41.6161 0
      vertex -37.0367 -39.1187 0
    endloop
  endfacet
  facet normal 0 0 -1
    outer loop
      vertex -37.0367 -39.1187 0
      vertex -37.4713 -41.6161 0
      vertex -37.2548 -39.1621 0
    endloop
  endfacet
  facet normal 0 0 -1
    outer loop
      vertex -37.4713 -41.6161 0
      vertex -37.4767 -39.1767 0
      vertex -37.2548 -39.1621 0
    endloop
  endfacet
  facet normal 0 0 -1
    outer loop
      vertex -37.4713 -41.6161 0
      vertex -37.6986 -39.1621 0
      vertex -37.4767 -39.1767 0
    endloop
  endfacet
  facet normal 0 0 -1
    outer loop
      vertex -37.4713 -41.6161 0
      vertex -37.9167 -39.1187 0
      vertex -37.6986 -39.1621 0
    endloop
  endfacet
  facet normal 0 0 -1
    outer loop
      vertex -39.598 -39.598 0
      vertex -37.9167 -39.1187 0
      vertex -37.4713 -41.6161 0
    endloop
  endfacet
  facet normal -0 0 -1
    outer loop
      vertex -37.9167 -39.1187 0
      vertex -39.598 -39.598 0
      vertex -38.1272 -39.0473 0
    endloop
  endfacet
  facet normal -0 0 -1
    outer loop
      vertex -38.1272 -39.0473 0
      vertex -39.598 -39.598 0
      vertex -38.3267 -38.9489 0
    endloop
  endfacet
  facet normal -0 0 -1
    outer loop
      vertex -38.3267 -38.9489 0
      vertex -39.598 -39.598 0
      vertex -38.5116 -38.8254 0
    endloop
  endfacet
  facet normal -0 0 -1
    outer loop
      vertex -38.5116 -38.8254 0
      vertex -39.598 -39.598 0
      vertex -38.6787 -38.6787 0
    endloop
  endfacet
  facet normal -0 0 -1
    outer loop
      vertex -38.6787 -38.6787 0
      vertex -39.598 -39.598 0
      vertex -38.8254 -38.5116 0
    endloop
  endfacet
  facet normal -0 0 -1
    outer loop
      vertex -38.8254 -38.5116 0
      vertex -39.598 -39.598 0
      vertex -38.9489 -38.3267 0
    endloop
  endfacet
  facet normal -0 0 -1
    outer loop
      vertex -38.9489 -38.3267 0
      vertex -39.598 -39.598 0
      vertex -39.0473 -38.1272 0
    endloop
  endfacet
  facet normal 0 0 -1
    outer loop
      vertex -39.598 -39.598 0
      vertex -39.1187 -37.9167 0
      vertex -39.0473 -38.1272 0
    endloop
  endfacet
  facet normal 0 0 -1
    outer loop
      vertex -41.6161 -37.4713 0
      vertex -39.1187 -37.9167 0
      vertex -39.598 -39.598 0
    endloop
  endfacet
  facet normal 0 0 -1
    outer loop
      vertex -39.1187 -37.9167 0
      vertex -41.6161 -37.4713 0
      vertex -39.1621 -37.6986 0
    endloop
  endfacet
  facet normal 0 0 -1
    outer loop
      vertex -39.1767 -37.4767 0
      vertex -41.6161 -37.4713 0
      vertex -39.1621 -37.2548 0
    endloop
  endfacet
  facet normal 0 0 -1
    outer loop
      vertex -43.5202 -35.2419 0
      vertex -39.1621 -37.2548 0
      vertex -41.6161 -37.4713 0
    endloop
  endfacet
  facet normal 0 0 -1
    outer loop
      vertex -39.1621 -37.2548 0
      vertex -43.5202 -35.2419 0
      vertex -39.4175 -25.598 0
    endloop
  endfacet
  facet normal 0 0 -1
    outer loop
      vertex -45.305 -32.916 0
      vertex -39.4175 -25.598 0
      vertex -43.5202 -35.2419 0
    endloop
  endfacet
  facet normal 0 0 -1
    outer loop
      vertex -46.9656 -30.4998 0
      vertex -39.4175 -25.598 0
      vertex -45.305 -32.916 0
    endloop
  endfacet
  facet normal -0 0 -1
    outer loop
      vertex -39.4175 -25.598 0
      vertex -46.9656 -30.4998 0
      vertex -40.7032 -23.5 0
    endloop
  endfacet
  facet normal 0 0 -1
    outer loop
      vertex -48.4974 -28 0
      vertex -40.7032 -23.5 0
      vertex -46.9656 -30.4998 0
    endloop
  endfacet
  facet normal -0 0 -1
    outer loop
      vertex -40.7032 -23.5 0
      vertex -48.4974 -28 0
      vertex -41.8773 -21.3376 0
    endloop
  endfacet
  facet normal 0 0 -1
    outer loop
      vertex -49.8964 -25.4235 0
      vertex -41.8773 -21.3376 0
      vertex -48.4974 -28 0
    endloop
  endfacet
  facet normal -0 0 -1
    outer loop
      vertex -41.8773 -21.3376 0
      vertex -49.8964 -25.4235 0
      vertex -42.9366 -19.1166 0
    endloop
  endfacet
  facet normal 0 0 -1
    outer loop
      vertex -51.1585 -22.7773 0
      vertex -42.9366 -19.1166 0
      vertex -49.8964 -25.4235 0
    endloop
  endfacet
  facet normal -0 0 -1
    outer loop
      vertex -42.9366 -19.1166 0
      vertex -51.1585 -22.7773 0
      vertex -43.8783 -16.8433 0
    endloop
  endfacet
  facet normal 0 0 -1
    outer loop
      vertex -52.2805 -20.0686 0
      vertex -43.8783 -16.8433 0
      vertex -51.1585 -22.7773 0
    endloop
  endfacet
  facet normal -0 0 -1
    outer loop
      vertex -43.8783 -16.8433 0
      vertex -52.2805 -20.0686 0
      vertex -44.6997 -14.5238 0
    endloop
  endfacet
  facet normal 0 0 -1
    outer loop
      vertex -53.2592 -17.305 0
      vertex -44.6997 -14.5238 0
      vertex -52.2805 -20.0686 0
    endloop
  endfacet
  facet normal -0 0 -1
    outer loop
      vertex -44.6997 -14.5238 0
      vertex -53.2592 -17.305 0
      vertex -45.3985 -12.1645 0
    endloop
  endfacet
  facet normal 0 0 -1
    outer loop
      vertex -54.0918 -14.4939 0
      vertex -45.3985 -12.1645 0
      vertex -53.2592 -17.305 0
    endloop
  endfacet
  facet normal 0 0 -1
    outer loop
      vertex -35.8346 37.9167 0
      vertex -29.5781 36.5259 0
      vertex -35.7912 37.6986 0
    endloop
  endfacet
  facet normal 0 0 -1
    outer loop
      vertex -35.9061 38.1272 0
      vertex -29.5781 36.5259 0
      vertex -35.8346 37.9167 0
    endloop
  endfacet
  facet normal 0 0 -1
    outer loop
      vertex -36.0044 38.3267 0
      vertex -29.5781 36.5259 0
      vertex -35.9061 38.1272 0
    endloop
  endfacet
  facet normal 0 0 -1
    outer loop
      vertex -29.5781 36.5259 0
      vertex -36.0044 38.3267 0
      vertex -35.2419 43.5202 0
    endloop
  endfacet
  facet normal 0 0 -1
    outer loop
      vertex -36.128 38.5116 0
      vertex -35.2419 43.5202 0
      vertex -36.0044 38.3267 0
    endloop
  endfacet
  facet normal 0 0 -1
    outer loop
      vertex -36.2746 38.6787 0
      vertex -35.2419 43.5202 0
      vertex -36.128 38.5116 0
    endloop
  endfacet
  facet normal 0 0 -1
    outer loop
      vertex -36.4418 38.8254 0
      vertex -35.2419 43.5202 0
      vertex -36.2746 38.6787 0
    endloop
  endfacet
  facet normal 0 0 -1
    outer loop
      vertex -37.4713 41.6161 0
      vertex -36.4418 38.8254 0
      vertex -36.6267 38.9489 0
    endloop
  endfacet
  facet normal 0 0 -1
    outer loop
      vertex -37.4713 41.6161 0
      vertex -36.6267 38.9489 0
      vertex -36.8261 39.0473 0
    endloop
  endfacet
  facet normal 0 0 -1
    outer loop
      vertex -37.4713 41.6161 0
      vertex -36.8261 39.0473 0
      vertex -37.0367 39.1187 0
    endloop
  endfacet
  facet normal 0 0 -1
    outer loop
      vertex -37.4713 41.6161 0
      vertex -37.0367 39.1187 0
      vertex -37.2548 39.1621 0
    endloop
  endfacet
  facet normal 0 0 -1
    outer loop
      vertex -36.4418 38.8254 0
      vertex -37.4713 41.6161 0
      vertex -35.2419 43.5202 0
    endloop
  endfacet
  facet normal 0 0 -1
    outer loop
      vertex -37.4767 39.1767 0
      vertex -37.4713 41.6161 0
      vertex -37.2548 39.1621 0
    endloop
  endfacet
  facet normal 0 0 -1
    outer loop
      vertex -37.6986 39.1621 0
      vertex -37.4713 41.6161 0
      vertex -37.4767 39.1767 0
    endloop
  endfacet
  facet normal 0 0 -1
    outer loop
      vertex -37.9167 39.1187 0
      vertex -37.4713 41.6161 0
      vertex -37.6986 39.1621 0
    endloop
  endfacet
  facet normal 0 0 -1
    outer loop
      vertex -39.598 39.598 0
      vertex -37.9167 39.1187 0
      vertex -38.1272 39.0473 0
    endloop
  endfacet
  facet normal 0 0 -1
    outer loop
      vertex -39.598 39.598 0
      vertex -38.1272 39.0473 0
      vertex -38.3267 38.9489 0
    endloop
  endfacet
  facet normal 0 0 -1
    outer loop
      vertex -39.598 39.598 0
      vertex -38.3267 38.9489 0
      vertex -38.5116 38.8254 0
    endloop
  endfacet
  facet normal 0 0 -1
    outer loop
      vertex -39.598 39.598 0
      vertex -38.5116 38.8254 0
      vertex -38.6787 38.6787 0
    endloop
  endfacet
  facet normal 0 0 -1
    outer loop
      vertex -39.598 39.598 0
      vertex -38.6787 38.6787 0
      vertex -38.8254 38.5116 0
    endloop
  endfacet
  facet normal 0 0 -1
    outer loop
      vertex -39.598 39.598 0
      vertex -38.8254 38.5116 0
      vertex -38.9489 38.3267 0
    endloop
  endfacet
  facet normal 0 0 -1
    outer loop
      vertex -39.598 39.598 0
      vertex -38.9489 38.3267 0
      vertex -39.0473 38.1272 0
    endloop
  endfacet
  facet normal 0 0 -1
    outer loop
      vertex -37.9167 39.1187 0
      vertex -39.598 39.598 0
      vertex -37.4713 41.6161 0
    endloop
  endfacet
  facet normal 0 0 -1
    outer loop
      vertex -39.1187 37.9167 0
      vertex -39.598 39.598 0
      vertex -39.0473 38.1272 0
    endloop
  endfacet
  facet normal 0 0 -1
    outer loop
      vertex -39.1621 37.6986 0
      vertex -39.598 39.598 0
      vertex -39.1187 37.9167 0
    endloop
  endfacet
  facet normal 0 0 -1
    outer loop
      vertex -39.1767 37.4767 0
      vertex -39.598 39.598 0
      vertex -39.1621 37.6986 0
    endloop
  endfacet
  facet normal 0 0 -1
    outer loop
      vertex -39.1621 37.2548 0
      vertex -39.598 39.598 0
      vertex -39.1767 37.4767 0
    endloop
  endfacet
  facet normal 0 0 -1
    outer loop
      vertex -46.9656 30.4998 0
      vertex -39.4175 25.598 0
      vertex -40.7032 23.5 0
    endloop
  endfacet
  facet normal 0 0 -1
    outer loop
      vertex -39.1621 37.2548 0
      vertex -41.6161 37.4713 0
      vertex -39.598 39.598 0
    endloop
  endfacet
  facet normal 0 0 -1
    outer loop
      vertex -48.4974 28 0
      vertex -40.7032 23.5 0
      vertex -41.8773 21.3376 0
    endloop
  endfacet
  facet normal 0 0 -1
    outer loop
      vertex -49.8964 25.4235 0
      vertex -41.8773 21.3376 0
      vertex -42.9366 19.1166 0
    endloop
  endfacet
  facet normal 0 0 -1
    outer loop
      vertex -39.1187 37.0367 0
      vertex -41.6161 37.4713 0
      vertex -39.1621 37.2548 0
    endloop
  endfacet
  facet normal 0 0 -1
    outer loop
      vertex -51.1585 22.7773 0
      vertex -42.9366 19.1166 0
      vertex -43.8783 16.8433 0
    endloop
  endfacet
  facet normal 0 0 -1
    outer loop
      vertex -52.2805 20.0686 0
      vertex -43.8783 16.8433 0
      vertex -44.6997 14.5238 0
    endloop
  endfacet
  facet normal 0 0 -1
    outer loop
      vertex -39.4175 25.598 0
      vertex -45.305 32.916 0
      vertex -43.5202 35.2419 0
    endloop
  endfacet
  facet normal 0 0 -1
    outer loop
      vertex -53.2592 17.305 0
      vertex -44.6997 14.5238 0
      vertex -45.3985 12.1645 0
    endloop
  endfacet
  facet normal 0 0 -1
    outer loop
      vertex -54.0918 14.4939 0
      vertex -45.3985 12.1645 0
      vertex -45.9729 9.77185 0
    endloop
  endfacet
  facet normal 0 0 -1
    outer loop
      vertex -54.7763 11.6431 0
      vertex -45.9729 9.77185 0
      vertex -46.4214 7.35242 0
    endloop
  endfacet
  facet normal 0 0 -1
    outer loop
      vertex -55.3105 8.76033 0
      vertex -46.4214 7.35242 0
      vertex -46.7425 4.91284 0
    endloop
  endfacet
  facet normal 0 0 -1
    outer loop
      vertex -55.6932 5.85359 0
      vertex -46.7425 4.91284 0
      vertex -46.9356 2.45979 0
    endloop
  endfacet
  facet normal 0 0 -1
    outer loop
      vertex -39.4175 25.598 0
      vertex -46.9656 30.4998 0
      vertex -45.305 32.916 0
    endloop
  endfacet
  facet normal 0 0 -1
    outer loop
      vertex -55.9233 2.93081 0
      vertex -46.9356 2.45979 0
      vertex -47 0 0
    endloop
  endfacet
  facet normal -0 0 -1
    outer loop
      vertex -45.3985 -12.1645 0
      vertex -54.0918 -14.4939 0
      vertex -45.9729 -9.77185 0
    endloop
  endfacet
  facet normal 0 0 -1
    outer loop
      vertex -40.7032 23.5 0
      vertex -48.4974 28 0
      vertex -46.9656 30.4998 0
    endloop
  endfacet
  facet normal 0 0 -1
    outer loop
      vertex -54.7763 -11.6431 0
      vertex -45.9729 -9.77185 0
      vertex -54.0918 -14.4939 0
    endloop
  endfacet
  facet normal 0 0 -1
    outer loop
      vertex -41.8773 21.3376 0
      vertex -49.8964 25.4235 0
      vertex -48.4974 28 0
    endloop
  endfacet
  facet normal -0 0 -1
    outer loop
      vertex -45.9729 -9.77185 0
      vertex -54.7763 -11.6431 0
      vertex -46.4214 -7.35242 0
    endloop
  endfacet
  facet normal 0 0 -1
    outer loop
      vertex -42.9366 19.1166 0
      vertex -51.1585 22.7773 0
      vertex -49.8964 25.4235 0
    endloop
  endfacet
  facet normal 0 0 -1
    outer loop
      vertex -55.3105 -8.76033 0
      vertex -46.4214 -7.35242 0
      vertex -54.7763 -11.6431 0
    endloop
  endfacet
  facet normal 0 0 -1
    outer loop
      vertex -43.8783 16.8433 0
      vertex -52.2805 20.0686 0
      vertex -51.1585 22.7773 0
    endloop
  endfacet
  facet normal -0 0 -1
    outer loop
      vertex -46.4214 -7.35242 0
      vertex -55.3105 -8.76033 0
      vertex -46.7425 -4.91284 0
    endloop
  endfacet
  facet normal 0 0 -1
    outer loop
      vertex -44.6997 14.5238 0
      vertex -53.2592 17.305 0
      vertex -52.2805 20.0686 0
    endloop
  endfacet
  facet normal 0 0 -1
    outer loop
      vertex -55.6932 -5.85359 0
      vertex -46.7425 -4.91284 0
      vertex -55.3105 -8.76033 0
    endloop
  endfacet
  facet normal 0 0 -1
    outer loop
      vertex -45.3985 12.1645 0
      vertex -54.0918 14.4939 0
      vertex -53.2592 17.305 0
    endloop
  endfacet
  facet normal -0 0 -1
    outer loop
      vertex -46.7425 -4.91284 0
      vertex -55.6932 -5.85359 0
      vertex -46.9356 -2.45979 0
    endloop
  endfacet
  facet normal 0 0 -1
    outer loop
      vertex -45.9729 9.77185 0
      vertex -54.7763 11.6431 0
      vertex -54.0918 14.4939 0
    endloop
  endfacet
  facet normal 0 0 -1
    outer loop
      vertex -55.9233 -2.93081 0
      vertex -46.9356 -2.45979 0
      vertex -55.6932 -5.85359 0
    endloop
  endfacet
  facet normal 0 0 -1
    outer loop
      vertex -46.4214 7.35242 0
      vertex -55.3105 8.76033 0
      vertex -54.7763 11.6431 0
    endloop
  endfacet
  facet normal -0 0 -1
    outer loop
      vertex -46.9356 -2.45979 0
      vertex -55.9233 -2.93081 0
      vertex -47 0 0
    endloop
  endfacet
  facet normal 0 0 -1
    outer loop
      vertex -46.7425 4.91284 0
      vertex -55.6932 5.85359 0
      vertex -55.3105 8.76033 0
    endloop
  endfacet
  facet normal 0 0 -1
    outer loop
      vertex -56 0 0
      vertex -47 0 0
      vertex -55.9233 -2.93081 0
    endloop
  endfacet
  facet normal 0 0 -1
    outer loop
      vertex -46.9356 2.45979 0
      vertex -55.9233 2.93081 0
      vertex -55.6932 5.85359 0
    endloop
  endfacet
  facet normal 0 0 -1
    outer loop
      vertex -47 0 0
      vertex -56 0 0
      vertex -55.9233 2.93081 0
    endloop
  endfacet
  facet normal -0 0 -1
    outer loop
      vertex 41.6161 37.4713 0
      vertex 39.1621 37.2548 0
      vertex 39.1767 37.4767 0
    endloop
  endfacet
  facet normal 0 0 -1
    outer loop
      vertex 43.5202 35.2419 0
      vertex 39.1187 37.0367 0
      vertex 39.1621 37.2548 0
    endloop
  endfacet
  facet normal 0 0 -1
    outer loop
      vertex 43.5202 35.2419 0
      vertex 39.0473 36.8261 0
      vertex 39.1187 37.0367 0
    endloop
  endfacet
  facet normal 0 0 -1
    outer loop
      vertex 43.5202 35.2419 0
      vertex 38.9489 36.6267 0
      vertex 39.0473 36.8261 0
    endloop
  endfacet
  facet normal 0 0 -1
    outer loop
      vertex 43.5202 35.2419 0
      vertex 38.8254 36.4418 0
      vertex 38.9489 36.6267 0
    endloop
  endfacet
  facet normal 0 0 -1
    outer loop
      vertex 36.5259 29.5781 0
      vertex 43.5202 35.2419 0
      vertex 38.0238 27.6259 0
    endloop
  endfacet
  facet normal 0 0 -1
    outer loop
      vertex 43.5202 35.2419 0
      vertex 38.6787 36.2746 0
      vertex 38.8254 36.4418 0
    endloop
  endfacet
  facet normal 0 0 -1
    outer loop
      vertex 43.5202 35.2419 0
      vertex 38.5116 36.128 0
      vertex 38.6787 36.2746 0
    endloop
  endfacet
  facet normal 0 0 -1
    outer loop
      vertex 43.5202 35.2419 0
      vertex 38.3267 36.0044 0
      vertex 38.5116 36.128 0
    endloop
  endfacet
  facet normal -0 0 -1
    outer loop
      vertex 43.5202 35.2419 0
      vertex 36.5259 29.5781 0
      vertex 38.3267 36.0044 0
    endloop
  endfacet
  facet normal 0 0 -1
    outer loop
      vertex 38.3267 36.0044 0
      vertex 36.5259 29.5781 0
      vertex 38.1272 35.9061 0
    endloop
  endfacet
  facet normal 0 0 -1
    outer loop
      vertex 38.1272 35.9061 0
      vertex 36.5259 29.5781 0
      vertex 37.9167 35.8346 0
    endloop
  endfacet
  facet normal 0 0 -1
    outer loop
      vertex 37.9167 35.8346 0
      vertex 36.5259 29.5781 0
      vertex 37.6986 35.7912 0
    endloop
  endfacet
  facet normal 0 0 -1
    outer loop
      vertex 34.9278 31.4491 0
      vertex 37.6986 35.7912 0
      vertex 36.5259 29.5781 0
    endloop
  endfacet
  facet normal 0 0 -1
    outer loop
      vertex 37.6986 35.7912 0
      vertex 34.9278 31.4491 0
      vertex 37.4767 35.7767 0
    endloop
  endfacet
  facet normal -0 0 -1
    outer loop
      vertex 37.4767 35.7767 0
      vertex 34.9278 31.4491 0
      vertex 37.2548 35.7912 0
    endloop
  endfacet
  facet normal -0 0 -1
    outer loop
      vertex 37.2548 35.7912 0
      vertex 34.9278 31.4491 0
      vertex 37.0367 35.8346 0
    endloop
  endfacet
  facet normal -0 0 -1
    outer loop
      vertex 37.0367 35.8346 0
      vertex 34.9278 31.4491 0
      vertex 36.8261 35.9061 0
    endloop
  endfacet
  facet normal -0 0 -1
    outer loop
      vertex 36.8261 35.9061 0
      vertex 34.9278 31.4491 0
      vertex 36.6267 36.0044 0
    endloop
  endfacet
  facet normal 0 0 -1
    outer loop
      vertex 33.234 33.234 0
      vertex 36.6267 36.0044 0
      vertex 34.9278 31.4491 0
    endloop
  endfacet
  facet normal -0 0 -1
    outer loop
      vertex 36.6267 36.0044 0
      vertex 33.234 33.234 0
      vertex 36.4418 36.128 0
    endloop
  endfacet
  facet normal -0 0 -1
    outer loop
      vertex 36.4418 36.128 0
      vertex 33.234 33.234 0
      vertex 36.2746 36.2746 0
    endloop
  endfacet
  facet normal -0 0 -1
    outer loop
      vertex 36.2746 36.2746 0
      vertex 33.234 33.234 0
      vertex 36.128 36.4418 0
    endloop
  endfacet
  facet normal -0 0 -1
    outer loop
      vertex 36.128 36.4418 0
      vertex 33.234 33.234 0
      vertex 36.0044 36.6267 0
    endloop
  endfacet
  facet normal 0 0 -1
    outer loop
      vertex 31.4491 34.9278 0
      vertex 36.0044 36.6267 0
      vertex 33.234 33.234 0
    endloop
  endfacet
  facet normal 0 0 -1
    outer loop
      vertex 31.4491 34.9278 0
      vertex 35.7767 37.4767 0
      vertex 35.7912 37.2548 0
    endloop
  endfacet
  facet normal -0 0 -1
    outer loop
      vertex 36.0044 36.6267 0
      vertex 31.4491 34.9278 0
      vertex 35.9061 36.8261 0
    endloop
  endfacet
  facet normal -0 0 -1
    outer loop
      vertex 35.9061 36.8261 0
      vertex 31.4491 34.9278 0
      vertex 35.8346 37.0367 0
    endloop
  endfacet
  facet normal -0 0 -1
    outer loop
      vertex 35.8346 37.0367 0
      vertex 31.4491 34.9278 0
      vertex 35.7912 37.2548 0
    endloop
  endfacet
  facet normal 0 0 -1
    outer loop
      vertex 35.7767 37.4767 0
      vertex 31.4491 34.9278 0
      vertex 29.5781 36.5259 0
    endloop
  endfacet
  facet normal -0 0 -1
    outer loop
      vertex 35.7767 37.4767 0
      vertex 29.5781 36.5259 0
      vertex 35.2419 43.5202 0
    endloop
  endfacet
  facet normal -0 0 -1
    outer loop
      vertex 35.2419 43.5202 0
      vertex 29.5781 36.5259 0
      vertex 32.916 45.305 0
    endloop
  endfacet
  facet normal 0 0 -1
    outer loop
      vertex 27.6259 38.0238 0
      vertex 32.916 45.305 0
      vertex 29.5781 36.5259 0
    endloop
  endfacet
  facet normal -0 0 -1
    outer loop
      vertex 32.916 45.305 0
      vertex 27.6259 38.0238 0
      vertex 30.4998 46.9656 0
    endloop
  endfacet
  facet normal 0 0 -1
    outer loop
      vertex 25.598 39.4175 0
      vertex 30.4998 46.9656 0
      vertex 27.6259 38.0238 0
    endloop
  endfacet
  facet normal -0 0 -1
    outer loop
      vertex 30.4998 46.9656 0
      vertex 25.598 39.4175 0
      vertex 28 48.4974 0
    endloop
  endfacet
  facet normal 0 0 -1
    outer loop
      vertex 23.5 40.7032 0
      vertex 28 48.4974 0
      vertex 25.598 39.4175 0
    endloop
  endfacet
  facet normal -0 0 -1
    outer loop
      vertex 28 48.4974 0
      vertex 23.5 40.7032 0
      vertex 25.4235 49.8964 0
    endloop
  endfacet
  facet normal 0 0 -1
    outer loop
      vertex 21.3376 41.8773 0
      vertex 25.4235 49.8964 0
      vertex 23.5 40.7032 0
    endloop
  endfacet
  facet normal -0 0 -1
    outer loop
      vertex 25.4235 49.8964 0
      vertex 21.3376 41.8773 0
      vertex 22.7773 51.1585 0
    endloop
  endfacet
  facet normal 0 0 -1
    outer loop
      vertex 19.1166 42.9366 0
      vertex 22.7773 51.1585 0
      vertex 21.3376 41.8773 0
    endloop
  endfacet
  facet normal -0 0 -1
    outer loop
      vertex 22.7773 51.1585 0
      vertex 19.1166 42.9366 0
      vertex 20.0686 52.2805 0
    endloop
  endfacet
  facet normal 0 0 -1
    outer loop
      vertex 16.8433 43.8783 0
      vertex 20.0686 52.2805 0
      vertex 19.1166 42.9366 0
    endloop
  endfacet
  facet normal -0 0 -1
    outer loop
      vertex 20.0686 52.2805 0
      vertex 16.8433 43.8783 0
      vertex 17.305 53.2592 0
    endloop
  endfacet
  facet normal 0 0 -1
    outer loop
      vertex 14.5238 44.6997 0
      vertex 17.305 53.2592 0
      vertex 16.8433 43.8783 0
    endloop
  endfacet
  facet normal 0 0 -1
    outer loop
      vertex 14.5238 44.6997 0
      vertex 14.4939 54.0918 0
      vertex 17.305 53.2592 0
    endloop
  endfacet
  facet normal 0 0 -1
    outer loop
      vertex 12.1645 45.3985 0
      vertex 14.4939 54.0918 0
      vertex 14.5238 44.6997 0
    endloop
  endfacet
  facet normal 0 0 -1
    outer loop
      vertex 12.1645 45.3985 0
      vertex 11.6431 54.7763 0
      vertex 14.4939 54.0918 0
    endloop
  endfacet
  facet normal 0 0 -1
    outer loop
      vertex 9.77185 45.9729 0
      vertex 11.6431 54.7763 0
      vertex 12.1645 45.3985 0
    endloop
  endfacet
  facet normal 0 0 -1
    outer loop
      vertex 9.77185 45.9729 0
      vertex 8.76033 55.3105 0
      vertex 11.6431 54.7763 0
    endloop
  endfacet
  facet normal 0 0 -1
    outer loop
      vertex 7.35242 46.4214 0
      vertex 8.76033 55.3105 0
      vertex 9.77185 45.9729 0
    endloop
  endfacet
  facet normal 0 0 -1
    outer loop
      vertex 7.35242 46.4214 0
      vertex 5.85359 55.6932 0
      vertex 8.76033 55.3105 0
    endloop
  endfacet
  facet normal 0 0 -1
    outer loop
      vertex 4.91284 46.7425 0
      vertex 5.85359 55.6932 0
      vertex 7.35242 46.4214 0
    endloop
  endfacet
  facet normal 0 0 -1
    outer loop
      vertex 4.91284 46.7425 0
      vertex 2.93081 55.9233 0
      vertex 5.85359 55.6932 0
    endloop
  endfacet
  facet normal 0 0 -1
    outer loop
      vertex 2.45979 46.9356 0
      vertex 2.93081 55.9233 0
      vertex 4.91284 46.7425 0
    endloop
  endfacet
  facet normal 0 0 -1
    outer loop
      vertex 0 47 0
      vertex 2.93081 55.9233 0
      vertex 2.45979 46.9356 0
    endloop
  endfacet
  facet normal 0 0 -1
    outer loop
      vertex 0 47 0
      vertex 0 56 0
      vertex 2.93081 55.9233 0
    endloop
  endfacet
  facet normal 0 0 -1
    outer loop
      vertex -2.45979 46.9356 0
      vertex 0 56 0
      vertex 0 47 0
    endloop
  endfacet
  facet normal 0 0 -1
    outer loop
      vertex -2.45979 46.9356 0
      vertex -2.93081 55.9233 0
      vertex 0 56 0
    endloop
  endfacet
  facet normal 0 0 -1
    outer loop
      vertex -4.91284 46.7425 0
      vertex -2.93081 55.9233 0
      vertex -2.45979 46.9356 0
    endloop
  endfacet
  facet normal 0 0 -1
    outer loop
      vertex -4.91284 46.7425 0
      vertex -5.85359 55.6932 0
      vertex -2.93081 55.9233 0
    endloop
  endfacet
  facet normal 0 0 -1
    outer loop
      vertex -7.35242 46.4214 0
      vertex -5.85359 55.6932 0
      vertex -4.91284 46.7425 0
    endloop
  endfacet
  facet normal 0 0 -1
    outer loop
      vertex -7.35242 46.4214 0
      vertex -8.76033 55.3105 0
      vertex -5.85359 55.6932 0
    endloop
  endfacet
  facet normal 0 0 -1
    outer loop
      vertex -9.77185 45.9729 0
      vertex -8.76033 55.3105 0
      vertex -7.35242 46.4214 0
    endloop
  endfacet
  facet normal 0 0 -1
    outer loop
      vertex -9.77185 45.9729 0
      vertex -11.6431 54.7763 0
      vertex -8.76033 55.3105 0
    endloop
  endfacet
  facet normal 0 0 -1
    outer loop
      vertex -12.1645 45.3985 0
      vertex -11.6431 54.7763 0
      vertex -9.77185 45.9729 0
    endloop
  endfacet
  facet normal 0 0 -1
    outer loop
      vertex -12.1645 45.3985 0
      vertex -14.4939 54.0918 0
      vertex -11.6431 54.7763 0
    endloop
  endfacet
  facet normal 0 0 -1
    outer loop
      vertex -14.5238 44.6997 0
      vertex -14.4939 54.0918 0
      vertex -12.1645 45.3985 0
    endloop
  endfacet
  facet normal 0 0 -1
    outer loop
      vertex -17.305 53.2592 0
      vertex -14.5238 44.6997 0
      vertex -16.8433 43.8783 0
    endloop
  endfacet
  facet normal 0 0 -1
    outer loop
      vertex -14.5238 44.6997 0
      vertex -17.305 53.2592 0
      vertex -14.4939 54.0918 0
    endloop
  endfacet
  facet normal 0 0 -1
    outer loop
      vertex -20.0686 52.2805 0
      vertex -16.8433 43.8783 0
      vertex -19.1166 42.9366 0
    endloop
  endfacet
  facet normal 0 0 -1
    outer loop
      vertex -16.8433 43.8783 0
      vertex -20.0686 52.2805 0
      vertex -17.305 53.2592 0
    endloop
  endfacet
  facet normal 0 0 -1
    outer loop
      vertex -22.7773 51.1585 0
      vertex -19.1166 42.9366 0
      vertex -21.3376 41.8773 0
    endloop
  endfacet
  facet normal 0 0 -1
    outer loop
      vertex -19.1166 42.9366 0
      vertex -22.7773 51.1585 0
      vertex -20.0686 52.2805 0
    endloop
  endfacet
  facet normal 0 0 -1
    outer loop
      vertex -25.4235 49.8964 0
      vertex -21.3376 41.8773 0
      vertex -23.5 40.7032 0
    endloop
  endfacet
  facet normal 0 0 -1
    outer loop
      vertex -21.3376 41.8773 0
      vertex -25.4235 49.8964 0
      vertex -22.7773 51.1585 0
    endloop
  endfacet
  facet normal 0 0 -1
    outer loop
      vertex -28 48.4974 0
      vertex -23.5 40.7032 0
      vertex -25.598 39.4175 0
    endloop
  endfacet
  facet normal 0 0 -1
    outer loop
      vertex -30.4998 46.9656 0
      vertex -25.598 39.4175 0
      vertex -27.6259 38.0238 0
    endloop
  endfacet
  facet normal 0 0 -1
    outer loop
      vertex -23.5 40.7032 0
      vertex -28 48.4974 0
      vertex -25.4235 49.8964 0
    endloop
  endfacet
  facet normal 0 0 -1
    outer loop
      vertex -32.916 45.305 0
      vertex -27.6259 38.0238 0
      vertex -29.5781 36.5259 0
    endloop
  endfacet
  facet normal 0 0 -1
    outer loop
      vertex -25.598 39.4175 0
      vertex -30.4998 46.9656 0
      vertex -28 48.4974 0
    endloop
  endfacet
  facet normal 0 0 -1
    outer loop
      vertex -35.7912 37.6986 0
      vertex -31.4491 34.9278 0
      vertex -35.7767 37.4767 0
    endloop
  endfacet
  facet normal 0 0 -1
    outer loop
      vertex -27.6259 38.0238 0
      vertex -32.916 45.305 0
      vertex -30.4998 46.9656 0
    endloop
  endfacet
  facet normal 0 0 -1
    outer loop
      vertex -36.0044 36.6267 0
      vertex -31.4491 34.9278 0
      vertex -33.234 33.234 0
    endloop
  endfacet
  facet normal 0 0 -1
    outer loop
      vertex -36.6267 36.0044 0
      vertex -33.234 33.234 0
      vertex -34.9278 31.4491 0
    endloop
  endfacet
  facet normal 0 0 -1
    outer loop
      vertex -31.4491 34.9278 0
      vertex -35.7912 37.6986 0
      vertex -29.5781 36.5259 0
    endloop
  endfacet
  facet normal 0 0 -1
    outer loop
      vertex -29.5781 36.5259 0
      vertex -35.2419 43.5202 0
      vertex -32.916 45.305 0
    endloop
  endfacet
  facet normal 0 0 -1
    outer loop
      vertex -31.4491 34.9278 0
      vertex -35.7912 37.2548 0
      vertex -35.7767 37.4767 0
    endloop
  endfacet
  facet normal 0 0 -1
    outer loop
      vertex -31.4491 34.9278 0
      vertex -35.8346 37.0367 0
      vertex -35.7912 37.2548 0
    endloop
  endfacet
  facet normal 0 0 -1
    outer loop
      vertex -31.4491 34.9278 0
      vertex -35.9061 36.8261 0
      vertex -35.8346 37.0367 0
    endloop
  endfacet
  facet normal 0 0 -1
    outer loop
      vertex -31.4491 34.9278 0
      vertex -36.0044 36.6267 0
      vertex -35.9061 36.8261 0
    endloop
  endfacet
  facet normal 0 0 -1
    outer loop
      vertex -33.234 33.234 0
      vertex -36.128 36.4418 0
      vertex -36.0044 36.6267 0
    endloop
  endfacet
  facet normal 0 0 -1
    outer loop
      vertex -33.234 33.234 0
      vertex -36.2746 36.2746 0
      vertex -36.128 36.4418 0
    endloop
  endfacet
  facet normal 0 0 -1
    outer loop
      vertex -33.234 33.234 0
      vertex -36.4418 36.128 0
      vertex -36.2746 36.2746 0
    endloop
  endfacet
  facet normal 0 0 -1
    outer loop
      vertex -37.6986 35.7912 0
      vertex -34.9278 31.4491 0
      vertex -36.5259 29.5781 0
    endloop
  endfacet
  facet normal 0 0 -1
    outer loop
      vertex -33.234 33.234 0
      vertex -36.6267 36.0044 0
      vertex -36.4418 36.128 0
    endloop
  endfacet
  facet normal 0 0 -1
    outer loop
      vertex -34.9278 31.4491 0
      vertex -36.8261 35.9061 0
      vertex -36.6267 36.0044 0
    endloop
  endfacet
  facet normal 0 0 -1
    outer loop
      vertex -34.9278 31.4491 0
      vertex -37.0367 35.8346 0
      vertex -36.8261 35.9061 0
    endloop
  endfacet
  facet normal 0 0 -1
    outer loop
      vertex -34.9278 31.4491 0
      vertex -37.2548 35.7912 0
      vertex -37.0367 35.8346 0
    endloop
  endfacet
  facet normal 0 0 -1
    outer loop
      vertex -34.9278 31.4491 0
      vertex -37.4767 35.7767 0
      vertex -37.2548 35.7912 0
    endloop
  endfacet
  facet normal 0 0 -1
    outer loop
      vertex -34.9278 31.4491 0
      vertex -37.6986 35.7912 0
      vertex -37.4767 35.7767 0
    endloop
  endfacet
  facet normal 0 0 -1
    outer loop
      vertex -36.5259 29.5781 0
      vertex -37.9167 35.8346 0
      vertex -37.6986 35.7912 0
    endloop
  endfacet
  facet normal 0 0 -1
    outer loop
      vertex -43.5202 35.2419 0
      vertex -36.5259 29.5781 0
      vertex -38.0238 27.6259 0
    endloop
  endfacet
  facet normal 0 0 -1
    outer loop
      vertex -36.5259 29.5781 0
      vertex -38.1272 35.9061 0
      vertex -37.9167 35.8346 0
    endloop
  endfacet
  facet normal 0 0 -1
    outer loop
      vertex -36.5259 29.5781 0
      vertex -38.3267 36.0044 0
      vertex -38.1272 35.9061 0
    endloop
  endfacet
  facet normal 0 0 -1
    outer loop
      vertex -36.5259 29.5781 0
      vertex -43.5202 35.2419 0
      vertex -38.3267 36.0044 0
    endloop
  endfacet
  facet normal -0 0 -1
    outer loop
      vertex -38.3267 36.0044 0
      vertex -43.5202 35.2419 0
      vertex -38.5116 36.128 0
    endloop
  endfacet
  facet normal -0 0 -1
    outer loop
      vertex -38.5116 36.128 0
      vertex -43.5202 35.2419 0
      vertex -38.6787 36.2746 0
    endloop
  endfacet
  facet normal 0 0 -1
    outer loop
      vertex -43.5202 35.2419 0
      vertex -38.0238 27.6259 0
      vertex -39.4175 25.598 0
    endloop
  endfacet
  facet normal -0 0 -1
    outer loop
      vertex -38.6787 36.2746 0
      vertex -43.5202 35.2419 0
      vertex -38.8254 36.4418 0
    endloop
  endfacet
  facet normal 0 -0 -1
    outer loop
      vertex -41.6161 37.4713 0
      vertex -38.8254 36.4418 0
      vertex -43.5202 35.2419 0
    endloop
  endfacet
  facet normal 0 0 -1
    outer loop
      vertex -38.8254 36.4418 0
      vertex -41.6161 37.4713 0
      vertex -38.9489 36.6267 0
    endloop
  endfacet
  facet normal 0 0 -1
    outer loop
      vertex -39.0473 36.8261 0
      vertex -41.6161 37.4713 0
      vertex -39.1187 37.0367 0
    endloop
  endfacet
  facet normal 0 0 -1
    outer loop
      vertex -38.9489 36.6267 0
      vertex -41.6161 37.4713 0
      vertex -39.0473 36.8261 0
    endloop
  endfacet
  facet normal 0 0 -1
    outer loop
      vertex 47 0 0
      vertex 56 0 0
      vertex 55.9233 -2.93081 0
    endloop
  endfacet
  facet normal 0 0 -1
    outer loop
      vertex 46.9356 -2.45979 0
      vertex 55.9233 -2.93081 0
      vertex 55.6932 -5.85359 0
    endloop
  endfacet
  facet normal 0 0 -1
    outer loop
      vertex 56 0 0
      vertex 47 0 0
      vertex 55.9233 2.93081 0
    endloop
  endfacet
  facet normal 0 0 -1
    outer loop
      vertex 46.7425 -4.91284 0
      vertex 55.6932 -5.85359 0
      vertex 55.3105 -8.76033 0
    endloop
  endfacet
  facet normal 0 0 -1
    outer loop
      vertex 46.9356 2.45979 0
      vertex 55.9233 2.93081 0
      vertex 47 0 0
    endloop
  endfacet
  facet normal 0 0 -1
    outer loop
      vertex 46.4214 -7.35242 0
      vertex 55.3105 -8.76033 0
      vertex 54.7763 -11.6431 0
    endloop
  endfacet
  facet normal -0 0 -1
    outer loop
      vertex 55.9233 2.93081 0
      vertex 46.9356 2.45979 0
      vertex 55.6932 5.85359 0
    endloop
  endfacet
  facet normal 0 0 -1
    outer loop
      vertex 45.9729 -9.77185 0
      vertex 54.7763 -11.6431 0
      vertex 54.0918 -14.4939 0
    endloop
  endfacet
  facet normal 0 0 -1
    outer loop
      vertex 46.7425 4.91284 0
      vertex 55.6932 5.85359 0
      vertex 46.9356 2.45979 0
    endloop
  endfacet
  facet normal 0 0 -1
    outer loop
      vertex 45.3985 -12.1645 0
      vertex 54.0918 -14.4939 0
      vertex 53.2592 -17.305 0
    endloop
  endfacet
  facet normal -0 0 -1
    outer loop
      vertex 55.6932 5.85359 0
      vertex 46.7425 4.91284 0
      vertex 55.3105 8.76033 0
    endloop
  endfacet
  facet normal 0 0 -1
    outer loop
      vertex 44.6997 -14.5238 0
      vertex 53.2592 -17.305 0
      vertex 52.2805 -20.0686 0
    endloop
  endfacet
  facet normal 0 0 -1
    outer loop
      vertex 46.4214 7.35242 0
      vertex 55.3105 8.76033 0
      vertex 46.7425 4.91284 0
    endloop
  endfacet
  facet normal 0 0 -1
    outer loop
      vertex 43.8783 -16.8433 0
      vertex 52.2805 -20.0686 0
      vertex 51.1585 -22.7773 0
    endloop
  endfacet
  facet normal -0 0 -1
    outer loop
      vertex 55.3105 8.76033 0
      vertex 46.4214 7.35242 0
      vertex 54.7763 11.6431 0
    endloop
  endfacet
  facet normal 0 0 -1
    outer loop
      vertex 42.9366 -19.1166 0
      vertex 51.1585 -22.7773 0
      vertex 49.8964 -25.4235 0
    endloop
  endfacet
  facet normal 0 0 -1
    outer loop
      vertex 45.9729 9.77185 0
      vertex 54.7763 11.6431 0
      vertex 46.4214 7.35242 0
    endloop
  endfacet
  facet normal 0 0 -1
    outer loop
      vertex 41.8773 -21.3376 0
      vertex 49.8964 -25.4235 0
      vertex 48.4974 -28 0
    endloop
  endfacet
  facet normal -0 0 -1
    outer loop
      vertex 54.7763 11.6431 0
      vertex 45.9729 9.77185 0
      vertex 54.0918 14.4939 0
    endloop
  endfacet
  facet normal 0 0 -1
    outer loop
      vertex 45.3985 12.1645 0
      vertex 54.0918 14.4939 0
      vertex 45.9729 9.77185 0
    endloop
  endfacet
  facet normal 0 0 -1
    outer loop
      vertex 40.7032 -23.5 0
      vertex 48.4974 -28 0
      vertex 46.9656 -30.4998 0
    endloop
  endfacet
  facet normal 0 0 -1
    outer loop
      vertex 55.9233 -2.93081 0
      vertex 46.9356 -2.45979 0
      vertex 47 0 0
    endloop
  endfacet
  facet normal 0 0 -1
    outer loop
      vertex 55.6932 -5.85359 0
      vertex 46.7425 -4.91284 0
      vertex 46.9356 -2.45979 0
    endloop
  endfacet
  facet normal 0 0 -1
    outer loop
      vertex 55.3105 -8.76033 0
      vertex 46.4214 -7.35242 0
      vertex 46.7425 -4.91284 0
    endloop
  endfacet
  facet normal 0 0 -1
    outer loop
      vertex 54.7763 -11.6431 0
      vertex 45.9729 -9.77185 0
      vertex 46.4214 -7.35242 0
    endloop
  endfacet
  facet normal 0 0 -1
    outer loop
      vertex 54.0918 -14.4939 0
      vertex 45.3985 -12.1645 0
      vertex 45.9729 -9.77185 0
    endloop
  endfacet
  facet normal 0 0 -1
    outer loop
      vertex 39.4175 -25.598 0
      vertex 46.9656 -30.4998 0
      vertex 45.305 -32.916 0
    endloop
  endfacet
  facet normal 0 0 -1
    outer loop
      vertex 53.2592 -17.305 0
      vertex 44.6997 -14.5238 0
      vertex 45.3985 -12.1645 0
    endloop
  endfacet
  facet normal 0 0 -1
    outer loop
      vertex 52.2805 -20.0686 0
      vertex 43.8783 -16.8433 0
      vertex 44.6997 -14.5238 0
    endloop
  endfacet
  facet normal 0 0 -1
    outer loop
      vertex 38.0238 -27.6259 0
      vertex 45.305 -32.916 0
      vertex 43.5202 -35.2419 0
    endloop
  endfacet
  facet normal 0 0 -1
    outer loop
      vertex 51.1585 -22.7773 0
      vertex 42.9366 -19.1166 0
      vertex 43.8783 -16.8433 0
    endloop
  endfacet
  facet normal 0 0 -1
    outer loop
      vertex 49.8964 -25.4235 0
      vertex 41.8773 -21.3376 0
      vertex 42.9366 -19.1166 0
    endloop
  endfacet
  facet normal 0 0 -1
    outer loop
      vertex 38.8254 -36.4418 0
      vertex 43.5202 -35.2419 0
      vertex 41.6161 -37.4713 0
    endloop
  endfacet
  facet normal 0 0 -1
    outer loop
      vertex 48.4974 -28 0
      vertex 40.7032 -23.5 0
      vertex 41.8773 -21.3376 0
    endloop
  endfacet
  facet normal 0 0 -1
    outer loop
      vertex 39.1187 -37.9167 0
      vertex 41.6161 -37.4713 0
      vertex 39.598 -39.598 0
    endloop
  endfacet
  facet normal 0 0 -1
    outer loop
      vertex 39.1187 -37.0367 0
      vertex 41.6161 -37.4713 0
      vertex 39.1621 -37.2548 0
    endloop
  endfacet
  facet normal -0 0 -1
    outer loop
      vertex 41.6161 -37.4713 0
      vertex 39.1767 -37.4767 0
      vertex 39.1621 -37.2548 0
    endloop
  endfacet
  facet normal 0 0 -1
    outer loop
      vertex 41.6161 -37.4713 0
      vertex 39.1621 -37.6986 0
      vertex 39.1767 -37.4767 0
    endloop
  endfacet
  facet normal 0 0 -1
    outer loop
      vertex 41.6161 -37.4713 0
      vertex 39.1187 -37.9167 0
      vertex 39.1621 -37.6986 0
    endloop
  endfacet
  facet normal 0 0 -1
    outer loop
      vertex 39.598 -39.598 0
      vertex 39.0473 -38.1272 0
      vertex 39.1187 -37.9167 0
    endloop
  endfacet
  facet normal 0 0 -1
    outer loop
      vertex 39.598 -39.598 0
      vertex 38.9489 -38.3267 0
      vertex 39.0473 -38.1272 0
    endloop
  endfacet
  facet normal 0 0 -1
    outer loop
      vertex 39.598 -39.598 0
      vertex 38.8254 -38.5116 0
      vertex 38.9489 -38.3267 0
    endloop
  endfacet
  facet normal 0 0 -1
    outer loop
      vertex 39.598 -39.598 0
      vertex 38.6787 -38.6787 0
      vertex 38.8254 -38.5116 0
    endloop
  endfacet
  facet normal 0 0 -1
    outer loop
      vertex 39.598 -39.598 0
      vertex 38.5116 -38.8254 0
      vertex 38.6787 -38.6787 0
    endloop
  endfacet
  facet normal 0 0 -1
    outer loop
      vertex 39.598 -39.598 0
      vertex 38.3267 -38.9489 0
      vertex 38.5116 -38.8254 0
    endloop
  endfacet
  facet normal 0 0 -1
    outer loop
      vertex 39.598 -39.598 0
      vertex 38.1272 -39.0473 0
      vertex 38.3267 -38.9489 0
    endloop
  endfacet
  facet normal 0 0 -1
    outer loop
      vertex 39.598 -39.598 0
      vertex 37.9167 -39.1187 0
      vertex 38.1272 -39.0473 0
    endloop
  endfacet
  facet normal 0 0 -1
    outer loop
      vertex 37.4713 -41.6161 0
      vertex 37.9167 -39.1187 0
      vertex 39.598 -39.598 0
    endloop
  endfacet
  facet normal 0 0 -1
    outer loop
      vertex 37.9167 -39.1187 0
      vertex 37.4713 -41.6161 0
      vertex 37.6986 -39.1621 0
    endloop
  endfacet
  facet normal 0 0 -1
    outer loop
      vertex 37.6986 -39.1621 0
      vertex 37.4713 -41.6161 0
      vertex 37.4767 -39.1767 0
    endloop
  endfacet
  facet normal 0 0 -1
    outer loop
      vertex 37.4713 -41.6161 0
      vertex 37.2548 -39.1621 0
      vertex 37.4767 -39.1767 0
    endloop
  endfacet
  facet normal 0 0 -1
    outer loop
      vertex 37.4713 -41.6161 0
      vertex 37.0367 -39.1187 0
      vertex 37.2548 -39.1621 0
    endloop
  endfacet
  facet normal 0 0 -1
    outer loop
      vertex 37.4713 -41.6161 0
      vertex 36.8261 -39.0473 0
      vertex 37.0367 -39.1187 0
    endloop
  endfacet
  facet normal 0 0 -1
    outer loop
      vertex 37.4713 -41.6161 0
      vertex 36.6267 -38.9489 0
      vertex 36.8261 -39.0473 0
    endloop
  endfacet
  facet normal 0 0 -1
    outer loop
      vertex 37.4713 -41.6161 0
      vertex 36.4418 -38.8254 0
      vertex 36.6267 -38.9489 0
    endloop
  endfacet
  facet normal 0 0 -1
    outer loop
      vertex 35.2419 -43.5202 0
      vertex 36.4418 -38.8254 0
      vertex 37.4713 -41.6161 0
    endloop
  endfacet
  facet normal -0 0 -1
    outer loop
      vertex 36.4418 -38.8254 0
      vertex 35.2419 -43.5202 0
      vertex 36.2746 -38.6787 0
    endloop
  endfacet
  facet normal -0 0 -1
    outer loop
      vertex 36.2746 -38.6787 0
      vertex 35.2419 -43.5202 0
      vertex 36.128 -38.5116 0
    endloop
  endfacet
  facet normal -0 0 -1
    outer loop
      vertex 36.128 -38.5116 0
      vertex 35.2419 -43.5202 0
      vertex 36.0044 -38.3267 0
    endloop
  endfacet
  facet normal 0 0 -1
    outer loop
      vertex 35.8346 -37.9167 0
      vertex 29.5781 -36.5259 0
      vertex 35.7912 -37.6986 0
    endloop
  endfacet
  facet normal 0 0 -1
    outer loop
      vertex 35.9061 -38.1272 0
      vertex 29.5781 -36.5259 0
      vertex 35.8346 -37.9167 0
    endloop
  endfacet
  facet normal 0 0 -1
    outer loop
      vertex 36.0044 -38.3267 0
      vertex 29.5781 -36.5259 0
      vertex 35.9061 -38.1272 0
    endloop
  endfacet
  facet normal 0 0 -1
    outer loop
      vertex 29.5781 -36.5259 0
      vertex 36.0044 -38.3267 0
      vertex 35.2419 -43.5202 0
    endloop
  endfacet
  facet normal -0 0 -1
    outer loop
      vertex 54.0918 14.4939 0
      vertex 45.3985 12.1645 0
      vertex 53.2592 17.305 0
    endloop
  endfacet
  facet normal 0 0 -1
    outer loop
      vertex 44.6997 14.5238 0
      vertex 53.2592 17.305 0
      vertex 45.3985 12.1645 0
    endloop
  endfacet
  facet normal -0 0 -1
    outer loop
      vertex 53.2592 17.305 0
      vertex 44.6997 14.5238 0
      vertex 52.2805 20.0686 0
    endloop
  endfacet
  facet normal 0 0 -1
    outer loop
      vertex 43.8783 16.8433 0
      vertex 52.2805 20.0686 0
      vertex 44.6997 14.5238 0
    endloop
  endfacet
  facet normal -0 0 -1
    outer loop
      vertex 52.2805 20.0686 0
      vertex 43.8783 16.8433 0
      vertex 51.1585 22.7773 0
    endloop
  endfacet
  facet normal 0 0 -1
    outer loop
      vertex 42.9366 19.1166 0
      vertex 51.1585 22.7773 0
      vertex 43.8783 16.8433 0
    endloop
  endfacet
  facet normal -0 0 -1
    outer loop
      vertex 51.1585 22.7773 0
      vertex 42.9366 19.1166 0
      vertex 49.8964 25.4235 0
    endloop
  endfacet
  facet normal 0 0 -1
    outer loop
      vertex 41.8773 21.3376 0
      vertex 49.8964 25.4235 0
      vertex 42.9366 19.1166 0
    endloop
  endfacet
  facet normal -0 0 -1
    outer loop
      vertex 49.8964 25.4235 0
      vertex 41.8773 21.3376 0
      vertex 48.4974 28 0
    endloop
  endfacet
  facet normal 0 0 -1
    outer loop
      vertex 40.7032 23.5 0
      vertex 48.4974 28 0
      vertex 41.8773 21.3376 0
    endloop
  endfacet
  facet normal -0 0 -1
    outer loop
      vertex 48.4974 28 0
      vertex 40.7032 23.5 0
      vertex 46.9656 30.4998 0
    endloop
  endfacet
  facet normal 0 0 -1
    outer loop
      vertex 39.4175 25.598 0
      vertex 46.9656 30.4998 0
      vertex 40.7032 23.5 0
    endloop
  endfacet
  facet normal -0 0 -1
    outer loop
      vertex 46.9656 30.4998 0
      vertex 39.4175 25.598 0
      vertex 45.305 32.916 0
    endloop
  endfacet
  facet normal 0 0 -1
    outer loop
      vertex 38.0238 27.6259 0
      vertex 45.305 32.916 0
      vertex 39.4175 25.598 0
    endloop
  endfacet
  facet normal -0 0 -1
    outer loop
      vertex 45.305 32.916 0
      vertex 38.0238 27.6259 0
      vertex 43.5202 35.2419 0
    endloop
  endfacet
  facet normal 0 0 -1
    outer loop
      vertex 39.1621 37.2548 0
      vertex 41.6161 37.4713 0
      vertex 43.5202 35.2419 0
    endloop
  endfacet
  facet normal 0 0 -1
    outer loop
      vertex 39.1621 37.6986 0
      vertex 41.6161 37.4713 0
      vertex 39.1767 37.4767 0
    endloop
  endfacet
  facet normal 0 0 -1
    outer loop
      vertex 39.1187 37.9167 0
      vertex 41.6161 37.4713 0
      vertex 39.1621 37.6986 0
    endloop
  endfacet
  facet normal 0 0 -1
    outer loop
      vertex 41.6161 37.4713 0
      vertex 39.1187 37.9167 0
      vertex 39.598 39.598 0
    endloop
  endfacet
  facet normal 0 0 -1
    outer loop
      vertex 39.0473 38.1272 0
      vertex 39.598 39.598 0
      vertex 39.1187 37.9167 0
    endloop
  endfacet
  facet normal 0 0 -1
    outer loop
      vertex 38.9489 38.3267 0
      vertex 39.598 39.598 0
      vertex 39.0473 38.1272 0
    endloop
  endfacet
  facet normal 0 0 -1
    outer loop
      vertex 38.8254 38.5116 0
      vertex 39.598 39.598 0
      vertex 38.9489 38.3267 0
    endloop
  endfacet
  facet normal 0 0 -1
    outer loop
      vertex 38.6787 38.6787 0
      vertex 39.598 39.598 0
      vertex 38.8254 38.5116 0
    endloop
  endfacet
  facet normal 0 0 -1
    outer loop
      vertex 38.5116 38.8254 0
      vertex 39.598 39.598 0
      vertex 38.6787 38.6787 0
    endloop
  endfacet
  facet normal 0 0 -1
    outer loop
      vertex 38.3267 38.9489 0
      vertex 39.598 39.598 0
      vertex 38.5116 38.8254 0
    endloop
  endfacet
  facet normal 0 0 -1
    outer loop
      vertex 38.1272 39.0473 0
      vertex 39.598 39.598 0
      vertex 38.3267 38.9489 0
    endloop
  endfacet
  facet normal 0 0 -1
    outer loop
      vertex 37.9167 39.1187 0
      vertex 39.598 39.598 0
      vertex 38.1272 39.0473 0
    endloop
  endfacet
  facet normal 0 0 -1
    outer loop
      vertex 37.4713 41.6161 0
      vertex 37.9167 39.1187 0
      vertex 37.6986 39.1621 0
    endloop
  endfacet
  facet normal 0 0 -1
    outer loop
      vertex 37.4713 41.6161 0
      vertex 37.6986 39.1621 0
      vertex 37.4767 39.1767 0
    endloop
  endfacet
  facet normal 0 0 -1
    outer loop
      vertex 37.9167 39.1187 0
      vertex 37.4713 41.6161 0
      vertex 39.598 39.598 0
    endloop
  endfacet
  facet normal 0 0 -1
    outer loop
      vertex 37.2548 39.1621 0
      vertex 37.4713 41.6161 0
      vertex 37.4767 39.1767 0
    endloop
  endfacet
  facet normal 0 0 -1
    outer loop
      vertex 37.0367 39.1187 0
      vertex 37.4713 41.6161 0
      vertex 37.2548 39.1621 0
    endloop
  endfacet
  facet normal 0 0 -1
    outer loop
      vertex 36.8261 39.0473 0
      vertex 37.4713 41.6161 0
      vertex 37.0367 39.1187 0
    endloop
  endfacet
  facet normal 0 0 -1
    outer loop
      vertex 36.6267 38.9489 0
      vertex 37.4713 41.6161 0
      vertex 36.8261 39.0473 0
    endloop
  endfacet
  facet normal 0 0 -1
    outer loop
      vertex 36.4418 38.8254 0
      vertex 37.4713 41.6161 0
      vertex 36.6267 38.9489 0
    endloop
  endfacet
  facet normal 0 0 -1
    outer loop
      vertex 35.2419 43.5202 0
      vertex 36.4418 38.8254 0
      vertex 36.2746 38.6787 0
    endloop
  endfacet
  facet normal 0 0 -1
    outer loop
      vertex 35.2419 43.5202 0
      vertex 36.2746 38.6787 0
      vertex 36.128 38.5116 0
    endloop
  endfacet
  facet normal 0 0 -1
    outer loop
      vertex 35.2419 43.5202 0
      vertex 36.128 38.5116 0
      vertex 36.0044 38.3267 0
    endloop
  endfacet
  facet normal 0 0 -1
    outer loop
      vertex 35.2419 43.5202 0
      vertex 36.0044 38.3267 0
      vertex 35.9061 38.1272 0
    endloop
  endfacet
  facet normal 0 0 -1
    outer loop
      vertex 36.4418 38.8254 0
      vertex 35.2419 43.5202 0
      vertex 37.4713 41.6161 0
    endloop
  endfacet
  facet normal 0 0 -1
    outer loop
      vertex 35.8346 37.9167 0
      vertex 35.2419 43.5202 0
      vertex 35.9061 38.1272 0
    endloop
  endfacet
  facet normal 0 0 -1
    outer loop
      vertex 35.7912 37.6986 0
      vertex 35.2419 43.5202 0
      vertex 35.8346 37.9167 0
    endloop
  endfacet
  facet normal 0 0 -1
    outer loop
      vertex 35.2419 43.5202 0
      vertex 35.7912 37.6986 0
      vertex 35.7767 37.4767 0
    endloop
  endfacet
  facet normal 0 0 -1
    outer loop
      vertex 39.0473 -36.8261 0
      vertex 41.6161 -37.4713 0
      vertex 39.1187 -37.0367 0
    endloop
  endfacet
  facet normal 0 0 -1
    outer loop
      vertex 38.9489 -36.6267 0
      vertex 41.6161 -37.4713 0
      vertex 39.0473 -36.8261 0
    endloop
  endfacet
  facet normal 0 0 -1
    outer loop
      vertex 46.9656 -30.4998 0
      vertex 39.4175 -25.598 0
      vertex 40.7032 -23.5 0
    endloop
  endfacet
  facet normal 0 0 -1
    outer loop
      vertex 38.8254 -36.4418 0
      vertex 41.6161 -37.4713 0
      vertex 38.9489 -36.6267 0
    endloop
  endfacet
  facet normal 0 0 -1
    outer loop
      vertex 43.5202 -35.2419 0
      vertex 38.8254 -36.4418 0
      vertex 38.6787 -36.2746 0
    endloop
  endfacet
  facet normal 0 0 -1
    outer loop
      vertex 43.5202 -35.2419 0
      vertex 38.6787 -36.2746 0
      vertex 38.5116 -36.128 0
    endloop
  endfacet
  facet normal 0 0 -1
    outer loop
      vertex 38.3267 -36.0044 0
      vertex 43.5202 -35.2419 0
      vertex 38.5116 -36.128 0
    endloop
  endfacet
  facet normal 0 0 -1
    outer loop
      vertex 36.5259 -29.5781 0
      vertex 43.5202 -35.2419 0
      vertex 38.3267 -36.0044 0
    endloop
  endfacet
  facet normal 0 0 -1
    outer loop
      vertex 36.5259 -29.5781 0
      vertex 38.3267 -36.0044 0
      vertex 38.1272 -35.9061 0
    endloop
  endfacet
  facet normal 0 0 -1
    outer loop
      vertex 45.305 -32.916 0
      vertex 38.0238 -27.6259 0
      vertex 39.4175 -25.598 0
    endloop
  endfacet
  facet normal 0 0 -1
    outer loop
      vertex 36.5259 -29.5781 0
      vertex 38.1272 -35.9061 0
      vertex 37.9167 -35.8346 0
    endloop
  endfacet
  facet normal 0 0 -1
    outer loop
      vertex 36.5259 -29.5781 0
      vertex 37.9167 -35.8346 0
      vertex 37.6986 -35.7912 0
    endloop
  endfacet
  facet normal 0 0 -1
    outer loop
      vertex 34.9278 -31.4491 0
      vertex 37.6986 -35.7912 0
      vertex 37.4767 -35.7767 0
    endloop
  endfacet
  facet normal 0 0 -1
    outer loop
      vertex 34.9278 -31.4491 0
      vertex 37.4767 -35.7767 0
      vertex 37.2548 -35.7912 0
    endloop
  endfacet
  facet normal 0 0 -1
    outer loop
      vertex 34.9278 -31.4491 0
      vertex 37.2548 -35.7912 0
      vertex 37.0367 -35.8346 0
    endloop
  endfacet
  facet normal 0 0 -1
    outer loop
      vertex 34.9278 -31.4491 0
      vertex 37.0367 -35.8346 0
      vertex 36.8261 -35.9061 0
    endloop
  endfacet
  facet normal 0 0 -1
    outer loop
      vertex 34.9278 -31.4491 0
      vertex 36.8261 -35.9061 0
      vertex 36.6267 -36.0044 0
    endloop
  endfacet
  facet normal 0 0 -1
    outer loop
      vertex 43.5202 -35.2419 0
      vertex 36.5259 -29.5781 0
      vertex 38.0238 -27.6259 0
    endloop
  endfacet
  facet normal 0 0 -1
    outer loop
      vertex 33.234 -33.234 0
      vertex 36.6267 -36.0044 0
      vertex 36.4418 -36.128 0
    endloop
  endfacet
  facet normal 0 0 -1
    outer loop
      vertex 33.234 -33.234 0
      vertex 36.4418 -36.128 0
      vertex 36.2746 -36.2746 0
    endloop
  endfacet
  facet normal 0 0 -1
    outer loop
      vertex 33.234 -33.234 0
      vertex 36.2746 -36.2746 0
      vertex 36.128 -36.4418 0
    endloop
  endfacet
  facet normal 0 0 -1
    outer loop
      vertex 33.234 -33.234 0
      vertex 36.128 -36.4418 0
      vertex 36.0044 -36.6267 0
    endloop
  endfacet
  facet normal 0 0 -1
    outer loop
      vertex 31.4491 -34.9278 0
      vertex 36.0044 -36.6267 0
      vertex 35.9061 -36.8261 0
    endloop
  endfacet
  facet normal 0 0 -1
    outer loop
      vertex 31.4491 -34.9278 0
      vertex 35.9061 -36.8261 0
      vertex 35.8346 -37.0367 0
    endloop
  endfacet
  facet normal 0 0 -1
    outer loop
      vertex 31.4491 -34.9278 0
      vertex 35.8346 -37.0367 0
      vertex 35.7912 -37.2548 0
    endloop
  endfacet
  facet normal 0 -0 -1
    outer loop
      vertex 31.4491 -34.9278 0
      vertex 35.7912 -37.6986 0
      vertex 29.5781 -36.5259 0
    endloop
  endfacet
  facet normal 0 0 -1
    outer loop
      vertex 37.6986 -35.7912 0
      vertex 34.9278 -31.4491 0
      vertex 36.5259 -29.5781 0
    endloop
  endfacet
  facet normal 0 0 -1
    outer loop
      vertex 35.7912 -37.6986 0
      vertex 31.4491 -34.9278 0
      vertex 35.7767 -37.4767 0
    endloop
  endfacet
  facet normal 0 0 -1
    outer loop
      vertex 36.6267 -36.0044 0
      vertex 33.234 -33.234 0
      vertex 34.9278 -31.4491 0
    endloop
  endfacet
  facet normal 0 0 -1
    outer loop
      vertex 29.5781 -36.5259 0
      vertex 35.2419 -43.5202 0
      vertex 32.916 -45.305 0
    endloop
  endfacet
  facet normal 0 0 -1
    outer loop
      vertex 36.0044 -36.6267 0
      vertex 31.4491 -34.9278 0
      vertex 33.234 -33.234 0
    endloop
  endfacet
  facet normal 0 0 -1
    outer loop
      vertex 27.6259 -38.0238 0
      vertex 32.916 -45.305 0
      vertex 30.4998 -46.9656 0
    endloop
  endfacet
  facet normal 0 0 -1
    outer loop
      vertex 35.7767 -37.4767 0
      vertex 31.4491 -34.9278 0
      vertex 35.7912 -37.2548 0
    endloop
  endfacet
  facet normal 0 0 -1
    outer loop
      vertex 25.598 -39.4175 0
      vertex 30.4998 -46.9656 0
      vertex 28 -48.4974 0
    endloop
  endfacet
  facet normal 0 0 -1
    outer loop
      vertex 32.916 -45.305 0
      vertex 27.6259 -38.0238 0
      vertex 29.5781 -36.5259 0
    endloop
  endfacet
  facet normal 0 0 -1
    outer loop
      vertex 30.4998 -46.9656 0
      vertex 25.598 -39.4175 0
      vertex 27.6259 -38.0238 0
    endloop
  endfacet
  facet normal 0 0 -1
    outer loop
      vertex 23.5 -40.7032 0
      vertex 28 -48.4974 0
      vertex 25.4235 -49.8964 0
    endloop
  endfacet
  facet normal 0 0 -1
    outer loop
      vertex 28 -48.4974 0
      vertex 23.5 -40.7032 0
      vertex 25.598 -39.4175 0
    endloop
  endfacet
  facet normal 0 0 -1
    outer loop
      vertex 21.3376 -41.8773 0
      vertex 25.4235 -49.8964 0
      vertex 22.7773 -51.1585 0
    endloop
  endfacet
  facet normal 0 0 -1
    outer loop
      vertex 25.4235 -49.8964 0
      vertex 21.3376 -41.8773 0
      vertex 23.5 -40.7032 0
    endloop
  endfacet
  facet normal 0 0 -1
    outer loop
      vertex 19.1166 -42.9366 0
      vertex 22.7773 -51.1585 0
      vertex 20.0686 -52.2805 0
    endloop
  endfacet
  facet normal 0 0 -1
    outer loop
      vertex 22.7773 -51.1585 0
      vertex 19.1166 -42.9366 0
      vertex 21.3376 -41.8773 0
    endloop
  endfacet
  facet normal 0 0 -1
    outer loop
      vertex 16.8433 -43.8783 0
      vertex 20.0686 -52.2805 0
      vertex 17.305 -53.2592 0
    endloop
  endfacet
  facet normal 0 0 -1
    outer loop
      vertex 20.0686 -52.2805 0
      vertex 16.8433 -43.8783 0
      vertex 19.1166 -42.9366 0
    endloop
  endfacet
  facet normal 0 0 -1
    outer loop
      vertex 17.305 -53.2592 0
      vertex 14.5238 -44.6997 0
      vertex 16.8433 -43.8783 0
    endloop
  endfacet
  facet normal 0 0 -1
    outer loop
      vertex 14.4939 -54.0918 0
      vertex 14.5238 -44.6997 0
      vertex 17.305 -53.2592 0
    endloop
  endfacet
  facet normal 0 0 -1
    outer loop
      vertex 14.4939 -54.0918 0
      vertex 12.1645 -45.3985 0
      vertex 14.5238 -44.6997 0
    endloop
  endfacet
  facet normal 0 0 -1
    outer loop
      vertex 11.6431 -54.7763 0
      vertex 12.1645 -45.3985 0
      vertex 14.4939 -54.0918 0
    endloop
  endfacet
  facet normal 0 0 -1
    outer loop
      vertex 11.6431 -54.7763 0
      vertex 9.77185 -45.9729 0
      vertex 12.1645 -45.3985 0
    endloop
  endfacet
  facet normal 0 0 -1
    outer loop
      vertex 8.76033 -55.3105 0
      vertex 9.77185 -45.9729 0
      vertex 11.6431 -54.7763 0
    endloop
  endfacet
  facet normal 0 0 -1
    outer loop
      vertex 8.76033 -55.3105 0
      vertex 7.35242 -46.4214 0
      vertex 9.77185 -45.9729 0
    endloop
  endfacet
  facet normal 0 0 -1
    outer loop
      vertex 5.85359 -55.6932 0
      vertex 7.35242 -46.4214 0
      vertex 8.76033 -55.3105 0
    endloop
  endfacet
  facet normal 0 0 -1
    outer loop
      vertex 5.85359 -55.6932 0
      vertex 4.91284 -46.7425 0
      vertex 7.35242 -46.4214 0
    endloop
  endfacet
  facet normal 0 0 -1
    outer loop
      vertex 2.93081 -55.9233 0
      vertex 4.91284 -46.7425 0
      vertex 5.85359 -55.6932 0
    endloop
  endfacet
  facet normal 0 0 -1
    outer loop
      vertex 2.93081 -55.9233 0
      vertex 2.45979 -46.9356 0
      vertex 4.91284 -46.7425 0
    endloop
  endfacet
  facet normal 0 0 -1
    outer loop
      vertex 0 -56 0
      vertex 2.45979 -46.9356 0
      vertex 2.93081 -55.9233 0
    endloop
  endfacet
  facet normal 0 0 -1
    outer loop
      vertex 0 -56 0
      vertex 0 -47 0
      vertex 2.45979 -46.9356 0
    endloop
  endfacet
  facet normal 0 0 -1
    outer loop
      vertex 0 -56 0
      vertex -2.45979 -46.9356 0
      vertex 0 -47 0
    endloop
  endfacet
  facet normal 0 0 -1
    outer loop
      vertex -2.93081 -55.9233 0
      vertex -2.45979 -46.9356 0
      vertex 0 -56 0
    endloop
  endfacet
  facet normal 0 0 -1
    outer loop
      vertex -2.93081 -55.9233 0
      vertex -4.91284 -46.7425 0
      vertex -2.45979 -46.9356 0
    endloop
  endfacet
  facet normal 0 0 -1
    outer loop
      vertex -5.85359 -55.6932 0
      vertex -4.91284 -46.7425 0
      vertex -2.93081 -55.9233 0
    endloop
  endfacet
  facet normal 0 0 -1
    outer loop
      vertex -5.85359 -55.6932 0
      vertex -7.35242 -46.4214 0
      vertex -4.91284 -46.7425 0
    endloop
  endfacet
  facet normal 0 0 -1
    outer loop
      vertex -8.76033 -55.3105 0
      vertex -7.35242 -46.4214 0
      vertex -5.85359 -55.6932 0
    endloop
  endfacet
  facet normal 0 0 -1
    outer loop
      vertex -8.76033 -55.3105 0
      vertex -9.77185 -45.9729 0
      vertex -7.35242 -46.4214 0
    endloop
  endfacet
  facet normal 0 0 -1
    outer loop
      vertex -11.6431 -54.7763 0
      vertex -9.77185 -45.9729 0
      vertex -8.76033 -55.3105 0
    endloop
  endfacet
  facet normal 0 0 -1
    outer loop
      vertex -11.6431 -54.7763 0
      vertex -12.1645 -45.3985 0
      vertex -9.77185 -45.9729 0
    endloop
  endfacet
  facet normal 0 0 -1
    outer loop
      vertex -14.4939 -54.0918 0
      vertex -12.1645 -45.3985 0
      vertex -11.6431 -54.7763 0
    endloop
  endfacet
  facet normal 0 0 -1
    outer loop
      vertex -14.4939 -54.0918 0
      vertex -14.5238 -44.6997 0
      vertex -12.1645 -45.3985 0
    endloop
  endfacet
  facet normal 0 0 -1
    outer loop
      vertex -17.305 -53.2592 0
      vertex -14.5238 -44.6997 0
      vertex -14.4939 -54.0918 0
    endloop
  endfacet
  facet normal -0 0 -1
    outer loop
      vertex -14.5238 -44.6997 0
      vertex -17.305 -53.2592 0
      vertex -16.8433 -43.8783 0
    endloop
  endfacet
  facet normal 0 0 -1
    outer loop
      vertex -20.0686 -52.2805 0
      vertex -16.8433 -43.8783 0
      vertex -17.305 -53.2592 0
    endloop
  endfacet
  facet normal -0 0 -1
    outer loop
      vertex -16.8433 -43.8783 0
      vertex -20.0686 -52.2805 0
      vertex -19.1166 -42.9366 0
    endloop
  endfacet
  facet normal 0 0 -1
    outer loop
      vertex -22.7773 -51.1585 0
      vertex -19.1166 -42.9366 0
      vertex -20.0686 -52.2805 0
    endloop
  endfacet
  facet normal -0 0 -1
    outer loop
      vertex -19.1166 -42.9366 0
      vertex -22.7773 -51.1585 0
      vertex -21.3376 -41.8773 0
    endloop
  endfacet
  facet normal 0 0 -1
    outer loop
      vertex -25.4235 -49.8964 0
      vertex -21.3376 -41.8773 0
      vertex -22.7773 -51.1585 0
    endloop
  endfacet
  facet normal -0 0 -1
    outer loop
      vertex -21.3376 -41.8773 0
      vertex -25.4235 -49.8964 0
      vertex -23.5 -40.7032 0
    endloop
  endfacet
  facet normal 0 0 -1
    outer loop
      vertex -28 -48.4974 0
      vertex -23.5 -40.7032 0
      vertex -25.4235 -49.8964 0
    endloop
  endfacet
  facet normal -0 0 -1
    outer loop
      vertex -23.5 -40.7032 0
      vertex -28 -48.4974 0
      vertex -25.598 -39.4175 0
    endloop
  endfacet
  facet normal 0 0 -1
    outer loop
      vertex -30.4998 -46.9656 0
      vertex -25.598 -39.4175 0
      vertex -28 -48.4974 0
    endloop
  endfacet
  facet normal -0 0 -1
    outer loop
      vertex -25.598 -39.4175 0
      vertex -30.4998 -46.9656 0
      vertex -27.6259 -38.0238 0
    endloop
  endfacet
  facet normal 0 0 -1
    outer loop
      vertex -32.916 -45.305 0
      vertex -27.6259 -38.0238 0
      vertex -30.4998 -46.9656 0
    endloop
  endfacet
  facet normal -0 0 -1
    outer loop
      vertex -27.6259 -38.0238 0
      vertex -32.916 -45.305 0
      vertex -29.5781 -36.5259 0
    endloop
  endfacet
  facet normal 0 0 -1
    outer loop
      vertex -35.2419 -43.5202 0
      vertex -29.5781 -36.5259 0
      vertex -32.916 -45.305 0
    endloop
  endfacet
  facet normal 0 0 -1
    outer loop
      vertex -36.0044 -38.3267 0
      vertex -29.5781 -36.5259 0
      vertex -35.2419 -43.5202 0
    endloop
  endfacet
  facet normal 0 0 -1
    outer loop
      vertex -35.7912 -37.2548 0
      vertex -31.4491 -34.9278 0
      vertex -35.7767 -37.4767 0
    endloop
  endfacet
  facet normal 0 0 -1
    outer loop
      vertex -35.7912 -37.6986 0
      vertex -31.4491 -34.9278 0
      vertex -29.5781 -36.5259 0
    endloop
  endfacet
  facet normal 0 0 -1
    outer loop
      vertex -35.8346 -37.0367 0
      vertex -31.4491 -34.9278 0
      vertex -35.7912 -37.2548 0
    endloop
  endfacet
  facet normal 0 0 -1
    outer loop
      vertex -35.9061 -36.8261 0
      vertex -31.4491 -34.9278 0
      vertex -35.8346 -37.0367 0
    endloop
  endfacet
  facet normal 0 0 -1
    outer loop
      vertex -36.0044 -36.6267 0
      vertex -31.4491 -34.9278 0
      vertex -35.9061 -36.8261 0
    endloop
  endfacet
  facet normal -0 0 -1
    outer loop
      vertex -31.4491 -34.9278 0
      vertex -36.0044 -36.6267 0
      vertex -33.234 -33.234 0
    endloop
  endfacet
  facet normal 0 0 -1
    outer loop
      vertex -36.128 -36.4418 0
      vertex -33.234 -33.234 0
      vertex -36.0044 -36.6267 0
    endloop
  endfacet
  facet normal 0 0 -1
    outer loop
      vertex -36.2746 -36.2746 0
      vertex -33.234 -33.234 0
      vertex -36.128 -36.4418 0
    endloop
  endfacet
  facet normal 0 0 -1
    outer loop
      vertex -36.4418 -36.128 0
      vertex -33.234 -33.234 0
      vertex -36.2746 -36.2746 0
    endloop
  endfacet
  facet normal 0 0 -1
    outer loop
      vertex -36.6267 -36.0044 0
      vertex -33.234 -33.234 0
      vertex -36.4418 -36.128 0
    endloop
  endfacet
  facet normal -0 0 -1
    outer loop
      vertex -33.234 -33.234 0
      vertex -36.6267 -36.0044 0
      vertex -34.9278 -31.4491 0
    endloop
  endfacet
  facet normal 0 0 -1
    outer loop
      vertex -36.8261 -35.9061 0
      vertex -34.9278 -31.4491 0
      vertex -36.6267 -36.0044 0
    endloop
  endfacet
  facet normal 0 0 -1
    outer loop
      vertex -37.0367 -35.8346 0
      vertex -34.9278 -31.4491 0
      vertex -36.8261 -35.9061 0
    endloop
  endfacet
  facet normal 0 0 -1
    outer loop
      vertex -37.2548 -35.7912 0
      vertex -34.9278 -31.4491 0
      vertex -37.0367 -35.8346 0
    endloop
  endfacet
  facet normal 0 0 -1
    outer loop
      vertex -37.4767 -35.7767 0
      vertex -34.9278 -31.4491 0
      vertex -37.2548 -35.7912 0
    endloop
  endfacet
  facet normal 0 0 -1
    outer loop
      vertex -37.6986 -35.7912 0
      vertex -34.9278 -31.4491 0
      vertex -37.4767 -35.7767 0
    endloop
  endfacet
  facet normal -0 0 -1
    outer loop
      vertex -34.9278 -31.4491 0
      vertex -37.6986 -35.7912 0
      vertex -36.5259 -29.5781 0
    endloop
  endfacet
  facet normal 0 0 -1
    outer loop
      vertex -37.9167 -35.8346 0
      vertex -36.5259 -29.5781 0
      vertex -37.6986 -35.7912 0
    endloop
  endfacet
  facet normal 0 0 -1
    outer loop
      vertex -38.1272 -35.9061 0
      vertex -36.5259 -29.5781 0
      vertex -37.9167 -35.8346 0
    endloop
  endfacet
  facet normal 0 0 -1
    outer loop
      vertex -38.3267 -36.0044 0
      vertex -36.5259 -29.5781 0
      vertex -38.1272 -35.9061 0
    endloop
  endfacet
  facet normal -0 0 -1
    outer loop
      vertex -36.5259 -29.5781 0
      vertex -38.3267 -36.0044 0
      vertex -38.0238 -27.6259 0
    endloop
  endfacet
  facet normal 0 0 -1
    outer loop
      vertex -38.5116 -36.128 0
      vertex -38.0238 -27.6259 0
      vertex -38.3267 -36.0044 0
    endloop
  endfacet
  facet normal 0 0 -1
    outer loop
      vertex -38.6787 -36.2746 0
      vertex -38.0238 -27.6259 0
      vertex -38.5116 -36.128 0
    endloop
  endfacet
  facet normal 0 0 -1
    outer loop
      vertex -38.8254 -36.4418 0
      vertex -38.0238 -27.6259 0
      vertex -38.6787 -36.2746 0
    endloop
  endfacet
  facet normal 0 0 -1
    outer loop
      vertex -39.4175 -25.598 0
      vertex -38.8254 -36.4418 0
      vertex -38.9489 -36.6267 0
    endloop
  endfacet
  facet normal 0 0 -1
    outer loop
      vertex -39.4175 -25.598 0
      vertex -38.9489 -36.6267 0
      vertex -39.0473 -36.8261 0
    endloop
  endfacet
  facet normal 0 0 -1
    outer loop
      vertex -39.4175 -25.598 0
      vertex -39.0473 -36.8261 0
      vertex -39.1187 -37.0367 0
    endloop
  endfacet
  facet normal 0 0 -1
    outer loop
      vertex -39.4175 -25.598 0
      vertex -39.1187 -37.0367 0
      vertex -39.1621 -37.2548 0
    endloop
  endfacet
  facet normal 0 0 -1
    outer loop
      vertex -38.8254 -36.4418 0
      vertex -39.4175 -25.598 0
      vertex -38.0238 -27.6259 0
    endloop
  endfacet
  facet normal 0 0 -1
    outer loop
      vertex -39.1621 -37.6986 0
      vertex -41.6161 -37.4713 0
      vertex -39.1767 -37.4767 0
    endloop
  endfacet
  facet normal 0.991444 0.130533 0
    outer loop
      vertex 55.6932 5.85359 2
      vertex 55.3105 8.76033 0
      vertex 55.3105 8.76033 2
    endloop
  endfacet
  facet normal 0.991444 0.130533 0
    outer loop
      vertex 55.3105 8.76033 0
      vertex 55.6932 5.85359 2
      vertex 55.6932 5.85359 0
    endloop
  endfacet
  facet normal 0.958828 0.283988 0
    outer loop
      vertex 54.0918 14.4939 2
      vertex 53.2592 17.305 0
      vertex 53.2592 17.305 2
    endloop
  endfacet
  facet normal 0.958828 0.283988 0
    outer loop
      vertex 53.2592 17.305 0
      vertex 54.0918 14.4939 2
      vertex 54.0918 14.4939 0
    endloop
  endfacet
  facet normal 0.942635 0.333824 0
    outer loop
      vertex 53.2592 17.305 2
      vertex 52.2805 20.0686 0
      vertex 52.2805 20.0686 2
    endloop
  endfacet
  facet normal 0.942635 0.333824 0
    outer loop
      vertex 52.2805 20.0686 0
      vertex 53.2592 17.305 2
      vertex 53.2592 17.305 0
    endloop
  endfacet
  facet normal 0.972363 0.233472 0
    outer loop
      vertex 54.7763 11.6431 2
      vertex 54.0918 14.4939 0
      vertex 54.0918 14.4939 2
    endloop
  endfacet
  facet normal 0.972363 0.233472 0
    outer loop
      vertex 54.0918 14.4939 0
      vertex 54.7763 11.6431 2
      vertex 54.7763 11.6431 0
    endloop
  endfacet
  facet normal 0.793341 0.608777 0
    outer loop
      vertex 45.305 32.916 2
      vertex 43.5202 35.2419 0
      vertex 43.5202 35.2419 2
    endloop
  endfacet
  facet normal 0.793341 0.608777 0
    outer loop
      vertex 43.5202 35.2419 0
      vertex 45.305 32.916 2
      vertex 45.305 32.916 0
    endloop
  endfacet
  facet normal 0.760404 0.649451 0
    outer loop
      vertex 43.5202 35.2419 2
      vertex 41.6161 37.4713 0
      vertex 41.6161 37.4713 2
    endloop
  endfacet
  facet normal 0.760404 0.649451 0
    outer loop
      vertex 41.6161 37.4713 0
      vertex 43.5202 35.2419 2
      vertex 43.5202 35.2419 0
    endloop
  endfacet
  facet normal 0.852652 0.522479 0
    outer loop
      vertex 48.4974 28 2
      vertex 46.9656 30.4998 0
      vertex 46.9656 30.4998 2
    endloop
  endfacet
  facet normal 0.852652 0.522479 0
    outer loop
      vertex 46.9656 30.4998 0
      vertex 48.4974 28 2
      vertex 48.4974 28 0
    endloop
  endfacet
  facet normal 0.902595 0.430491 0
    outer loop
      vertex 51.1585 22.7773 2
      vertex 49.8964 25.4235 0
      vertex 49.8964 25.4235 2
    endloop
  endfacet
  facet normal 0.902595 0.430491 0
    outer loop
      vertex 49.8964 25.4235 0
      vertex 51.1585 22.7773 2
      vertex 51.1585 22.7773 0
    endloop
  endfacet
  facet normal 0.130533 0.991444 -0
    outer loop
      vertex 8.76033 55.3105 0
      vertex 5.85359 55.6932 2
      vertex 8.76033 55.3105 2
    endloop
  endfacet
  facet normal 0.130533 0.991444 0
    outer loop
      vertex 5.85359 55.6932 2
      vertex 8.76033 55.3105 0
      vertex 5.85359 55.6932 0
    endloop
  endfacet
  facet normal 0.333824 0.942635 -0
    outer loop
      vertex 20.0686 52.2805 0
      vertex 17.305 53.2592 2
      vertex 20.0686 52.2805 2
    endloop
  endfacet
  facet normal 0.333824 0.942635 0
    outer loop
      vertex 17.305 53.2592 2
      vertex 20.0686 52.2805 0
      vertex 17.305 53.2592 0
    endloop
  endfacet
  facet normal 0.382689 0.923877 -0
    outer loop
      vertex 22.7773 51.1585 0
      vertex 20.0686 52.2805 2
      vertex 22.7773 51.1585 2
    endloop
  endfacet
  facet normal 0.382689 0.923877 0
    outer loop
      vertex 20.0686 52.2805 2
      vertex 22.7773 51.1585 0
      vertex 20.0686 52.2805 0
    endloop
  endfacet
  facet normal 0.283988 0.958828 -0
    outer loop
      vertex 17.305 53.2592 0
      vertex 14.4939 54.0918 2
      vertex 17.305 53.2592 2
    endloop
  endfacet
  facet normal 0.283988 0.958828 0
    outer loop
      vertex 14.4939 54.0918 2
      vertex 17.305 53.2592 0
      vertex 14.4939 54.0918 0
    endloop
  endfacet
  facet normal 0.182206 0.98326 -0
    outer loop
      vertex 11.6431 54.7763 0
      vertex 8.76033 55.3105 2
      vertex 11.6431 54.7763 2
    endloop
  endfacet
  facet normal 0.182206 0.98326 0
    outer loop
      vertex 8.76033 55.3105 2
      vertex 11.6431 54.7763 0
      vertex 8.76033 55.3105 0
    endloop
  endfacet
  facet normal 0.0784836 0.996915 -0
    outer loop
      vertex 5.85359 55.6932 0
      vertex 2.93081 55.9233 2
      vertex 5.85359 55.6932 2
    endloop
  endfacet
  facet normal 0.0784836 0.996915 0
    outer loop
      vertex 2.93081 55.9233 2
      vertex 5.85359 55.6932 0
      vertex 2.93081 55.9233 0
    endloop
  endfacet
  facet normal 0.522479 0.852652 -0
    outer loop
      vertex 30.4998 46.9656 0
      vertex 28 48.4974 2
      vertex 30.4998 46.9656 2
    endloop
  endfacet
  facet normal 0.522479 0.852652 0
    outer loop
      vertex 28 48.4974 2
      vertex 30.4998 46.9656 0
      vertex 28 48.4974 0
    endloop
  endfacet
  facet normal 0.566404 0.824128 -0
    outer loop
      vertex 32.916 45.305 0
      vertex 30.4998 46.9656 2
      vertex 32.916 45.305 2
    endloop
  endfacet
  facet normal 0.566404 0.824128 0
    outer loop
      vertex 30.4998 46.9656 2
      vertex 32.916 45.305 0
      vertex 30.4998 46.9656 0
    endloop
  endfacet
  facet normal 0.477178 0.878806 -0
    outer loop
      vertex 28 48.4974 0
      vertex 25.4235 49.8964 2
      vertex 28 48.4974 2
    endloop
  endfacet
  facet normal 0.477178 0.878806 0
    outer loop
      vertex 25.4235 49.8964 2
      vertex 28 48.4974 0
      vertex 25.4235 49.8964 0
    endloop
  endfacet
  facet normal 0.649451 0.760404 -0
    outer loop
      vertex 37.4713 41.6161 0
      vertex 35.2419 43.5202 2
      vertex 37.4713 41.6161 2
    endloop
  endfacet
  facet normal 0.649451 0.760404 0
    outer loop
      vertex 35.2419 43.5202 2
      vertex 37.4713 41.6161 0
      vertex 35.2419 43.5202 0
    endloop
  endfacet
  facet normal -0.991444 0.130533 0
    outer loop
      vertex -55.6932 5.85359 0
      vertex -55.3105 8.76033 2
      vertex -55.3105 8.76033 0
    endloop
  endfacet
  facet normal -0.991444 0.130533 0
    outer loop
      vertex -55.3105 8.76033 2
      vertex -55.6932 5.85359 0
      vertex -55.6932 5.85359 2
    endloop
  endfacet
  facet normal -0.760404 0.649451 0
    outer loop
      vertex -43.5202 35.2419 0
      vertex -41.6161 37.4713 2
      vertex -41.6161 37.4713 0
    endloop
  endfacet
  facet normal -0.760404 0.649451 0
    outer loop
      vertex -41.6161 37.4713 2
      vertex -43.5202 35.2419 0
      vertex -43.5202 35.2419 2
    endloop
  endfacet
  facet normal -0.852652 0.522479 0
    outer loop
      vertex -48.4974 28 0
      vertex -46.9656 30.4998 2
      vertex -46.9656 30.4998 0
    endloop
  endfacet
  facet normal -0.852652 0.522479 0
    outer loop
      vertex -46.9656 30.4998 2
      vertex -48.4974 28 0
      vertex -48.4974 28 2
    endloop
  endfacet
  facet normal -0.878806 0.477178 0
    outer loop
      vertex -49.8964 25.4235 0
      vertex -48.4974 28 2
      vertex -48.4974 28 0
    endloop
  endfacet
  facet normal -0.878806 0.477178 0
    outer loop
      vertex -48.4974 28 2
      vertex -49.8964 25.4235 0
      vertex -49.8964 25.4235 2
    endloop
  endfacet
  facet normal -0.824128 0.566404 0
    outer loop
      vertex -46.9656 30.4998 0
      vertex -45.305 32.916 2
      vertex -45.305 32.916 0
    endloop
  endfacet
  facet normal -0.824128 0.566404 0
    outer loop
      vertex -45.305 32.916 2
      vertex -46.9656 30.4998 0
      vertex -46.9656 30.4998 2
    endloop
  endfacet
  facet normal -0.942635 0.333824 0
    outer loop
      vertex -53.2592 17.305 0
      vertex -52.2805 20.0686 2
      vertex -52.2805 20.0686 0
    endloop
  endfacet
  facet normal -0.942635 0.333824 0
    outer loop
      vertex -52.2805 20.0686 2
      vertex -53.2592 17.305 0
      vertex -53.2592 17.305 2
    endloop
  endfacet
  facet normal -0.923877 0.382689 0
    outer loop
      vertex -52.2805 20.0686 0
      vertex -51.1585 22.7773 2
      vertex -51.1585 22.7773 0
    endloop
  endfacet
  facet normal -0.923877 0.382689 0
    outer loop
      vertex -51.1585 22.7773 2
      vertex -52.2805 20.0686 0
      vertex -52.2805 20.0686 2
    endloop
  endfacet
  facet normal -0.958828 0.283988 0
    outer loop
      vertex -54.0918 14.4939 0
      vertex -53.2592 17.305 2
      vertex -53.2592 17.305 0
    endloop
  endfacet
  facet normal -0.958828 0.283988 0
    outer loop
      vertex -53.2592 17.305 2
      vertex -54.0918 14.4939 0
      vertex -54.0918 14.4939 2
    endloop
  endfacet
  facet normal -0.98326 0.182206 0
    outer loop
      vertex -55.3105 8.76033 0
      vertex -54.7763 11.6431 2
      vertex -54.7763 11.6431 0
    endloop
  endfacet
  facet normal -0.98326 0.182206 0
    outer loop
      vertex -54.7763 11.6431 2
      vertex -55.3105 8.76033 0
      vertex -55.3105 8.76033 2
    endloop
  endfacet
  facet normal -0.996915 0.0784836 0
    outer loop
      vertex -55.9233 2.93081 0
      vertex -55.6932 5.85359 2
      vertex -55.6932 5.85359 0
    endloop
  endfacet
  facet normal -0.996915 0.0784836 0
    outer loop
      vertex -55.6932 5.85359 2
      vertex -55.9233 2.93081 0
      vertex -55.9233 2.93081 2
    endloop
  endfacet
  facet normal 0 0 1
    outer loop
      vertex -31.4491 34.9278 2
      vertex -35.7912 37.6986 2
      vertex -35.7767 37.4767 2
    endloop
  endfacet
  facet normal 0 0 1
    outer loop
      vertex -29.5781 36.5259 2
      vertex -35.8346 37.9167 2
      vertex -35.7912 37.6986 2
    endloop
  endfacet
  facet normal 0 0 1
    outer loop
      vertex -29.5781 36.5259 2
      vertex -35.9061 38.1272 2
      vertex -35.8346 37.9167 2
    endloop
  endfacet
  facet normal 0 0 1
    outer loop
      vertex -29.5781 36.5259 2
      vertex -36.0044 38.3267 2
      vertex -35.9061 38.1272 2
    endloop
  endfacet
  facet normal 0 0 1
    outer loop
      vertex -35.2419 43.5202 2
      vertex -36.128 38.5116 2
      vertex -36.0044 38.3267 2
    endloop
  endfacet
  facet normal 0 0 1
    outer loop
      vertex -35.2419 43.5202 2
      vertex -36.2746 38.6787 2
      vertex -36.128 38.5116 2
    endloop
  endfacet
  facet normal 0 0 1
    outer loop
      vertex -35.2419 43.5202 2
      vertex -36.4418 38.8254 2
      vertex -36.2746 38.6787 2
    endloop
  endfacet
  facet normal -0 0 1
    outer loop
      vertex -37.4713 41.6161 2
      vertex -36.4418 38.8254 2
      vertex -35.2419 43.5202 2
    endloop
  endfacet
  facet normal 0 0 1
    outer loop
      vertex -36.4418 38.8254 2
      vertex -37.4713 41.6161 2
      vertex -36.6267 38.9489 2
    endloop
  endfacet
  facet normal 0 0 1
    outer loop
      vertex -36.6267 38.9489 2
      vertex -37.4713 41.6161 2
      vertex -36.8261 39.0473 2
    endloop
  endfacet
  facet normal 0 0 1
    outer loop
      vertex -36.8261 39.0473 2
      vertex -37.4713 41.6161 2
      vertex -37.0367 39.1187 2
    endloop
  endfacet
  facet normal 0 0 1
    outer loop
      vertex -37.0367 39.1187 2
      vertex -37.4713 41.6161 2
      vertex -37.2548 39.1621 2
    endloop
  endfacet
  facet normal 0 0 1
    outer loop
      vertex -37.4713 41.6161 2
      vertex -37.4767 39.1767 2
      vertex -37.2548 39.1621 2
    endloop
  endfacet
  facet normal 0 0 1
    outer loop
      vertex -37.4713 41.6161 2
      vertex -37.6986 39.1621 2
      vertex -37.4767 39.1767 2
    endloop
  endfacet
  facet normal 0 0 1
    outer loop
      vertex -37.4713 41.6161 2
      vertex -37.9167 39.1187 2
      vertex -37.6986 39.1621 2
    endloop
  endfacet
  facet normal -0 0 1
    outer loop
      vertex -39.598 39.598 2
      vertex -37.9167 39.1187 2
      vertex -37.4713 41.6161 2
    endloop
  endfacet
  facet normal 0 0 1
    outer loop
      vertex -37.9167 39.1187 2
      vertex -39.598 39.598 2
      vertex -38.1272 39.0473 2
    endloop
  endfacet
  facet normal 0 0 1
    outer loop
      vertex -38.1272 39.0473 2
      vertex -39.598 39.598 2
      vertex -38.3267 38.9489 2
    endloop
  endfacet
  facet normal 0 0 1
    outer loop
      vertex -38.3267 38.9489 2
      vertex -39.598 39.598 2
      vertex -38.5116 38.8254 2
    endloop
  endfacet
  facet normal 0 0 1
    outer loop
      vertex -38.5116 38.8254 2
      vertex -39.598 39.598 2
      vertex -38.6787 38.6787 2
    endloop
  endfacet
  facet normal 0 0 1
    outer loop
      vertex -38.6787 38.6787 2
      vertex -39.598 39.598 2
      vertex -38.8254 38.5116 2
    endloop
  endfacet
  facet normal 0 0 1
    outer loop
      vertex -38.8254 38.5116 2
      vertex -39.598 39.598 2
      vertex -38.9489 38.3267 2
    endloop
  endfacet
  facet normal 0 0 1
    outer loop
      vertex -38.9489 38.3267 2
      vertex -39.598 39.598 2
      vertex -39.0473 38.1272 2
    endloop
  endfacet
  facet normal 0 0 1
    outer loop
      vertex -39.598 39.598 2
      vertex -39.1187 37.9167 2
      vertex -39.0473 38.1272 2
    endloop
  endfacet
  facet normal 0 0 1
    outer loop
      vertex -41.6161 37.4713 2
      vertex -39.1187 37.9167 2
      vertex -39.598 39.598 2
    endloop
  endfacet
  facet normal 0 0 1
    outer loop
      vertex -39.1187 37.9167 2
      vertex -41.6161 37.4713 2
      vertex -39.1621 37.6986 2
    endloop
  endfacet
  facet normal 0 0 1
    outer loop
      vertex -39.1767 37.4767 2
      vertex -41.6161 37.4713 2
      vertex -39.1621 37.2548 2
    endloop
  endfacet
  facet normal 0 0 1
    outer loop
      vertex -43.5202 35.2419 2
      vertex -39.1621 37.2548 2
      vertex -41.6161 37.4713 2
    endloop
  endfacet
  facet normal 0 0 1
    outer loop
      vertex -39.1621 37.2548 2
      vertex -43.5202 35.2419 2
      vertex -39.4175 25.598 2
    endloop
  endfacet
  facet normal -0 0 1
    outer loop
      vertex -45.305 32.916 2
      vertex -39.4175 25.598 2
      vertex -43.5202 35.2419 2
    endloop
  endfacet
  facet normal -0 0 1
    outer loop
      vertex -46.9656 30.4998 2
      vertex -39.4175 25.598 2
      vertex -45.305 32.916 2
    endloop
  endfacet
  facet normal 0 0 1
    outer loop
      vertex -39.4175 25.598 2
      vertex -46.9656 30.4998 2
      vertex -40.7032 23.5 2
    endloop
  endfacet
  facet normal -0 0 1
    outer loop
      vertex -48.4974 28 2
      vertex -40.7032 23.5 2
      vertex -46.9656 30.4998 2
    endloop
  endfacet
  facet normal 0 0 1
    outer loop
      vertex -40.7032 23.5 2
      vertex -48.4974 28 2
      vertex -41.8773 21.3376 2
    endloop
  endfacet
  facet normal -0 0 1
    outer loop
      vertex -49.8964 25.4235 2
      vertex -41.8773 21.3376 2
      vertex -48.4974 28 2
    endloop
  endfacet
  facet normal 0 0 1
    outer loop
      vertex -41.8773 21.3376 2
      vertex -49.8964 25.4235 2
      vertex -42.9366 19.1166 2
    endloop
  endfacet
  facet normal -0 0 1
    outer loop
      vertex -51.1585 22.7773 2
      vertex -42.9366 19.1166 2
      vertex -49.8964 25.4235 2
    endloop
  endfacet
  facet normal 0 0 1
    outer loop
      vertex -42.9366 19.1166 2
      vertex -51.1585 22.7773 2
      vertex -43.8783 16.8433 2
    endloop
  endfacet
  facet normal -0 0 1
    outer loop
      vertex -52.2805 20.0686 2
      vertex -43.8783 16.8433 2
      vertex -51.1585 22.7773 2
    endloop
  endfacet
  facet normal 0 0 1
    outer loop
      vertex -43.8783 16.8433 2
      vertex -52.2805 20.0686 2
      vertex -44.6997 14.5238 2
    endloop
  endfacet
  facet normal -0 0 1
    outer loop
      vertex -53.2592 17.305 2
      vertex -44.6997 14.5238 2
      vertex -52.2805 20.0686 2
    endloop
  endfacet
  facet normal 0 0 1
    outer loop
      vertex -44.6997 14.5238 2
      vertex -53.2592 17.305 2
      vertex -45.3985 12.1645 2
    endloop
  endfacet
  facet normal -0 0 1
    outer loop
      vertex -54.0918 14.4939 2
      vertex -45.3985 12.1645 2
      vertex -53.2592 17.305 2
    endloop
  endfacet
  facet normal 0 0 1
    outer loop
      vertex -35.8346 -37.9167 2
      vertex -29.5781 -36.5259 2
      vertex -35.7912 -37.6986 2
    endloop
  endfacet
  facet normal 0 0 1
    outer loop
      vertex -35.9061 -38.1272 2
      vertex -29.5781 -36.5259 2
      vertex -35.8346 -37.9167 2
    endloop
  endfacet
  facet normal 0 0 1
    outer loop
      vertex -36.0044 -38.3267 2
      vertex -29.5781 -36.5259 2
      vertex -35.9061 -38.1272 2
    endloop
  endfacet
  facet normal 0 0 1
    outer loop
      vertex -29.5781 -36.5259 2
      vertex -36.0044 -38.3267 2
      vertex -35.2419 -43.5202 2
    endloop
  endfacet
  facet normal -0 0 1
    outer loop
      vertex -36.128 -38.5116 2
      vertex -35.2419 -43.5202 2
      vertex -36.0044 -38.3267 2
    endloop
  endfacet
  facet normal -0 0 1
    outer loop
      vertex -36.2746 -38.6787 2
      vertex -35.2419 -43.5202 2
      vertex -36.128 -38.5116 2
    endloop
  endfacet
  facet normal -0 0 1
    outer loop
      vertex -36.4418 -38.8254 2
      vertex -35.2419 -43.5202 2
      vertex -36.2746 -38.6787 2
    endloop
  endfacet
  facet normal 0 0 1
    outer loop
      vertex -37.4713 -41.6161 2
      vertex -36.4418 -38.8254 2
      vertex -36.6267 -38.9489 2
    endloop
  endfacet
  facet normal 0 0 1
    outer loop
      vertex -37.4713 -41.6161 2
      vertex -36.6267 -38.9489 2
      vertex -36.8261 -39.0473 2
    endloop
  endfacet
  facet normal 0 0 1
    outer loop
      vertex -37.4713 -41.6161 2
      vertex -36.8261 -39.0473 2
      vertex -37.0367 -39.1187 2
    endloop
  endfacet
  facet normal 0 0 1
    outer loop
      vertex -37.4713 -41.6161 2
      vertex -37.0367 -39.1187 2
      vertex -37.2548 -39.1621 2
    endloop
  endfacet
  facet normal 0 0 1
    outer loop
      vertex -36.4418 -38.8254 2
      vertex -37.4713 -41.6161 2
      vertex -35.2419 -43.5202 2
    endloop
  endfacet
  facet normal -0 0 1
    outer loop
      vertex -37.4767 -39.1767 2
      vertex -37.4713 -41.6161 2
      vertex -37.2548 -39.1621 2
    endloop
  endfacet
  facet normal 0 0 1
    outer loop
      vertex -37.6986 -39.1621 2
      vertex -37.4713 -41.6161 2
      vertex -37.4767 -39.1767 2
    endloop
  endfacet
  facet normal 0 0 1
    outer loop
      vertex -37.9167 -39.1187 2
      vertex -37.4713 -41.6161 2
      vertex -37.6986 -39.1621 2
    endloop
  endfacet
  facet normal 0 0 1
    outer loop
      vertex -39.598 -39.598 2
      vertex -37.9167 -39.1187 2
      vertex -38.1272 -39.0473 2
    endloop
  endfacet
  facet normal 0 0 1
    outer loop
      vertex -39.598 -39.598 2
      vertex -38.1272 -39.0473 2
      vertex -38.3267 -38.9489 2
    endloop
  endfacet
  facet normal 0 0 1
    outer loop
      vertex -39.598 -39.598 2
      vertex -38.3267 -38.9489 2
      vertex -38.5116 -38.8254 2
    endloop
  endfacet
  facet normal 0 0 1
    outer loop
      vertex -39.598 -39.598 2
      vertex -38.5116 -38.8254 2
      vertex -38.6787 -38.6787 2
    endloop
  endfacet
  facet normal 0 0 1
    outer loop
      vertex -39.598 -39.598 2
      vertex -38.6787 -38.6787 2
      vertex -38.8254 -38.5116 2
    endloop
  endfacet
  facet normal 0 0 1
    outer loop
      vertex -39.598 -39.598 2
      vertex -38.8254 -38.5116 2
      vertex -38.9489 -38.3267 2
    endloop
  endfacet
  facet normal 0 0 1
    outer loop
      vertex -39.598 -39.598 2
      vertex -38.9489 -38.3267 2
      vertex -39.0473 -38.1272 2
    endloop
  endfacet
  facet normal 0 0 1
    outer loop
      vertex -37.9167 -39.1187 2
      vertex -39.598 -39.598 2
      vertex -37.4713 -41.6161 2
    endloop
  endfacet
  facet normal 0 0 1
    outer loop
      vertex -39.1187 -37.9167 2
      vertex -39.598 -39.598 2
      vertex -39.0473 -38.1272 2
    endloop
  endfacet
  facet normal 0 0 1
    outer loop
      vertex -39.1621 -37.6986 2
      vertex -39.598 -39.598 2
      vertex -39.1187 -37.9167 2
    endloop
  endfacet
  facet normal 0 0 1
    outer loop
      vertex -39.1767 -37.4767 2
      vertex -39.598 -39.598 2
      vertex -39.1621 -37.6986 2
    endloop
  endfacet
  facet normal 0 0 1
    outer loop
      vertex -39.1621 -37.2548 2
      vertex -39.598 -39.598 2
      vertex -39.1767 -37.4767 2
    endloop
  endfacet
  facet normal 0 0 1
    outer loop
      vertex -46.9656 -30.4998 2
      vertex -39.4175 -25.598 2
      vertex -40.7032 -23.5 2
    endloop
  endfacet
  facet normal 0 0 1
    outer loop
      vertex -39.1621 -37.2548 2
      vertex -41.6161 -37.4713 2
      vertex -39.598 -39.598 2
    endloop
  endfacet
  facet normal 0 0 1
    outer loop
      vertex -48.4974 -28 2
      vertex -40.7032 -23.5 2
      vertex -41.8773 -21.3376 2
    endloop
  endfacet
  facet normal 0 0 1
    outer loop
      vertex -49.8964 -25.4235 2
      vertex -41.8773 -21.3376 2
      vertex -42.9366 -19.1166 2
    endloop
  endfacet
  facet normal 0 0 1
    outer loop
      vertex -39.1187 -37.0367 2
      vertex -41.6161 -37.4713 2
      vertex -39.1621 -37.2548 2
    endloop
  endfacet
  facet normal 0 0 1
    outer loop
      vertex -51.1585 -22.7773 2
      vertex -42.9366 -19.1166 2
      vertex -43.8783 -16.8433 2
    endloop
  endfacet
  facet normal 0 0 1
    outer loop
      vertex -52.2805 -20.0686 2
      vertex -43.8783 -16.8433 2
      vertex -44.6997 -14.5238 2
    endloop
  endfacet
  facet normal 0 0 1
    outer loop
      vertex -39.4175 -25.598 2
      vertex -45.305 -32.916 2
      vertex -43.5202 -35.2419 2
    endloop
  endfacet
  facet normal 0 0 1
    outer loop
      vertex -53.2592 -17.305 2
      vertex -44.6997 -14.5238 2
      vertex -45.3985 -12.1645 2
    endloop
  endfacet
  facet normal 0 0 1
    outer loop
      vertex -54.0918 -14.4939 2
      vertex -45.3985 -12.1645 2
      vertex -45.9729 -9.77185 2
    endloop
  endfacet
  facet normal 0 0 1
    outer loop
      vertex -54.7763 -11.6431 2
      vertex -45.9729 -9.77185 2
      vertex -46.4214 -7.35242 2
    endloop
  endfacet
  facet normal 0 0 1
    outer loop
      vertex -55.3105 -8.76033 2
      vertex -46.4214 -7.35242 2
      vertex -46.7425 -4.91284 2
    endloop
  endfacet
  facet normal 0 0 1
    outer loop
      vertex -55.6932 -5.85359 2
      vertex -46.7425 -4.91284 2
      vertex -46.9356 -2.45979 2
    endloop
  endfacet
  facet normal 0 0 1
    outer loop
      vertex -39.4175 -25.598 2
      vertex -46.9656 -30.4998 2
      vertex -45.305 -32.916 2
    endloop
  endfacet
  facet normal 0 0 1
    outer loop
      vertex -55.9233 -2.93081 2
      vertex -46.9356 -2.45979 2
      vertex -47 0 2
    endloop
  endfacet
  facet normal 0 0 1
    outer loop
      vertex -45.3985 12.1645 2
      vertex -54.0918 14.4939 2
      vertex -45.9729 9.77185 2
    endloop
  endfacet
  facet normal 0 0 1
    outer loop
      vertex -40.7032 -23.5 2
      vertex -48.4974 -28 2
      vertex -46.9656 -30.4998 2
    endloop
  endfacet
  facet normal -0 0 1
    outer loop
      vertex -54.7763 11.6431 2
      vertex -45.9729 9.77185 2
      vertex -54.0918 14.4939 2
    endloop
  endfacet
  facet normal 0 0 1
    outer loop
      vertex -41.8773 -21.3376 2
      vertex -49.8964 -25.4235 2
      vertex -48.4974 -28 2
    endloop
  endfacet
  facet normal 0 0 1
    outer loop
      vertex -45.9729 9.77185 2
      vertex -54.7763 11.6431 2
      vertex -46.4214 7.35242 2
    endloop
  endfacet
  facet normal 0 0 1
    outer loop
      vertex -42.9366 -19.1166 2
      vertex -51.1585 -22.7773 2
      vertex -49.8964 -25.4235 2
    endloop
  endfacet
  facet normal -0 0 1
    outer loop
      vertex -55.3105 8.76033 2
      vertex -46.4214 7.35242 2
      vertex -54.7763 11.6431 2
    endloop
  endfacet
  facet normal 0 0 1
    outer loop
      vertex -43.8783 -16.8433 2
      vertex -52.2805 -20.0686 2
      vertex -51.1585 -22.7773 2
    endloop
  endfacet
  facet normal 0 0 1
    outer loop
      vertex -46.4214 7.35242 2
      vertex -55.3105 8.76033 2
      vertex -46.7425 4.91284 2
    endloop
  endfacet
  facet normal 0 0 1
    outer loop
      vertex -44.6997 -14.5238 2
      vertex -53.2592 -17.305 2
      vertex -52.2805 -20.0686 2
    endloop
  endfacet
  facet normal -0 0 1
    outer loop
      vertex -55.6932 5.85359 2
      vertex -46.7425 4.91284 2
      vertex -55.3105 8.76033 2
    endloop
  endfacet
  facet normal 0 0 1
    outer loop
      vertex -45.3985 -12.1645 2
      vertex -54.0918 -14.4939 2
      vertex -53.2592 -17.305 2
    endloop
  endfacet
  facet normal 0 0 1
    outer loop
      vertex -46.7425 4.91284 2
      vertex -55.6932 5.85359 2
      vertex -46.9356 2.45979 2
    endloop
  endfacet
  facet normal 0 0 1
    outer loop
      vertex -45.9729 -9.77185 2
      vertex -54.7763 -11.6431 2
      vertex -54.0918 -14.4939 2
    endloop
  endfacet
  facet normal -0 0 1
    outer loop
      vertex -55.9233 2.93081 2
      vertex -46.9356 2.45979 2
      vertex -55.6932 5.85359 2
    endloop
  endfacet
  facet normal 0 0 1
    outer loop
      vertex -46.4214 -7.35242 2
      vertex -55.3105 -8.76033 2
      vertex -54.7763 -11.6431 2
    endloop
  endfacet
  facet normal 0 0 1
    outer loop
      vertex -46.9356 2.45979 2
      vertex -55.9233 2.93081 2
      vertex -47 0 2
    endloop
  endfacet
  facet normal 0 0 1
    outer loop
      vertex -46.7425 -4.91284 2
      vertex -55.6932 -5.85359 2
      vertex -55.3105 -8.76033 2
    endloop
  endfacet
  facet normal 0 0 1
    outer loop
      vertex -56 0 2
      vertex -47 0 2
      vertex -55.9233 2.93081 2
    endloop
  endfacet
  facet normal 0 0 1
    outer loop
      vertex -46.9356 -2.45979 2
      vertex -55.9233 -2.93081 2
      vertex -55.6932 -5.85359 2
    endloop
  endfacet
  facet normal 0 0 1
    outer loop
      vertex -47 0 2
      vertex -56 0 2
      vertex -55.9233 -2.93081 2
    endloop
  endfacet
  facet normal 0 0 1
    outer loop
      vertex 41.6161 -37.4713 2
      vertex 39.1621 -37.2548 2
      vertex 39.1767 -37.4767 2
    endloop
  endfacet
  facet normal 0 0 1
    outer loop
      vertex 43.5202 -35.2419 2
      vertex 39.1187 -37.0367 2
      vertex 39.1621 -37.2548 2
    endloop
  endfacet
  facet normal 0 0 1
    outer loop
      vertex 43.5202 -35.2419 2
      vertex 39.0473 -36.8261 2
      vertex 39.1187 -37.0367 2
    endloop
  endfacet
  facet normal 0 0 1
    outer loop
      vertex 43.5202 -35.2419 2
      vertex 38.9489 -36.6267 2
      vertex 39.0473 -36.8261 2
    endloop
  endfacet
  facet normal 0 0 1
    outer loop
      vertex 43.5202 -35.2419 2
      vertex 38.8254 -36.4418 2
      vertex 38.9489 -36.6267 2
    endloop
  endfacet
  facet normal -0 0 1
    outer loop
      vertex 36.5259 -29.5781 2
      vertex 43.5202 -35.2419 2
      vertex 38.0238 -27.6259 2
    endloop
  endfacet
  facet normal 0 0 1
    outer loop
      vertex 43.5202 -35.2419 2
      vertex 38.6787 -36.2746 2
      vertex 38.8254 -36.4418 2
    endloop
  endfacet
  facet normal 0 0 1
    outer loop
      vertex 43.5202 -35.2419 2
      vertex 38.5116 -36.128 2
      vertex 38.6787 -36.2746 2
    endloop
  endfacet
  facet normal 0 0 1
    outer loop
      vertex 43.5202 -35.2419 2
      vertex 38.3267 -36.0044 2
      vertex 38.5116 -36.128 2
    endloop
  endfacet
  facet normal 0 0 1
    outer loop
      vertex 43.5202 -35.2419 2
      vertex 36.5259 -29.5781 2
      vertex 38.3267 -36.0044 2
    endloop
  endfacet
  facet normal 0 0 1
    outer loop
      vertex 38.3267 -36.0044 2
      vertex 36.5259 -29.5781 2
      vertex 38.1272 -35.9061 2
    endloop
  endfacet
  facet normal 0 0 1
    outer loop
      vertex 38.1272 -35.9061 2
      vertex 36.5259 -29.5781 2
      vertex 37.9167 -35.8346 2
    endloop
  endfacet
  facet normal 0 0 1
    outer loop
      vertex 37.9167 -35.8346 2
      vertex 36.5259 -29.5781 2
      vertex 37.6986 -35.7912 2
    endloop
  endfacet
  facet normal -0 0 1
    outer loop
      vertex 34.9278 -31.4491 2
      vertex 37.6986 -35.7912 2
      vertex 36.5259 -29.5781 2
    endloop
  endfacet
  facet normal 0 0 1
    outer loop
      vertex 37.6986 -35.7912 2
      vertex 34.9278 -31.4491 2
      vertex 37.4767 -35.7767 2
    endloop
  endfacet
  facet normal 0 0 1
    outer loop
      vertex 37.4767 -35.7767 2
      vertex 34.9278 -31.4491 2
      vertex 37.2548 -35.7912 2
    endloop
  endfacet
  facet normal 0 0 1
    outer loop
      vertex 37.2548 -35.7912 2
      vertex 34.9278 -31.4491 2
      vertex 37.0367 -35.8346 2
    endloop
  endfacet
  facet normal 0 0 1
    outer loop
      vertex 37.0367 -35.8346 2
      vertex 34.9278 -31.4491 2
      vertex 36.8261 -35.9061 2
    endloop
  endfacet
  facet normal 0 0 1
    outer loop
      vertex 36.8261 -35.9061 2
      vertex 34.9278 -31.4491 2
      vertex 36.6267 -36.0044 2
    endloop
  endfacet
  facet normal -0 0 1
    outer loop
      vertex 33.234 -33.234 2
      vertex 36.6267 -36.0044 2
      vertex 34.9278 -31.4491 2
    endloop
  endfacet
  facet normal 0 0 1
    outer loop
      vertex 36.6267 -36.0044 2
      vertex 33.234 -33.234 2
      vertex 36.4418 -36.128 2
    endloop
  endfacet
  facet normal 0 0 1
    outer loop
      vertex 36.4418 -36.128 2
      vertex 33.234 -33.234 2
      vertex 36.2746 -36.2746 2
    endloop
  endfacet
  facet normal 0 0 1
    outer loop
      vertex 36.2746 -36.2746 2
      vertex 33.234 -33.234 2
      vertex 36.128 -36.4418 2
    endloop
  endfacet
  facet normal 0 0 1
    outer loop
      vertex 36.128 -36.4418 2
      vertex 33.234 -33.234 2
      vertex 36.0044 -36.6267 2
    endloop
  endfacet
  facet normal -0 0 1
    outer loop
      vertex 31.4491 -34.9278 2
      vertex 36.0044 -36.6267 2
      vertex 33.234 -33.234 2
    endloop
  endfacet
  facet normal 0 0 1
    outer loop
      vertex 31.4491 -34.9278 2
      vertex 35.7767 -37.4767 2
      vertex 35.7912 -37.2548 2
    endloop
  endfacet
  facet normal 0 0 1
    outer loop
      vertex 36.0044 -36.6267 2
      vertex 31.4491 -34.9278 2
      vertex 35.9061 -36.8261 2
    endloop
  endfacet
  facet normal 0 0 1
    outer loop
      vertex 35.9061 -36.8261 2
      vertex 31.4491 -34.9278 2
      vertex 35.8346 -37.0367 2
    endloop
  endfacet
  facet normal 0 0 1
    outer loop
      vertex 35.8346 -37.0367 2
      vertex 31.4491 -34.9278 2
      vertex 35.7912 -37.2548 2
    endloop
  endfacet
  facet normal 0 0 1
    outer loop
      vertex 35.7767 -37.4767 2
      vertex 31.4491 -34.9278 2
      vertex 29.5781 -36.5259 2
    endloop
  endfacet
  facet normal 0 0 1
    outer loop
      vertex 35.7767 -37.4767 2
      vertex 29.5781 -36.5259 2
      vertex 35.2419 -43.5202 2
    endloop
  endfacet
  facet normal 0 0 1
    outer loop
      vertex 35.2419 -43.5202 2
      vertex 29.5781 -36.5259 2
      vertex 32.916 -45.305 2
    endloop
  endfacet
  facet normal -0 0 1
    outer loop
      vertex 27.6259 -38.0238 2
      vertex 32.916 -45.305 2
      vertex 29.5781 -36.5259 2
    endloop
  endfacet
  facet normal 0 0 1
    outer loop
      vertex 32.916 -45.305 2
      vertex 27.6259 -38.0238 2
      vertex 30.4998 -46.9656 2
    endloop
  endfacet
  facet normal -0 0 1
    outer loop
      vertex 25.598 -39.4175 2
      vertex 30.4998 -46.9656 2
      vertex 27.6259 -38.0238 2
    endloop
  endfacet
  facet normal 0 0 1
    outer loop
      vertex 30.4998 -46.9656 2
      vertex 25.598 -39.4175 2
      vertex 28 -48.4974 2
    endloop
  endfacet
  facet normal -0 0 1
    outer loop
      vertex 23.5 -40.7032 2
      vertex 28 -48.4974 2
      vertex 25.598 -39.4175 2
    endloop
  endfacet
  facet normal 0 0 1
    outer loop
      vertex 28 -48.4974 2
      vertex 23.5 -40.7032 2
      vertex 25.4235 -49.8964 2
    endloop
  endfacet
  facet normal -0 0 1
    outer loop
      vertex 21.3376 -41.8773 2
      vertex 25.4235 -49.8964 2
      vertex 23.5 -40.7032 2
    endloop
  endfacet
  facet normal 0 0 1
    outer loop
      vertex 25.4235 -49.8964 2
      vertex 21.3376 -41.8773 2
      vertex 22.7773 -51.1585 2
    endloop
  endfacet
  facet normal -0 0 1
    outer loop
      vertex 19.1166 -42.9366 2
      vertex 22.7773 -51.1585 2
      vertex 21.3376 -41.8773 2
    endloop
  endfacet
  facet normal 0 0 1
    outer loop
      vertex 22.7773 -51.1585 2
      vertex 19.1166 -42.9366 2
      vertex 20.0686 -52.2805 2
    endloop
  endfacet
  facet normal -0 0 1
    outer loop
      vertex 16.8433 -43.8783 2
      vertex 20.0686 -52.2805 2
      vertex 19.1166 -42.9366 2
    endloop
  endfacet
  facet normal 0 0 1
    outer loop
      vertex 20.0686 -52.2805 2
      vertex 16.8433 -43.8783 2
      vertex 17.305 -53.2592 2
    endloop
  endfacet
  facet normal -0 0 1
    outer loop
      vertex 14.5238 -44.6997 2
      vertex 17.305 -53.2592 2
      vertex 16.8433 -43.8783 2
    endloop
  endfacet
  facet normal 0 0 1
    outer loop
      vertex 14.5238 -44.6997 2
      vertex 14.4939 -54.0918 2
      vertex 17.305 -53.2592 2
    endloop
  endfacet
  facet normal -0 0 1
    outer loop
      vertex 12.1645 -45.3985 2
      vertex 14.4939 -54.0918 2
      vertex 14.5238 -44.6997 2
    endloop
  endfacet
  facet normal 0 0 1
    outer loop
      vertex 12.1645 -45.3985 2
      vertex 11.6431 -54.7763 2
      vertex 14.4939 -54.0918 2
    endloop
  endfacet
  facet normal -0 0 1
    outer loop
      vertex 9.77185 -45.9729 2
      vertex 11.6431 -54.7763 2
      vertex 12.1645 -45.3985 2
    endloop
  endfacet
  facet normal 0 0 1
    outer loop
      vertex 9.77185 -45.9729 2
      vertex 8.76033 -55.3105 2
      vertex 11.6431 -54.7763 2
    endloop
  endfacet
  facet normal -0 0 1
    outer loop
      vertex 7.35242 -46.4214 2
      vertex 8.76033 -55.3105 2
      vertex 9.77185 -45.9729 2
    endloop
  endfacet
  facet normal 0 0 1
    outer loop
      vertex 7.35242 -46.4214 2
      vertex 5.85359 -55.6932 2
      vertex 8.76033 -55.3105 2
    endloop
  endfacet
  facet normal -0 0 1
    outer loop
      vertex 4.91284 -46.7425 2
      vertex 5.85359 -55.6932 2
      vertex 7.35242 -46.4214 2
    endloop
  endfacet
  facet normal 0 0 1
    outer loop
      vertex 4.91284 -46.7425 2
      vertex 2.93081 -55.9233 2
      vertex 5.85359 -55.6932 2
    endloop
  endfacet
  facet normal -0 0 1
    outer loop
      vertex 2.45979 -46.9356 2
      vertex 2.93081 -55.9233 2
      vertex 4.91284 -46.7425 2
    endloop
  endfacet
  facet normal -0 0 1
    outer loop
      vertex 0 -47 2
      vertex 2.93081 -55.9233 2
      vertex 2.45979 -46.9356 2
    endloop
  endfacet
  facet normal 0 0 1
    outer loop
      vertex 0 -47 2
      vertex 0 -56 2
      vertex 2.93081 -55.9233 2
    endloop
  endfacet
  facet normal 0 0 1
    outer loop
      vertex -2.45979 -46.9356 2
      vertex 0 -56 2
      vertex 0 -47 2
    endloop
  endfacet
  facet normal 0 0 1
    outer loop
      vertex -2.45979 -46.9356 2
      vertex -2.93081 -55.9233 2
      vertex 0 -56 2
    endloop
  endfacet
  facet normal 0 0 1
    outer loop
      vertex -4.91284 -46.7425 2
      vertex -2.93081 -55.9233 2
      vertex -2.45979 -46.9356 2
    endloop
  endfacet
  facet normal 0 0 1
    outer loop
      vertex -4.91284 -46.7425 2
      vertex -5.85359 -55.6932 2
      vertex -2.93081 -55.9233 2
    endloop
  endfacet
  facet normal 0 0 1
    outer loop
      vertex -7.35242 -46.4214 2
      vertex -5.85359 -55.6932 2
      vertex -4.91284 -46.7425 2
    endloop
  endfacet
  facet normal 0 0 1
    outer loop
      vertex -7.35242 -46.4214 2
      vertex -8.76033 -55.3105 2
      vertex -5.85359 -55.6932 2
    endloop
  endfacet
  facet normal 0 0 1
    outer loop
      vertex -9.77185 -45.9729 2
      vertex -8.76033 -55.3105 2
      vertex -7.35242 -46.4214 2
    endloop
  endfacet
  facet normal 0 0 1
    outer loop
      vertex -9.77185 -45.9729 2
      vertex -11.6431 -54.7763 2
      vertex -8.76033 -55.3105 2
    endloop
  endfacet
  facet normal 0 0 1
    outer loop
      vertex -12.1645 -45.3985 2
      vertex -11.6431 -54.7763 2
      vertex -9.77185 -45.9729 2
    endloop
  endfacet
  facet normal 0 0 1
    outer loop
      vertex -12.1645 -45.3985 2
      vertex -14.4939 -54.0918 2
      vertex -11.6431 -54.7763 2
    endloop
  endfacet
  facet normal 0 0 1
    outer loop
      vertex -14.5238 -44.6997 2
      vertex -14.4939 -54.0918 2
      vertex -12.1645 -45.3985 2
    endloop
  endfacet
  facet normal 0 0 1
    outer loop
      vertex -17.305 -53.2592 2
      vertex -14.5238 -44.6997 2
      vertex -16.8433 -43.8783 2
    endloop
  endfacet
  facet normal 0 0 1
    outer loop
      vertex -14.5238 -44.6997 2
      vertex -17.305 -53.2592 2
      vertex -14.4939 -54.0918 2
    endloop
  endfacet
  facet normal 0 0 1
    outer loop
      vertex -20.0686 -52.2805 2
      vertex -16.8433 -43.8783 2
      vertex -19.1166 -42.9366 2
    endloop
  endfacet
  facet normal 0 0 1
    outer loop
      vertex -16.8433 -43.8783 2
      vertex -20.0686 -52.2805 2
      vertex -17.305 -53.2592 2
    endloop
  endfacet
  facet normal 0 0 1
    outer loop
      vertex -22.7773 -51.1585 2
      vertex -19.1166 -42.9366 2
      vertex -21.3376 -41.8773 2
    endloop
  endfacet
  facet normal 0 0 1
    outer loop
      vertex -19.1166 -42.9366 2
      vertex -22.7773 -51.1585 2
      vertex -20.0686 -52.2805 2
    endloop
  endfacet
  facet normal 0 0 1
    outer loop
      vertex -25.4235 -49.8964 2
      vertex -21.3376 -41.8773 2
      vertex -23.5 -40.7032 2
    endloop
  endfacet
  facet normal 0 0 1
    outer loop
      vertex -21.3376 -41.8773 2
      vertex -25.4235 -49.8964 2
      vertex -22.7773 -51.1585 2
    endloop
  endfacet
  facet normal 0 0 1
    outer loop
      vertex -28 -48.4974 2
      vertex -23.5 -40.7032 2
      vertex -25.598 -39.4175 2
    endloop
  endfacet
  facet normal 0 0 1
    outer loop
      vertex -30.4998 -46.9656 2
      vertex -25.598 -39.4175 2
      vertex -27.6259 -38.0238 2
    endloop
  endfacet
  facet normal 0 0 1
    outer loop
      vertex -23.5 -40.7032 2
      vertex -28 -48.4974 2
      vertex -25.4235 -49.8964 2
    endloop
  endfacet
  facet normal 0 0 1
    outer loop
      vertex -32.916 -45.305 2
      vertex -27.6259 -38.0238 2
      vertex -29.5781 -36.5259 2
    endloop
  endfacet
  facet normal 0 0 1
    outer loop
      vertex -25.598 -39.4175 2
      vertex -30.4998 -46.9656 2
      vertex -28 -48.4974 2
    endloop
  endfacet
  facet normal 0 0 1
    outer loop
      vertex -35.7912 -37.6986 2
      vertex -31.4491 -34.9278 2
      vertex -35.7767 -37.4767 2
    endloop
  endfacet
  facet normal 0 0 1
    outer loop
      vertex -27.6259 -38.0238 2
      vertex -32.916 -45.305 2
      vertex -30.4998 -46.9656 2
    endloop
  endfacet
  facet normal 0 0 1
    outer loop
      vertex -36.0044 -36.6267 2
      vertex -31.4491 -34.9278 2
      vertex -33.234 -33.234 2
    endloop
  endfacet
  facet normal 0 0 1
    outer loop
      vertex -36.6267 -36.0044 2
      vertex -33.234 -33.234 2
      vertex -34.9278 -31.4491 2
    endloop
  endfacet
  facet normal 0 0 1
    outer loop
      vertex -31.4491 -34.9278 2
      vertex -35.7912 -37.6986 2
      vertex -29.5781 -36.5259 2
    endloop
  endfacet
  facet normal 0 0 1
    outer loop
      vertex -29.5781 -36.5259 2
      vertex -35.2419 -43.5202 2
      vertex -32.916 -45.305 2
    endloop
  endfacet
  facet normal 0 0 1
    outer loop
      vertex -31.4491 -34.9278 2
      vertex -35.7912 -37.2548 2
      vertex -35.7767 -37.4767 2
    endloop
  endfacet
  facet normal 0 0 1
    outer loop
      vertex -31.4491 -34.9278 2
      vertex -35.8346 -37.0367 2
      vertex -35.7912 -37.2548 2
    endloop
  endfacet
  facet normal 0 0 1
    outer loop
      vertex -31.4491 -34.9278 2
      vertex -35.9061 -36.8261 2
      vertex -35.8346 -37.0367 2
    endloop
  endfacet
  facet normal 0 0 1
    outer loop
      vertex -31.4491 -34.9278 2
      vertex -36.0044 -36.6267 2
      vertex -35.9061 -36.8261 2
    endloop
  endfacet
  facet normal 0 0 1
    outer loop
      vertex -33.234 -33.234 2
      vertex -36.128 -36.4418 2
      vertex -36.0044 -36.6267 2
    endloop
  endfacet
  facet normal 0 0 1
    outer loop
      vertex -33.234 -33.234 2
      vertex -36.2746 -36.2746 2
      vertex -36.128 -36.4418 2
    endloop
  endfacet
  facet normal 0 0 1
    outer loop
      vertex -33.234 -33.234 2
      vertex -36.4418 -36.128 2
      vertex -36.2746 -36.2746 2
    endloop
  endfacet
  facet normal 0 0 1
    outer loop
      vertex -37.6986 -35.7912 2
      vertex -34.9278 -31.4491 2
      vertex -36.5259 -29.5781 2
    endloop
  endfacet
  facet normal 0 0 1
    outer loop
      vertex -33.234 -33.234 2
      vertex -36.6267 -36.0044 2
      vertex -36.4418 -36.128 2
    endloop
  endfacet
  facet normal 0 0 1
    outer loop
      vertex -34.9278 -31.4491 2
      vertex -36.8261 -35.9061 2
      vertex -36.6267 -36.0044 2
    endloop
  endfacet
  facet normal 0 0 1
    outer loop
      vertex -34.9278 -31.4491 2
      vertex -37.0367 -35.8346 2
      vertex -36.8261 -35.9061 2
    endloop
  endfacet
  facet normal 0 0 1
    outer loop
      vertex -34.9278 -31.4491 2
      vertex -37.2548 -35.7912 2
      vertex -37.0367 -35.8346 2
    endloop
  endfacet
  facet normal 0 0 1
    outer loop
      vertex -34.9278 -31.4491 2
      vertex -37.4767 -35.7767 2
      vertex -37.2548 -35.7912 2
    endloop
  endfacet
  facet normal 0 0 1
    outer loop
      vertex -34.9278 -31.4491 2
      vertex -37.6986 -35.7912 2
      vertex -37.4767 -35.7767 2
    endloop
  endfacet
  facet normal 0 0 1
    outer loop
      vertex -36.5259 -29.5781 2
      vertex -37.9167 -35.8346 2
      vertex -37.6986 -35.7912 2
    endloop
  endfacet
  facet normal 0 0 1
    outer loop
      vertex -43.5202 -35.2419 2
      vertex -36.5259 -29.5781 2
      vertex -38.0238 -27.6259 2
    endloop
  endfacet
  facet normal 0 0 1
    outer loop
      vertex -36.5259 -29.5781 2
      vertex -38.1272 -35.9061 2
      vertex -37.9167 -35.8346 2
    endloop
  endfacet
  facet normal 0 0 1
    outer loop
      vertex -36.5259 -29.5781 2
      vertex -38.3267 -36.0044 2
      vertex -38.1272 -35.9061 2
    endloop
  endfacet
  facet normal 0 0 1
    outer loop
      vertex -36.5259 -29.5781 2
      vertex -43.5202 -35.2419 2
      vertex -38.3267 -36.0044 2
    endloop
  endfacet
  facet normal 0 0 1
    outer loop
      vertex -38.3267 -36.0044 2
      vertex -43.5202 -35.2419 2
      vertex -38.5116 -36.128 2
    endloop
  endfacet
  facet normal 0 0 1
    outer loop
      vertex -38.5116 -36.128 2
      vertex -43.5202 -35.2419 2
      vertex -38.6787 -36.2746 2
    endloop
  endfacet
  facet normal 0 0 1
    outer loop
      vertex -43.5202 -35.2419 2
      vertex -38.0238 -27.6259 2
      vertex -39.4175 -25.598 2
    endloop
  endfacet
  facet normal 0 0 1
    outer loop
      vertex -38.6787 -36.2746 2
      vertex -43.5202 -35.2419 2
      vertex -38.8254 -36.4418 2
    endloop
  endfacet
  facet normal 0 -0 1
    outer loop
      vertex -41.6161 -37.4713 2
      vertex -38.8254 -36.4418 2
      vertex -43.5202 -35.2419 2
    endloop
  endfacet
  facet normal 0 0 1
    outer loop
      vertex -38.8254 -36.4418 2
      vertex -41.6161 -37.4713 2
      vertex -38.9489 -36.6267 2
    endloop
  endfacet
  facet normal 0 0 1
    outer loop
      vertex -39.0473 -36.8261 2
      vertex -41.6161 -37.4713 2
      vertex -39.1187 -37.0367 2
    endloop
  endfacet
  facet normal 0 0 1
    outer loop
      vertex -38.9489 -36.6267 2
      vertex -41.6161 -37.4713 2
      vertex -39.0473 -36.8261 2
    endloop
  endfacet
  facet normal 0 0 1
    outer loop
      vertex 47 0 2
      vertex 56 0 2
      vertex 55.9233 2.93081 2
    endloop
  endfacet
  facet normal 0 0 1
    outer loop
      vertex 46.9356 2.45979 2
      vertex 55.9233 2.93081 2
      vertex 55.6932 5.85359 2
    endloop
  endfacet
  facet normal 0 0 1
    outer loop
      vertex 56 0 2
      vertex 47 0 2
      vertex 55.9233 -2.93081 2
    endloop
  endfacet
  facet normal 0 0 1
    outer loop
      vertex 46.7425 4.91284 2
      vertex 55.6932 5.85359 2
      vertex 55.3105 8.76033 2
    endloop
  endfacet
  facet normal -0 0 1
    outer loop
      vertex 46.9356 -2.45979 2
      vertex 55.9233 -2.93081 2
      vertex 47 0 2
    endloop
  endfacet
  facet normal 0 0 1
    outer loop
      vertex 46.4214 7.35242 2
      vertex 55.3105 8.76033 2
      vertex 54.7763 11.6431 2
    endloop
  endfacet
  facet normal 0 0 1
    outer loop
      vertex 55.9233 -2.93081 2
      vertex 46.9356 -2.45979 2
      vertex 55.6932 -5.85359 2
    endloop
  endfacet
  facet normal 0 0 1
    outer loop
      vertex 45.9729 9.77185 2
      vertex 54.7763 11.6431 2
      vertex 54.0918 14.4939 2
    endloop
  endfacet
  facet normal -0 0 1
    outer loop
      vertex 46.7425 -4.91284 2
      vertex 55.6932 -5.85359 2
      vertex 46.9356 -2.45979 2
    endloop
  endfacet
  facet normal 0 0 1
    outer loop
      vertex 45.3985 12.1645 2
      vertex 54.0918 14.4939 2
      vertex 53.2592 17.305 2
    endloop
  endfacet
  facet normal 0 0 1
    outer loop
      vertex 55.6932 -5.85359 2
      vertex 46.7425 -4.91284 2
      vertex 55.3105 -8.76033 2
    endloop
  endfacet
  facet normal 0 0 1
    outer loop
      vertex 44.6997 14.5238 2
      vertex 53.2592 17.305 2
      vertex 52.2805 20.0686 2
    endloop
  endfacet
  facet normal -0 0 1
    outer loop
      vertex 46.4214 -7.35242 2
      vertex 55.3105 -8.76033 2
      vertex 46.7425 -4.91284 2
    endloop
  endfacet
  facet normal 0 0 1
    outer loop
      vertex 43.8783 16.8433 2
      vertex 52.2805 20.0686 2
      vertex 51.1585 22.7773 2
    endloop
  endfacet
  facet normal 0 0 1
    outer loop
      vertex 55.3105 -8.76033 2
      vertex 46.4214 -7.35242 2
      vertex 54.7763 -11.6431 2
    endloop
  endfacet
  facet normal 0 0 1
    outer loop
      vertex 42.9366 19.1166 2
      vertex 51.1585 22.7773 2
      vertex 49.8964 25.4235 2
    endloop
  endfacet
  facet normal -0 0 1
    outer loop
      vertex 45.9729 -9.77185 2
      vertex 54.7763 -11.6431 2
      vertex 46.4214 -7.35242 2
    endloop
  endfacet
  facet normal 0 0 1
    outer loop
      vertex 41.8773 21.3376 2
      vertex 49.8964 25.4235 2
      vertex 48.4974 28 2
    endloop
  endfacet
  facet normal 0 0 1
    outer loop
      vertex 54.7763 -11.6431 2
      vertex 45.9729 -9.77185 2
      vertex 54.0918 -14.4939 2
    endloop
  endfacet
  facet normal -0 0 1
    outer loop
      vertex 45.3985 -12.1645 2
      vertex 54.0918 -14.4939 2
      vertex 45.9729 -9.77185 2
    endloop
  endfacet
  facet normal 0 0 1
    outer loop
      vertex 40.7032 23.5 2
      vertex 48.4974 28 2
      vertex 46.9656 30.4998 2
    endloop
  endfacet
  facet normal 0 0 1
    outer loop
      vertex 55.9233 2.93081 2
      vertex 46.9356 2.45979 2
      vertex 47 0 2
    endloop
  endfacet
  facet normal 0 0 1
    outer loop
      vertex 55.6932 5.85359 2
      vertex 46.7425 4.91284 2
      vertex 46.9356 2.45979 2
    endloop
  endfacet
  facet normal 0 0 1
    outer loop
      vertex 55.3105 8.76033 2
      vertex 46.4214 7.35242 2
      vertex 46.7425 4.91284 2
    endloop
  endfacet
  facet normal 0 0 1
    outer loop
      vertex 54.7763 11.6431 2
      vertex 45.9729 9.77185 2
      vertex 46.4214 7.35242 2
    endloop
  endfacet
  facet normal 0 0 1
    outer loop
      vertex 54.0918 14.4939 2
      vertex 45.3985 12.1645 2
      vertex 45.9729 9.77185 2
    endloop
  endfacet
  facet normal 0 0 1
    outer loop
      vertex 39.4175 25.598 2
      vertex 46.9656 30.4998 2
      vertex 45.305 32.916 2
    endloop
  endfacet
  facet normal 0 0 1
    outer loop
      vertex 53.2592 17.305 2
      vertex 44.6997 14.5238 2
      vertex 45.3985 12.1645 2
    endloop
  endfacet
  facet normal 0 0 1
    outer loop
      vertex 52.2805 20.0686 2
      vertex 43.8783 16.8433 2
      vertex 44.6997 14.5238 2
    endloop
  endfacet
  facet normal 0 0 1
    outer loop
      vertex 38.0238 27.6259 2
      vertex 45.305 32.916 2
      vertex 43.5202 35.2419 2
    endloop
  endfacet
  facet normal 0 0 1
    outer loop
      vertex 51.1585 22.7773 2
      vertex 42.9366 19.1166 2
      vertex 43.8783 16.8433 2
    endloop
  endfacet
  facet normal 0 0 1
    outer loop
      vertex 49.8964 25.4235 2
      vertex 41.8773 21.3376 2
      vertex 42.9366 19.1166 2
    endloop
  endfacet
  facet normal -0 0 1
    outer loop
      vertex 38.8254 36.4418 2
      vertex 43.5202 35.2419 2
      vertex 41.6161 37.4713 2
    endloop
  endfacet
  facet normal 0 0 1
    outer loop
      vertex 48.4974 28 2
      vertex 40.7032 23.5 2
      vertex 41.8773 21.3376 2
    endloop
  endfacet
  facet normal -0 0 1
    outer loop
      vertex 39.1187 37.9167 2
      vertex 41.6161 37.4713 2
      vertex 39.598 39.598 2
    endloop
  endfacet
  facet normal 0 0 1
    outer loop
      vertex 39.1187 37.0367 2
      vertex 41.6161 37.4713 2
      vertex 39.1621 37.2548 2
    endloop
  endfacet
  facet normal 0 0 1
    outer loop
      vertex 41.6161 37.4713 2
      vertex 39.1767 37.4767 2
      vertex 39.1621 37.2548 2
    endloop
  endfacet
  facet normal 0 0 1
    outer loop
      vertex 41.6161 37.4713 2
      vertex 39.1621 37.6986 2
      vertex 39.1767 37.4767 2
    endloop
  endfacet
  facet normal 0 0 1
    outer loop
      vertex 41.6161 37.4713 2
      vertex 39.1187 37.9167 2
      vertex 39.1621 37.6986 2
    endloop
  endfacet
  facet normal 0 0 1
    outer loop
      vertex 39.598 39.598 2
      vertex 39.0473 38.1272 2
      vertex 39.1187 37.9167 2
    endloop
  endfacet
  facet normal 0 0 1
    outer loop
      vertex 39.598 39.598 2
      vertex 38.9489 38.3267 2
      vertex 39.0473 38.1272 2
    endloop
  endfacet
  facet normal 0 0 1
    outer loop
      vertex 39.598 39.598 2
      vertex 38.8254 38.5116 2
      vertex 38.9489 38.3267 2
    endloop
  endfacet
  facet normal 0 0 1
    outer loop
      vertex 39.598 39.598 2
      vertex 38.6787 38.6787 2
      vertex 38.8254 38.5116 2
    endloop
  endfacet
  facet normal 0 0 1
    outer loop
      vertex 39.598 39.598 2
      vertex 38.5116 38.8254 2
      vertex 38.6787 38.6787 2
    endloop
  endfacet
  facet normal 0 0 1
    outer loop
      vertex 39.598 39.598 2
      vertex 38.3267 38.9489 2
      vertex 38.5116 38.8254 2
    endloop
  endfacet
  facet normal 0 0 1
    outer loop
      vertex 39.598 39.598 2
      vertex 38.1272 39.0473 2
      vertex 38.3267 38.9489 2
    endloop
  endfacet
  facet normal 0 0 1
    outer loop
      vertex 39.598 39.598 2
      vertex 37.9167 39.1187 2
      vertex 38.1272 39.0473 2
    endloop
  endfacet
  facet normal 0 0 1
    outer loop
      vertex 37.4713 41.6161 2
      vertex 37.9167 39.1187 2
      vertex 39.598 39.598 2
    endloop
  endfacet
  facet normal 0 0 1
    outer loop
      vertex 37.9167 39.1187 2
      vertex 37.4713 41.6161 2
      vertex 37.6986 39.1621 2
    endloop
  endfacet
  facet normal 0 0 1
    outer loop
      vertex 37.6986 39.1621 2
      vertex 37.4713 41.6161 2
      vertex 37.4767 39.1767 2
    endloop
  endfacet
  facet normal 0 0 1
    outer loop
      vertex 37.4713 41.6161 2
      vertex 37.2548 39.1621 2
      vertex 37.4767 39.1767 2
    endloop
  endfacet
  facet normal 0 0 1
    outer loop
      vertex 37.4713 41.6161 2
      vertex 37.0367 39.1187 2
      vertex 37.2548 39.1621 2
    endloop
  endfacet
  facet normal 0 0 1
    outer loop
      vertex 37.4713 41.6161 2
      vertex 36.8261 39.0473 2
      vertex 37.0367 39.1187 2
    endloop
  endfacet
  facet normal 0 0 1
    outer loop
      vertex 37.4713 41.6161 2
      vertex 36.6267 38.9489 2
      vertex 36.8261 39.0473 2
    endloop
  endfacet
  facet normal 0 0 1
    outer loop
      vertex 37.4713 41.6161 2
      vertex 36.4418 38.8254 2
      vertex 36.6267 38.9489 2
    endloop
  endfacet
  facet normal 0 0 1
    outer loop
      vertex 35.2419 43.5202 2
      vertex 36.4418 38.8254 2
      vertex 37.4713 41.6161 2
    endloop
  endfacet
  facet normal 0 0 1
    outer loop
      vertex 36.4418 38.8254 2
      vertex 35.2419 43.5202 2
      vertex 36.2746 38.6787 2
    endloop
  endfacet
  facet normal 0 0 1
    outer loop
      vertex 36.2746 38.6787 2
      vertex 35.2419 43.5202 2
      vertex 36.128 38.5116 2
    endloop
  endfacet
  facet normal 0 0 1
    outer loop
      vertex 36.128 38.5116 2
      vertex 35.2419 43.5202 2
      vertex 36.0044 38.3267 2
    endloop
  endfacet
  facet normal 0 0 1
    outer loop
      vertex 35.8346 37.9167 2
      vertex 29.5781 36.5259 2
      vertex 35.7912 37.6986 2
    endloop
  endfacet
  facet normal 0 0 1
    outer loop
      vertex 35.9061 38.1272 2
      vertex 29.5781 36.5259 2
      vertex 35.8346 37.9167 2
    endloop
  endfacet
  facet normal 0 0 1
    outer loop
      vertex 36.0044 38.3267 2
      vertex 29.5781 36.5259 2
      vertex 35.9061 38.1272 2
    endloop
  endfacet
  facet normal 0 0 1
    outer loop
      vertex 29.5781 36.5259 2
      vertex 36.0044 38.3267 2
      vertex 35.2419 43.5202 2
    endloop
  endfacet
  facet normal 0 0 1
    outer loop
      vertex 54.0918 -14.4939 2
      vertex 45.3985 -12.1645 2
      vertex 53.2592 -17.305 2
    endloop
  endfacet
  facet normal -0 0 1
    outer loop
      vertex 44.6997 -14.5238 2
      vertex 53.2592 -17.305 2
      vertex 45.3985 -12.1645 2
    endloop
  endfacet
  facet normal 0 0 1
    outer loop
      vertex 53.2592 -17.305 2
      vertex 44.6997 -14.5238 2
      vertex 52.2805 -20.0686 2
    endloop
  endfacet
  facet normal -0 0 1
    outer loop
      vertex 43.8783 -16.8433 2
      vertex 52.2805 -20.0686 2
      vertex 44.6997 -14.5238 2
    endloop
  endfacet
  facet normal 0 0 1
    outer loop
      vertex 52.2805 -20.0686 2
      vertex 43.8783 -16.8433 2
      vertex 51.1585 -22.7773 2
    endloop
  endfacet
  facet normal -0 0 1
    outer loop
      vertex 42.9366 -19.1166 2
      vertex 51.1585 -22.7773 2
      vertex 43.8783 -16.8433 2
    endloop
  endfacet
  facet normal 0 0 1
    outer loop
      vertex 51.1585 -22.7773 2
      vertex 42.9366 -19.1166 2
      vertex 49.8964 -25.4235 2
    endloop
  endfacet
  facet normal -0 0 1
    outer loop
      vertex 41.8773 -21.3376 2
      vertex 49.8964 -25.4235 2
      vertex 42.9366 -19.1166 2
    endloop
  endfacet
  facet normal 0 0 1
    outer loop
      vertex 49.8964 -25.4235 2
      vertex 41.8773 -21.3376 2
      vertex 48.4974 -28 2
    endloop
  endfacet
  facet normal -0 0 1
    outer loop
      vertex 40.7032 -23.5 2
      vertex 48.4974 -28 2
      vertex 41.8773 -21.3376 2
    endloop
  endfacet
  facet normal 0 0 1
    outer loop
      vertex 48.4974 -28 2
      vertex 40.7032 -23.5 2
      vertex 46.9656 -30.4998 2
    endloop
  endfacet
  facet normal -0 0 1
    outer loop
      vertex 39.4175 -25.598 2
      vertex 46.9656 -30.4998 2
      vertex 40.7032 -23.5 2
    endloop
  endfacet
  facet normal 0 0 1
    outer loop
      vertex 46.9656 -30.4998 2
      vertex 39.4175 -25.598 2
      vertex 45.305 -32.916 2
    endloop
  endfacet
  facet normal -0 0 1
    outer loop
      vertex 38.0238 -27.6259 2
      vertex 45.305 -32.916 2
      vertex 39.4175 -25.598 2
    endloop
  endfacet
  facet normal 0 0 1
    outer loop
      vertex 45.305 -32.916 2
      vertex 38.0238 -27.6259 2
      vertex 43.5202 -35.2419 2
    endloop
  endfacet
  facet normal -0 0 1
    outer loop
      vertex 39.1621 -37.2548 2
      vertex 41.6161 -37.4713 2
      vertex 43.5202 -35.2419 2
    endloop
  endfacet
  facet normal 0 0 1
    outer loop
      vertex 39.1621 -37.6986 2
      vertex 41.6161 -37.4713 2
      vertex 39.1767 -37.4767 2
    endloop
  endfacet
  facet normal 0 0 1
    outer loop
      vertex 39.1187 -37.9167 2
      vertex 41.6161 -37.4713 2
      vertex 39.1621 -37.6986 2
    endloop
  endfacet
  facet normal 0 0 1
    outer loop
      vertex 41.6161 -37.4713 2
      vertex 39.1187 -37.9167 2
      vertex 39.598 -39.598 2
    endloop
  endfacet
  facet normal -0 0 1
    outer loop
      vertex 39.0473 -38.1272 2
      vertex 39.598 -39.598 2
      vertex 39.1187 -37.9167 2
    endloop
  endfacet
  facet normal -0 0 1
    outer loop
      vertex 38.9489 -38.3267 2
      vertex 39.598 -39.598 2
      vertex 39.0473 -38.1272 2
    endloop
  endfacet
  facet normal -0 0 1
    outer loop
      vertex 38.8254 -38.5116 2
      vertex 39.598 -39.598 2
      vertex 38.9489 -38.3267 2
    endloop
  endfacet
  facet normal -0 0 1
    outer loop
      vertex 38.6787 -38.6787 2
      vertex 39.598 -39.598 2
      vertex 38.8254 -38.5116 2
    endloop
  endfacet
  facet normal -0 0 1
    outer loop
      vertex 38.5116 -38.8254 2
      vertex 39.598 -39.598 2
      vertex 38.6787 -38.6787 2
    endloop
  endfacet
  facet normal -0 0 1
    outer loop
      vertex 38.3267 -38.9489 2
      vertex 39.598 -39.598 2
      vertex 38.5116 -38.8254 2
    endloop
  endfacet
  facet normal -0 0 1
    outer loop
      vertex 38.1272 -39.0473 2
      vertex 39.598 -39.598 2
      vertex 38.3267 -38.9489 2
    endloop
  endfacet
  facet normal -0 0 1
    outer loop
      vertex 37.9167 -39.1187 2
      vertex 39.598 -39.598 2
      vertex 38.1272 -39.0473 2
    endloop
  endfacet
  facet normal 0 0 1
    outer loop
      vertex 37.4713 -41.6161 2
      vertex 37.9167 -39.1187 2
      vertex 37.6986 -39.1621 2
    endloop
  endfacet
  facet normal 0 0 1
    outer loop
      vertex 37.4713 -41.6161 2
      vertex 37.6986 -39.1621 2
      vertex 37.4767 -39.1767 2
    endloop
  endfacet
  facet normal 0 0 1
    outer loop
      vertex 37.9167 -39.1187 2
      vertex 37.4713 -41.6161 2
      vertex 39.598 -39.598 2
    endloop
  endfacet
  facet normal 0 0 1
    outer loop
      vertex 37.2548 -39.1621 2
      vertex 37.4713 -41.6161 2
      vertex 37.4767 -39.1767 2
    endloop
  endfacet
  facet normal 0 0 1
    outer loop
      vertex 37.0367 -39.1187 2
      vertex 37.4713 -41.6161 2
      vertex 37.2548 -39.1621 2
    endloop
  endfacet
  facet normal 0 0 1
    outer loop
      vertex 36.8261 -39.0473 2
      vertex 37.4713 -41.6161 2
      vertex 37.0367 -39.1187 2
    endloop
  endfacet
  facet normal 0 0 1
    outer loop
      vertex 36.6267 -38.9489 2
      vertex 37.4713 -41.6161 2
      vertex 36.8261 -39.0473 2
    endloop
  endfacet
  facet normal 0 0 1
    outer loop
      vertex 36.4418 -38.8254 2
      vertex 37.4713 -41.6161 2
      vertex 36.6267 -38.9489 2
    endloop
  endfacet
  facet normal 0 0 1
    outer loop
      vertex 35.2419 -43.5202 2
      vertex 36.4418 -38.8254 2
      vertex 36.2746 -38.6787 2
    endloop
  endfacet
  facet normal 0 0 1
    outer loop
      vertex 35.2419 -43.5202 2
      vertex 36.2746 -38.6787 2
      vertex 36.128 -38.5116 2
    endloop
  endfacet
  facet normal 0 0 1
    outer loop
      vertex 35.2419 -43.5202 2
      vertex 36.128 -38.5116 2
      vertex 36.0044 -38.3267 2
    endloop
  endfacet
  facet normal 0 0 1
    outer loop
      vertex 35.2419 -43.5202 2
      vertex 36.0044 -38.3267 2
      vertex 35.9061 -38.1272 2
    endloop
  endfacet
  facet normal 0 0 1
    outer loop
      vertex 36.4418 -38.8254 2
      vertex 35.2419 -43.5202 2
      vertex 37.4713 -41.6161 2
    endloop
  endfacet
  facet normal 0 0 1
    outer loop
      vertex 35.8346 -37.9167 2
      vertex 35.2419 -43.5202 2
      vertex 35.9061 -38.1272 2
    endloop
  endfacet
  facet normal 0 0 1
    outer loop
      vertex 35.7912 -37.6986 2
      vertex 35.2419 -43.5202 2
      vertex 35.8346 -37.9167 2
    endloop
  endfacet
  facet normal 0 0 1
    outer loop
      vertex 35.2419 -43.5202 2
      vertex 35.7912 -37.6986 2
      vertex 35.7767 -37.4767 2
    endloop
  endfacet
  facet normal 0 0 1
    outer loop
      vertex 39.0473 36.8261 2
      vertex 41.6161 37.4713 2
      vertex 39.1187 37.0367 2
    endloop
  endfacet
  facet normal 0 0 1
    outer loop
      vertex 38.9489 36.6267 2
      vertex 41.6161 37.4713 2
      vertex 39.0473 36.8261 2
    endloop
  endfacet
  facet normal 0 0 1
    outer loop
      vertex 46.9656 30.4998 2
      vertex 39.4175 25.598 2
      vertex 40.7032 23.5 2
    endloop
  endfacet
  facet normal 0 0 1
    outer loop
      vertex 38.8254 36.4418 2
      vertex 41.6161 37.4713 2
      vertex 38.9489 36.6267 2
    endloop
  endfacet
  facet normal 0 0 1
    outer loop
      vertex 43.5202 35.2419 2
      vertex 38.8254 36.4418 2
      vertex 38.6787 36.2746 2
    endloop
  endfacet
  facet normal 0 0 1
    outer loop
      vertex 43.5202 35.2419 2
      vertex 38.6787 36.2746 2
      vertex 38.5116 36.128 2
    endloop
  endfacet
  facet normal -0 0 1
    outer loop
      vertex 38.3267 36.0044 2
      vertex 43.5202 35.2419 2
      vertex 38.5116 36.128 2
    endloop
  endfacet
  facet normal 0 0 1
    outer loop
      vertex 36.5259 29.5781 2
      vertex 43.5202 35.2419 2
      vertex 38.3267 36.0044 2
    endloop
  endfacet
  facet normal 0 0 1
    outer loop
      vertex 36.5259 29.5781 2
      vertex 38.3267 36.0044 2
      vertex 38.1272 35.9061 2
    endloop
  endfacet
  facet normal 0 0 1
    outer loop
      vertex 45.305 32.916 2
      vertex 38.0238 27.6259 2
      vertex 39.4175 25.598 2
    endloop
  endfacet
  facet normal 0 0 1
    outer loop
      vertex 36.5259 29.5781 2
      vertex 38.1272 35.9061 2
      vertex 37.9167 35.8346 2
    endloop
  endfacet
  facet normal 0 0 1
    outer loop
      vertex 36.5259 29.5781 2
      vertex 37.9167 35.8346 2
      vertex 37.6986 35.7912 2
    endloop
  endfacet
  facet normal 0 0 1
    outer loop
      vertex 34.9278 31.4491 2
      vertex 37.6986 35.7912 2
      vertex 37.4767 35.7767 2
    endloop
  endfacet
  facet normal 0 0 1
    outer loop
      vertex 34.9278 31.4491 2
      vertex 37.4767 35.7767 2
      vertex 37.2548 35.7912 2
    endloop
  endfacet
  facet normal 0 0 1
    outer loop
      vertex 34.9278 31.4491 2
      vertex 37.2548 35.7912 2
      vertex 37.0367 35.8346 2
    endloop
  endfacet
  facet normal 0 0 1
    outer loop
      vertex 34.9278 31.4491 2
      vertex 37.0367 35.8346 2
      vertex 36.8261 35.9061 2
    endloop
  endfacet
  facet normal 0 0 1
    outer loop
      vertex 34.9278 31.4491 2
      vertex 36.8261 35.9061 2
      vertex 36.6267 36.0044 2
    endloop
  endfacet
  facet normal 0 0 1
    outer loop
      vertex 43.5202 35.2419 2
      vertex 36.5259 29.5781 2
      vertex 38.0238 27.6259 2
    endloop
  endfacet
  facet normal 0 0 1
    outer loop
      vertex 33.234 33.234 2
      vertex 36.6267 36.0044 2
      vertex 36.4418 36.128 2
    endloop
  endfacet
  facet normal 0 0 1
    outer loop
      vertex 33.234 33.234 2
      vertex 36.4418 36.128 2
      vertex 36.2746 36.2746 2
    endloop
  endfacet
  facet normal 0 0 1
    outer loop
      vertex 33.234 33.234 2
      vertex 36.2746 36.2746 2
      vertex 36.128 36.4418 2
    endloop
  endfacet
  facet normal 0 0 1
    outer loop
      vertex 33.234 33.234 2
      vertex 36.128 36.4418 2
      vertex 36.0044 36.6267 2
    endloop
  endfacet
  facet normal 0 0 1
    outer loop
      vertex 31.4491 34.9278 2
      vertex 36.0044 36.6267 2
      vertex 35.9061 36.8261 2
    endloop
  endfacet
  facet normal 0 0 1
    outer loop
      vertex 31.4491 34.9278 2
      vertex 35.9061 36.8261 2
      vertex 35.8346 37.0367 2
    endloop
  endfacet
  facet normal 0 0 1
    outer loop
      vertex 31.4491 34.9278 2
      vertex 35.8346 37.0367 2
      vertex 35.7912 37.2548 2
    endloop
  endfacet
  facet normal 0 -0 1
    outer loop
      vertex 31.4491 34.9278 2
      vertex 35.7912 37.6986 2
      vertex 29.5781 36.5259 2
    endloop
  endfacet
  facet normal 0 0 1
    outer loop
      vertex 37.6986 35.7912 2
      vertex 34.9278 31.4491 2
      vertex 36.5259 29.5781 2
    endloop
  endfacet
  facet normal 0 0 1
    outer loop
      vertex 35.7912 37.6986 2
      vertex 31.4491 34.9278 2
      vertex 35.7767 37.4767 2
    endloop
  endfacet
  facet normal 0 0 1
    outer loop
      vertex 36.6267 36.0044 2
      vertex 33.234 33.234 2
      vertex 34.9278 31.4491 2
    endloop
  endfacet
  facet normal 0 0 1
    outer loop
      vertex 29.5781 36.5259 2
      vertex 35.2419 43.5202 2
      vertex 32.916 45.305 2
    endloop
  endfacet
  facet normal 0 0 1
    outer loop
      vertex 36.0044 36.6267 2
      vertex 31.4491 34.9278 2
      vertex 33.234 33.234 2
    endloop
  endfacet
  facet normal 0 0 1
    outer loop
      vertex 27.6259 38.0238 2
      vertex 32.916 45.305 2
      vertex 30.4998 46.9656 2
    endloop
  endfacet
  facet normal 0 0 1
    outer loop
      vertex 35.7767 37.4767 2
      vertex 31.4491 34.9278 2
      vertex 35.7912 37.2548 2
    endloop
  endfacet
  facet normal 0 0 1
    outer loop
      vertex 25.598 39.4175 2
      vertex 30.4998 46.9656 2
      vertex 28 48.4974 2
    endloop
  endfacet
  facet normal 0 0 1
    outer loop
      vertex 32.916 45.305 2
      vertex 27.6259 38.0238 2
      vertex 29.5781 36.5259 2
    endloop
  endfacet
  facet normal 0 0 1
    outer loop
      vertex 30.4998 46.9656 2
      vertex 25.598 39.4175 2
      vertex 27.6259 38.0238 2
    endloop
  endfacet
  facet normal 0 0 1
    outer loop
      vertex 23.5 40.7032 2
      vertex 28 48.4974 2
      vertex 25.4235 49.8964 2
    endloop
  endfacet
  facet normal 0 0 1
    outer loop
      vertex 28 48.4974 2
      vertex 23.5 40.7032 2
      vertex 25.598 39.4175 2
    endloop
  endfacet
  facet normal 0 0 1
    outer loop
      vertex 21.3376 41.8773 2
      vertex 25.4235 49.8964 2
      vertex 22.7773 51.1585 2
    endloop
  endfacet
  facet normal 0 0 1
    outer loop
      vertex 25.4235 49.8964 2
      vertex 21.3376 41.8773 2
      vertex 23.5 40.7032 2
    endloop
  endfacet
  facet normal 0 0 1
    outer loop
      vertex 19.1166 42.9366 2
      vertex 22.7773 51.1585 2
      vertex 20.0686 52.2805 2
    endloop
  endfacet
  facet normal 0 0 1
    outer loop
      vertex 22.7773 51.1585 2
      vertex 19.1166 42.9366 2
      vertex 21.3376 41.8773 2
    endloop
  endfacet
  facet normal 0 0 1
    outer loop
      vertex 16.8433 43.8783 2
      vertex 20.0686 52.2805 2
      vertex 17.305 53.2592 2
    endloop
  endfacet
  facet normal 0 0 1
    outer loop
      vertex 20.0686 52.2805 2
      vertex 16.8433 43.8783 2
      vertex 19.1166 42.9366 2
    endloop
  endfacet
  facet normal 0 0 1
    outer loop
      vertex 17.305 53.2592 2
      vertex 14.5238 44.6997 2
      vertex 16.8433 43.8783 2
    endloop
  endfacet
  facet normal 0 0 1
    outer loop
      vertex 14.4939 54.0918 2
      vertex 14.5238 44.6997 2
      vertex 17.305 53.2592 2
    endloop
  endfacet
  facet normal 0 0 1
    outer loop
      vertex 14.4939 54.0918 2
      vertex 12.1645 45.3985 2
      vertex 14.5238 44.6997 2
    endloop
  endfacet
  facet normal 0 0 1
    outer loop
      vertex 11.6431 54.7763 2
      vertex 12.1645 45.3985 2
      vertex 14.4939 54.0918 2
    endloop
  endfacet
  facet normal 0 0 1
    outer loop
      vertex 11.6431 54.7763 2
      vertex 9.77185 45.9729 2
      vertex 12.1645 45.3985 2
    endloop
  endfacet
  facet normal 0 0 1
    outer loop
      vertex 8.76033 55.3105 2
      vertex 9.77185 45.9729 2
      vertex 11.6431 54.7763 2
    endloop
  endfacet
  facet normal 0 0 1
    outer loop
      vertex 8.76033 55.3105 2
      vertex 7.35242 46.4214 2
      vertex 9.77185 45.9729 2
    endloop
  endfacet
  facet normal 0 0 1
    outer loop
      vertex 5.85359 55.6932 2
      vertex 7.35242 46.4214 2
      vertex 8.76033 55.3105 2
    endloop
  endfacet
  facet normal 0 0 1
    outer loop
      vertex 5.85359 55.6932 2
      vertex 4.91284 46.7425 2
      vertex 7.35242 46.4214 2
    endloop
  endfacet
  facet normal 0 0 1
    outer loop
      vertex 2.93081 55.9233 2
      vertex 4.91284 46.7425 2
      vertex 5.85359 55.6932 2
    endloop
  endfacet
  facet normal 0 0 1
    outer loop
      vertex 2.93081 55.9233 2
      vertex 2.45979 46.9356 2
      vertex 4.91284 46.7425 2
    endloop
  endfacet
  facet normal 0 0 1
    outer loop
      vertex 0 56 2
      vertex 2.45979 46.9356 2
      vertex 2.93081 55.9233 2
    endloop
  endfacet
  facet normal 0 0 1
    outer loop
      vertex 0 56 2
      vertex 0 47 2
      vertex 2.45979 46.9356 2
    endloop
  endfacet
  facet normal 0 0 1
    outer loop
      vertex 0 56 2
      vertex -2.45979 46.9356 2
      vertex 0 47 2
    endloop
  endfacet
  facet normal -0 0 1
    outer loop
      vertex -2.93081 55.9233 2
      vertex -2.45979 46.9356 2
      vertex 0 56 2
    endloop
  endfacet
  facet normal 0 0 1
    outer loop
      vertex -2.93081 55.9233 2
      vertex -4.91284 46.7425 2
      vertex -2.45979 46.9356 2
    endloop
  endfacet
  facet normal -0 0 1
    outer loop
      vertex -5.85359 55.6932 2
      vertex -4.91284 46.7425 2
      vertex -2.93081 55.9233 2
    endloop
  endfacet
  facet normal 0 0 1
    outer loop
      vertex -5.85359 55.6932 2
      vertex -7.35242 46.4214 2
      vertex -4.91284 46.7425 2
    endloop
  endfacet
  facet normal -0 0 1
    outer loop
      vertex -8.76033 55.3105 2
      vertex -7.35242 46.4214 2
      vertex -5.85359 55.6932 2
    endloop
  endfacet
  facet normal 0 0 1
    outer loop
      vertex -8.76033 55.3105 2
      vertex -9.77185 45.9729 2
      vertex -7.35242 46.4214 2
    endloop
  endfacet
  facet normal -0 0 1
    outer loop
      vertex -11.6431 54.7763 2
      vertex -9.77185 45.9729 2
      vertex -8.76033 55.3105 2
    endloop
  endfacet
  facet normal 0 0 1
    outer loop
      vertex -11.6431 54.7763 2
      vertex -12.1645 45.3985 2
      vertex -9.77185 45.9729 2
    endloop
  endfacet
  facet normal -0 0 1
    outer loop
      vertex -14.4939 54.0918 2
      vertex -12.1645 45.3985 2
      vertex -11.6431 54.7763 2
    endloop
  endfacet
  facet normal 0 0 1
    outer loop
      vertex -14.4939 54.0918 2
      vertex -14.5238 44.6997 2
      vertex -12.1645 45.3985 2
    endloop
  endfacet
  facet normal -0 0 1
    outer loop
      vertex -17.305 53.2592 2
      vertex -14.5238 44.6997 2
      vertex -14.4939 54.0918 2
    endloop
  endfacet
  facet normal 0 0 1
    outer loop
      vertex -14.5238 44.6997 2
      vertex -17.305 53.2592 2
      vertex -16.8433 43.8783 2
    endloop
  endfacet
  facet normal -0 0 1
    outer loop
      vertex -20.0686 52.2805 2
      vertex -16.8433 43.8783 2
      vertex -17.305 53.2592 2
    endloop
  endfacet
  facet normal 0 0 1
    outer loop
      vertex -16.8433 43.8783 2
      vertex -20.0686 52.2805 2
      vertex -19.1166 42.9366 2
    endloop
  endfacet
  facet normal -0 0 1
    outer loop
      vertex -22.7773 51.1585 2
      vertex -19.1166 42.9366 2
      vertex -20.0686 52.2805 2
    endloop
  endfacet
  facet normal 0 0 1
    outer loop
      vertex -19.1166 42.9366 2
      vertex -22.7773 51.1585 2
      vertex -21.3376 41.8773 2
    endloop
  endfacet
  facet normal -0 0 1
    outer loop
      vertex -25.4235 49.8964 2
      vertex -21.3376 41.8773 2
      vertex -22.7773 51.1585 2
    endloop
  endfacet
  facet normal 0 0 1
    outer loop
      vertex -21.3376 41.8773 2
      vertex -25.4235 49.8964 2
      vertex -23.5 40.7032 2
    endloop
  endfacet
  facet normal -0 0 1
    outer loop
      vertex -28 48.4974 2
      vertex -23.5 40.7032 2
      vertex -25.4235 49.8964 2
    endloop
  endfacet
  facet normal 0 0 1
    outer loop
      vertex -23.5 40.7032 2
      vertex -28 48.4974 2
      vertex -25.598 39.4175 2
    endloop
  endfacet
  facet normal -0 0 1
    outer loop
      vertex -30.4998 46.9656 2
      vertex -25.598 39.4175 2
      vertex -28 48.4974 2
    endloop
  endfacet
  facet normal 0 0 1
    outer loop
      vertex -25.598 39.4175 2
      vertex -30.4998 46.9656 2
      vertex -27.6259 38.0238 2
    endloop
  endfacet
  facet normal -0 0 1
    outer loop
      vertex -32.916 45.305 2
      vertex -27.6259 38.0238 2
      vertex -30.4998 46.9656 2
    endloop
  endfacet
  facet normal 0 0 1
    outer loop
      vertex -27.6259 38.0238 2
      vertex -32.916 45.305 2
      vertex -29.5781 36.5259 2
    endloop
  endfacet
  facet normal -0 0 1
    outer loop
      vertex -35.2419 43.5202 2
      vertex -29.5781 36.5259 2
      vertex -32.916 45.305 2
    endloop
  endfacet
  facet normal -0 0 1
    outer loop
      vertex -36.0044 38.3267 2
      vertex -29.5781 36.5259 2
      vertex -35.2419 43.5202 2
    endloop
  endfacet
  facet normal -0 0 1
    outer loop
      vertex -35.7912 37.2548 2
      vertex -31.4491 34.9278 2
      vertex -35.7767 37.4767 2
    endloop
  endfacet
  facet normal 0 0 1
    outer loop
      vertex -35.7912 37.6986 2
      vertex -31.4491 34.9278 2
      vertex -29.5781 36.5259 2
    endloop
  endfacet
  facet normal -0 0 1
    outer loop
      vertex -35.8346 37.0367 2
      vertex -31.4491 34.9278 2
      vertex -35.7912 37.2548 2
    endloop
  endfacet
  facet normal -0 0 1
    outer loop
      vertex -35.9061 36.8261 2
      vertex -31.4491 34.9278 2
      vertex -35.8346 37.0367 2
    endloop
  endfacet
  facet normal -0 0 1
    outer loop
      vertex -36.0044 36.6267 2
      vertex -31.4491 34.9278 2
      vertex -35.9061 36.8261 2
    endloop
  endfacet
  facet normal 0 0 1
    outer loop
      vertex -31.4491 34.9278 2
      vertex -36.0044 36.6267 2
      vertex -33.234 33.234 2
    endloop
  endfacet
  facet normal -0 0 1
    outer loop
      vertex -36.128 36.4418 2
      vertex -33.234 33.234 2
      vertex -36.0044 36.6267 2
    endloop
  endfacet
  facet normal -0 0 1
    outer loop
      vertex -36.2746 36.2746 2
      vertex -33.234 33.234 2
      vertex -36.128 36.4418 2
    endloop
  endfacet
  facet normal -0 0 1
    outer loop
      vertex -36.4418 36.128 2
      vertex -33.234 33.234 2
      vertex -36.2746 36.2746 2
    endloop
  endfacet
  facet normal -0 0 1
    outer loop
      vertex -36.6267 36.0044 2
      vertex -33.234 33.234 2
      vertex -36.4418 36.128 2
    endloop
  endfacet
  facet normal 0 0 1
    outer loop
      vertex -33.234 33.234 2
      vertex -36.6267 36.0044 2
      vertex -34.9278 31.4491 2
    endloop
  endfacet
  facet normal -0 0 1
    outer loop
      vertex -36.8261 35.9061 2
      vertex -34.9278 31.4491 2
      vertex -36.6267 36.0044 2
    endloop
  endfacet
  facet normal -0 0 1
    outer loop
      vertex -37.0367 35.8346 2
      vertex -34.9278 31.4491 2
      vertex -36.8261 35.9061 2
    endloop
  endfacet
  facet normal -0 0 1
    outer loop
      vertex -37.2548 35.7912 2
      vertex -34.9278 31.4491 2
      vertex -37.0367 35.8346 2
    endloop
  endfacet
  facet normal -0 0 1
    outer loop
      vertex -37.4767 35.7767 2
      vertex -34.9278 31.4491 2
      vertex -37.2548 35.7912 2
    endloop
  endfacet
  facet normal 0 0 1
    outer loop
      vertex -37.6986 35.7912 2
      vertex -34.9278 31.4491 2
      vertex -37.4767 35.7767 2
    endloop
  endfacet
  facet normal 0 0 1
    outer loop
      vertex -34.9278 31.4491 2
      vertex -37.6986 35.7912 2
      vertex -36.5259 29.5781 2
    endloop
  endfacet
  facet normal 0 0 1
    outer loop
      vertex -37.9167 35.8346 2
      vertex -36.5259 29.5781 2
      vertex -37.6986 35.7912 2
    endloop
  endfacet
  facet normal 0 0 1
    outer loop
      vertex -38.1272 35.9061 2
      vertex -36.5259 29.5781 2
      vertex -37.9167 35.8346 2
    endloop
  endfacet
  facet normal 0 0 1
    outer loop
      vertex -38.3267 36.0044 2
      vertex -36.5259 29.5781 2
      vertex -38.1272 35.9061 2
    endloop
  endfacet
  facet normal 0 0 1
    outer loop
      vertex -36.5259 29.5781 2
      vertex -38.3267 36.0044 2
      vertex -38.0238 27.6259 2
    endloop
  endfacet
  facet normal 0 0 1
    outer loop
      vertex -38.5116 36.128 2
      vertex -38.0238 27.6259 2
      vertex -38.3267 36.0044 2
    endloop
  endfacet
  facet normal 0 0 1
    outer loop
      vertex -38.6787 36.2746 2
      vertex -38.0238 27.6259 2
      vertex -38.5116 36.128 2
    endloop
  endfacet
  facet normal 0 0 1
    outer loop
      vertex -38.8254 36.4418 2
      vertex -38.0238 27.6259 2
      vertex -38.6787 36.2746 2
    endloop
  endfacet
  facet normal 0 0 1
    outer loop
      vertex -39.4175 25.598 2
      vertex -38.8254 36.4418 2
      vertex -38.9489 36.6267 2
    endloop
  endfacet
  facet normal 0 0 1
    outer loop
      vertex -39.4175 25.598 2
      vertex -38.9489 36.6267 2
      vertex -39.0473 36.8261 2
    endloop
  endfacet
  facet normal 0 0 1
    outer loop
      vertex -39.4175 25.598 2
      vertex -39.0473 36.8261 2
      vertex -39.1187 37.0367 2
    endloop
  endfacet
  facet normal 0 0 1
    outer loop
      vertex -39.4175 25.598 2
      vertex -39.1187 37.0367 2
      vertex -39.1621 37.2548 2
    endloop
  endfacet
  facet normal 0 0 1
    outer loop
      vertex -38.8254 36.4418 2
      vertex -39.4175 25.598 2
      vertex -38.0238 27.6259 2
    endloop
  endfacet
  facet normal 0 0 1
    outer loop
      vertex -39.1621 37.6986 2
      vertex -41.6161 37.4713 2
      vertex -39.1767 37.4767 2
    endloop
  endfacet
  facet normal -0.477178 0.878806 0
    outer loop
      vertex -25.4235 49.8964 0
      vertex -28 48.4974 2
      vertex -25.4235 49.8964 2
    endloop
  endfacet
  facet normal -0.477178 0.878806 0
    outer loop
      vertex -28 48.4974 2
      vertex -25.4235 49.8964 0
      vertex -28 48.4974 0
    endloop
  endfacet
  facet normal -0.430491 0.902595 0
    outer loop
      vertex -22.7773 51.1585 0
      vertex -25.4235 49.8964 2
      vertex -22.7773 51.1585 2
    endloop
  endfacet
  facet normal -0.430491 0.902595 0
    outer loop
      vertex -25.4235 49.8964 2
      vertex -22.7773 51.1585 0
      vertex -25.4235 49.8964 0
    endloop
  endfacet
  facet normal -0.522479 0.852652 0
    outer loop
      vertex -28 48.4974 0
      vertex -30.4998 46.9656 2
      vertex -28 48.4974 2
    endloop
  endfacet
  facet normal -0.522479 0.852652 0
    outer loop
      vertex -30.4998 46.9656 2
      vertex -28 48.4974 0
      vertex -30.4998 46.9656 0
    endloop
  endfacet
  facet normal -0.608777 0.793341 0
    outer loop
      vertex -32.916 45.305 0
      vertex -35.2419 43.5202 2
      vertex -32.916 45.305 2
    endloop
  endfacet
  facet normal -0.608777 0.793341 0
    outer loop
      vertex -35.2419 43.5202 2
      vertex -32.916 45.305 0
      vertex -35.2419 43.5202 0
    endloop
  endfacet
  facet normal -0.649451 0.760404 0
    outer loop
      vertex -35.2419 43.5202 0
      vertex -37.4713 41.6161 2
      vertex -35.2419 43.5202 2
    endloop
  endfacet
  facet normal -0.649451 0.760404 0
    outer loop
      vertex -37.4713 41.6161 2
      vertex -35.2419 43.5202 0
      vertex -37.4713 41.6161 0
    endloop
  endfacet
  facet normal -0.283988 0.958828 0
    outer loop
      vertex -14.4939 54.0918 0
      vertex -17.305 53.2592 2
      vertex -14.4939 54.0918 2
    endloop
  endfacet
  facet normal -0.283988 0.958828 0
    outer loop
      vertex -17.305 53.2592 2
      vertex -14.4939 54.0918 0
      vertex -17.305 53.2592 0
    endloop
  endfacet
  facet normal -0.233472 0.972363 0
    outer loop
      vertex -11.6431 54.7763 0
      vertex -14.4939 54.0918 2
      vertex -11.6431 54.7763 2
    endloop
  endfacet
  facet normal -0.233472 0.972363 0
    outer loop
      vertex -14.4939 54.0918 2
      vertex -11.6431 54.7763 0
      vertex -14.4939 54.0918 0
    endloop
  endfacet
  facet normal -0.333824 0.942635 0
    outer loop
      vertex -17.305 53.2592 0
      vertex -20.0686 52.2805 2
      vertex -17.305 53.2592 2
    endloop
  endfacet
  facet normal -0.333824 0.942635 0
    outer loop
      vertex -20.0686 52.2805 2
      vertex -17.305 53.2592 0
      vertex -20.0686 52.2805 0
    endloop
  endfacet
  facet normal -0.130533 0.991444 0
    outer loop
      vertex -5.85359 55.6932 0
      vertex -8.76033 55.3105 2
      vertex -5.85359 55.6932 2
    endloop
  endfacet
  facet normal -0.130533 0.991444 0
    outer loop
      vertex -8.76033 55.3105 2
      vertex -5.85359 55.6932 0
      vertex -8.76033 55.3105 0
    endloop
  endfacet
  facet normal -0.0261613 0.999658 0
    outer loop
      vertex 0 56 0
      vertex -2.93081 55.9233 2
      vertex 0 56 2
    endloop
  endfacet
  facet normal -0.0261613 0.999658 0
    outer loop
      vertex -2.93081 55.9233 2
      vertex 0 56 0
      vertex -2.93081 55.9233 0
    endloop
  endfacet
  facet normal 0.999658 -0.0261613 0
    outer loop
      vertex 55.9233 -2.93081 2
      vertex 56 0 0
      vertex 56 0 2
    endloop
  endfacet
  facet normal 0.999658 -0.0261613 0
    outer loop
      vertex 56 0 0
      vertex 55.9233 -2.93081 2
      vertex 55.9233 -2.93081 0
    endloop
  endfacet
  facet normal 0.0261613 -0.999658 0
    outer loop
      vertex 0 -56 0
      vertex 2.93081 -55.9233 2
      vertex 0 -56 2
    endloop
  endfacet
  facet normal 0.0261613 -0.999658 0
    outer loop
      vertex 2.93081 -55.9233 2
      vertex 0 -56 0
      vertex 2.93081 -55.9233 0
    endloop
  endfacet
  facet normal 0.130533 -0.991444 0
    outer loop
      vertex 5.85359 -55.6932 0
      vertex 8.76033 -55.3105 2
      vertex 5.85359 -55.6932 2
    endloop
  endfacet
  facet normal 0.130533 -0.991444 0
    outer loop
      vertex 8.76033 -55.3105 2
      vertex 5.85359 -55.6932 0
      vertex 8.76033 -55.3105 0
    endloop
  endfacet
  facet normal 0.333824 -0.942635 0
    outer loop
      vertex 17.305 -53.2592 0
      vertex 20.0686 -52.2805 2
      vertex 17.305 -53.2592 2
    endloop
  endfacet
  facet normal 0.333824 -0.942635 0
    outer loop
      vertex 20.0686 -52.2805 2
      vertex 17.305 -53.2592 0
      vertex 20.0686 -52.2805 0
    endloop
  endfacet
  facet normal 0.233472 -0.972363 0
    outer loop
      vertex 11.6431 -54.7763 0
      vertex 14.4939 -54.0918 2
      vertex 11.6431 -54.7763 2
    endloop
  endfacet
  facet normal 0.233472 -0.972363 0
    outer loop
      vertex 14.4939 -54.0918 2
      vertex 11.6431 -54.7763 0
      vertex 14.4939 -54.0918 0
    endloop
  endfacet
  facet normal 0.608777 -0.793341 0
    outer loop
      vertex 32.916 -45.305 0
      vertex 35.2419 -43.5202 2
      vertex 32.916 -45.305 2
    endloop
  endfacet
  facet normal 0.608777 -0.793341 0
    outer loop
      vertex 35.2419 -43.5202 2
      vertex 32.916 -45.305 0
      vertex 35.2419 -43.5202 0
    endloop
  endfacet
  facet normal 0.688343 -0.725385 0
    outer loop
      vertex 37.4713 -41.6161 0
      vertex 39.598 -39.598 2
      vertex 37.4713 -41.6161 2
    endloop
  endfacet
  facet normal 0.688343 -0.725385 0
    outer loop
      vertex 39.598 -39.598 2
      vertex 37.4713 -41.6161 0
      vertex 39.598 -39.598 0
    endloop
  endfacet
  facet normal 0.522479 -0.852652 0
    outer loop
      vertex 28 -48.4974 0
      vertex 30.4998 -46.9656 2
      vertex 28 -48.4974 2
    endloop
  endfacet
  facet normal 0.522479 -0.852652 0
    outer loop
      vertex 30.4998 -46.9656 2
      vertex 28 -48.4974 0
      vertex 30.4998 -46.9656 0
    endloop
  endfacet
  facet normal 0.430491 -0.902595 0
    outer loop
      vertex 22.7773 -51.1585 0
      vertex 25.4235 -49.8964 2
      vertex 22.7773 -51.1585 2
    endloop
  endfacet
  facet normal 0.430491 -0.902595 0
    outer loop
      vertex 25.4235 -49.8964 2
      vertex 22.7773 -51.1585 0
      vertex 25.4235 -49.8964 0
    endloop
  endfacet
  facet normal 0.725385 -0.688343 0
    outer loop
      vertex 39.598 -39.598 2
      vertex 41.6161 -37.4713 0
      vertex 41.6161 -37.4713 2
    endloop
  endfacet
  facet normal 0.725385 -0.688343 0
    outer loop
      vertex 41.6161 -37.4713 0
      vertex 39.598 -39.598 2
      vertex 39.598 -39.598 0
    endloop
  endfacet
  facet normal 0.760404 -0.649451 0
    outer loop
      vertex 41.6161 -37.4713 2
      vertex 43.5202 -35.2419 0
      vertex 43.5202 -35.2419 2
    endloop
  endfacet
  facet normal 0.760404 -0.649451 0
    outer loop
      vertex 43.5202 -35.2419 0
      vertex 41.6161 -37.4713 2
      vertex 41.6161 -37.4713 0
    endloop
  endfacet
  facet normal 0.852652 -0.522479 0
    outer loop
      vertex 46.9656 -30.4998 2
      vertex 48.4974 -28 0
      vertex 48.4974 -28 2
    endloop
  endfacet
  facet normal 0.852652 -0.522479 0
    outer loop
      vertex 48.4974 -28 0
      vertex 46.9656 -30.4998 2
      vertex 46.9656 -30.4998 0
    endloop
  endfacet
  facet normal 0.902595 -0.430491 0
    outer loop
      vertex 49.8964 -25.4235 2
      vertex 51.1585 -22.7773 0
      vertex 51.1585 -22.7773 2
    endloop
  endfacet
  facet normal 0.902595 -0.430491 0
    outer loop
      vertex 51.1585 -22.7773 0
      vertex 49.8964 -25.4235 2
      vertex 49.8964 -25.4235 0
    endloop
  endfacet
  facet normal 0.878806 -0.477178 0
    outer loop
      vertex 48.4974 -28 2
      vertex 49.8964 -25.4235 0
      vertex 49.8964 -25.4235 2
    endloop
  endfacet
  facet normal 0.878806 -0.477178 0
    outer loop
      vertex 49.8964 -25.4235 0
      vertex 48.4974 -28 2
      vertex 48.4974 -28 0
    endloop
  endfacet
  facet normal 0.942635 -0.333824 0
    outer loop
      vertex 52.2805 -20.0686 2
      vertex 53.2592 -17.305 0
      vertex 53.2592 -17.305 2
    endloop
  endfacet
  facet normal 0.942635 -0.333824 0
    outer loop
      vertex 53.2592 -17.305 0
      vertex 52.2805 -20.0686 2
      vertex 52.2805 -20.0686 0
    endloop
  endfacet
  facet normal 0.958828 -0.283988 0
    outer loop
      vertex 53.2592 -17.305 2
      vertex 54.0918 -14.4939 0
      vertex 54.0918 -14.4939 2
    endloop
  endfacet
  facet normal 0.958828 -0.283988 0
    outer loop
      vertex 54.0918 -14.4939 0
      vertex 53.2592 -17.305 2
      vertex 53.2592 -17.305 0
    endloop
  endfacet
  facet normal -0.566404 -0.824128 0
    outer loop
      vertex -32.916 -45.305 0
      vertex -30.4998 -46.9656 2
      vertex -32.916 -45.305 2
    endloop
  endfacet
  facet normal -0.566404 -0.824128 -0
    outer loop
      vertex -30.4998 -46.9656 2
      vertex -32.916 -45.305 0
      vertex -30.4998 -46.9656 0
    endloop
  endfacet
  facet normal -0.477178 -0.878806 0
    outer loop
      vertex -28 -48.4974 0
      vertex -25.4235 -49.8964 2
      vertex -28 -48.4974 2
    endloop
  endfacet
  facet normal -0.477178 -0.878806 -0
    outer loop
      vertex -25.4235 -49.8964 2
      vertex -28 -48.4974 0
      vertex -25.4235 -49.8964 0
    endloop
  endfacet
  facet normal -0.522479 -0.852652 0
    outer loop
      vertex -30.4998 -46.9656 0
      vertex -28 -48.4974 2
      vertex -30.4998 -46.9656 2
    endloop
  endfacet
  facet normal -0.522479 -0.852652 -0
    outer loop
      vertex -28 -48.4974 2
      vertex -30.4998 -46.9656 0
      vertex -28 -48.4974 0
    endloop
  endfacet
  facet normal -0.382689 -0.923877 0
    outer loop
      vertex -22.7773 -51.1585 0
      vertex -20.0686 -52.2805 2
      vertex -22.7773 -51.1585 2
    endloop
  endfacet
  facet normal -0.382689 -0.923877 -0
    outer loop
      vertex -20.0686 -52.2805 2
      vertex -22.7773 -51.1585 0
      vertex -20.0686 -52.2805 0
    endloop
  endfacet
  facet normal -0.333824 -0.942635 0
    outer loop
      vertex -20.0686 -52.2805 0
      vertex -17.305 -53.2592 2
      vertex -20.0686 -52.2805 2
    endloop
  endfacet
  facet normal -0.333824 -0.942635 -0
    outer loop
      vertex -17.305 -53.2592 2
      vertex -20.0686 -52.2805 0
      vertex -17.305 -53.2592 0
    endloop
  endfacet
  facet normal -0.130533 -0.991444 0
    outer loop
      vertex -8.76033 -55.3105 0
      vertex -5.85359 -55.6932 2
      vertex -8.76033 -55.3105 2
    endloop
  endfacet
  facet normal -0.130533 -0.991444 -0
    outer loop
      vertex -5.85359 -55.6932 2
      vertex -8.76033 -55.3105 0
      vertex -5.85359 -55.6932 0
    endloop
  endfacet
  facet normal -0.182206 -0.98326 0
    outer loop
      vertex -11.6431 -54.7763 0
      vertex -8.76033 -55.3105 2
      vertex -11.6431 -54.7763 2
    endloop
  endfacet
  facet normal -0.182206 -0.98326 -0
    outer loop
      vertex -8.76033 -55.3105 2
      vertex -11.6431 -54.7763 0
      vertex -8.76033 -55.3105 0
    endloop
  endfacet
  facet normal -0.0784836 -0.996915 0
    outer loop
      vertex -5.85359 -55.6932 0
      vertex -2.93081 -55.9233 2
      vertex -5.85359 -55.6932 2
    endloop
  endfacet
  facet normal -0.0784836 -0.996915 -0
    outer loop
      vertex -2.93081 -55.9233 2
      vertex -5.85359 -55.6932 0
      vertex -2.93081 -55.9233 0
    endloop
  endfacet
  facet normal -0.902595 -0.430491 0
    outer loop
      vertex -49.8964 -25.4235 0
      vertex -51.1585 -22.7773 2
      vertex -51.1585 -22.7773 0
    endloop
  endfacet
  facet normal -0.902595 -0.430491 0
    outer loop
      vertex -51.1585 -22.7773 2
      vertex -49.8964 -25.4235 0
      vertex -49.8964 -25.4235 2
    endloop
  endfacet
  facet normal -0.878806 -0.477178 0
    outer loop
      vertex -48.4974 -28 0
      vertex -49.8964 -25.4235 2
      vertex -49.8964 -25.4235 0
    endloop
  endfacet
  facet normal -0.878806 -0.477178 0
    outer loop
      vertex -49.8964 -25.4235 2
      vertex -48.4974 -28 0
      vertex -48.4974 -28 2
    endloop
  endfacet
  facet normal -0.725385 -0.688343 0
    outer loop
      vertex -39.598 -39.598 0
      vertex -41.6161 -37.4713 2
      vertex -41.6161 -37.4713 0
    endloop
  endfacet
  facet normal -0.725385 -0.688343 0
    outer loop
      vertex -41.6161 -37.4713 2
      vertex -39.598 -39.598 0
      vertex -39.598 -39.598 2
    endloop
  endfacet
  facet normal -0.793341 -0.608777 0
    outer loop
      vertex -43.5202 -35.2419 0
      vertex -45.305 -32.916 2
      vertex -45.305 -32.916 0
    endloop
  endfacet
  facet normal -0.793341 -0.608777 0
    outer loop
      vertex -45.305 -32.916 2
      vertex -43.5202 -35.2419 0
      vertex -43.5202 -35.2419 2
    endloop
  endfacet
  facet normal -0.760404 -0.649451 0
    outer loop
      vertex -41.6161 -37.4713 0
      vertex -43.5202 -35.2419 2
      vertex -43.5202 -35.2419 0
    endloop
  endfacet
  facet normal -0.760404 -0.649451 0
    outer loop
      vertex -43.5202 -35.2419 2
      vertex -41.6161 -37.4713 0
      vertex -41.6161 -37.4713 2
    endloop
  endfacet
  facet normal -0.958828 -0.283988 0
    outer loop
      vertex -53.2592 -17.305 0
      vertex -54.0918 -14.4939 2
      vertex -54.0918 -14.4939 0
    endloop
  endfacet
  facet normal -0.958828 -0.283988 0
    outer loop
      vertex -54.0918 -14.4939 2
      vertex -53.2592 -17.305 0
      vertex -53.2592 -17.305 2
    endloop
  endfacet
  facet normal -0.972363 -0.233472 0
    outer loop
      vertex -54.0918 -14.4939 0
      vertex -54.7763 -11.6431 2
      vertex -54.7763 -11.6431 0
    endloop
  endfacet
  facet normal -0.972363 -0.233472 0
    outer loop
      vertex -54.7763 -11.6431 2
      vertex -54.0918 -14.4939 0
      vertex -54.0918 -14.4939 2
    endloop
  endfacet
  facet normal -0.942635 -0.333824 0
    outer loop
      vertex -52.2805 -20.0686 0
      vertex -53.2592 -17.305 2
      vertex -53.2592 -17.305 0
    endloop
  endfacet
  facet normal -0.942635 -0.333824 0
    outer loop
      vertex -53.2592 -17.305 2
      vertex -52.2805 -20.0686 0
      vertex -52.2805 -20.0686 2
    endloop
  endfacet
  facet normal -0.991444 -0.130533 0
    outer loop
      vertex -55.3105 -8.76033 0
      vertex -55.6932 -5.85359 2
      vertex -55.6932 -5.85359 0
    endloop
  endfacet
  facet normal -0.991444 -0.130533 0
    outer loop
      vertex -55.6932 -5.85359 2
      vertex -55.3105 -8.76033 0
      vertex -55.3105 -8.76033 2
    endloop
  endfacet
  facet normal -0.98326 -0.182206 0
    outer loop
      vertex -54.7763 -11.6431 0
      vertex -55.3105 -8.76033 2
      vertex -55.3105 -8.76033 0
    endloop
  endfacet
  facet normal -0.98326 -0.182206 0
    outer loop
      vertex -55.3105 -8.76033 2
      vertex -54.7763 -11.6431 0
      vertex -54.7763 -11.6431 2
    endloop
  endfacet
  facet normal -0.999658 -0.0261613 0
    outer loop
      vertex -55.9233 -2.93081 0
      vertex -56 0 2
      vertex -56 0 0
    endloop
  endfacet
  facet normal -0.999658 -0.0261613 0
    outer loop
      vertex -56 0 2
      vertex -55.9233 -2.93081 0
      vertex -55.9233 -2.93081 2
    endloop
  endfacet
  facet normal 0.0784836 -0.996915 0
    outer loop
      vertex 2.93081 -55.9233 0
      vertex 5.85359 -55.6932 2
      vertex 2.93081 -55.9233 2
    endloop
  endfacet
  facet normal 0.0784836 -0.996915 0
    outer loop
      vertex 5.85359 -55.6932 2
      vertex 2.93081 -55.9233 0
      vertex 5.85359 -55.6932 0
    endloop
  endfacet
  facet normal 0.182206 -0.98326 0
    outer loop
      vertex 8.76033 -55.3105 0
      vertex 11.6431 -54.7763 2
      vertex 8.76033 -55.3105 2
    endloop
  endfacet
  facet normal 0.182206 -0.98326 0
    outer loop
      vertex 11.6431 -54.7763 2
      vertex 8.76033 -55.3105 0
      vertex 11.6431 -54.7763 0
    endloop
  endfacet
  facet normal 0.382689 -0.923877 0
    outer loop
      vertex 20.0686 -52.2805 0
      vertex 22.7773 -51.1585 2
      vertex 20.0686 -52.2805 2
    endloop
  endfacet
  facet normal 0.382689 -0.923877 0
    outer loop
      vertex 22.7773 -51.1585 2
      vertex 20.0686 -52.2805 0
      vertex 22.7773 -51.1585 0
    endloop
  endfacet
  facet normal 0.283988 -0.958828 0
    outer loop
      vertex 14.4939 -54.0918 0
      vertex 17.305 -53.2592 2
      vertex 14.4939 -54.0918 2
    endloop
  endfacet
  facet normal 0.283988 -0.958828 0
    outer loop
      vertex 17.305 -53.2592 2
      vertex 14.4939 -54.0918 0
      vertex 17.305 -53.2592 0
    endloop
  endfacet
  facet normal 0.649451 -0.760404 0
    outer loop
      vertex 35.2419 -43.5202 0
      vertex 37.4713 -41.6161 2
      vertex 35.2419 -43.5202 2
    endloop
  endfacet
  facet normal 0.649451 -0.760404 0
    outer loop
      vertex 37.4713 -41.6161 2
      vertex 35.2419 -43.5202 0
      vertex 37.4713 -41.6161 0
    endloop
  endfacet
  facet normal 0.477178 -0.878806 0
    outer loop
      vertex 25.4235 -49.8964 0
      vertex 28 -48.4974 2
      vertex 25.4235 -49.8964 2
    endloop
  endfacet
  facet normal 0.477178 -0.878806 0
    outer loop
      vertex 28 -48.4974 2
      vertex 25.4235 -49.8964 0
      vertex 28 -48.4974 0
    endloop
  endfacet
  facet normal 0.824128 -0.566404 0
    outer loop
      vertex 45.305 -32.916 2
      vertex 46.9656 -30.4998 0
      vertex 46.9656 -30.4998 2
    endloop
  endfacet
  facet normal 0.824128 -0.566404 0
    outer loop
      vertex 46.9656 -30.4998 0
      vertex 45.305 -32.916 2
      vertex 45.305 -32.916 0
    endloop
  endfacet
  facet normal 0.98326 -0.182206 0
    outer loop
      vertex 54.7763 -11.6431 2
      vertex 55.3105 -8.76033 0
      vertex 55.3105 -8.76033 2
    endloop
  endfacet
  facet normal 0.98326 -0.182206 0
    outer loop
      vertex 55.3105 -8.76033 0
      vertex 54.7763 -11.6431 2
      vertex 54.7763 -11.6431 0
    endloop
  endfacet
  facet normal 0.996915 -0.0784836 0
    outer loop
      vertex 55.6932 -5.85359 2
      vertex 55.9233 -2.93081 0
      vertex 55.9233 -2.93081 2
    endloop
  endfacet
  facet normal 0.996915 -0.0784836 0
    outer loop
      vertex 55.9233 -2.93081 0
      vertex 55.6932 -5.85359 2
      vertex 55.6932 -5.85359 0
    endloop
  endfacet
  facet normal -0.608777 -0.793341 0
    outer loop
      vertex -35.2419 -43.5202 0
      vertex -32.916 -45.305 2
      vertex -35.2419 -43.5202 2
    endloop
  endfacet
  facet normal -0.608777 -0.793341 -0
    outer loop
      vertex -32.916 -45.305 2
      vertex -35.2419 -43.5202 0
      vertex -32.916 -45.305 0
    endloop
  endfacet
  facet normal -0.233472 -0.972363 0
    outer loop
      vertex -14.4939 -54.0918 0
      vertex -11.6431 -54.7763 2
      vertex -14.4939 -54.0918 2
    endloop
  endfacet
  facet normal -0.233472 -0.972363 -0
    outer loop
      vertex -11.6431 -54.7763 2
      vertex -14.4939 -54.0918 0
      vertex -11.6431 -54.7763 0
    endloop
  endfacet
  facet normal -0.824128 -0.566404 0
    outer loop
      vertex -45.305 -32.916 0
      vertex -46.9656 -30.4998 2
      vertex -46.9656 -30.4998 0
    endloop
  endfacet
  facet normal -0.824128 -0.566404 0
    outer loop
      vertex -46.9656 -30.4998 2
      vertex -45.305 -32.916 0
      vertex -45.305 -32.916 2
    endloop
  endfacet
  facet normal -0.996915 -0.0784836 0
    outer loop
      vertex -55.6932 -5.85359 0
      vertex -55.9233 -2.93081 2
      vertex -55.9233 -2.93081 0
    endloop
  endfacet
  facet normal -0.996915 -0.0784836 0
    outer loop
      vertex -55.9233 -2.93081 2
      vertex -55.6932 -5.85359 0
      vertex -55.6932 -5.85359 2
    endloop
  endfacet
  facet normal -0.999657 -0.0261721 0
    outer loop
      vertex 47 0 0
      vertex 46.9356 2.45979 2
      vertex 46.9356 2.45979 0
    endloop
  endfacet
  facet normal -0.999657 -0.0261721 0
    outer loop
      vertex 46.9356 2.45979 2
      vertex 47 0 0
      vertex 47 0 2
    endloop
  endfacet
  facet normal 0.999657 -0.0261721 0
    outer loop
      vertex -47 0 2
      vertex -46.9356 2.45979 0
      vertex -46.9356 2.45979 2
    endloop
  endfacet
  facet normal 0.999657 -0.0261721 0
    outer loop
      vertex -46.9356 2.45979 0
      vertex -47 0 2
      vertex -47 0 0
    endloop
  endfacet
  facet normal -0.0261721 -0.999657 0
    outer loop
      vertex 0 47 0
      vertex 2.45979 46.9356 2
      vertex 0 47 2
    endloop
  endfacet
  facet normal -0.0261721 -0.999657 -0
    outer loop
      vertex 2.45979 46.9356 2
      vertex 0 47 0
      vertex 2.45979 46.9356 0
    endloop
  endfacet
  facet normal 0.0261721 0.999657 -0
    outer loop
      vertex 0 -47 0
      vertex -2.45979 -46.9356 2
      vertex 0 -47 2
    endloop
  endfacet
  facet normal 0.0261721 0.999657 0
    outer loop
      vertex -2.45979 -46.9356 2
      vertex 0 -47 0
      vertex -2.45979 -46.9356 0
    endloop
  endfacet
  facet normal 0.725376 0.688353 0
    outer loop
      vertex -33.234 -33.234 2
      vertex -34.9278 -31.4491 0
      vertex -34.9278 -31.4491 2
    endloop
  endfacet
  facet normal 0.725376 0.688353 0
    outer loop
      vertex -34.9278 -31.4491 0
      vertex -33.234 -33.234 2
      vertex -33.234 -33.234 0
    endloop
  endfacet
  facet normal -0.725376 -0.688353 0
    outer loop
      vertex 34.9278 31.4491 0
      vertex 33.234 33.234 2
      vertex 33.234 33.234 0
    endloop
  endfacet
  facet normal -0.725376 -0.688353 0
    outer loop
      vertex 33.234 33.234 2
      vertex 34.9278 31.4491 0
      vertex 34.9278 31.4491 2
    endloop
  endfacet
  facet normal 0.688353 -0.725376 0
    outer loop
      vertex -33.234 33.234 0
      vertex -31.4491 34.9278 2
      vertex -33.234 33.234 2
    endloop
  endfacet
  facet normal 0.688353 -0.725376 0
    outer loop
      vertex -31.4491 34.9278 2
      vertex -33.234 33.234 0
      vertex -31.4491 34.9278 0
    endloop
  endfacet
  facet normal 0.333815 -0.942639 0
    outer loop
      vertex -16.8433 43.8783 0
      vertex -14.5238 44.6997 2
      vertex -16.8433 43.8783 2
    endloop
  endfacet
  facet normal 0.333815 -0.942639 0
    outer loop
      vertex -14.5238 44.6997 2
      vertex -16.8433 43.8783 0
      vertex -14.5238 44.6997 0
    endloop
  endfacet
  facet normal 0.942639 0.333815 0
    outer loop
      vertex -43.8783 -16.8433 2
      vertex -44.6997 -14.5238 0
      vertex -44.6997 -14.5238 2
    endloop
  endfacet
  facet normal 0.942639 0.333815 0
    outer loop
      vertex -44.6997 -14.5238 0
      vertex -43.8783 -16.8433 2
      vertex -43.8783 -16.8433 0
    endloop
  endfacet
  facet normal -0.92387 -0.382707 0
    outer loop
      vertex 43.8783 16.8433 0
      vertex 42.9366 19.1166 2
      vertex 42.9366 19.1166 0
    endloop
  endfacet
  facet normal -0.92387 -0.382707 0
    outer loop
      vertex 42.9366 19.1166 2
      vertex 43.8783 16.8433 0
      vertex 43.8783 16.8433 2
    endloop
  endfacet
  facet normal -0.382707 -0.92387 0
    outer loop
      vertex 16.8433 43.8783 0
      vertex 19.1166 42.9366 2
      vertex 16.8433 43.8783 2
    endloop
  endfacet
  facet normal -0.382707 -0.92387 -0
    outer loop
      vertex 19.1166 42.9366 2
      vertex 16.8433 43.8783 0
      vertex 19.1166 42.9366 0
    endloop
  endfacet
  facet normal -0.566396 -0.824133 0
    outer loop
      vertex 25.598 39.4175 0
      vertex 27.6259 38.0238 2
      vertex 25.598 39.4175 2
    endloop
  endfacet
  facet normal -0.566396 -0.824133 -0
    outer loop
      vertex 27.6259 38.0238 2
      vertex 25.598 39.4175 0
      vertex 27.6259 38.0238 0
    endloop
  endfacet
  facet normal 0.92387 -0.382707 0
    outer loop
      vertex -43.8783 16.8433 2
      vertex -42.9366 19.1166 0
      vertex -42.9366 19.1166 2
    endloop
  endfacet
  facet normal 0.92387 -0.382707 0
    outer loop
      vertex -42.9366 19.1166 0
      vertex -43.8783 16.8433 2
      vertex -43.8783 16.8433 0
    endloop
  endfacet
  facet normal 0.130496 -0.991449 0
    outer loop
      vertex -7.35242 46.4214 0
      vertex -4.91284 46.7425 2
      vertex -7.35242 46.4214 2
    endloop
  endfacet
  facet normal 0.130496 -0.991449 0
    outer loop
      vertex -4.91284 46.7425 2
      vertex -7.35242 46.4214 0
      vertex -4.91284 46.7425 0
    endloop
  endfacet
  facet normal -0.972372 -0.233436 0
    outer loop
      vertex 45.9729 9.77185 0
      vertex 45.3985 12.1645 2
      vertex 45.3985 12.1645 0
    endloop
  endfacet
  facet normal -0.972372 -0.233436 0
    outer loop
      vertex 45.3985 12.1645 2
      vertex 45.9729 9.77185 0
      vertex 45.9729 9.77185 2
    endloop
  endfacet
  facet normal -0.824133 -0.566396 0
    outer loop
      vertex 39.4175 25.598 0
      vertex 38.0238 27.6259 2
      vertex 38.0238 27.6259 0
    endloop
  endfacet
  facet normal -0.824133 -0.566396 0
    outer loop
      vertex 38.0238 27.6259 2
      vertex 39.4175 25.598 0
      vertex 39.4175 25.598 2
    endloop
  endfacet
  facet normal -0.793368 -0.608742 0
    outer loop
      vertex 38.0238 27.6259 0
      vertex 36.5259 29.5781 2
      vertex 36.5259 29.5781 0
    endloop
  endfacet
  facet normal -0.793368 -0.608742 0
    outer loop
      vertex 36.5259 29.5781 2
      vertex 38.0238 27.6259 0
      vertex 38.0238 27.6259 2
    endloop
  endfacet
  facet normal -0.878815 -0.477163 0
    outer loop
      vertex 41.8773 21.3376 0
      vertex 40.7032 23.5 2
      vertex 40.7032 23.5 0
    endloop
  endfacet
  facet normal -0.878815 -0.477163 0
    outer loop
      vertex 40.7032 23.5 2
      vertex 41.8773 21.3376 0
      vertex 41.8773 21.3376 2
    endloop
  endfacet
  facet normal -0.182269 -0.983249 0
    outer loop
      vertex 7.35242 46.4214 0
      vertex 9.77185 45.9729 2
      vertex 7.35242 46.4214 2
    endloop
  endfacet
  facet normal -0.182269 -0.983249 -0
    outer loop
      vertex 9.77185 45.9729 2
      vertex 7.35242 46.4214 0
      vertex 9.77185 45.9729 0
    endloop
  endfacet
  facet normal -0.130496 -0.991449 0
    outer loop
      vertex 4.91284 46.7425 0
      vertex 7.35242 46.4214 2
      vertex 4.91284 46.7425 2
    endloop
  endfacet
  facet normal -0.130496 -0.991449 -0
    outer loop
      vertex 7.35242 46.4214 2
      vertex 4.91284 46.7425 0
      vertex 7.35242 46.4214 0
    endloop
  endfacet
  facet normal -0.649475 -0.760383 0
    outer loop
      vertex 29.5781 36.5259 0
      vertex 31.4491 34.9278 2
      vertex 29.5781 36.5259 2
    endloop
  endfacet
  facet normal -0.649475 -0.760383 -0
    outer loop
      vertex 31.4491 34.9278 2
      vertex 29.5781 36.5259 0
      vertex 31.4491 34.9278 0
    endloop
  endfacet
  facet normal 0.983249 -0.182269 0
    outer loop
      vertex -46.4214 7.35242 2
      vertex -45.9729 9.77185 0
      vertex -45.9729 9.77185 2
    endloop
  endfacet
  facet normal 0.983249 -0.182269 0
    outer loop
      vertex -45.9729 9.77185 0
      vertex -46.4214 7.35242 2
      vertex -46.4214 7.35242 0
    endloop
  endfacet
  facet normal 0.824133 -0.566396 0
    outer loop
      vertex -39.4175 25.598 2
      vertex -38.0238 27.6259 0
      vertex -38.0238 27.6259 2
    endloop
  endfacet
  facet normal 0.824133 -0.566396 0
    outer loop
      vertex -38.0238 27.6259 0
      vertex -39.4175 25.598 2
      vertex -39.4175 25.598 0
    endloop
  endfacet
  facet normal 0.991449 -0.130496 0
    outer loop
      vertex -46.7425 4.91284 2
      vertex -46.4214 7.35242 0
      vertex -46.4214 7.35242 2
    endloop
  endfacet
  facet normal 0.991449 -0.130496 0
    outer loop
      vertex -46.4214 7.35242 0
      vertex -46.7425 4.91284 2
      vertex -46.7425 4.91284 0
    endloop
  endfacet
  facet normal 0.522512 -0.852632 0
    outer loop
      vertex -25.598 39.4175 0
      vertex -23.5 40.7032 2
      vertex -25.598 39.4175 2
    endloop
  endfacet
  facet normal 0.522512 -0.852632 0
    outer loop
      vertex -23.5 40.7032 2
      vertex -25.598 39.4175 0
      vertex -23.5 40.7032 0
    endloop
  endfacet
  facet normal 0.0784756 -0.996916 0
    outer loop
      vertex -4.91284 46.7425 0
      vertex -2.45979 46.9356 2
      vertex -4.91284 46.7425 2
    endloop
  endfacet
  facet normal 0.0784756 -0.996916 0
    outer loop
      vertex -2.45979 46.9356 2
      vertex -4.91284 46.7425 0
      vertex -2.45979 46.9356 0
    endloop
  endfacet
  facet normal -0.983249 0.182269 0
    outer loop
      vertex 45.9729 -9.77185 0
      vertex 46.4214 -7.35242 2
      vertex 46.4214 -7.35242 0
    endloop
  endfacet
  facet normal -0.983249 0.182269 0
    outer loop
      vertex 46.4214 -7.35242 2
      vertex 45.9729 -9.77185 0
      vertex 45.9729 -9.77185 2
    endloop
  endfacet
  facet normal -0.522512 0.852632 0
    outer loop
      vertex 25.598 -39.4175 0
      vertex 23.5 -40.7032 2
      vertex 25.598 -39.4175 2
    endloop
  endfacet
  facet normal -0.522512 0.852632 0
    outer loop
      vertex 23.5 -40.7032 2
      vertex 25.598 -39.4175 0
      vertex 23.5 -40.7032 0
    endloop
  endfacet
  facet normal -0.991449 0.130496 0
    outer loop
      vertex 46.4214 -7.35242 0
      vertex 46.7425 -4.91284 2
      vertex 46.7425 -4.91284 0
    endloop
  endfacet
  facet normal -0.991449 0.130496 0
    outer loop
      vertex 46.7425 -4.91284 2
      vertex 46.4214 -7.35242 0
      vertex 46.4214 -7.35242 2
    endloop
  endfacet
  facet normal 0.130496 0.991449 -0
    outer loop
      vertex -4.91284 -46.7425 0
      vertex -7.35242 -46.4214 2
      vertex -4.91284 -46.7425 2
    endloop
  endfacet
  facet normal 0.130496 0.991449 0
    outer loop
      vertex -7.35242 -46.4214 2
      vertex -4.91284 -46.7425 0
      vertex -7.35242 -46.4214 0
    endloop
  endfacet
  facet normal -0.991449 -0.130496 0
    outer loop
      vertex 46.7425 4.91284 0
      vertex 46.4214 7.35242 2
      vertex 46.4214 7.35242 0
    endloop
  endfacet
  facet normal -0.991449 -0.130496 0
    outer loop
      vertex 46.4214 7.35242 2
      vertex 46.7425 4.91284 0
      vertex 46.7425 4.91284 2
    endloop
  endfacet
  facet normal -0.996916 -0.0784756 0
    outer loop
      vertex 46.9356 2.45979 0
      vertex 46.7425 4.91284 2
      vertex 46.7425 4.91284 0
    endloop
  endfacet
  facet normal -0.996916 -0.0784756 0
    outer loop
      vertex 46.7425 4.91284 2
      vertex 46.9356 2.45979 0
      vertex 46.9356 2.45979 2
    endloop
  endfacet
  facet normal -0.983249 -0.182269 0
    outer loop
      vertex 46.4214 7.35242 0
      vertex 45.9729 9.77185 2
      vertex 45.9729 9.77185 0
    endloop
  endfacet
  facet normal -0.983249 -0.182269 0
    outer loop
      vertex 45.9729 9.77185 2
      vertex 46.4214 7.35242 0
      vertex 46.4214 7.35242 2
    endloop
  endfacet
  facet normal -0.942639 -0.333815 0
    outer loop
      vertex 44.6997 14.5238 0
      vertex 43.8783 16.8433 2
      vertex 43.8783 16.8433 0
    endloop
  endfacet
  facet normal -0.942639 -0.333815 0
    outer loop
      vertex 43.8783 16.8433 2
      vertex 44.6997 14.5238 0
      vertex 44.6997 14.5238 2
    endloop
  endfacet
  facet normal -0.958826 -0.283994 0
    outer loop
      vertex 45.3985 12.1645 0
      vertex 44.6997 14.5238 2
      vertex 44.6997 14.5238 0
    endloop
  endfacet
  facet normal -0.958826 -0.283994 0
    outer loop
      vertex 44.6997 14.5238 2
      vertex 45.3985 12.1645 0
      vertex 45.3985 12.1645 2
    endloop
  endfacet
  facet normal -0.760383 -0.649475 0
    outer loop
      vertex 36.5259 29.5781 0
      vertex 34.9278 31.4491 2
      vertex 34.9278 31.4491 0
    endloop
  endfacet
  facet normal -0.760383 -0.649475 0
    outer loop
      vertex 34.9278 31.4491 2
      vertex 36.5259 29.5781 0
      vertex 36.5259 29.5781 2
    endloop
  endfacet
  facet normal -0.852632 -0.522512 0
    outer loop
      vertex 40.7032 23.5 0
      vertex 39.4175 25.598 2
      vertex 39.4175 25.598 0
    endloop
  endfacet
  facet normal -0.852632 -0.522512 0
    outer loop
      vertex 39.4175 25.598 2
      vertex 40.7032 23.5 0
      vertex 40.7032 23.5 2
    endloop
  endfacet
  facet normal -0.902595 -0.43049 0
    outer loop
      vertex 42.9366 19.1166 0
      vertex 41.8773 21.3376 2
      vertex 41.8773 21.3376 0
    endloop
  endfacet
  facet normal -0.902595 -0.43049 0
    outer loop
      vertex 41.8773 21.3376 2
      vertex 42.9366 19.1166 0
      vertex 42.9366 19.1166 2
    endloop
  endfacet
  facet normal -0.283994 -0.958826 0
    outer loop
      vertex 12.1645 45.3985 0
      vertex 14.5238 44.6997 2
      vertex 12.1645 45.3985 2
    endloop
  endfacet
  facet normal -0.283994 -0.958826 -0
    outer loop
      vertex 14.5238 44.6997 2
      vertex 12.1645 45.3985 0
      vertex 14.5238 44.6997 0
    endloop
  endfacet
  facet normal -0.333815 -0.942639 0
    outer loop
      vertex 14.5238 44.6997 0
      vertex 16.8433 43.8783 2
      vertex 14.5238 44.6997 2
    endloop
  endfacet
  facet normal -0.333815 -0.942639 -0
    outer loop
      vertex 16.8433 43.8783 2
      vertex 14.5238 44.6997 0
      vertex 16.8433 43.8783 0
    endloop
  endfacet
  facet normal -0.233436 -0.972372 0
    outer loop
      vertex 9.77185 45.9729 0
      vertex 12.1645 45.3985 2
      vertex 9.77185 45.9729 2
    endloop
  endfacet
  facet normal -0.233436 -0.972372 -0
    outer loop
      vertex 12.1645 45.3985 2
      vertex 9.77185 45.9729 0
      vertex 12.1645 45.3985 0
    endloop
  endfacet
  facet normal -0.0784756 -0.996916 0
    outer loop
      vertex 2.45979 46.9356 0
      vertex 4.91284 46.7425 2
      vertex 2.45979 46.9356 2
    endloop
  endfacet
  facet normal -0.0784756 -0.996916 -0
    outer loop
      vertex 4.91284 46.7425 2
      vertex 2.45979 46.9356 0
      vertex 4.91284 46.7425 0
    endloop
  endfacet
  facet normal -0.477163 -0.878815 0
    outer loop
      vertex 21.3376 41.8773 0
      vertex 23.5 40.7032 2
      vertex 21.3376 41.8773 2
    endloop
  endfacet
  facet normal -0.477163 -0.878815 -0
    outer loop
      vertex 23.5 40.7032 2
      vertex 21.3376 41.8773 0
      vertex 23.5 40.7032 0
    endloop
  endfacet
  facet normal -0.522512 -0.852632 0
    outer loop
      vertex 23.5 40.7032 0
      vertex 25.598 39.4175 2
      vertex 23.5 40.7032 2
    endloop
  endfacet
  facet normal -0.522512 -0.852632 -0
    outer loop
      vertex 25.598 39.4175 2
      vertex 23.5 40.7032 0
      vertex 25.598 39.4175 0
    endloop
  endfacet
  facet normal -0.43049 -0.902595 0
    outer loop
      vertex 19.1166 42.9366 0
      vertex 21.3376 41.8773 2
      vertex 19.1166 42.9366 2
    endloop
  endfacet
  facet normal -0.43049 -0.902595 -0
    outer loop
      vertex 21.3376 41.8773 2
      vertex 19.1166 42.9366 0
      vertex 21.3376 41.8773 0
    endloop
  endfacet
  facet normal -0.608742 -0.793368 0
    outer loop
      vertex 27.6259 38.0238 0
      vertex 29.5781 36.5259 2
      vertex 27.6259 38.0238 2
    endloop
  endfacet
  facet normal -0.608742 -0.793368 -0
    outer loop
      vertex 29.5781 36.5259 2
      vertex 27.6259 38.0238 0
      vertex 29.5781 36.5259 0
    endloop
  endfacet
  facet normal -0.688353 -0.725376 0
    outer loop
      vertex 31.4491 34.9278 0
      vertex 33.234 33.234 2
      vertex 31.4491 34.9278 2
    endloop
  endfacet
  facet normal -0.688353 -0.725376 -0
    outer loop
      vertex 33.234 33.234 2
      vertex 31.4491 34.9278 0
      vertex 33.234 33.234 0
    endloop
  endfacet
  facet normal 0.760383 -0.649475 0
    outer loop
      vertex -36.5259 29.5781 2
      vertex -34.9278 31.4491 0
      vertex -34.9278 31.4491 2
    endloop
  endfacet
  facet normal 0.760383 -0.649475 0
    outer loop
      vertex -34.9278 31.4491 0
      vertex -36.5259 29.5781 2
      vertex -36.5259 29.5781 0
    endloop
  endfacet
  facet normal 0.725376 -0.688353 0
    outer loop
      vertex -34.9278 31.4491 2
      vertex -33.234 33.234 0
      vertex -33.234 33.234 2
    endloop
  endfacet
  facet normal 0.725376 -0.688353 0
    outer loop
      vertex -33.234 33.234 0
      vertex -34.9278 31.4491 2
      vertex -34.9278 31.4491 0
    endloop
  endfacet
  facet normal 0.793368 -0.608742 0
    outer loop
      vertex -38.0238 27.6259 2
      vertex -36.5259 29.5781 0
      vertex -36.5259 29.5781 2
    endloop
  endfacet
  facet normal 0.793368 -0.608742 0
    outer loop
      vertex -36.5259 29.5781 0
      vertex -38.0238 27.6259 2
      vertex -38.0238 27.6259 0
    endloop
  endfacet
  facet normal 0.878815 -0.477163 0
    outer loop
      vertex -41.8773 21.3376 2
      vertex -40.7032 23.5 0
      vertex -40.7032 23.5 2
    endloop
  endfacet
  facet normal 0.878815 -0.477163 0
    outer loop
      vertex -40.7032 23.5 0
      vertex -41.8773 21.3376 2
      vertex -41.8773 21.3376 0
    endloop
  endfacet
  facet normal 0.902595 -0.43049 0
    outer loop
      vertex -42.9366 19.1166 2
      vertex -41.8773 21.3376 0
      vertex -41.8773 21.3376 2
    endloop
  endfacet
  facet normal 0.902595 -0.43049 0
    outer loop
      vertex -41.8773 21.3376 0
      vertex -42.9366 19.1166 2
      vertex -42.9366 19.1166 0
    endloop
  endfacet
  facet normal 0.852632 -0.522512 0
    outer loop
      vertex -40.7032 23.5 2
      vertex -39.4175 25.598 0
      vertex -39.4175 25.598 2
    endloop
  endfacet
  facet normal 0.852632 -0.522512 0
    outer loop
      vertex -39.4175 25.598 0
      vertex -40.7032 23.5 2
      vertex -40.7032 23.5 0
    endloop
  endfacet
  facet normal 0.958826 -0.283994 0
    outer loop
      vertex -45.3985 12.1645 2
      vertex -44.6997 14.5238 0
      vertex -44.6997 14.5238 2
    endloop
  endfacet
  facet normal 0.958826 -0.283994 0
    outer loop
      vertex -44.6997 14.5238 0
      vertex -45.3985 12.1645 2
      vertex -45.3985 12.1645 0
    endloop
  endfacet
  facet normal 0.942639 -0.333815 0
    outer loop
      vertex -44.6997 14.5238 2
      vertex -43.8783 16.8433 0
      vertex -43.8783 16.8433 2
    endloop
  endfacet
  facet normal 0.942639 -0.333815 0
    outer loop
      vertex -43.8783 16.8433 0
      vertex -44.6997 14.5238 2
      vertex -44.6997 14.5238 0
    endloop
  endfacet
  facet normal 0.972372 -0.233436 0
    outer loop
      vertex -45.9729 9.77185 2
      vertex -45.3985 12.1645 0
      vertex -45.3985 12.1645 2
    endloop
  endfacet
  facet normal 0.972372 -0.233436 0
    outer loop
      vertex -45.3985 12.1645 0
      vertex -45.9729 9.77185 2
      vertex -45.9729 9.77185 0
    endloop
  endfacet
  facet normal 0.996916 -0.0784756 0
    outer loop
      vertex -46.9356 2.45979 2
      vertex -46.7425 4.91284 0
      vertex -46.7425 4.91284 2
    endloop
  endfacet
  facet normal 0.996916 -0.0784756 0
    outer loop
      vertex -46.7425 4.91284 0
      vertex -46.9356 2.45979 2
      vertex -46.9356 2.45979 0
    endloop
  endfacet
  facet normal 0.608742 -0.793368 0
    outer loop
      vertex -29.5781 36.5259 0
      vertex -27.6259 38.0238 2
      vertex -29.5781 36.5259 2
    endloop
  endfacet
  facet normal 0.608742 -0.793368 0
    outer loop
      vertex -27.6259 38.0238 2
      vertex -29.5781 36.5259 0
      vertex -27.6259 38.0238 0
    endloop
  endfacet
  facet normal 0.43049 -0.902595 0
    outer loop
      vertex -21.3376 41.8773 0
      vertex -19.1166 42.9366 2
      vertex -21.3376 41.8773 2
    endloop
  endfacet
  facet normal 0.43049 -0.902595 0
    outer loop
      vertex -19.1166 42.9366 2
      vertex -21.3376 41.8773 0
      vertex -19.1166 42.9366 0
    endloop
  endfacet
  facet normal 0.382707 -0.92387 0
    outer loop
      vertex -19.1166 42.9366 0
      vertex -16.8433 43.8783 2
      vertex -19.1166 42.9366 2
    endloop
  endfacet
  facet normal 0.382707 -0.92387 0
    outer loop
      vertex -16.8433 43.8783 2
      vertex -19.1166 42.9366 0
      vertex -16.8433 43.8783 0
    endloop
  endfacet
  facet normal 0.477163 -0.878815 0
    outer loop
      vertex -23.5 40.7032 0
      vertex -21.3376 41.8773 2
      vertex -23.5 40.7032 2
    endloop
  endfacet
  facet normal 0.477163 -0.878815 0
    outer loop
      vertex -21.3376 41.8773 2
      vertex -23.5 40.7032 0
      vertex -21.3376 41.8773 0
    endloop
  endfacet
  facet normal 0.566396 -0.824133 0
    outer loop
      vertex -27.6259 38.0238 0
      vertex -25.598 39.4175 2
      vertex -27.6259 38.0238 2
    endloop
  endfacet
  facet normal 0.566396 -0.824133 0
    outer loop
      vertex -25.598 39.4175 2
      vertex -27.6259 38.0238 0
      vertex -25.598 39.4175 0
    endloop
  endfacet
  facet normal 0.649475 -0.760383 0
    outer loop
      vertex -31.4491 34.9278 0
      vertex -29.5781 36.5259 2
      vertex -31.4491 34.9278 2
    endloop
  endfacet
  facet normal 0.649475 -0.760383 0
    outer loop
      vertex -29.5781 36.5259 2
      vertex -31.4491 34.9278 0
      vertex -29.5781 36.5259 0
    endloop
  endfacet
  facet normal 0.233436 -0.972372 0
    outer loop
      vertex -12.1645 45.3985 0
      vertex -9.77185 45.9729 2
      vertex -12.1645 45.3985 2
    endloop
  endfacet
  facet normal 0.233436 -0.972372 0
    outer loop
      vertex -9.77185 45.9729 2
      vertex -12.1645 45.3985 0
      vertex -9.77185 45.9729 0
    endloop
  endfacet
  facet normal 0.182269 -0.983249 0
    outer loop
      vertex -9.77185 45.9729 0
      vertex -7.35242 46.4214 2
      vertex -9.77185 45.9729 2
    endloop
  endfacet
  facet normal 0.182269 -0.983249 0
    outer loop
      vertex -7.35242 46.4214 2
      vertex -9.77185 45.9729 0
      vertex -7.35242 46.4214 0
    endloop
  endfacet
  facet normal 0.283994 -0.958826 0
    outer loop
      vertex -14.5238 44.6997 0
      vertex -12.1645 45.3985 2
      vertex -14.5238 44.6997 2
    endloop
  endfacet
  facet normal 0.283994 -0.958826 0
    outer loop
      vertex -12.1645 45.3985 2
      vertex -14.5238 44.6997 0
      vertex -12.1645 45.3985 0
    endloop
  endfacet
  facet normal 0.0261721 -0.999657 0
    outer loop
      vertex -2.45979 46.9356 0
      vertex 0 47 2
      vertex -2.45979 46.9356 2
    endloop
  endfacet
  facet normal 0.0261721 -0.999657 0
    outer loop
      vertex 0 47 2
      vertex -2.45979 46.9356 0
      vertex 0 47 0
    endloop
  endfacet
  facet normal -0.0261721 0.999657 0
    outer loop
      vertex 2.45979 -46.9356 0
      vertex 0 -47 2
      vertex 2.45979 -46.9356 2
    endloop
  endfacet
  facet normal -0.0261721 0.999657 0
    outer loop
      vertex 0 -47 2
      vertex 2.45979 -46.9356 0
      vertex 0 -47 0
    endloop
  endfacet
  facet normal -0.130496 0.991449 0
    outer loop
      vertex 7.35242 -46.4214 0
      vertex 4.91284 -46.7425 2
      vertex 7.35242 -46.4214 2
    endloop
  endfacet
  facet normal -0.130496 0.991449 0
    outer loop
      vertex 4.91284 -46.7425 2
      vertex 7.35242 -46.4214 0
      vertex 4.91284 -46.7425 0
    endloop
  endfacet
  facet normal -0.283994 0.958826 0
    outer loop
      vertex 14.5238 -44.6997 0
      vertex 12.1645 -45.3985 2
      vertex 14.5238 -44.6997 2
    endloop
  endfacet
  facet normal -0.283994 0.958826 0
    outer loop
      vertex 12.1645 -45.3985 2
      vertex 14.5238 -44.6997 0
      vertex 12.1645 -45.3985 0
    endloop
  endfacet
  facet normal -0.182269 0.983249 0
    outer loop
      vertex 9.77185 -45.9729 0
      vertex 7.35242 -46.4214 2
      vertex 9.77185 -45.9729 2
    endloop
  endfacet
  facet normal -0.182269 0.983249 0
    outer loop
      vertex 7.35242 -46.4214 2
      vertex 9.77185 -45.9729 0
      vertex 7.35242 -46.4214 0
    endloop
  endfacet
  facet normal -0.566396 0.824133 0
    outer loop
      vertex 27.6259 -38.0238 0
      vertex 25.598 -39.4175 2
      vertex 27.6259 -38.0238 2
    endloop
  endfacet
  facet normal -0.566396 0.824133 0
    outer loop
      vertex 25.598 -39.4175 2
      vertex 27.6259 -38.0238 0
      vertex 25.598 -39.4175 0
    endloop
  endfacet
  facet normal -0.649475 0.760383 0
    outer loop
      vertex 31.4491 -34.9278 0
      vertex 29.5781 -36.5259 2
      vertex 31.4491 -34.9278 2
    endloop
  endfacet
  facet normal -0.649475 0.760383 0
    outer loop
      vertex 29.5781 -36.5259 2
      vertex 31.4491 -34.9278 0
      vertex 29.5781 -36.5259 0
    endloop
  endfacet
  facet normal -0.477163 0.878815 0
    outer loop
      vertex 23.5 -40.7032 0
      vertex 21.3376 -41.8773 2
      vertex 23.5 -40.7032 2
    endloop
  endfacet
  facet normal -0.477163 0.878815 0
    outer loop
      vertex 21.3376 -41.8773 2
      vertex 23.5 -40.7032 0
      vertex 21.3376 -41.8773 0
    endloop
  endfacet
  facet normal -0.382707 0.92387 0
    outer loop
      vertex 19.1166 -42.9366 0
      vertex 16.8433 -43.8783 2
      vertex 19.1166 -42.9366 2
    endloop
  endfacet
  facet normal -0.382707 0.92387 0
    outer loop
      vertex 16.8433 -43.8783 2
      vertex 19.1166 -42.9366 0
      vertex 16.8433 -43.8783 0
    endloop
  endfacet
  facet normal -0.725376 0.688353 0
    outer loop
      vertex 33.234 -33.234 0
      vertex 34.9278 -31.4491 2
      vertex 34.9278 -31.4491 0
    endloop
  endfacet
  facet normal -0.725376 0.688353 0
    outer loop
      vertex 34.9278 -31.4491 2
      vertex 33.234 -33.234 0
      vertex 33.234 -33.234 2
    endloop
  endfacet
  facet normal -0.793368 0.608742 0
    outer loop
      vertex 36.5259 -29.5781 0
      vertex 38.0238 -27.6259 2
      vertex 38.0238 -27.6259 0
    endloop
  endfacet
  facet normal -0.793368 0.608742 0
    outer loop
      vertex 38.0238 -27.6259 2
      vertex 36.5259 -29.5781 0
      vertex 36.5259 -29.5781 2
    endloop
  endfacet
  facet normal -0.902595 0.43049 0
    outer loop
      vertex 41.8773 -21.3376 0
      vertex 42.9366 -19.1166 2
      vertex 42.9366 -19.1166 0
    endloop
  endfacet
  facet normal -0.902595 0.43049 0
    outer loop
      vertex 42.9366 -19.1166 2
      vertex 41.8773 -21.3376 0
      vertex 41.8773 -21.3376 2
    endloop
  endfacet
  facet normal -0.852632 0.522512 0
    outer loop
      vertex 39.4175 -25.598 0
      vertex 40.7032 -23.5 2
      vertex 40.7032 -23.5 0
    endloop
  endfacet
  facet normal -0.852632 0.522512 0
    outer loop
      vertex 40.7032 -23.5 2
      vertex 39.4175 -25.598 0
      vertex 39.4175 -25.598 2
    endloop
  endfacet
  facet normal -0.942639 0.333815 0
    outer loop
      vertex 43.8783 -16.8433 0
      vertex 44.6997 -14.5238 2
      vertex 44.6997 -14.5238 0
    endloop
  endfacet
  facet normal -0.942639 0.333815 0
    outer loop
      vertex 44.6997 -14.5238 2
      vertex 43.8783 -16.8433 0
      vertex 43.8783 -16.8433 2
    endloop
  endfacet
  facet normal -0.972372 0.233436 0
    outer loop
      vertex 45.3985 -12.1645 0
      vertex 45.9729 -9.77185 2
      vertex 45.9729 -9.77185 0
    endloop
  endfacet
  facet normal -0.972372 0.233436 0
    outer loop
      vertex 45.9729 -9.77185 2
      vertex 45.3985 -12.1645 0
      vertex 45.3985 -12.1645 2
    endloop
  endfacet
  facet normal 0.688353 0.725376 -0
    outer loop
      vertex -31.4491 -34.9278 0
      vertex -33.234 -33.234 2
      vertex -31.4491 -34.9278 2
    endloop
  endfacet
  facet normal 0.688353 0.725376 0
    outer loop
      vertex -33.234 -33.234 2
      vertex -31.4491 -34.9278 0
      vertex -33.234 -33.234 0
    endloop
  endfacet
  facet normal 0.608742 0.793368 -0
    outer loop
      vertex -27.6259 -38.0238 0
      vertex -29.5781 -36.5259 2
      vertex -27.6259 -38.0238 2
    endloop
  endfacet
  facet normal 0.608742 0.793368 0
    outer loop
      vertex -29.5781 -36.5259 2
      vertex -27.6259 -38.0238 0
      vertex -29.5781 -36.5259 0
    endloop
  endfacet
  facet normal 0.43049 0.902595 -0
    outer loop
      vertex -19.1166 -42.9366 0
      vertex -21.3376 -41.8773 2
      vertex -19.1166 -42.9366 2
    endloop
  endfacet
  facet normal 0.43049 0.902595 0
    outer loop
      vertex -21.3376 -41.8773 2
      vertex -19.1166 -42.9366 0
      vertex -21.3376 -41.8773 0
    endloop
  endfacet
  facet normal 0.522512 0.852632 -0
    outer loop
      vertex -23.5 -40.7032 0
      vertex -25.598 -39.4175 2
      vertex -23.5 -40.7032 2
    endloop
  endfacet
  facet normal 0.522512 0.852632 0
    outer loop
      vertex -25.598 -39.4175 2
      vertex -23.5 -40.7032 0
      vertex -25.598 -39.4175 0
    endloop
  endfacet
  facet normal 0.333815 0.942639 -0
    outer loop
      vertex -14.5238 -44.6997 0
      vertex -16.8433 -43.8783 2
      vertex -14.5238 -44.6997 2
    endloop
  endfacet
  facet normal 0.333815 0.942639 0
    outer loop
      vertex -16.8433 -43.8783 2
      vertex -14.5238 -44.6997 0
      vertex -16.8433 -43.8783 0
    endloop
  endfacet
  facet normal 0.233436 0.972372 -0
    outer loop
      vertex -9.77185 -45.9729 0
      vertex -12.1645 -45.3985 2
      vertex -9.77185 -45.9729 2
    endloop
  endfacet
  facet normal 0.233436 0.972372 0
    outer loop
      vertex -12.1645 -45.3985 2
      vertex -9.77185 -45.9729 0
      vertex -12.1645 -45.3985 0
    endloop
  endfacet
  facet normal 0.0784756 0.996916 -0
    outer loop
      vertex -2.45979 -46.9356 0
      vertex -4.91284 -46.7425 2
      vertex -2.45979 -46.9356 2
    endloop
  endfacet
  facet normal 0.0784756 0.996916 0
    outer loop
      vertex -4.91284 -46.7425 2
      vertex -2.45979 -46.9356 0
      vertex -4.91284 -46.7425 0
    endloop
  endfacet
  facet normal 0.92387 0.382707 0
    outer loop
      vertex -42.9366 -19.1166 2
      vertex -43.8783 -16.8433 0
      vertex -43.8783 -16.8433 2
    endloop
  endfacet
  facet normal 0.92387 0.382707 0
    outer loop
      vertex -43.8783 -16.8433 0
      vertex -42.9366 -19.1166 2
      vertex -42.9366 -19.1166 0
    endloop
  endfacet
  facet normal 0.878815 0.477163 0
    outer loop
      vertex -40.7032 -23.5 2
      vertex -41.8773 -21.3376 0
      vertex -41.8773 -21.3376 2
    endloop
  endfacet
  facet normal 0.878815 0.477163 0
    outer loop
      vertex -41.8773 -21.3376 0
      vertex -40.7032 -23.5 2
      vertex -40.7032 -23.5 0
    endloop
  endfacet
  facet normal 0.793368 0.608742 0
    outer loop
      vertex -36.5259 -29.5781 2
      vertex -38.0238 -27.6259 0
      vertex -38.0238 -27.6259 2
    endloop
  endfacet
  facet normal 0.793368 0.608742 0
    outer loop
      vertex -38.0238 -27.6259 0
      vertex -36.5259 -29.5781 2
      vertex -36.5259 -29.5781 0
    endloop
  endfacet
  facet normal 0.824133 0.566396 0
    outer loop
      vertex -38.0238 -27.6259 2
      vertex -39.4175 -25.598 0
      vertex -39.4175 -25.598 2
    endloop
  endfacet
  facet normal 0.824133 0.566396 0
    outer loop
      vertex -39.4175 -25.598 0
      vertex -38.0238 -27.6259 2
      vertex -38.0238 -27.6259 0
    endloop
  endfacet
  facet normal 0.760383 0.649475 0
    outer loop
      vertex -34.9278 -31.4491 2
      vertex -36.5259 -29.5781 0
      vertex -36.5259 -29.5781 2
    endloop
  endfacet
  facet normal 0.760383 0.649475 0
    outer loop
      vertex -36.5259 -29.5781 0
      vertex -34.9278 -31.4491 2
      vertex -34.9278 -31.4491 0
    endloop
  endfacet
  facet normal 0.972372 0.233436 0
    outer loop
      vertex -45.3985 -12.1645 2
      vertex -45.9729 -9.77185 0
      vertex -45.9729 -9.77185 2
    endloop
  endfacet
  facet normal 0.972372 0.233436 0
    outer loop
      vertex -45.9729 -9.77185 0
      vertex -45.3985 -12.1645 2
      vertex -45.3985 -12.1645 0
    endloop
  endfacet
  facet normal 0.983249 0.182269 0
    outer loop
      vertex -45.9729 -9.77185 2
      vertex -46.4214 -7.35242 0
      vertex -46.4214 -7.35242 2
    endloop
  endfacet
  facet normal 0.983249 0.182269 0
    outer loop
      vertex -46.4214 -7.35242 0
      vertex -45.9729 -9.77185 2
      vertex -45.9729 -9.77185 0
    endloop
  endfacet
  facet normal 0.958826 0.283994 0
    outer loop
      vertex -44.6997 -14.5238 2
      vertex -45.3985 -12.1645 0
      vertex -45.3985 -12.1645 2
    endloop
  endfacet
  facet normal 0.958826 0.283994 0
    outer loop
      vertex -45.3985 -12.1645 0
      vertex -44.6997 -14.5238 2
      vertex -44.6997 -14.5238 0
    endloop
  endfacet
  facet normal 0.991449 0.130496 0
    outer loop
      vertex -46.4214 -7.35242 2
      vertex -46.7425 -4.91284 0
      vertex -46.7425 -4.91284 2
    endloop
  endfacet
  facet normal 0.991449 0.130496 0
    outer loop
      vertex -46.7425 -4.91284 0
      vertex -46.4214 -7.35242 2
      vertex -46.4214 -7.35242 0
    endloop
  endfacet
  facet normal 0.999657 0.0261721 0
    outer loop
      vertex -46.9356 -2.45979 2
      vertex -47 0 0
      vertex -47 0 2
    endloop
  endfacet
  facet normal 0.999657 0.0261721 0
    outer loop
      vertex -47 0 0
      vertex -46.9356 -2.45979 2
      vertex -46.9356 -2.45979 0
    endloop
  endfacet
  facet normal -0.0784756 0.996916 0
    outer loop
      vertex 4.91284 -46.7425 0
      vertex 2.45979 -46.9356 2
      vertex 4.91284 -46.7425 2
    endloop
  endfacet
  facet normal -0.0784756 0.996916 0
    outer loop
      vertex 2.45979 -46.9356 2
      vertex 4.91284 -46.7425 0
      vertex 2.45979 -46.9356 0
    endloop
  endfacet
  facet normal -0.333815 0.942639 0
    outer loop
      vertex 16.8433 -43.8783 0
      vertex 14.5238 -44.6997 2
      vertex 16.8433 -43.8783 2
    endloop
  endfacet
  facet normal -0.333815 0.942639 0
    outer loop
      vertex 14.5238 -44.6997 2
      vertex 16.8433 -43.8783 0
      vertex 14.5238 -44.6997 0
    endloop
  endfacet
  facet normal -0.233436 0.972372 0
    outer loop
      vertex 12.1645 -45.3985 0
      vertex 9.77185 -45.9729 2
      vertex 12.1645 -45.3985 2
    endloop
  endfacet
  facet normal -0.233436 0.972372 0
    outer loop
      vertex 9.77185 -45.9729 2
      vertex 12.1645 -45.3985 0
      vertex 9.77185 -45.9729 0
    endloop
  endfacet
  facet normal -0.608742 0.793368 0
    outer loop
      vertex 29.5781 -36.5259 0
      vertex 27.6259 -38.0238 2
      vertex 29.5781 -36.5259 2
    endloop
  endfacet
  facet normal -0.608742 0.793368 0
    outer loop
      vertex 27.6259 -38.0238 2
      vertex 29.5781 -36.5259 0
      vertex 27.6259 -38.0238 0
    endloop
  endfacet
  facet normal -0.688353 0.725376 0
    outer loop
      vertex 33.234 -33.234 0
      vertex 31.4491 -34.9278 2
      vertex 33.234 -33.234 2
    endloop
  endfacet
  facet normal -0.688353 0.725376 0
    outer loop
      vertex 31.4491 -34.9278 2
      vertex 33.234 -33.234 0
      vertex 31.4491 -34.9278 0
    endloop
  endfacet
  facet normal -0.43049 0.902595 0
    outer loop
      vertex 21.3376 -41.8773 0
      vertex 19.1166 -42.9366 2
      vertex 21.3376 -41.8773 2
    endloop
  endfacet
  facet normal -0.43049 0.902595 0
    outer loop
      vertex 19.1166 -42.9366 2
      vertex 21.3376 -41.8773 0
      vertex 19.1166 -42.9366 0
    endloop
  endfacet
  facet normal -0.760383 0.649475 0
    outer loop
      vertex 34.9278 -31.4491 0
      vertex 36.5259 -29.5781 2
      vertex 36.5259 -29.5781 0
    endloop
  endfacet
  facet normal -0.760383 0.649475 0
    outer loop
      vertex 36.5259 -29.5781 2
      vertex 34.9278 -31.4491 0
      vertex 34.9278 -31.4491 2
    endloop
  endfacet
  facet normal -0.824133 0.566396 0
    outer loop
      vertex 38.0238 -27.6259 0
      vertex 39.4175 -25.598 2
      vertex 39.4175 -25.598 0
    endloop
  endfacet
  facet normal -0.824133 0.566396 0
    outer loop
      vertex 39.4175 -25.598 2
      vertex 38.0238 -27.6259 0
      vertex 38.0238 -27.6259 2
    endloop
  endfacet
  facet normal -0.92387 0.382707 0
    outer loop
      vertex 42.9366 -19.1166 0
      vertex 43.8783 -16.8433 2
      vertex 43.8783 -16.8433 0
    endloop
  endfacet
  facet normal -0.92387 0.382707 0
    outer loop
      vertex 43.8783 -16.8433 2
      vertex 42.9366 -19.1166 0
      vertex 42.9366 -19.1166 2
    endloop
  endfacet
  facet normal -0.878815 0.477163 0
    outer loop
      vertex 40.7032 -23.5 0
      vertex 41.8773 -21.3376 2
      vertex 41.8773 -21.3376 0
    endloop
  endfacet
  facet normal -0.878815 0.477163 0
    outer loop
      vertex 41.8773 -21.3376 2
      vertex 40.7032 -23.5 0
      vertex 40.7032 -23.5 2
    endloop
  endfacet
  facet normal -0.958826 0.283994 0
    outer loop
      vertex 44.6997 -14.5238 0
      vertex 45.3985 -12.1645 2
      vertex 45.3985 -12.1645 0
    endloop
  endfacet
  facet normal -0.958826 0.283994 0
    outer loop
      vertex 45.3985 -12.1645 2
      vertex 44.6997 -14.5238 0
      vertex 44.6997 -14.5238 2
    endloop
  endfacet
  facet normal -0.996916 0.0784756 0
    outer loop
      vertex 46.7425 -4.91284 0
      vertex 46.9356 -2.45979 2
      vertex 46.9356 -2.45979 0
    endloop
  endfacet
  facet normal -0.996916 0.0784756 0
    outer loop
      vertex 46.9356 -2.45979 2
      vertex 46.7425 -4.91284 0
      vertex 46.7425 -4.91284 2
    endloop
  endfacet
  facet normal -0.999657 0.0261721 0
    outer loop
      vertex 46.9356 -2.45979 0
      vertex 47 0 2
      vertex 47 0 0
    endloop
  endfacet
  facet normal -0.999657 0.0261721 0
    outer loop
      vertex 47 0 2
      vertex 46.9356 -2.45979 0
      vertex 46.9356 -2.45979 2
    endloop
  endfacet
  facet normal 0.649475 0.760383 -0
    outer loop
      vertex -29.5781 -36.5259 0
      vertex -31.4491 -34.9278 2
      vertex -29.5781 -36.5259 2
    endloop
  endfacet
  facet normal 0.649475 0.760383 0
    outer loop
      vertex -31.4491 -34.9278 2
      vertex -29.5781 -36.5259 0
      vertex -31.4491 -34.9278 0
    endloop
  endfacet
  facet normal 0.566396 0.824133 -0
    outer loop
      vertex -25.598 -39.4175 0
      vertex -27.6259 -38.0238 2
      vertex -25.598 -39.4175 2
    endloop
  endfacet
  facet normal 0.566396 0.824133 0
    outer loop
      vertex -27.6259 -38.0238 2
      vertex -25.598 -39.4175 0
      vertex -27.6259 -38.0238 0
    endloop
  endfacet
  facet normal 0.382707 0.92387 -0
    outer loop
      vertex -16.8433 -43.8783 0
      vertex -19.1166 -42.9366 2
      vertex -16.8433 -43.8783 2
    endloop
  endfacet
  facet normal 0.382707 0.92387 0
    outer loop
      vertex -19.1166 -42.9366 2
      vertex -16.8433 -43.8783 0
      vertex -19.1166 -42.9366 0
    endloop
  endfacet
  facet normal 0.477163 0.878815 -0
    outer loop
      vertex -21.3376 -41.8773 0
      vertex -23.5 -40.7032 2
      vertex -21.3376 -41.8773 2
    endloop
  endfacet
  facet normal 0.477163 0.878815 0
    outer loop
      vertex -23.5 -40.7032 2
      vertex -21.3376 -41.8773 0
      vertex -23.5 -40.7032 0
    endloop
  endfacet
  facet normal 0.283994 0.958826 -0
    outer loop
      vertex -12.1645 -45.3985 0
      vertex -14.5238 -44.6997 2
      vertex -12.1645 -45.3985 2
    endloop
  endfacet
  facet normal 0.283994 0.958826 0
    outer loop
      vertex -14.5238 -44.6997 2
      vertex -12.1645 -45.3985 0
      vertex -14.5238 -44.6997 0
    endloop
  endfacet
  facet normal 0.182269 0.983249 -0
    outer loop
      vertex -7.35242 -46.4214 0
      vertex -9.77185 -45.9729 2
      vertex -7.35242 -46.4214 2
    endloop
  endfacet
  facet normal 0.182269 0.983249 0
    outer loop
      vertex -9.77185 -45.9729 2
      vertex -7.35242 -46.4214 0
      vertex -9.77185 -45.9729 0
    endloop
  endfacet
  facet normal 0.902595 0.43049 0
    outer loop
      vertex -41.8773 -21.3376 2
      vertex -42.9366 -19.1166 0
      vertex -42.9366 -19.1166 2
    endloop
  endfacet
  facet normal 0.902595 0.43049 0
    outer loop
      vertex -42.9366 -19.1166 0
      vertex -41.8773 -21.3376 2
      vertex -41.8773 -21.3376 0
    endloop
  endfacet
  facet normal 0.852632 0.522512 0
    outer loop
      vertex -39.4175 -25.598 2
      vertex -40.7032 -23.5 0
      vertex -40.7032 -23.5 2
    endloop
  endfacet
  facet normal 0.852632 0.522512 0
    outer loop
      vertex -40.7032 -23.5 0
      vertex -39.4175 -25.598 2
      vertex -39.4175 -25.598 0
    endloop
  endfacet
  facet normal 0.996916 0.0784756 0
    outer loop
      vertex -46.7425 -4.91284 2
      vertex -46.9356 -2.45979 0
      vertex -46.9356 -2.45979 2
    endloop
  endfacet
  facet normal 0.996916 0.0784756 0
    outer loop
      vertex -46.9356 -2.45979 0
      vertex -46.7425 -4.91284 2
      vertex -46.7425 -4.91284 0
    endloop
  endfacet
endsolid OpenSCAD_Model
