solid OpenSCAD_Model
  facet normal -0.658132 -0.752903 0
    outer loop
      vertex 114.309 161.392 5.99
      vertex 114.452 161.267 16.99
      vertex 114.309 161.392 16.99
    endloop
  endfacet
  facet normal -0.658132 -0.752903 -0
    outer loop
      vertex 114.452 161.267 16.99
      vertex 114.309 161.392 5.99
      vertex 114.452 161.267 5.99
    endloop
  endfacet
  facet normal 0.658132 -0.752903 0
    outer loop
      vertex 112.401 161.267 5.99
      vertex 112.544 161.392 16.99
      vertex 112.401 161.267 16.99
    endloop
  endfacet
  facet normal 0.658132 -0.752903 0
    outer loop
      vertex 112.544 161.392 16.99
      vertex 112.401 161.267 5.99
      vertex 112.544 161.392 5.99
    endloop
  endfacet
  facet normal 0.0682615 -0.997667 0
    outer loop
      vertex 113.237 161.679 5.99
      vertex 113.427 161.692 16.99
      vertex 113.237 161.679 16.99
    endloop
  endfacet
  facet normal 0.0682615 -0.997667 0
    outer loop
      vertex 113.427 161.692 16.99
      vertex 113.237 161.679 5.99
      vertex 113.427 161.692 5.99
    endloop
  endfacet
  facet normal 0.99799 -0.0633645 0
    outer loop
      vertex 111.977 160.242 16.99
      vertex 111.989 160.431 5.99
      vertex 111.989 160.431 16.99
    endloop
  endfacet
  facet normal 0.99799 -0.0633645 0
    outer loop
      vertex 111.989 160.431 5.99
      vertex 111.977 160.242 16.99
      vertex 111.977 160.242 5.99
    endloop
  endfacet
  facet normal 0 0 1
    outer loop
      vertex 114.864 160.431 5.99
      vertex 114.864 160.052 5.99
      vertex 114.877 160.242 5.99
    endloop
  endfacet
  facet normal 0 0 1
    outer loop
      vertex 114.827 160.617 5.99
      vertex 114.864 160.052 5.99
      vertex 114.864 160.431 5.99
    endloop
  endfacet
  facet normal 0 0 1
    outer loop
      vertex 114.827 160.617 5.99
      vertex 114.827 159.866 5.99
      vertex 114.864 160.052 5.99
    endloop
  endfacet
  facet normal 0 0 1
    outer loop
      vertex 114.766 160.797 5.99
      vertex 114.827 159.866 5.99
      vertex 114.827 160.617 5.99
    endloop
  endfacet
  facet normal 0 0 1
    outer loop
      vertex 114.766 160.797 5.99
      vertex 114.766 159.687 5.99
      vertex 114.827 159.866 5.99
    endloop
  endfacet
  facet normal 0 0 1
    outer loop
      vertex 114.682 160.967 5.99
      vertex 114.766 159.687 5.99
      vertex 114.766 160.797 5.99
    endloop
  endfacet
  facet normal 0 0 1
    outer loop
      vertex 114.682 160.967 5.99
      vertex 114.682 159.517 5.99
      vertex 114.766 159.687 5.99
    endloop
  endfacet
  facet normal 0 0 1
    outer loop
      vertex 114.577 161.124 5.99
      vertex 114.682 159.517 5.99
      vertex 114.682 160.967 5.99
    endloop
  endfacet
  facet normal 0 0 1
    outer loop
      vertex 114.577 161.124 5.99
      vertex 114.577 159.359 5.99
      vertex 114.682 159.517 5.99
    endloop
  endfacet
  facet normal 0 0 1
    outer loop
      vertex 114.452 161.267 5.99
      vertex 114.577 159.359 5.99
      vertex 114.577 161.124 5.99
    endloop
  endfacet
  facet normal 0 0 1
    outer loop
      vertex 114.452 161.267 5.99
      vertex 114.452 159.216 5.99
      vertex 114.577 159.359 5.99
    endloop
  endfacet
  facet normal 0 0 1
    outer loop
      vertex 114.309 161.392 5.99
      vertex 114.452 159.216 5.99
      vertex 114.452 161.267 5.99
    endloop
  endfacet
  facet normal 0 0 1
    outer loop
      vertex 114.309 161.392 5.99
      vertex 114.309 159.091 5.99
      vertex 114.452 159.216 5.99
    endloop
  endfacet
  facet normal 0 0 1
    outer loop
      vertex 114.152 161.497 5.99
      vertex 114.309 159.091 5.99
      vertex 114.309 161.392 5.99
    endloop
  endfacet
  facet normal 0 0 1
    outer loop
      vertex 114.152 161.497 5.99
      vertex 114.152 158.986 5.99
      vertex 114.309 159.091 5.99
    endloop
  endfacet
  facet normal 0 0 1
    outer loop
      vertex 113.982 161.581 5.99
      vertex 114.152 158.986 5.99
      vertex 114.152 161.497 5.99
    endloop
  endfacet
  facet normal 0 0 1
    outer loop
      vertex 113.982 161.581 5.99
      vertex 113.982 158.902 5.99
      vertex 114.152 158.986 5.99
    endloop
  endfacet
  facet normal 0 0 1
    outer loop
      vertex 113.802 161.642 5.99
      vertex 113.982 158.902 5.99
      vertex 113.982 161.581 5.99
    endloop
  endfacet
  facet normal 0 0 1
    outer loop
      vertex 113.802 161.642 5.99
      vertex 113.802 158.841 5.99
      vertex 113.982 158.902 5.99
    endloop
  endfacet
  facet normal 0 0 1
    outer loop
      vertex 113.616 161.679 5.99
      vertex 113.802 158.841 5.99
      vertex 113.802 161.642 5.99
    endloop
  endfacet
  facet normal 0 0 1
    outer loop
      vertex 113.616 161.679 5.99
      vertex 113.616 158.804 5.99
      vertex 113.802 158.841 5.99
    endloop
  endfacet
  facet normal 0 0 1
    outer loop
      vertex 113.427 161.692 5.99
      vertex 113.616 158.804 5.99
      vertex 113.616 161.679 5.99
    endloop
  endfacet
  facet normal 0 0 1
    outer loop
      vertex 113.427 161.692 5.99
      vertex 113.427 158.792 5.99
      vertex 113.616 158.804 5.99
    endloop
  endfacet
  facet normal -0 0 1
    outer loop
      vertex 113.237 161.679 5.99
      vertex 113.427 158.792 5.99
      vertex 113.427 161.692 5.99
    endloop
  endfacet
  facet normal 0 0 1
    outer loop
      vertex 113.237 161.679 5.99
      vertex 113.237 158.804 5.99
      vertex 113.427 158.792 5.99
    endloop
  endfacet
  facet normal -0 0 1
    outer loop
      vertex 113.051 161.642 5.99
      vertex 113.237 158.804 5.99
      vertex 113.237 161.679 5.99
    endloop
  endfacet
  facet normal 0 0 1
    outer loop
      vertex 113.051 161.642 5.99
      vertex 113.051 158.841 5.99
      vertex 113.237 158.804 5.99
    endloop
  endfacet
  facet normal -0 0 1
    outer loop
      vertex 112.872 161.581 5.99
      vertex 113.051 158.841 5.99
      vertex 113.051 161.642 5.99
    endloop
  endfacet
  facet normal 0 0 1
    outer loop
      vertex 112.872 161.581 5.99
      vertex 112.872 158.902 5.99
      vertex 113.051 158.841 5.99
    endloop
  endfacet
  facet normal -0 0 1
    outer loop
      vertex 112.702 161.497 5.99
      vertex 112.872 158.902 5.99
      vertex 112.872 161.581 5.99
    endloop
  endfacet
  facet normal 0 0 1
    outer loop
      vertex 112.702 161.497 5.99
      vertex 112.702 158.986 5.99
      vertex 112.872 158.902 5.99
    endloop
  endfacet
  facet normal -0 0 1
    outer loop
      vertex 112.544 161.392 5.99
      vertex 112.702 158.986 5.99
      vertex 112.702 161.497 5.99
    endloop
  endfacet
  facet normal 0 0 1
    outer loop
      vertex 112.544 161.392 5.99
      vertex 112.544 159.091 5.99
      vertex 112.702 158.986 5.99
    endloop
  endfacet
  facet normal -0 0 1
    outer loop
      vertex 112.401 161.267 5.99
      vertex 112.544 159.091 5.99
      vertex 112.544 161.392 5.99
    endloop
  endfacet
  facet normal 0 0 1
    outer loop
      vertex 112.401 161.267 5.99
      vertex 112.401 159.216 5.99
      vertex 112.544 159.091 5.99
    endloop
  endfacet
  facet normal -0 0 1
    outer loop
      vertex 112.276 161.124 5.99
      vertex 112.401 159.216 5.99
      vertex 112.401 161.267 5.99
    endloop
  endfacet
  facet normal 0 0 1
    outer loop
      vertex 112.276 161.124 5.99
      vertex 112.276 159.359 5.99
      vertex 112.401 159.216 5.99
    endloop
  endfacet
  facet normal -0 0 1
    outer loop
      vertex 112.171 160.967 5.99
      vertex 112.276 159.359 5.99
      vertex 112.276 161.124 5.99
    endloop
  endfacet
  facet normal 0 0 1
    outer loop
      vertex 112.171 160.967 5.99
      vertex 112.171 159.517 5.99
      vertex 112.276 159.359 5.99
    endloop
  endfacet
  facet normal -0 0 1
    outer loop
      vertex 112.087 160.797 5.99
      vertex 112.171 159.517 5.99
      vertex 112.171 160.967 5.99
    endloop
  endfacet
  facet normal 0 0 1
    outer loop
      vertex 112.087 160.797 5.99
      vertex 112.087 159.687 5.99
      vertex 112.171 159.517 5.99
    endloop
  endfacet
  facet normal -0 0 1
    outer loop
      vertex 112.026 160.617 5.99
      vertex 112.087 159.687 5.99
      vertex 112.087 160.797 5.99
    endloop
  endfacet
  facet normal 0 0 1
    outer loop
      vertex 112.026 160.617 5.99
      vertex 112.026 159.866 5.99
      vertex 112.087 159.687 5.99
    endloop
  endfacet
  facet normal -0 0 1
    outer loop
      vertex 111.989 160.431 5.99
      vertex 112.026 159.866 5.99
      vertex 112.026 160.617 5.99
    endloop
  endfacet
  facet normal 0 0 1
    outer loop
      vertex 111.989 160.431 5.99
      vertex 111.989 160.052 5.99
      vertex 112.026 159.866 5.99
    endloop
  endfacet
  facet normal 0 -0 1
    outer loop
      vertex 111.989 160.052 5.99
      vertex 111.989 160.431 5.99
      vertex 111.977 160.242 5.99
    endloop
  endfacet
  facet normal 0.896527 -0.44299 0
    outer loop
      vertex 112.087 160.797 16.99
      vertex 112.171 160.967 5.99
      vertex 112.171 160.967 16.99
    endloop
  endfacet
  facet normal 0.896527 -0.44299 0
    outer loop
      vertex 112.171 160.967 5.99
      vertex 112.087 160.797 16.99
      vertex 112.087 160.797 5.99
    endloop
  endfacet
  facet normal -0.997643 -0.0686209 0
    outer loop
      vertex 114.877 160.242 5.99
      vertex 114.864 160.431 16.99
      vertex 114.864 160.431 5.99
    endloop
  endfacet
  facet normal -0.997643 -0.0686209 0
    outer loop
      vertex 114.864 160.431 16.99
      vertex 114.877 160.242 5.99
      vertex 114.877 160.242 16.99
    endloop
  endfacet
  facet normal -0.320959 -0.947093 0
    outer loop
      vertex 113.802 161.642 5.99
      vertex 113.982 161.581 16.99
      vertex 113.802 161.642 16.99
    endloop
  endfacet
  facet normal -0.320959 -0.947093 -0
    outer loop
      vertex 113.982 161.581 16.99
      vertex 113.802 161.642 5.99
      vertex 113.982 161.581 5.99
    endloop
  endfacet
  facet normal -0.555921 -0.831235 0
    outer loop
      vertex 114.152 161.497 5.99
      vertex 114.309 161.392 16.99
      vertex 114.152 161.497 16.99
    endloop
  endfacet
  facet normal -0.555921 -0.831235 -0
    outer loop
      vertex 114.309 161.392 16.99
      vertex 114.152 161.497 5.99
      vertex 114.309 161.392 5.99
    endloop
  endfacet
  facet normal -0.195102 -0.980783 0
    outer loop
      vertex 113.616 161.679 5.99
      vertex 113.802 161.642 16.99
      vertex 113.616 161.679 16.99
    endloop
  endfacet
  facet normal -0.195102 -0.980783 -0
    outer loop
      vertex 113.802 161.642 16.99
      vertex 113.616 161.679 5.99
      vertex 113.802 161.642 5.99
    endloop
  endfacet
  facet normal 0.44299 -0.896527 0
    outer loop
      vertex 112.702 161.497 5.99
      vertex 112.872 161.581 16.99
      vertex 112.702 161.497 16.99
    endloop
  endfacet
  facet normal 0.44299 -0.896527 0
    outer loop
      vertex 112.872 161.581 16.99
      vertex 112.702 161.497 5.99
      vertex 112.872 161.581 5.99
    endloop
  endfacet
  facet normal 0.553483 -0.83286 0
    outer loop
      vertex 112.544 161.392 5.99
      vertex 112.702 161.497 16.99
      vertex 112.544 161.392 16.99
    endloop
  endfacet
  facet normal 0.553483 -0.83286 0
    outer loop
      vertex 112.702 161.497 16.99
      vertex 112.544 161.392 5.99
      vertex 112.702 161.497 5.99
    endloop
  endfacet
  facet normal 0.195102 -0.980783 0
    outer loop
      vertex 113.051 161.642 5.99
      vertex 113.237 161.679 16.99
      vertex 113.051 161.642 16.99
    endloop
  endfacet
  facet normal 0.195102 -0.980783 0
    outer loop
      vertex 113.237 161.679 16.99
      vertex 113.051 161.642 5.99
      vertex 113.237 161.679 5.99
    endloop
  endfacet
  facet normal 0.998011 0.0630323 0
    outer loop
      vertex 111.989 160.052 16.99
      vertex 111.977 160.242 5.99
      vertex 111.977 160.242 16.99
    endloop
  endfacet
  facet normal 0.998011 0.0630323 0
    outer loop
      vertex 111.977 160.242 5.99
      vertex 111.989 160.052 16.99
      vertex 111.989 160.052 5.99
    endloop
  endfacet
  facet normal 0.831235 -0.555921 0
    outer loop
      vertex 112.171 160.967 16.99
      vertex 112.276 161.124 5.99
      vertex 112.276 161.124 16.99
    endloop
  endfacet
  facet normal 0.831235 -0.555921 0
    outer loop
      vertex 112.276 161.124 5.99
      vertex 112.171 160.967 16.99
      vertex 112.171 160.967 5.99
    endloop
  endfacet
  facet normal -0.980783 0.195102 0
    outer loop
      vertex 114.827 159.866 5.99
      vertex 114.864 160.052 16.99
      vertex 114.864 160.052 5.99
    endloop
  endfacet
  facet normal -0.980783 0.195102 0
    outer loop
      vertex 114.864 160.052 16.99
      vertex 114.827 159.866 5.99
      vertex 114.827 159.866 16.99
    endloop
  endfacet
  facet normal -0.0633645 0.99799 0
    outer loop
      vertex 113.616 158.804 5.99
      vertex 113.427 158.792 16.99
      vertex 113.616 158.804 16.99
    endloop
  endfacet
  facet normal -0.0633645 0.99799 0
    outer loop
      vertex 113.427 158.792 16.99
      vertex 113.616 158.804 5.99
      vertex 113.427 158.792 5.99
    endloop
  endfacet
  facet normal -0.44299 0.896527 0
    outer loop
      vertex 114.152 158.986 5.99
      vertex 113.982 158.902 16.99
      vertex 114.152 158.986 16.99
    endloop
  endfacet
  facet normal -0.44299 0.896527 0
    outer loop
      vertex 113.982 158.902 16.99
      vertex 114.152 158.986 5.99
      vertex 113.982 158.902 5.99
    endloop
  endfacet
  facet normal 0.658132 0.752903 -0
    outer loop
      vertex 112.544 159.091 5.99
      vertex 112.401 159.216 16.99
      vertex 112.544 159.091 16.99
    endloop
  endfacet
  facet normal 0.658132 0.752903 0
    outer loop
      vertex 112.401 159.216 16.99
      vertex 112.544 159.091 5.99
      vertex 112.401 159.216 5.99
    endloop
  endfacet
  facet normal -0.44299 -0.896527 0
    outer loop
      vertex 113.982 161.581 5.99
      vertex 114.152 161.497 16.99
      vertex 113.982 161.581 16.99
    endloop
  endfacet
  facet normal -0.44299 -0.896527 -0
    outer loop
      vertex 114.152 161.497 16.99
      vertex 113.982 161.581 5.99
      vertex 114.152 161.497 5.99
    endloop
  endfacet
  facet normal -0.0686209 -0.997643 0
    outer loop
      vertex 113.427 161.692 5.99
      vertex 113.616 161.679 16.99
      vertex 113.427 161.692 16.99
    endloop
  endfacet
  facet normal -0.0686209 -0.997643 -0
    outer loop
      vertex 113.616 161.679 16.99
      vertex 113.427 161.692 5.99
      vertex 113.616 161.679 5.99
    endloop
  endfacet
  facet normal 0.322566 -0.946547 0
    outer loop
      vertex 112.872 161.581 5.99
      vertex 113.051 161.642 16.99
      vertex 112.872 161.581 16.99
    endloop
  endfacet
  facet normal 0.322566 -0.946547 0
    outer loop
      vertex 113.051 161.642 16.99
      vertex 112.872 161.581 5.99
      vertex 113.051 161.642 5.99
    endloop
  endfacet
  facet normal 0.980783 0.195102 0
    outer loop
      vertex 112.026 159.866 16.99
      vertex 111.989 160.052 5.99
      vertex 111.989 160.052 16.99
    endloop
  endfacet
  facet normal 0.980783 0.195102 0
    outer loop
      vertex 111.989 160.052 5.99
      vertex 112.026 159.866 16.99
      vertex 112.026 159.866 5.99
    endloop
  endfacet
  facet normal 0.896527 0.44299 0
    outer loop
      vertex 112.171 159.517 16.99
      vertex 112.087 159.687 5.99
      vertex 112.087 159.687 16.99
    endloop
  endfacet
  facet normal 0.896527 0.44299 0
    outer loop
      vertex 112.087 159.687 5.99
      vertex 112.171 159.517 16.99
      vertex 112.171 159.517 5.99
    endloop
  endfacet
  facet normal 0.752903 0.658132 0
    outer loop
      vertex 112.401 159.216 16.99
      vertex 112.276 159.359 5.99
      vertex 112.276 159.359 16.99
    endloop
  endfacet
  facet normal 0.752903 0.658132 0
    outer loop
      vertex 112.276 159.359 5.99
      vertex 112.401 159.216 16.99
      vertex 112.401 159.216 5.99
    endloop
  endfacet
  facet normal 0.947093 -0.320959 0
    outer loop
      vertex 112.026 160.617 16.99
      vertex 112.087 160.797 5.99
      vertex 112.087 160.797 16.99
    endloop
  endfacet
  facet normal 0.947093 -0.320959 0
    outer loop
      vertex 112.087 160.797 5.99
      vertex 112.026 160.617 16.99
      vertex 112.026 160.617 5.99
    endloop
  endfacet
  facet normal 0.980783 -0.195102 0
    outer loop
      vertex 111.989 160.431 16.99
      vertex 112.026 160.617 5.99
      vertex 112.026 160.617 16.99
    endloop
  endfacet
  facet normal 0.980783 -0.195102 0
    outer loop
      vertex 112.026 160.617 5.99
      vertex 111.989 160.431 16.99
      vertex 111.989 160.431 5.99
    endloop
  endfacet
  facet normal 0.752903 -0.658132 0
    outer loop
      vertex 112.276 161.124 16.99
      vertex 112.401 161.267 5.99
      vertex 112.401 161.267 16.99
    endloop
  endfacet
  facet normal 0.752903 -0.658132 0
    outer loop
      vertex 112.401 161.267 5.99
      vertex 112.276 161.124 16.99
      vertex 112.276 161.124 5.99
    endloop
  endfacet
  facet normal -0.752903 -0.658132 0
    outer loop
      vertex 114.577 161.124 5.99
      vertex 114.452 161.267 16.99
      vertex 114.452 161.267 5.99
    endloop
  endfacet
  facet normal -0.752903 -0.658132 0
    outer loop
      vertex 114.452 161.267 16.99
      vertex 114.577 161.124 5.99
      vertex 114.577 161.124 16.99
    endloop
  endfacet
  facet normal -0.752903 0.658132 0
    outer loop
      vertex 114.452 159.216 5.99
      vertex 114.577 159.359 16.99
      vertex 114.577 159.359 5.99
    endloop
  endfacet
  facet normal -0.752903 0.658132 0
    outer loop
      vertex 114.577 159.359 16.99
      vertex 114.452 159.216 5.99
      vertex 114.452 159.216 16.99
    endloop
  endfacet
  facet normal -0.896527 0.44299 0
    outer loop
      vertex 114.682 159.517 5.99
      vertex 114.766 159.687 16.99
      vertex 114.766 159.687 5.99
    endloop
  endfacet
  facet normal -0.896527 0.44299 0
    outer loop
      vertex 114.766 159.687 16.99
      vertex 114.682 159.517 5.99
      vertex 114.682 159.517 16.99
    endloop
  endfacet
  facet normal -0.997667 0.0682615 0
    outer loop
      vertex 114.864 160.052 5.99
      vertex 114.877 160.242 16.99
      vertex 114.877 160.242 5.99
    endloop
  endfacet
  facet normal -0.997667 0.0682615 0
    outer loop
      vertex 114.877 160.242 16.99
      vertex 114.864 160.052 5.99
      vertex 114.864 160.052 16.99
    endloop
  endfacet
  facet normal -0.896527 -0.44299 0
    outer loop
      vertex 114.766 160.797 5.99
      vertex 114.682 160.967 16.99
      vertex 114.682 160.967 5.99
    endloop
  endfacet
  facet normal -0.896527 -0.44299 0
    outer loop
      vertex 114.682 160.967 16.99
      vertex 114.766 160.797 5.99
      vertex 114.766 160.797 16.99
    endloop
  endfacet
  facet normal -0.980783 -0.195102 0
    outer loop
      vertex 114.864 160.431 5.99
      vertex 114.827 160.617 16.99
      vertex 114.827 160.617 5.99
    endloop
  endfacet
  facet normal -0.980783 -0.195102 0
    outer loop
      vertex 114.827 160.617 16.99
      vertex 114.864 160.431 5.99
      vertex 114.864 160.431 16.99
    endloop
  endfacet
  facet normal -0.831235 -0.555921 0
    outer loop
      vertex 114.682 160.967 5.99
      vertex 114.577 161.124 16.99
      vertex 114.577 161.124 5.99
    endloop
  endfacet
  facet normal -0.831235 -0.555921 0
    outer loop
      vertex 114.577 161.124 16.99
      vertex 114.682 160.967 5.99
      vertex 114.682 160.967 16.99
    endloop
  endfacet
  facet normal -0.195102 0.980783 0
    outer loop
      vertex 113.802 158.841 5.99
      vertex 113.616 158.804 16.99
      vertex 113.802 158.841 16.99
    endloop
  endfacet
  facet normal -0.195102 0.980783 0
    outer loop
      vertex 113.616 158.804 16.99
      vertex 113.802 158.841 5.99
      vertex 113.616 158.804 5.99
    endloop
  endfacet
  facet normal -0.555921 0.831235 0
    outer loop
      vertex 114.309 159.091 5.99
      vertex 114.152 158.986 16.99
      vertex 114.309 159.091 16.99
    endloop
  endfacet
  facet normal -0.555921 0.831235 0
    outer loop
      vertex 114.152 158.986 16.99
      vertex 114.309 159.091 5.99
      vertex 114.152 158.986 5.99
    endloop
  endfacet
  facet normal 0.322566 0.946547 -0
    outer loop
      vertex 113.051 158.841 5.99
      vertex 112.872 158.902 16.99
      vertex 113.051 158.841 16.99
    endloop
  endfacet
  facet normal 0.322566 0.946547 0
    outer loop
      vertex 112.872 158.902 16.99
      vertex 113.051 158.841 5.99
      vertex 112.872 158.902 5.99
    endloop
  endfacet
  facet normal 0.0630323 0.998011 -0
    outer loop
      vertex 113.427 158.792 5.99
      vertex 113.237 158.804 16.99
      vertex 113.427 158.792 16.99
    endloop
  endfacet
  facet normal 0.0630323 0.998011 0
    outer loop
      vertex 113.237 158.804 16.99
      vertex 113.427 158.792 5.99
      vertex 113.237 158.804 5.99
    endloop
  endfacet
  facet normal 0.553483 0.83286 -0
    outer loop
      vertex 112.702 158.986 5.99
      vertex 112.544 159.091 16.99
      vertex 112.702 158.986 16.99
    endloop
  endfacet
  facet normal 0.553483 0.83286 0
    outer loop
      vertex 112.544 159.091 16.99
      vertex 112.702 158.986 5.99
      vertex 112.544 159.091 5.99
    endloop
  endfacet
  facet normal 0.946547 0.322566 0
    outer loop
      vertex 112.087 159.687 16.99
      vertex 112.026 159.866 5.99
      vertex 112.026 159.866 16.99
    endloop
  endfacet
  facet normal 0.946547 0.322566 0
    outer loop
      vertex 112.026 159.866 5.99
      vertex 112.087 159.687 16.99
      vertex 112.087 159.687 5.99
    endloop
  endfacet
  facet normal 0.83286 0.553483 0
    outer loop
      vertex 112.276 159.359 16.99
      vertex 112.171 159.517 5.99
      vertex 112.171 159.517 16.99
    endloop
  endfacet
  facet normal 0.83286 0.553483 0
    outer loop
      vertex 112.171 159.517 5.99
      vertex 112.276 159.359 16.99
      vertex 112.276 159.359 5.99
    endloop
  endfacet
  facet normal -0.83286 0.553483 0
    outer loop
      vertex 114.577 159.359 5.99
      vertex 114.682 159.517 16.99
      vertex 114.682 159.517 5.99
    endloop
  endfacet
  facet normal -0.83286 0.553483 0
    outer loop
      vertex 114.682 159.517 16.99
      vertex 114.577 159.359 5.99
      vertex 114.577 159.359 16.99
    endloop
  endfacet
  facet normal -0.946547 0.322566 0
    outer loop
      vertex 114.766 159.687 5.99
      vertex 114.827 159.866 16.99
      vertex 114.827 159.866 5.99
    endloop
  endfacet
  facet normal -0.946547 0.322566 0
    outer loop
      vertex 114.827 159.866 16.99
      vertex 114.766 159.687 5.99
      vertex 114.766 159.687 16.99
    endloop
  endfacet
  facet normal -0.947093 -0.320959 0
    outer loop
      vertex 114.827 160.617 5.99
      vertex 114.766 160.797 16.99
      vertex 114.766 160.797 5.99
    endloop
  endfacet
  facet normal -0.947093 -0.320959 0
    outer loop
      vertex 114.766 160.797 16.99
      vertex 114.827 160.617 5.99
      vertex 114.827 160.617 16.99
    endloop
  endfacet
  facet normal -0.320959 0.947093 0
    outer loop
      vertex 113.982 158.902 5.99
      vertex 113.802 158.841 16.99
      vertex 113.982 158.902 16.99
    endloop
  endfacet
  facet normal -0.320959 0.947093 0
    outer loop
      vertex 113.802 158.841 16.99
      vertex 113.982 158.902 5.99
      vertex 113.802 158.841 5.99
    endloop
  endfacet
  facet normal -0.658132 0.752903 0
    outer loop
      vertex 114.452 159.216 5.99
      vertex 114.309 159.091 16.99
      vertex 114.452 159.216 16.99
    endloop
  endfacet
  facet normal -0.658132 0.752903 0
    outer loop
      vertex 114.309 159.091 16.99
      vertex 114.452 159.216 5.99
      vertex 114.309 159.091 5.99
    endloop
  endfacet
  facet normal 0.195102 0.980783 -0
    outer loop
      vertex 113.237 158.804 5.99
      vertex 113.051 158.841 16.99
      vertex 113.237 158.804 16.99
    endloop
  endfacet
  facet normal 0.195102 0.980783 0
    outer loop
      vertex 113.051 158.841 16.99
      vertex 113.237 158.804 5.99
      vertex 113.051 158.841 5.99
    endloop
  endfacet
  facet normal 0.44299 0.896527 -0
    outer loop
      vertex 112.872 158.902 5.99
      vertex 112.702 158.986 16.99
      vertex 112.872 158.902 16.99
    endloop
  endfacet
  facet normal 0.44299 0.896527 0
    outer loop
      vertex 112.702 158.986 16.99
      vertex 112.872 158.902 5.99
      vertex 112.702 158.986 5.99
    endloop
  endfacet
  facet normal 0.752903 -0.658132 0
    outer loop
      vertex 37.323 161.124 16.99
      vertex 37.448 161.267 5.99
      vertex 37.448 161.267 16.99
    endloop
  endfacet
  facet normal 0.752903 -0.658132 0
    outer loop
      vertex 37.448 161.267 5.99
      vertex 37.323 161.124 16.99
      vertex 37.323 161.124 5.99
    endloop
  endfacet
  facet normal -0.752642 -0.65843 0
    outer loop
      vertex 39.6237 161.124 5.99
      vertex 39.4986 161.267 16.99
      vertex 39.4986 161.267 5.99
    endloop
  endfacet
  facet normal -0.752642 -0.65843 0
    outer loop
      vertex 39.4986 161.267 16.99
      vertex 39.6237 161.124 5.99
      vertex 39.6237 161.124 16.99
    endloop
  endfacet
  facet normal -0.997877 0.0651246 0
    outer loop
      vertex 39.9109 160.052 5.99
      vertex 39.9233 160.242 16.99
      vertex 39.9233 160.242 5.99
    endloop
  endfacet
  facet normal -0.997877 0.0651246 0
    outer loop
      vertex 39.9233 160.242 16.99
      vertex 39.9109 160.052 5.99
      vertex 39.9109 160.052 16.99
    endloop
  endfacet
  facet normal 0.997877 0.0651246 0
    outer loop
      vertex 37.0357 160.052 16.99
      vertex 37.0233 160.242 5.99
      vertex 37.0233 160.242 16.99
    endloop
  endfacet
  facet normal 0.997877 0.0651246 0
    outer loop
      vertex 37.0233 160.242 5.99
      vertex 37.0357 160.052 16.99
      vertex 37.0357 160.052 5.99
    endloop
  endfacet
  facet normal 0.0632978 0.997995 -0
    outer loop
      vertex 38.4733 158.792 5.99
      vertex 38.2841 158.804 16.99
      vertex 38.4733 158.792 16.99
    endloop
  endfacet
  facet normal 0.0632978 0.997995 0
    outer loop
      vertex 38.2841 158.804 16.99
      vertex 38.4733 158.792 5.99
      vertex 38.2841 158.804 5.99
    endloop
  endfacet
  facet normal 0.0685487 -0.997648 0
    outer loop
      vertex 38.2841 161.679 5.99
      vertex 38.4733 161.692 16.99
      vertex 38.2841 161.679 16.99
    endloop
  endfacet
  facet normal 0.0685487 -0.997648 0
    outer loop
      vertex 38.4733 161.692 16.99
      vertex 38.2841 161.679 5.99
      vertex 38.4733 161.692 5.99
    endloop
  endfacet
  facet normal 0.947253 -0.320487 0
    outer loop
      vertex 37.0728 160.617 16.99
      vertex 37.1337 160.797 5.99
      vertex 37.1337 160.797 16.99
    endloop
  endfacet
  facet normal 0.947253 -0.320487 0
    outer loop
      vertex 37.1337 160.797 5.99
      vertex 37.0728 160.617 16.99
      vertex 37.0728 160.617 5.99
    endloop
  endfacet
  facet normal 0.830256 -0.557382 0
    outer loop
      vertex 37.2176 160.967 16.99
      vertex 37.323 161.124 5.99
      vertex 37.323 161.124 16.99
    endloop
  endfacet
  facet normal 0.830256 -0.557382 0
    outer loop
      vertex 37.323 161.124 5.99
      vertex 37.2176 160.967 16.99
      vertex 37.2176 160.967 5.99
    endloop
  endfacet
  facet normal 0.980682 -0.195609 0
    outer loop
      vertex 37.0357 160.431 16.99
      vertex 37.0728 160.617 5.99
      vertex 37.0728 160.617 16.99
    endloop
  endfacet
  facet normal 0.980682 -0.195609 0
    outer loop
      vertex 37.0728 160.617 5.99
      vertex 37.0357 160.431 16.99
      vertex 37.0357 160.431 5.99
    endloop
  endfacet
  facet normal 0.896736 0.442566 0
    outer loop
      vertex 37.2176 159.517 16.99
      vertex 37.1337 159.687 5.99
      vertex 37.1337 159.687 16.99
    endloop
  endfacet
  facet normal 0.896736 0.442566 0
    outer loop
      vertex 37.1337 159.687 5.99
      vertex 37.2176 159.517 16.99
      vertex 37.2176 159.517 5.99
    endloop
  endfacet
  facet normal 0.831888 0.554943 0
    outer loop
      vertex 37.323 159.359 16.99
      vertex 37.2176 159.517 5.99
      vertex 37.2176 159.517 16.99
    endloop
  endfacet
  facet normal 0.831888 0.554943 0
    outer loop
      vertex 37.2176 159.517 5.99
      vertex 37.323 159.359 16.99
      vertex 37.323 159.359 5.99
    endloop
  endfacet
  facet normal 0.980682 0.195609 0
    outer loop
      vertex 37.0728 159.866 16.99
      vertex 37.0357 160.052 5.99
      vertex 37.0357 160.052 16.99
    endloop
  endfacet
  facet normal 0.980682 0.195609 0
    outer loop
      vertex 37.0357 160.052 5.99
      vertex 37.0728 159.866 16.99
      vertex 37.0728 159.866 5.99
    endloop
  endfacet
  facet normal -0.0632645 0.997997 0
    outer loop
      vertex 38.6626 158.804 5.99
      vertex 38.4733 158.792 16.99
      vertex 38.6626 158.804 16.99
    endloop
  endfacet
  facet normal -0.0632645 0.997997 0
    outer loop
      vertex 38.4733 158.792 16.99
      vertex 38.6626 158.804 5.99
      vertex 38.4733 158.792 5.99
    endloop
  endfacet
  facet normal -0.3216 -0.946876 0
    outer loop
      vertex 38.8486 161.642 5.99
      vertex 39.0282 161.581 16.99
      vertex 38.8486 161.642 16.99
    endloop
  endfacet
  facet normal -0.3216 -0.946876 -0
    outer loop
      vertex 39.0282 161.581 16.99
      vertex 38.8486 161.642 5.99
      vertex 39.0282 161.581 5.99
    endloop
  endfacet
  facet normal -0.195102 -0.980783 0
    outer loop
      vertex 38.6626 161.679 5.99
      vertex 38.8486 161.642 16.99
      vertex 38.6626 161.679 16.99
    endloop
  endfacet
  facet normal -0.195102 -0.980783 -0
    outer loop
      vertex 38.8486 161.642 16.99
      vertex 38.6626 161.679 5.99
      vertex 38.8486 161.642 5.99
    endloop
  endfacet
  facet normal -0.947253 -0.320487 0
    outer loop
      vertex 39.8739 160.617 5.99
      vertex 39.813 160.797 16.99
      vertex 39.813 160.797 5.99
    endloop
  endfacet
  facet normal -0.947253 -0.320487 0
    outer loop
      vertex 39.813 160.797 16.99
      vertex 39.8739 160.617 5.99
      vertex 39.8739 160.617 16.99
    endloop
  endfacet
  facet normal -0.997855 -0.0654677 0
    outer loop
      vertex 39.9233 160.242 5.99
      vertex 39.9109 160.431 16.99
      vertex 39.9109 160.431 5.99
    endloop
  endfacet
  facet normal -0.997855 -0.0654677 0
    outer loop
      vertex 39.9109 160.431 16.99
      vertex 39.9233 160.242 5.99
      vertex 39.9233 160.242 16.99
    endloop
  endfacet
  facet normal -0.896736 -0.442566 0
    outer loop
      vertex 39.813 160.797 5.99
      vertex 39.7291 160.967 16.99
      vertex 39.7291 160.967 5.99
    endloop
  endfacet
  facet normal -0.896736 -0.442566 0
    outer loop
      vertex 39.7291 160.967 16.99
      vertex 39.813 160.797 5.99
      vertex 39.813 160.797 16.99
    endloop
  endfacet
  facet normal -0.752642 0.65843 0
    outer loop
      vertex 39.4986 159.216 5.99
      vertex 39.6237 159.359 16.99
      vertex 39.6237 159.359 5.99
    endloop
  endfacet
  facet normal -0.752642 0.65843 0
    outer loop
      vertex 39.6237 159.359 16.99
      vertex 39.4986 159.216 5.99
      vertex 39.4986 159.216 16.99
    endloop
  endfacet
  facet normal 0.896736 -0.442566 0
    outer loop
      vertex 37.1337 160.797 16.99
      vertex 37.2176 160.967 5.99
      vertex 37.2176 160.967 16.99
    endloop
  endfacet
  facet normal 0.896736 -0.442566 0
    outer loop
      vertex 37.2176 160.967 5.99
      vertex 37.1337 160.797 16.99
      vertex 37.1337 160.797 5.99
    endloop
  endfacet
  facet normal 0 0 1
    outer loop
      vertex 39.9109 160.431 5.99
      vertex 39.9109 160.052 5.99
      vertex 39.9233 160.242 5.99
    endloop
  endfacet
  facet normal 0 0 1
    outer loop
      vertex 39.8739 160.617 5.99
      vertex 39.9109 160.052 5.99
      vertex 39.9109 160.431 5.99
    endloop
  endfacet
  facet normal 0 0 1
    outer loop
      vertex 39.8739 160.617 5.99
      vertex 39.8739 159.866 5.99
      vertex 39.9109 160.052 5.99
    endloop
  endfacet
  facet normal 0 0 1
    outer loop
      vertex 39.813 160.797 5.99
      vertex 39.8739 159.866 5.99
      vertex 39.8739 160.617 5.99
    endloop
  endfacet
  facet normal 0 0 1
    outer loop
      vertex 39.813 160.797 5.99
      vertex 39.813 159.687 5.99
      vertex 39.8739 159.866 5.99
    endloop
  endfacet
  facet normal 0 0 1
    outer loop
      vertex 39.7291 160.967 5.99
      vertex 39.813 159.687 5.99
      vertex 39.813 160.797 5.99
    endloop
  endfacet
  facet normal 0 0 1
    outer loop
      vertex 39.7291 160.967 5.99
      vertex 39.7291 159.517 5.99
      vertex 39.813 159.687 5.99
    endloop
  endfacet
  facet normal 0 0 1
    outer loop
      vertex 39.6237 161.124 5.99
      vertex 39.7291 159.517 5.99
      vertex 39.7291 160.967 5.99
    endloop
  endfacet
  facet normal 0 0 1
    outer loop
      vertex 39.6237 161.124 5.99
      vertex 39.6237 159.359 5.99
      vertex 39.7291 159.517 5.99
    endloop
  endfacet
  facet normal 0 0 1
    outer loop
      vertex 39.4986 161.267 5.99
      vertex 39.6237 159.359 5.99
      vertex 39.6237 161.124 5.99
    endloop
  endfacet
  facet normal 0 0 1
    outer loop
      vertex 39.4986 161.267 5.99
      vertex 39.4986 159.216 5.99
      vertex 39.6237 159.359 5.99
    endloop
  endfacet
  facet normal 0 0 1
    outer loop
      vertex 39.356 161.392 5.99
      vertex 39.4986 159.216 5.99
      vertex 39.4986 161.267 5.99
    endloop
  endfacet
  facet normal 0 0 1
    outer loop
      vertex 39.356 161.392 5.99
      vertex 39.356 159.091 5.99
      vertex 39.4986 159.216 5.99
    endloop
  endfacet
  facet normal 0 0 1
    outer loop
      vertex 39.1983 161.497 5.99
      vertex 39.356 159.091 5.99
      vertex 39.356 161.392 5.99
    endloop
  endfacet
  facet normal 0 0 1
    outer loop
      vertex 39.1983 161.497 5.99
      vertex 39.1983 158.986 5.99
      vertex 39.356 159.091 5.99
    endloop
  endfacet
  facet normal 0 0 1
    outer loop
      vertex 39.0282 161.581 5.99
      vertex 39.1983 158.986 5.99
      vertex 39.1983 161.497 5.99
    endloop
  endfacet
  facet normal 0 0 1
    outer loop
      vertex 39.0282 161.581 5.99
      vertex 39.0282 158.902 5.99
      vertex 39.1983 158.986 5.99
    endloop
  endfacet
  facet normal 0 0 1
    outer loop
      vertex 38.8486 161.642 5.99
      vertex 39.0282 158.902 5.99
      vertex 39.0282 161.581 5.99
    endloop
  endfacet
  facet normal 0 0 1
    outer loop
      vertex 38.8486 161.642 5.99
      vertex 38.8486 158.841 5.99
      vertex 39.0282 158.902 5.99
    endloop
  endfacet
  facet normal 0 0 1
    outer loop
      vertex 38.6626 161.679 5.99
      vertex 38.8486 158.841 5.99
      vertex 38.8486 161.642 5.99
    endloop
  endfacet
  facet normal 0 0 1
    outer loop
      vertex 38.6626 161.679 5.99
      vertex 38.6626 158.804 5.99
      vertex 38.8486 158.841 5.99
    endloop
  endfacet
  facet normal 0 0 1
    outer loop
      vertex 38.4733 161.692 5.99
      vertex 38.6626 158.804 5.99
      vertex 38.6626 161.679 5.99
    endloop
  endfacet
  facet normal 0 0 1
    outer loop
      vertex 38.4733 161.692 5.99
      vertex 38.4733 158.792 5.99
      vertex 38.6626 158.804 5.99
    endloop
  endfacet
  facet normal -0 0 1
    outer loop
      vertex 38.2841 161.679 5.99
      vertex 38.4733 158.792 5.99
      vertex 38.4733 161.692 5.99
    endloop
  endfacet
  facet normal 0 0 1
    outer loop
      vertex 38.2841 161.679 5.99
      vertex 38.2841 158.804 5.99
      vertex 38.4733 158.792 5.99
    endloop
  endfacet
  facet normal -0 0 1
    outer loop
      vertex 38.0981 161.642 5.99
      vertex 38.2841 158.804 5.99
      vertex 38.2841 161.679 5.99
    endloop
  endfacet
  facet normal 0 0 1
    outer loop
      vertex 38.0981 161.642 5.99
      vertex 38.0981 158.841 5.99
      vertex 38.2841 158.804 5.99
    endloop
  endfacet
  facet normal -0 0 1
    outer loop
      vertex 37.9184 161.581 5.99
      vertex 38.0981 158.841 5.99
      vertex 38.0981 161.642 5.99
    endloop
  endfacet
  facet normal 0 0 1
    outer loop
      vertex 37.9184 161.581 5.99
      vertex 37.9184 158.902 5.99
      vertex 38.0981 158.841 5.99
    endloop
  endfacet
  facet normal -0 0 1
    outer loop
      vertex 37.7483 161.497 5.99
      vertex 37.9184 158.902 5.99
      vertex 37.9184 161.581 5.99
    endloop
  endfacet
  facet normal 0 0 1
    outer loop
      vertex 37.7483 161.497 5.99
      vertex 37.7483 158.986 5.99
      vertex 37.9184 158.902 5.99
    endloop
  endfacet
  facet normal -0 0 1
    outer loop
      vertex 37.5906 161.392 5.99
      vertex 37.7483 158.986 5.99
      vertex 37.7483 161.497 5.99
    endloop
  endfacet
  facet normal 0 0 1
    outer loop
      vertex 37.5906 161.392 5.99
      vertex 37.5906 159.091 5.99
      vertex 37.7483 158.986 5.99
    endloop
  endfacet
  facet normal -0 0 1
    outer loop
      vertex 37.448 161.267 5.99
      vertex 37.5906 159.091 5.99
      vertex 37.5906 161.392 5.99
    endloop
  endfacet
  facet normal 0 0 1
    outer loop
      vertex 37.448 161.267 5.99
      vertex 37.448 159.216 5.99
      vertex 37.5906 159.091 5.99
    endloop
  endfacet
  facet normal -0 0 1
    outer loop
      vertex 37.323 161.124 5.99
      vertex 37.448 159.216 5.99
      vertex 37.448 161.267 5.99
    endloop
  endfacet
  facet normal 0 0 1
    outer loop
      vertex 37.323 161.124 5.99
      vertex 37.323 159.359 5.99
      vertex 37.448 159.216 5.99
    endloop
  endfacet
  facet normal -0 0 1
    outer loop
      vertex 37.2176 160.967 5.99
      vertex 37.323 159.359 5.99
      vertex 37.323 161.124 5.99
    endloop
  endfacet
  facet normal 0 0 1
    outer loop
      vertex 37.2176 160.967 5.99
      vertex 37.2176 159.517 5.99
      vertex 37.323 159.359 5.99
    endloop
  endfacet
  facet normal -0 0 1
    outer loop
      vertex 37.1337 160.797 5.99
      vertex 37.2176 159.517 5.99
      vertex 37.2176 160.967 5.99
    endloop
  endfacet
  facet normal 0 0 1
    outer loop
      vertex 37.1337 160.797 5.99
      vertex 37.1337 159.687 5.99
      vertex 37.2176 159.517 5.99
    endloop
  endfacet
  facet normal -0 0 1
    outer loop
      vertex 37.0728 160.617 5.99
      vertex 37.1337 159.687 5.99
      vertex 37.1337 160.797 5.99
    endloop
  endfacet
  facet normal 0 0 1
    outer loop
      vertex 37.0728 160.617 5.99
      vertex 37.0728 159.866 5.99
      vertex 37.1337 159.687 5.99
    endloop
  endfacet
  facet normal -0 0 1
    outer loop
      vertex 37.0357 160.431 5.99
      vertex 37.0728 159.866 5.99
      vertex 37.0728 160.617 5.99
    endloop
  endfacet
  facet normal 0 0 1
    outer loop
      vertex 37.0357 160.431 5.99
      vertex 37.0357 160.052 5.99
      vertex 37.0728 159.866 5.99
    endloop
  endfacet
  facet normal 0 -0 1
    outer loop
      vertex 37.0357 160.052 5.99
      vertex 37.0357 160.431 5.99
      vertex 37.0233 160.242 5.99
    endloop
  endfacet
  facet normal 0.997855 -0.0654677 0
    outer loop
      vertex 37.0233 160.242 16.99
      vertex 37.0357 160.431 5.99
      vertex 37.0357 160.431 16.99
    endloop
  endfacet
  facet normal 0.997855 -0.0654677 0
    outer loop
      vertex 37.0357 160.431 5.99
      vertex 37.0233 160.242 16.99
      vertex 37.0233 160.242 5.99
    endloop
  endfacet
  facet normal 0.752903 0.658132 0
    outer loop
      vertex 37.448 159.216 16.99
      vertex 37.323 159.359 5.99
      vertex 37.323 159.359 16.99
    endloop
  endfacet
  facet normal 0.752903 0.658132 0
    outer loop
      vertex 37.323 159.359 5.99
      vertex 37.448 159.216 16.99
      vertex 37.448 159.216 5.99
    endloop
  endfacet
  facet normal 0.946708 0.322092 0
    outer loop
      vertex 37.1337 159.687 16.99
      vertex 37.0728 159.866 5.99
      vertex 37.0728 159.866 16.99
    endloop
  endfacet
  facet normal 0.946708 0.322092 0
    outer loop
      vertex 37.0728 159.866 5.99
      vertex 37.1337 159.687 16.99
      vertex 37.1337 159.687 5.99
    endloop
  endfacet
  facet normal -0.195102 0.980783 0
    outer loop
      vertex 38.8486 158.841 5.99
      vertex 38.6626 158.804 16.99
      vertex 38.8486 158.841 16.99
    endloop
  endfacet
  facet normal -0.195102 0.980783 0
    outer loop
      vertex 38.6626 158.804 16.99
      vertex 38.8486 158.841 5.99
      vertex 38.6626 158.804 5.99
    endloop
  endfacet
  facet normal -0.44278 0.89663 0
    outer loop
      vertex 39.1983 158.986 5.99
      vertex 39.0282 158.902 16.99
      vertex 39.1983 158.986 16.99
    endloop
  endfacet
  facet normal -0.44278 0.89663 0
    outer loop
      vertex 39.0282 158.902 16.99
      vertex 39.1983 158.986 5.99
      vertex 39.0282 158.902 5.99
    endloop
  endfacet
  facet normal -0.659176 0.751988 0
    outer loop
      vertex 39.4986 159.216 5.99
      vertex 39.356 159.091 16.99
      vertex 39.4986 159.216 16.99
    endloop
  endfacet
  facet normal -0.659176 0.751988 0
    outer loop
      vertex 39.356 159.091 16.99
      vertex 39.4986 159.216 5.99
      vertex 39.356 159.091 5.99
    endloop
  endfacet
  facet normal 0.32144 0.94693 -0
    outer loop
      vertex 38.0981 158.841 5.99
      vertex 37.9184 158.902 16.99
      vertex 38.0981 158.841 16.99
    endloop
  endfacet
  facet normal 0.32144 0.94693 0
    outer loop
      vertex 37.9184 158.902 16.99
      vertex 38.0981 158.841 5.99
      vertex 37.9184 158.902 5.99
    endloop
  endfacet
  facet normal 0.44278 0.89663 -0
    outer loop
      vertex 37.9184 158.902 5.99
      vertex 37.7483 158.986 16.99
      vertex 37.9184 158.902 16.99
    endloop
  endfacet
  facet normal 0.44278 0.89663 0
    outer loop
      vertex 37.7483 158.986 16.99
      vertex 37.9184 158.902 5.99
      vertex 37.7483 158.986 5.99
    endloop
  endfacet
  facet normal 0.659176 0.751988 -0
    outer loop
      vertex 37.5906 159.091 5.99
      vertex 37.448 159.216 16.99
      vertex 37.5906 159.091 16.99
    endloop
  endfacet
  facet normal 0.659176 0.751988 0
    outer loop
      vertex 37.448 159.216 16.99
      vertex 37.5906 159.091 5.99
      vertex 37.448 159.216 5.99
    endloop
  endfacet
  facet normal 0.659176 -0.751988 0
    outer loop
      vertex 37.448 161.267 5.99
      vertex 37.5906 161.392 16.99
      vertex 37.448 161.267 16.99
    endloop
  endfacet
  facet normal 0.659176 -0.751988 0
    outer loop
      vertex 37.5906 161.392 16.99
      vertex 37.448 161.267 5.99
      vertex 37.5906 161.392 5.99
    endloop
  endfacet
  facet normal -0.554213 -0.832375 0
    outer loop
      vertex 39.1983 161.497 5.99
      vertex 39.356 161.392 16.99
      vertex 39.1983 161.497 16.99
    endloop
  endfacet
  facet normal -0.554213 -0.832375 -0
    outer loop
      vertex 39.356 161.392 16.99
      vertex 39.1983 161.497 5.99
      vertex 39.356 161.392 5.99
    endloop
  endfacet
  facet normal -0.659176 -0.751988 0
    outer loop
      vertex 39.356 161.392 5.99
      vertex 39.4986 161.267 16.99
      vertex 39.356 161.392 16.99
    endloop
  endfacet
  facet normal -0.659176 -0.751988 -0
    outer loop
      vertex 39.4986 161.267 16.99
      vertex 39.356 161.392 5.99
      vertex 39.4986 161.267 5.99
    endloop
  endfacet
  facet normal -0.44278 -0.89663 0
    outer loop
      vertex 39.0282 161.581 5.99
      vertex 39.1983 161.497 16.99
      vertex 39.0282 161.581 16.99
    endloop
  endfacet
  facet normal -0.44278 -0.89663 -0
    outer loop
      vertex 39.1983 161.497 16.99
      vertex 39.0282 161.581 5.99
      vertex 39.1983 161.497 5.99
    endloop
  endfacet
  facet normal -0.0685127 -0.99765 0
    outer loop
      vertex 38.4733 161.692 5.99
      vertex 38.6626 161.679 16.99
      vertex 38.4733 161.692 16.99
    endloop
  endfacet
  facet normal -0.0685127 -0.99765 -0
    outer loop
      vertex 38.6626 161.679 16.99
      vertex 38.4733 161.692 5.99
      vertex 38.6626 161.679 5.99
    endloop
  endfacet
  facet normal 0.44278 -0.89663 0
    outer loop
      vertex 37.7483 161.497 5.99
      vertex 37.9184 161.581 16.99
      vertex 37.7483 161.497 16.99
    endloop
  endfacet
  facet normal 0.44278 -0.89663 0
    outer loop
      vertex 37.9184 161.581 16.99
      vertex 37.7483 161.497 5.99
      vertex 37.9184 161.581 5.99
    endloop
  endfacet
  facet normal 0.195102 -0.980783 0
    outer loop
      vertex 38.0981 161.642 5.99
      vertex 38.2841 161.679 16.99
      vertex 38.0981 161.642 16.99
    endloop
  endfacet
  facet normal 0.195102 -0.980783 0
    outer loop
      vertex 38.2841 161.679 16.99
      vertex 38.0981 161.642 5.99
      vertex 38.2841 161.679 5.99
    endloop
  endfacet
  facet normal 0.554213 -0.832375 0
    outer loop
      vertex 37.5906 161.392 5.99
      vertex 37.7483 161.497 16.99
      vertex 37.5906 161.392 16.99
    endloop
  endfacet
  facet normal 0.554213 -0.832375 0
    outer loop
      vertex 37.7483 161.497 16.99
      vertex 37.5906 161.392 5.99
      vertex 37.7483 161.497 5.99
    endloop
  endfacet
  facet normal -0.980783 -0.195102 0
    outer loop
      vertex 39.9109 160.431 5.99
      vertex 39.8739 160.617 16.99
      vertex 39.8739 160.617 5.99
    endloop
  endfacet
  facet normal -0.980783 -0.195102 0
    outer loop
      vertex 39.8739 160.617 16.99
      vertex 39.9109 160.431 5.99
      vertex 39.9109 160.431 16.99
    endloop
  endfacet
  facet normal -0.830256 -0.557382 0
    outer loop
      vertex 39.7291 160.967 5.99
      vertex 39.6237 161.124 16.99
      vertex 39.6237 161.124 5.99
    endloop
  endfacet
  facet normal -0.830256 -0.557382 0
    outer loop
      vertex 39.6237 161.124 16.99
      vertex 39.7291 160.967 5.99
      vertex 39.7291 160.967 16.99
    endloop
  endfacet
  facet normal -0.946708 0.322092 0
    outer loop
      vertex 39.813 159.687 5.99
      vertex 39.8739 159.866 16.99
      vertex 39.8739 159.866 5.99
    endloop
  endfacet
  facet normal -0.946708 0.322092 0
    outer loop
      vertex 39.8739 159.866 16.99
      vertex 39.813 159.687 5.99
      vertex 39.813 159.687 16.99
    endloop
  endfacet
  facet normal -0.831888 0.554943 0
    outer loop
      vertex 39.6237 159.359 5.99
      vertex 39.7291 159.517 16.99
      vertex 39.7291 159.517 5.99
    endloop
  endfacet
  facet normal -0.831888 0.554943 0
    outer loop
      vertex 39.7291 159.517 16.99
      vertex 39.6237 159.359 5.99
      vertex 39.6237 159.359 16.99
    endloop
  endfacet
  facet normal -0.3216 0.946876 0
    outer loop
      vertex 39.0282 158.902 5.99
      vertex 38.8486 158.841 16.99
      vertex 39.0282 158.902 16.99
    endloop
  endfacet
  facet normal -0.3216 0.946876 0
    outer loop
      vertex 38.8486 158.841 16.99
      vertex 39.0282 158.902 5.99
      vertex 38.8486 158.841 5.99
    endloop
  endfacet
  facet normal -0.554213 0.832375 0
    outer loop
      vertex 39.356 159.091 5.99
      vertex 39.1983 158.986 16.99
      vertex 39.356 159.091 16.99
    endloop
  endfacet
  facet normal -0.554213 0.832375 0
    outer loop
      vertex 39.1983 158.986 16.99
      vertex 39.356 159.091 5.99
      vertex 39.1983 158.986 5.99
    endloop
  endfacet
  facet normal 0.195102 0.980783 -0
    outer loop
      vertex 38.2841 158.804 5.99
      vertex 38.0981 158.841 16.99
      vertex 38.2841 158.804 16.99
    endloop
  endfacet
  facet normal 0.195102 0.980783 0
    outer loop
      vertex 38.0981 158.841 16.99
      vertex 38.2841 158.804 5.99
      vertex 38.0981 158.841 5.99
    endloop
  endfacet
  facet normal 0.554213 0.832375 -0
    outer loop
      vertex 37.7483 158.986 5.99
      vertex 37.5906 159.091 16.99
      vertex 37.7483 158.986 16.99
    endloop
  endfacet
  facet normal 0.554213 0.832375 0
    outer loop
      vertex 37.5906 159.091 16.99
      vertex 37.7483 158.986 5.99
      vertex 37.5906 159.091 5.99
    endloop
  endfacet
  facet normal 0.32144 -0.94693 0
    outer loop
      vertex 37.9184 161.581 5.99
      vertex 38.0981 161.642 16.99
      vertex 37.9184 161.581 16.99
    endloop
  endfacet
  facet normal 0.32144 -0.94693 0
    outer loop
      vertex 38.0981 161.642 16.99
      vertex 37.9184 161.581 5.99
      vertex 38.0981 161.642 5.99
    endloop
  endfacet
  facet normal -0.980783 0.195102 0
    outer loop
      vertex 39.8739 159.866 5.99
      vertex 39.9109 160.052 16.99
      vertex 39.9109 160.052 5.99
    endloop
  endfacet
  facet normal -0.980783 0.195102 0
    outer loop
      vertex 39.9109 160.052 16.99
      vertex 39.8739 159.866 5.99
      vertex 39.8739 159.866 16.99
    endloop
  endfacet
  facet normal -0.896736 0.442566 0
    outer loop
      vertex 39.7291 159.517 5.99
      vertex 39.813 159.687 16.99
      vertex 39.813 159.687 5.99
    endloop
  endfacet
  facet normal -0.896736 0.442566 0
    outer loop
      vertex 39.813 159.687 16.99
      vertex 39.7291 159.517 5.99
      vertex 39.7291 159.517 16.99
    endloop
  endfacet
  facet normal -0.195102 0.980783 0
    outer loop
      vertex 38.8486 83.8877 5.99
      vertex 38.6626 83.8507 16.99
      vertex 38.8486 83.8877 16.99
    endloop
  endfacet
  facet normal -0.195102 0.980783 0
    outer loop
      vertex 38.6626 83.8507 16.99
      vertex 38.8486 83.8877 5.99
      vertex 38.6626 83.8507 5.99
    endloop
  endfacet
  facet normal -0.947036 -0.321127 0
    outer loop
      vertex 39.8739 85.6636 5.99
      vertex 39.813 85.8432 16.99
      vertex 39.813 85.8432 5.99
    endloop
  endfacet
  facet normal -0.947036 -0.321127 0
    outer loop
      vertex 39.813 85.8432 16.99
      vertex 39.8739 85.6636 5.99
      vertex 39.8739 85.6636 16.99
    endloop
  endfacet
  facet normal 0.896942 0.442147 0
    outer loop
      vertex 37.2176 84.5633 16.99
      vertex 37.1337 84.7335 5.99
      vertex 37.1337 84.7335 16.99
    endloop
  endfacet
  facet normal 0.896942 0.442147 0
    outer loop
      vertex 37.1337 84.7335 5.99
      vertex 37.2176 84.5633 16.99
      vertex 37.2176 84.5633 5.99
    endloop
  endfacet
  facet normal -0.442356 -0.896839 0
    outer loop
      vertex 39.0282 86.628 5.99
      vertex 39.1983 86.5441 16.99
      vertex 39.0282 86.628 16.99
    endloop
  endfacet
  facet normal -0.442356 -0.896839 -0
    outer loop
      vertex 39.1983 86.5441 16.99
      vertex 39.0282 86.628 5.99
      vertex 39.1983 86.5441 5.99
    endloop
  endfacet
  facet normal 0.320967 -0.94709 0
    outer loop
      vertex 37.9184 86.628 5.99
      vertex 38.0981 86.6889 16.99
      vertex 37.9184 86.628 16.99
    endloop
  endfacet
  facet normal 0.320967 -0.94709 0
    outer loop
      vertex 38.0981 86.6889 16.99
      vertex 37.9184 86.628 5.99
      vertex 38.0981 86.6889 5.99
    endloop
  endfacet
  facet normal 0.32144 0.94693 -0
    outer loop
      vertex 38.0981 83.8877 5.99
      vertex 37.9184 83.9487 16.99
      vertex 38.0981 83.8877 16.99
    endloop
  endfacet
  facet normal 0.32144 0.94693 0
    outer loop
      vertex 37.9184 83.9487 16.99
      vertex 38.0981 83.8877 5.99
      vertex 37.9184 83.9487 5.99
    endloop
  endfacet
  facet normal 0.555673 0.831401 -0
    outer loop
      vertex 37.7483 84.0326 5.99
      vertex 37.5906 84.138 16.99
      vertex 37.7483 84.0326 16.99
    endloop
  endfacet
  facet normal 0.555673 0.831401 0
    outer loop
      vertex 37.5906 84.138 16.99
      vertex 37.7483 84.0326 5.99
      vertex 37.5906 84.138 5.99
    endloop
  endfacet
  facet normal 0.195102 0.980783 -0
    outer loop
      vertex 38.2841 83.8507 5.99
      vertex 38.0981 83.8877 16.99
      vertex 38.2841 83.8507 16.99
    endloop
  endfacet
  facet normal 0.195102 0.980783 0
    outer loop
      vertex 38.0981 83.8877 16.99
      vertex 38.2841 83.8507 5.99
      vertex 38.0981 83.8877 5.99
    endloop
  endfacet
  facet normal -0.442356 0.896839 0
    outer loop
      vertex 39.1983 84.0326 5.99
      vertex 39.0282 83.9487 16.99
      vertex 39.1983 84.0326 16.99
    endloop
  endfacet
  facet normal -0.442356 0.896839 0
    outer loop
      vertex 39.0282 83.9487 16.99
      vertex 39.1983 84.0326 5.99
      vertex 39.0282 83.9487 5.99
    endloop
  endfacet
  facet normal -0.555673 0.831401 0
    outer loop
      vertex 39.356 84.138 5.99
      vertex 39.1983 84.0326 16.99
      vertex 39.356 84.138 16.99
    endloop
  endfacet
  facet normal -0.555673 0.831401 0
    outer loop
      vertex 39.1983 84.0326 16.99
      vertex 39.356 84.138 5.99
      vertex 39.1983 84.0326 5.99
    endloop
  endfacet
  facet normal -0.659176 0.751988 0
    outer loop
      vertex 39.4986 84.263 5.99
      vertex 39.356 84.138 16.99
      vertex 39.4986 84.263 16.99
    endloop
  endfacet
  facet normal -0.659176 0.751988 0
    outer loop
      vertex 39.356 84.138 16.99
      vertex 39.4986 84.263 5.99
      vertex 39.356 84.138 5.99
    endloop
  endfacet
  facet normal -0.751727 -0.659474 0
    outer loop
      vertex 39.6237 86.171 5.99
      vertex 39.4986 86.3136 16.99
      vertex 39.4986 86.3136 5.99
    endloop
  endfacet
  facet normal -0.751727 -0.659474 0
    outer loop
      vertex 39.4986 86.3136 16.99
      vertex 39.6237 86.171 5.99
      vertex 39.6237 86.171 16.99
    endloop
  endfacet
  facet normal -0.997861 -0.0653644 0
    outer loop
      vertex 39.9233 85.2883 5.99
      vertex 39.9109 85.4776 16.99
      vertex 39.9109 85.4776 5.99
    endloop
  endfacet
  facet normal -0.997861 -0.0653644 0
    outer loop
      vertex 39.9109 85.4776 16.99
      vertex 39.9233 85.2883 5.99
      vertex 39.9233 85.2883 16.99
    endloop
  endfacet
  facet normal 0.659176 0.751988 -0
    outer loop
      vertex 37.5906 84.138 5.99
      vertex 37.448 84.263 16.99
      vertex 37.5906 84.138 16.99
    endloop
  endfacet
  facet normal 0.659176 0.751988 0
    outer loop
      vertex 37.448 84.263 16.99
      vertex 37.5906 84.138 5.99
      vertex 37.448 84.263 5.99
    endloop
  endfacet
  facet normal 0.947036 -0.321127 0
    outer loop
      vertex 37.0728 85.6636 16.99
      vertex 37.1337 85.8432 5.99
      vertex 37.1337 85.8432 16.99
    endloop
  endfacet
  facet normal 0.947036 -0.321127 0
    outer loop
      vertex 37.1337 85.8432 5.99
      vertex 37.0728 85.6636 16.99
      vertex 37.0728 85.6636 5.99
    endloop
  endfacet
  facet normal 0.980682 -0.195609 0
    outer loop
      vertex 37.0357 85.4776 16.99
      vertex 37.0728 85.6636 5.99
      vertex 37.0728 85.6636 16.99
    endloop
  endfacet
  facet normal 0.980682 -0.195609 0
    outer loop
      vertex 37.0728 85.6636 5.99
      vertex 37.0357 85.4776 16.99
      vertex 37.0357 85.4776 5.99
    endloop
  endfacet
  facet normal 0.980682 0.195609 0
    outer loop
      vertex 37.0728 84.9131 16.99
      vertex 37.0357 85.0991 5.99
      vertex 37.0357 85.0991 16.99
    endloop
  endfacet
  facet normal 0.980682 0.195609 0
    outer loop
      vertex 37.0357 85.0991 5.99
      vertex 37.0728 84.9131 16.99
      vertex 37.0728 84.9131 5.99
    endloop
  endfacet
  facet normal 0.555673 -0.831401 0
    outer loop
      vertex 37.5906 86.4387 5.99
      vertex 37.7483 86.5441 16.99
      vertex 37.5906 86.4387 16.99
    endloop
  endfacet
  facet normal 0.555673 -0.831401 0
    outer loop
      vertex 37.7483 86.5441 16.99
      vertex 37.5906 86.4387 5.99
      vertex 37.7483 86.5441 5.99
    endloop
  endfacet
  facet normal 0.0653988 -0.997859 0
    outer loop
      vertex 38.2841 86.7259 5.99
      vertex 38.4733 86.7383 16.99
      vertex 38.2841 86.7259 16.99
    endloop
  endfacet
  facet normal 0.0653988 -0.997859 0
    outer loop
      vertex 38.4733 86.7383 16.99
      vertex 38.2841 86.7259 5.99
      vertex 38.4733 86.7383 5.99
    endloop
  endfacet
  facet normal -0.659474 -0.751727 0
    outer loop
      vertex 39.356 86.4387 5.99
      vertex 39.4986 86.3136 16.99
      vertex 39.356 86.4387 16.99
    endloop
  endfacet
  facet normal -0.659474 -0.751727 -0
    outer loop
      vertex 39.4986 86.3136 16.99
      vertex 39.356 86.4387 5.99
      vertex 39.4986 86.3136 5.99
    endloop
  endfacet
  facet normal -0.0653644 -0.997861 0
    outer loop
      vertex 38.4733 86.7383 5.99
      vertex 38.6626 86.7259 16.99
      vertex 38.4733 86.7383 16.99
    endloop
  endfacet
  facet normal -0.0653644 -0.997861 -0
    outer loop
      vertex 38.6626 86.7259 16.99
      vertex 38.4733 86.7383 5.99
      vertex 38.6626 86.7259 5.99
    endloop
  endfacet
  facet normal 0.442356 0.896839 -0
    outer loop
      vertex 37.9184 83.9487 5.99
      vertex 37.7483 84.0326 16.99
      vertex 37.9184 83.9487 16.99
    endloop
  endfacet
  facet normal 0.442356 0.896839 0
    outer loop
      vertex 37.7483 84.0326 16.99
      vertex 37.9184 83.9487 5.99
      vertex 37.7483 84.0326 5.99
    endloop
  endfacet
  facet normal 0.0653988 0.997859 -0
    outer loop
      vertex 38.4733 83.8383 5.99
      vertex 38.2841 83.8507 16.99
      vertex 38.4733 83.8383 16.99
    endloop
  endfacet
  facet normal 0.0653988 0.997859 0
    outer loop
      vertex 38.2841 83.8507 16.99
      vertex 38.4733 83.8383 5.99
      vertex 38.2841 83.8507 5.99
    endloop
  endfacet
  facet normal -0.0653644 0.997861 0
    outer loop
      vertex 38.6626 83.8507 5.99
      vertex 38.4733 83.8383 16.99
      vertex 38.6626 83.8507 16.99
    endloop
  endfacet
  facet normal -0.0653644 0.997861 0
    outer loop
      vertex 38.4733 83.8383 16.99
      vertex 38.6626 83.8507 5.99
      vertex 38.4733 83.8383 5.99
    endloop
  endfacet
  facet normal -0.3216 0.946876 0
    outer loop
      vertex 39.0282 83.9487 5.99
      vertex 38.8486 83.8877 16.99
      vertex 39.0282 83.9487 16.99
    endloop
  endfacet
  facet normal -0.3216 0.946876 0
    outer loop
      vertex 38.8486 83.8877 16.99
      vertex 39.0282 83.9487 5.99
      vertex 38.8486 83.8877 5.99
    endloop
  endfacet
  facet normal -0.896839 -0.442356 0
    outer loop
      vertex 39.813 85.8432 5.99
      vertex 39.7291 86.0133 16.99
      vertex 39.7291 86.0133 5.99
    endloop
  endfacet
  facet normal -0.896839 -0.442356 0
    outer loop
      vertex 39.7291 86.0133 16.99
      vertex 39.813 85.8432 5.99
      vertex 39.813 85.8432 16.99
    endloop
  endfacet
  facet normal -0.831401 -0.555673 0
    outer loop
      vertex 39.7291 86.0133 5.99
      vertex 39.6237 86.171 16.99
      vertex 39.6237 86.171 5.99
    endloop
  endfacet
  facet normal -0.831401 -0.555673 0
    outer loop
      vertex 39.6237 86.171 16.99
      vertex 39.7291 86.0133 5.99
      vertex 39.7291 86.0133 16.99
    endloop
  endfacet
  facet normal -0.980783 -0.195102 0
    outer loop
      vertex 39.9109 85.4776 5.99
      vertex 39.8739 85.6636 16.99
      vertex 39.8739 85.6636 5.99
    endloop
  endfacet
  facet normal -0.980783 -0.195102 0
    outer loop
      vertex 39.8739 85.6636 16.99
      vertex 39.9109 85.4776 5.99
      vertex 39.9109 85.4776 16.99
    endloop
  endfacet
  facet normal -0.896942 0.442147 0
    outer loop
      vertex 39.7291 84.5633 5.99
      vertex 39.813 84.7335 16.99
      vertex 39.813 84.7335 5.99
    endloop
  endfacet
  facet normal -0.896942 0.442147 0
    outer loop
      vertex 39.813 84.7335 16.99
      vertex 39.7291 84.5633 5.99
      vertex 39.7291 84.5633 16.99
    endloop
  endfacet
  facet normal -0.751727 0.659474 0
    outer loop
      vertex 39.4986 84.263 5.99
      vertex 39.6237 84.4056 16.99
      vertex 39.6237 84.4056 5.99
    endloop
  endfacet
  facet normal -0.751727 0.659474 0
    outer loop
      vertex 39.6237 84.4056 16.99
      vertex 39.4986 84.263 5.99
      vertex 39.4986 84.263 16.99
    endloop
  endfacet
  facet normal -0.997859 0.0653988 0
    outer loop
      vertex 39.9109 85.0991 5.99
      vertex 39.9233 85.2883 16.99
      vertex 39.9233 85.2883 5.99
    endloop
  endfacet
  facet normal -0.997859 0.0653988 0
    outer loop
      vertex 39.9233 85.2883 16.99
      vertex 39.9109 85.0991 5.99
      vertex 39.9109 85.0991 16.99
    endloop
  endfacet
  facet normal -0.947036 0.321127 0
    outer loop
      vertex 39.813 84.7335 5.99
      vertex 39.8739 84.9131 16.99
      vertex 39.8739 84.9131 5.99
    endloop
  endfacet
  facet normal -0.947036 0.321127 0
    outer loop
      vertex 39.8739 84.9131 16.99
      vertex 39.813 84.7335 5.99
      vertex 39.813 84.7335 16.99
    endloop
  endfacet
  facet normal 0.831401 0.555673 0
    outer loop
      vertex 37.323 84.4056 16.99
      vertex 37.2176 84.5633 5.99
      vertex 37.2176 84.5633 16.99
    endloop
  endfacet
  facet normal 0.831401 0.555673 0
    outer loop
      vertex 37.2176 84.5633 5.99
      vertex 37.323 84.4056 16.99
      vertex 37.323 84.4056 5.99
    endloop
  endfacet
  facet normal 0.751988 -0.659176 0
    outer loop
      vertex 37.323 86.171 16.99
      vertex 37.448 86.3136 5.99
      vertex 37.448 86.3136 16.99
    endloop
  endfacet
  facet normal 0.751988 -0.659176 0
    outer loop
      vertex 37.448 86.3136 5.99
      vertex 37.323 86.171 16.99
      vertex 37.323 86.171 5.99
    endloop
  endfacet
  facet normal 0.831401 -0.555673 0
    outer loop
      vertex 37.2176 86.0133 16.99
      vertex 37.323 86.171 5.99
      vertex 37.323 86.171 16.99
    endloop
  endfacet
  facet normal 0.831401 -0.555673 0
    outer loop
      vertex 37.323 86.171 5.99
      vertex 37.2176 86.0133 16.99
      vertex 37.2176 86.0133 5.99
    endloop
  endfacet
  facet normal 0.896839 -0.442356 0
    outer loop
      vertex 37.1337 85.8432 16.99
      vertex 37.2176 86.0133 5.99
      vertex 37.2176 86.0133 16.99
    endloop
  endfacet
  facet normal 0.896839 -0.442356 0
    outer loop
      vertex 37.2176 86.0133 5.99
      vertex 37.1337 85.8432 16.99
      vertex 37.1337 85.8432 5.99
    endloop
  endfacet
  facet normal 0 0 1
    outer loop
      vertex 39.9109 85.4776 5.99
      vertex 39.9109 85.0991 5.99
      vertex 39.9233 85.2883 5.99
    endloop
  endfacet
  facet normal 0 0 1
    outer loop
      vertex 39.8739 85.6636 5.99
      vertex 39.9109 85.0991 5.99
      vertex 39.9109 85.4776 5.99
    endloop
  endfacet
  facet normal 0 0 1
    outer loop
      vertex 39.8739 85.6636 5.99
      vertex 39.8739 84.9131 5.99
      vertex 39.9109 85.0991 5.99
    endloop
  endfacet
  facet normal 0 0 1
    outer loop
      vertex 39.813 85.8432 5.99
      vertex 39.8739 84.9131 5.99
      vertex 39.8739 85.6636 5.99
    endloop
  endfacet
  facet normal 0 0 1
    outer loop
      vertex 39.813 85.8432 5.99
      vertex 39.813 84.7335 5.99
      vertex 39.8739 84.9131 5.99
    endloop
  endfacet
  facet normal 0 0 1
    outer loop
      vertex 39.7291 86.0133 5.99
      vertex 39.813 84.7335 5.99
      vertex 39.813 85.8432 5.99
    endloop
  endfacet
  facet normal 0 0 1
    outer loop
      vertex 39.7291 86.0133 5.99
      vertex 39.7291 84.5633 5.99
      vertex 39.813 84.7335 5.99
    endloop
  endfacet
  facet normal 0 0 1
    outer loop
      vertex 39.6237 86.171 5.99
      vertex 39.7291 84.5633 5.99
      vertex 39.7291 86.0133 5.99
    endloop
  endfacet
  facet normal 0 0 1
    outer loop
      vertex 39.6237 86.171 5.99
      vertex 39.6237 84.4056 5.99
      vertex 39.7291 84.5633 5.99
    endloop
  endfacet
  facet normal 0 0 1
    outer loop
      vertex 39.4986 86.3136 5.99
      vertex 39.6237 84.4056 5.99
      vertex 39.6237 86.171 5.99
    endloop
  endfacet
  facet normal 0 0 1
    outer loop
      vertex 39.4986 86.3136 5.99
      vertex 39.4986 84.263 5.99
      vertex 39.6237 84.4056 5.99
    endloop
  endfacet
  facet normal 0 0 1
    outer loop
      vertex 39.356 86.4387 5.99
      vertex 39.4986 84.263 5.99
      vertex 39.4986 86.3136 5.99
    endloop
  endfacet
  facet normal 0 0 1
    outer loop
      vertex 39.356 86.4387 5.99
      vertex 39.356 84.138 5.99
      vertex 39.4986 84.263 5.99
    endloop
  endfacet
  facet normal 0 0 1
    outer loop
      vertex 39.1983 86.5441 5.99
      vertex 39.356 84.138 5.99
      vertex 39.356 86.4387 5.99
    endloop
  endfacet
  facet normal 0 0 1
    outer loop
      vertex 39.1983 86.5441 5.99
      vertex 39.1983 84.0326 5.99
      vertex 39.356 84.138 5.99
    endloop
  endfacet
  facet normal 0 0 1
    outer loop
      vertex 39.0282 86.628 5.99
      vertex 39.1983 84.0326 5.99
      vertex 39.1983 86.5441 5.99
    endloop
  endfacet
  facet normal 0 0 1
    outer loop
      vertex 39.0282 86.628 5.99
      vertex 39.0282 83.9487 5.99
      vertex 39.1983 84.0326 5.99
    endloop
  endfacet
  facet normal 0 0 1
    outer loop
      vertex 38.8486 86.6889 5.99
      vertex 39.0282 83.9487 5.99
      vertex 39.0282 86.628 5.99
    endloop
  endfacet
  facet normal 0 0 1
    outer loop
      vertex 38.8486 86.6889 5.99
      vertex 38.8486 83.8877 5.99
      vertex 39.0282 83.9487 5.99
    endloop
  endfacet
  facet normal 0 0 1
    outer loop
      vertex 38.6626 86.7259 5.99
      vertex 38.8486 83.8877 5.99
      vertex 38.8486 86.6889 5.99
    endloop
  endfacet
  facet normal 0 0 1
    outer loop
      vertex 38.6626 86.7259 5.99
      vertex 38.6626 83.8507 5.99
      vertex 38.8486 83.8877 5.99
    endloop
  endfacet
  facet normal 0 0 1
    outer loop
      vertex 38.4733 86.7383 5.99
      vertex 38.6626 83.8507 5.99
      vertex 38.6626 86.7259 5.99
    endloop
  endfacet
  facet normal 0 0 1
    outer loop
      vertex 38.4733 86.7383 5.99
      vertex 38.4733 83.8383 5.99
      vertex 38.6626 83.8507 5.99
    endloop
  endfacet
  facet normal -0 0 1
    outer loop
      vertex 38.2841 86.7259 5.99
      vertex 38.4733 83.8383 5.99
      vertex 38.4733 86.7383 5.99
    endloop
  endfacet
  facet normal 0 0 1
    outer loop
      vertex 38.2841 86.7259 5.99
      vertex 38.2841 83.8507 5.99
      vertex 38.4733 83.8383 5.99
    endloop
  endfacet
  facet normal -0 0 1
    outer loop
      vertex 38.0981 86.6889 5.99
      vertex 38.2841 83.8507 5.99
      vertex 38.2841 86.7259 5.99
    endloop
  endfacet
  facet normal 0 0 1
    outer loop
      vertex 38.0981 86.6889 5.99
      vertex 38.0981 83.8877 5.99
      vertex 38.2841 83.8507 5.99
    endloop
  endfacet
  facet normal -0 0 1
    outer loop
      vertex 37.9184 86.628 5.99
      vertex 38.0981 83.8877 5.99
      vertex 38.0981 86.6889 5.99
    endloop
  endfacet
  facet normal 0 0 1
    outer loop
      vertex 37.9184 86.628 5.99
      vertex 37.9184 83.9487 5.99
      vertex 38.0981 83.8877 5.99
    endloop
  endfacet
  facet normal -0 0 1
    outer loop
      vertex 37.7483 86.5441 5.99
      vertex 37.9184 83.9487 5.99
      vertex 37.9184 86.628 5.99
    endloop
  endfacet
  facet normal 0 0 1
    outer loop
      vertex 37.7483 86.5441 5.99
      vertex 37.7483 84.0326 5.99
      vertex 37.9184 83.9487 5.99
    endloop
  endfacet
  facet normal -0 0 1
    outer loop
      vertex 37.5906 86.4387 5.99
      vertex 37.7483 84.0326 5.99
      vertex 37.7483 86.5441 5.99
    endloop
  endfacet
  facet normal 0 0 1
    outer loop
      vertex 37.5906 86.4387 5.99
      vertex 37.5906 84.138 5.99
      vertex 37.7483 84.0326 5.99
    endloop
  endfacet
  facet normal -0 0 1
    outer loop
      vertex 37.448 86.3136 5.99
      vertex 37.5906 84.138 5.99
      vertex 37.5906 86.4387 5.99
    endloop
  endfacet
  facet normal 0 0 1
    outer loop
      vertex 37.448 86.3136 5.99
      vertex 37.448 84.263 5.99
      vertex 37.5906 84.138 5.99
    endloop
  endfacet
  facet normal -0 0 1
    outer loop
      vertex 37.323 86.171 5.99
      vertex 37.448 84.263 5.99
      vertex 37.448 86.3136 5.99
    endloop
  endfacet
  facet normal 0 0 1
    outer loop
      vertex 37.323 86.171 5.99
      vertex 37.323 84.4056 5.99
      vertex 37.448 84.263 5.99
    endloop
  endfacet
  facet normal -0 0 1
    outer loop
      vertex 37.2176 86.0133 5.99
      vertex 37.323 84.4056 5.99
      vertex 37.323 86.171 5.99
    endloop
  endfacet
  facet normal 0 0 1
    outer loop
      vertex 37.2176 86.0133 5.99
      vertex 37.2176 84.5633 5.99
      vertex 37.323 84.4056 5.99
    endloop
  endfacet
  facet normal -0 0 1
    outer loop
      vertex 37.1337 85.8432 5.99
      vertex 37.2176 84.5633 5.99
      vertex 37.2176 86.0133 5.99
    endloop
  endfacet
  facet normal 0 0 1
    outer loop
      vertex 37.1337 85.8432 5.99
      vertex 37.1337 84.7335 5.99
      vertex 37.2176 84.5633 5.99
    endloop
  endfacet
  facet normal -0 0 1
    outer loop
      vertex 37.0728 85.6636 5.99
      vertex 37.1337 84.7335 5.99
      vertex 37.1337 85.8432 5.99
    endloop
  endfacet
  facet normal 0 0 1
    outer loop
      vertex 37.0728 85.6636 5.99
      vertex 37.0728 84.9131 5.99
      vertex 37.1337 84.7335 5.99
    endloop
  endfacet
  facet normal -0 0 1
    outer loop
      vertex 37.0357 85.4776 5.99
      vertex 37.0728 84.9131 5.99
      vertex 37.0728 85.6636 5.99
    endloop
  endfacet
  facet normal 0 0 1
    outer loop
      vertex 37.0357 85.4776 5.99
      vertex 37.0357 85.0991 5.99
      vertex 37.0728 84.9131 5.99
    endloop
  endfacet
  facet normal 0 -0 1
    outer loop
      vertex 37.0357 85.0991 5.99
      vertex 37.0357 85.4776 5.99
      vertex 37.0233 85.2883 5.99
    endloop
  endfacet
  facet normal 0.997859 0.0653988 0
    outer loop
      vertex 37.0357 85.0991 16.99
      vertex 37.0233 85.2883 5.99
      vertex 37.0233 85.2883 16.99
    endloop
  endfacet
  facet normal 0.997859 0.0653988 0
    outer loop
      vertex 37.0233 85.2883 5.99
      vertex 37.0357 85.0991 16.99
      vertex 37.0357 85.0991 5.99
    endloop
  endfacet
  facet normal 0.997861 -0.0653644 0
    outer loop
      vertex 37.0233 85.2883 16.99
      vertex 37.0357 85.4776 5.99
      vertex 37.0357 85.4776 16.99
    endloop
  endfacet
  facet normal 0.997861 -0.0653644 0
    outer loop
      vertex 37.0357 85.4776 5.99
      vertex 37.0233 85.2883 16.99
      vertex 37.0233 85.2883 5.99
    endloop
  endfacet
  facet normal 0.947036 0.321127 0
    outer loop
      vertex 37.1337 84.7335 16.99
      vertex 37.0728 84.9131 5.99
      vertex 37.0728 84.9131 16.99
    endloop
  endfacet
  facet normal 0.947036 0.321127 0
    outer loop
      vertex 37.0728 84.9131 5.99
      vertex 37.1337 84.7335 16.99
      vertex 37.1337 84.7335 5.99
    endloop
  endfacet
  facet normal 0.659474 -0.751727 0
    outer loop
      vertex 37.448 86.3136 5.99
      vertex 37.5906 86.4387 16.99
      vertex 37.448 86.3136 16.99
    endloop
  endfacet
  facet normal 0.659474 -0.751727 0
    outer loop
      vertex 37.5906 86.4387 16.99
      vertex 37.448 86.3136 5.99
      vertex 37.5906 86.4387 5.99
    endloop
  endfacet
  facet normal 0.442356 -0.896839 0
    outer loop
      vertex 37.7483 86.5441 5.99
      vertex 37.9184 86.628 16.99
      vertex 37.7483 86.5441 16.99
    endloop
  endfacet
  facet normal 0.442356 -0.896839 0
    outer loop
      vertex 37.9184 86.628 16.99
      vertex 37.7483 86.5441 5.99
      vertex 37.9184 86.628 5.99
    endloop
  endfacet
  facet normal 0.195102 -0.980783 0
    outer loop
      vertex 38.0981 86.6889 5.99
      vertex 38.2841 86.7259 16.99
      vertex 38.0981 86.6889 16.99
    endloop
  endfacet
  facet normal 0.195102 -0.980783 0
    outer loop
      vertex 38.2841 86.7259 16.99
      vertex 38.0981 86.6889 5.99
      vertex 38.2841 86.7259 5.99
    endloop
  endfacet
  facet normal -0.555673 -0.831401 0
    outer loop
      vertex 39.1983 86.5441 5.99
      vertex 39.356 86.4387 16.99
      vertex 39.1983 86.5441 16.99
    endloop
  endfacet
  facet normal -0.555673 -0.831401 -0
    outer loop
      vertex 39.356 86.4387 16.99
      vertex 39.1983 86.5441 5.99
      vertex 39.356 86.4387 5.99
    endloop
  endfacet
  facet normal -0.195102 -0.980783 0
    outer loop
      vertex 38.6626 86.7259 5.99
      vertex 38.8486 86.6889 16.99
      vertex 38.6626 86.7259 16.99
    endloop
  endfacet
  facet normal -0.195102 -0.980783 -0
    outer loop
      vertex 38.8486 86.6889 16.99
      vertex 38.6626 86.7259 5.99
      vertex 38.8486 86.6889 5.99
    endloop
  endfacet
  facet normal -0.321127 -0.947036 0
    outer loop
      vertex 38.8486 86.6889 5.99
      vertex 39.0282 86.628 16.99
      vertex 38.8486 86.6889 16.99
    endloop
  endfacet
  facet normal -0.321127 -0.947036 -0
    outer loop
      vertex 39.0282 86.628 16.99
      vertex 38.8486 86.6889 5.99
      vertex 39.0282 86.628 5.99
    endloop
  endfacet
  facet normal -0.831401 0.555673 0
    outer loop
      vertex 39.6237 84.4056 5.99
      vertex 39.7291 84.5633 16.99
      vertex 39.7291 84.5633 5.99
    endloop
  endfacet
  facet normal -0.831401 0.555673 0
    outer loop
      vertex 39.7291 84.5633 16.99
      vertex 39.6237 84.4056 5.99
      vertex 39.6237 84.4056 16.99
    endloop
  endfacet
  facet normal -0.980783 0.195102 0
    outer loop
      vertex 39.8739 84.9131 5.99
      vertex 39.9109 85.0991 16.99
      vertex 39.9109 85.0991 5.99
    endloop
  endfacet
  facet normal -0.980783 0.195102 0
    outer loop
      vertex 39.9109 85.0991 16.99
      vertex 39.8739 84.9131 5.99
      vertex 39.8739 84.9131 16.99
    endloop
  endfacet
  facet normal 0.751988 0.659176 0
    outer loop
      vertex 37.448 84.263 16.99
      vertex 37.323 84.4056 5.99
      vertex 37.323 84.4056 16.99
    endloop
  endfacet
  facet normal 0.751988 0.659176 0
    outer loop
      vertex 37.323 84.4056 5.99
      vertex 37.448 84.263 16.99
      vertex 37.448 84.263 5.99
    endloop
  endfacet
  facet normal -0.980783 -0.195102 0
    outer loop
      vertex 114.864 85.4776 5.99
      vertex 114.827 85.6636 16.99
      vertex 114.827 85.6636 5.99
    endloop
  endfacet
  facet normal -0.980783 -0.195102 0
    outer loop
      vertex 114.827 85.6636 16.99
      vertex 114.864 85.4776 5.99
      vertex 114.864 85.4776 16.99
    endloop
  endfacet
  facet normal 0.896733 0.442571 0
    outer loop
      vertex 112.171 84.5633 16.99
      vertex 112.087 84.7335 5.99
      vertex 112.087 84.7335 16.99
    endloop
  endfacet
  facet normal 0.896733 0.442571 0
    outer loop
      vertex 112.087 84.7335 5.99
      vertex 112.171 84.5633 16.99
      vertex 112.171 84.5633 5.99
    endloop
  endfacet
  facet normal -0.442566 -0.896736 0
    outer loop
      vertex 113.982 86.628 5.99
      vertex 114.152 86.5441 16.99
      vertex 113.982 86.628 16.99
    endloop
  endfacet
  facet normal -0.442566 -0.896736 -0
    outer loop
      vertex 114.152 86.5441 16.99
      vertex 113.982 86.628 5.99
      vertex 114.152 86.5441 5.99
    endloop
  endfacet
  facet normal 0.322092 -0.946708 0
    outer loop
      vertex 112.872 86.628 5.99
      vertex 113.051 86.6889 16.99
      vertex 112.872 86.628 16.99
    endloop
  endfacet
  facet normal 0.322092 -0.946708 0
    outer loop
      vertex 113.051 86.6889 16.99
      vertex 112.872 86.628 5.99
      vertex 113.051 86.6889 5.99
    endloop
  endfacet
  facet normal 0.946876 -0.3216 0
    outer loop
      vertex 112.026 85.6636 16.99
      vertex 112.087 85.8432 5.99
      vertex 112.087 85.8432 16.99
    endloop
  endfacet
  facet normal 0.946876 -0.3216 0
    outer loop
      vertex 112.087 85.8432 5.99
      vertex 112.026 85.6636 16.99
      vertex 112.026 85.6636 5.99
    endloop
  endfacet
  facet normal -0.832375 0.554213 0
    outer loop
      vertex 114.577 84.4056 5.99
      vertex 114.682 84.5633 16.99
      vertex 114.682 84.5633 5.99
    endloop
  endfacet
  facet normal -0.832375 0.554213 0
    outer loop
      vertex 114.682 84.5633 16.99
      vertex 114.577 84.4056 5.99
      vertex 114.577 84.4056 16.99
    endloop
  endfacet
  facet normal -0.896733 0.442571 0
    outer loop
      vertex 114.682 84.5633 5.99
      vertex 114.766 84.7335 16.99
      vertex 114.766 84.7335 5.99
    endloop
  endfacet
  facet normal -0.896733 0.442571 0
    outer loop
      vertex 114.766 84.7335 16.99
      vertex 114.682 84.5633 5.99
      vertex 114.682 84.5633 16.99
    endloop
  endfacet
  facet normal -0.980783 0.195102 0
    outer loop
      vertex 114.827 84.9131 5.99
      vertex 114.864 85.0991 16.99
      vertex 114.864 85.0991 5.99
    endloop
  endfacet
  facet normal -0.980783 0.195102 0
    outer loop
      vertex 114.864 85.0991 16.99
      vertex 114.827 84.9131 5.99
      vertex 114.827 84.9131 16.99
    endloop
  endfacet
  facet normal -0.997648 0.0685487 0
    outer loop
      vertex 114.864 85.0991 5.99
      vertex 114.877 85.2883 16.99
      vertex 114.877 85.2883 5.99
    endloop
  endfacet
  facet normal -0.997648 0.0685487 0
    outer loop
      vertex 114.877 85.2883 16.99
      vertex 114.864 85.0991 5.99
      vertex 114.864 85.0991 16.99
    endloop
  endfacet
  facet normal -0.946876 -0.3216 0
    outer loop
      vertex 114.827 85.6636 5.99
      vertex 114.766 85.8432 16.99
      vertex 114.766 85.8432 5.99
    endloop
  endfacet
  facet normal -0.946876 -0.3216 0
    outer loop
      vertex 114.766 85.8432 16.99
      vertex 114.827 85.6636 5.99
      vertex 114.827 85.6636 16.99
    endloop
  endfacet
  facet normal -0.751988 -0.659176 0
    outer loop
      vertex 114.577 86.171 5.99
      vertex 114.452 86.3136 16.99
      vertex 114.452 86.3136 5.99
    endloop
  endfacet
  facet normal -0.751988 -0.659176 0
    outer loop
      vertex 114.452 86.3136 16.99
      vertex 114.577 86.171 5.99
      vertex 114.577 86.171 16.99
    endloop
  endfacet
  facet normal -0.832375 -0.554213 0
    outer loop
      vertex 114.682 86.0133 5.99
      vertex 114.577 86.171 16.99
      vertex 114.577 86.171 5.99
    endloop
  endfacet
  facet normal -0.832375 -0.554213 0
    outer loop
      vertex 114.577 86.171 16.99
      vertex 114.682 86.0133 5.99
      vertex 114.682 86.0133 16.99
    endloop
  endfacet
  facet normal 0.65843 -0.752642 0
    outer loop
      vertex 112.401 86.3136 5.99
      vertex 112.544 86.4387 16.99
      vertex 112.401 86.3136 16.99
    endloop
  endfacet
  facet normal 0.65843 -0.752642 0
    outer loop
      vertex 112.544 86.4387 16.99
      vertex 112.401 86.3136 5.99
      vertex 112.544 86.4387 5.99
    endloop
  endfacet
  facet normal 0.554943 -0.831888 0
    outer loop
      vertex 112.544 86.4387 5.99
      vertex 112.702 86.5441 16.99
      vertex 112.544 86.4387 16.99
    endloop
  endfacet
  facet normal 0.554943 -0.831888 0
    outer loop
      vertex 112.702 86.5441 16.99
      vertex 112.544 86.4387 5.99
      vertex 112.702 86.5441 5.99
    endloop
  endfacet
  facet normal 0.0651246 -0.997877 0
    outer loop
      vertex 113.237 86.7259 5.99
      vertex 113.427 86.7383 16.99
      vertex 113.237 86.7259 16.99
    endloop
  endfacet
  facet normal 0.0651246 -0.997877 0
    outer loop
      vertex 113.427 86.7383 16.99
      vertex 113.237 86.7259 5.99
      vertex 113.427 86.7383 5.99
    endloop
  endfacet
  facet normal -0.0654677 -0.997855 0
    outer loop
      vertex 113.427 86.7383 5.99
      vertex 113.616 86.7259 16.99
      vertex 113.427 86.7383 16.99
    endloop
  endfacet
  facet normal -0.0654677 -0.997855 -0
    outer loop
      vertex 113.616 86.7259 16.99
      vertex 113.427 86.7383 5.99
      vertex 113.616 86.7259 5.99
    endloop
  endfacet
  facet normal -0.751988 0.659176 0
    outer loop
      vertex 114.452 84.263 5.99
      vertex 114.577 84.4056 16.99
      vertex 114.577 84.4056 5.99
    endloop
  endfacet
  facet normal -0.751988 0.659176 0
    outer loop
      vertex 114.577 84.4056 16.99
      vertex 114.452 84.263 5.99
      vertex 114.452 84.263 16.99
    endloop
  endfacet
  facet normal -0.442566 0.896736 0
    outer loop
      vertex 114.152 84.0326 5.99
      vertex 113.982 83.9487 16.99
      vertex 114.152 84.0326 16.99
    endloop
  endfacet
  facet normal -0.442566 0.896736 0
    outer loop
      vertex 113.982 83.9487 16.99
      vertex 114.152 84.0326 5.99
      vertex 113.982 83.9487 5.99
    endloop
  endfacet
  facet normal 0.442566 0.896736 -0
    outer loop
      vertex 112.872 83.9487 5.99
      vertex 112.702 84.0326 16.99
      vertex 112.872 83.9487 16.99
    endloop
  endfacet
  facet normal 0.442566 0.896736 0
    outer loop
      vertex 112.702 84.0326 16.99
      vertex 112.872 83.9487 5.99
      vertex 112.702 84.0326 5.99
    endloop
  endfacet
  facet normal -0.0654677 0.997855 0
    outer loop
      vertex 113.616 83.8507 5.99
      vertex 113.427 83.8383 16.99
      vertex 113.616 83.8507 16.99
    endloop
  endfacet
  facet normal -0.0654677 0.997855 0
    outer loop
      vertex 113.427 83.8383 16.99
      vertex 113.616 83.8507 5.99
      vertex 113.427 83.8383 5.99
    endloop
  endfacet
  facet normal 0.195102 0.980783 -0
    outer loop
      vertex 113.237 83.8507 5.99
      vertex 113.051 83.8877 16.99
      vertex 113.237 83.8507 16.99
    endloop
  endfacet
  facet normal 0.195102 0.980783 0
    outer loop
      vertex 113.051 83.8877 16.99
      vertex 113.237 83.8507 5.99
      vertex 113.051 83.8877 5.99
    endloop
  endfacet
  facet normal -0.195102 0.980783 0
    outer loop
      vertex 113.802 83.8877 5.99
      vertex 113.616 83.8507 16.99
      vertex 113.802 83.8877 16.99
    endloop
  endfacet
  facet normal -0.195102 0.980783 0
    outer loop
      vertex 113.616 83.8507 16.99
      vertex 113.802 83.8877 5.99
      vertex 113.616 83.8507 5.99
    endloop
  endfacet
  facet normal 0.997995 0.0632978 0
    outer loop
      vertex 111.989 85.0991 16.99
      vertex 111.977 85.2883 5.99
      vertex 111.977 85.2883 16.99
    endloop
  endfacet
  facet normal 0.997995 0.0632978 0
    outer loop
      vertex 111.977 85.2883 5.99
      vertex 111.989 85.0991 16.99
      vertex 111.989 85.0991 5.99
    endloop
  endfacet
  facet normal 0 0 1
    outer loop
      vertex 114.864 85.4776 5.99
      vertex 114.864 85.0991 5.99
      vertex 114.877 85.2883 5.99
    endloop
  endfacet
  facet normal 0 0 1
    outer loop
      vertex 114.827 85.6636 5.99
      vertex 114.864 85.0991 5.99
      vertex 114.864 85.4776 5.99
    endloop
  endfacet
  facet normal 0 0 1
    outer loop
      vertex 114.827 85.6636 5.99
      vertex 114.827 84.9131 5.99
      vertex 114.864 85.0991 5.99
    endloop
  endfacet
  facet normal 0 0 1
    outer loop
      vertex 114.766 85.8432 5.99
      vertex 114.827 84.9131 5.99
      vertex 114.827 85.6636 5.99
    endloop
  endfacet
  facet normal 0 0 1
    outer loop
      vertex 114.766 85.8432 5.99
      vertex 114.766 84.7335 5.99
      vertex 114.827 84.9131 5.99
    endloop
  endfacet
  facet normal 0 0 1
    outer loop
      vertex 114.682 86.0133 5.99
      vertex 114.766 84.7335 5.99
      vertex 114.766 85.8432 5.99
    endloop
  endfacet
  facet normal 0 0 1
    outer loop
      vertex 114.682 86.0133 5.99
      vertex 114.682 84.5633 5.99
      vertex 114.766 84.7335 5.99
    endloop
  endfacet
  facet normal 0 0 1
    outer loop
      vertex 114.577 86.171 5.99
      vertex 114.682 84.5633 5.99
      vertex 114.682 86.0133 5.99
    endloop
  endfacet
  facet normal 0 0 1
    outer loop
      vertex 114.577 86.171 5.99
      vertex 114.577 84.4056 5.99
      vertex 114.682 84.5633 5.99
    endloop
  endfacet
  facet normal 0 0 1
    outer loop
      vertex 114.452 86.3136 5.99
      vertex 114.577 84.4056 5.99
      vertex 114.577 86.171 5.99
    endloop
  endfacet
  facet normal 0 0 1
    outer loop
      vertex 114.452 86.3136 5.99
      vertex 114.452 84.263 5.99
      vertex 114.577 84.4056 5.99
    endloop
  endfacet
  facet normal 0 0 1
    outer loop
      vertex 114.309 86.4387 5.99
      vertex 114.452 84.263 5.99
      vertex 114.452 86.3136 5.99
    endloop
  endfacet
  facet normal 0 0 1
    outer loop
      vertex 114.309 86.4387 5.99
      vertex 114.309 84.138 5.99
      vertex 114.452 84.263 5.99
    endloop
  endfacet
  facet normal 0 0 1
    outer loop
      vertex 114.152 86.5441 5.99
      vertex 114.309 84.138 5.99
      vertex 114.309 86.4387 5.99
    endloop
  endfacet
  facet normal 0 0 1
    outer loop
      vertex 114.152 86.5441 5.99
      vertex 114.152 84.0326 5.99
      vertex 114.309 84.138 5.99
    endloop
  endfacet
  facet normal 0 0 1
    outer loop
      vertex 113.982 86.628 5.99
      vertex 114.152 84.0326 5.99
      vertex 114.152 86.5441 5.99
    endloop
  endfacet
  facet normal 0 0 1
    outer loop
      vertex 113.982 86.628 5.99
      vertex 113.982 83.9487 5.99
      vertex 114.152 84.0326 5.99
    endloop
  endfacet
  facet normal 0 0 1
    outer loop
      vertex 113.802 86.6889 5.99
      vertex 113.982 83.9487 5.99
      vertex 113.982 86.628 5.99
    endloop
  endfacet
  facet normal 0 0 1
    outer loop
      vertex 113.802 86.6889 5.99
      vertex 113.802 83.8877 5.99
      vertex 113.982 83.9487 5.99
    endloop
  endfacet
  facet normal 0 0 1
    outer loop
      vertex 113.616 86.7259 5.99
      vertex 113.802 83.8877 5.99
      vertex 113.802 86.6889 5.99
    endloop
  endfacet
  facet normal 0 0 1
    outer loop
      vertex 113.616 86.7259 5.99
      vertex 113.616 83.8507 5.99
      vertex 113.802 83.8877 5.99
    endloop
  endfacet
  facet normal 0 0 1
    outer loop
      vertex 113.427 86.7383 5.99
      vertex 113.616 83.8507 5.99
      vertex 113.616 86.7259 5.99
    endloop
  endfacet
  facet normal 0 0 1
    outer loop
      vertex 113.427 86.7383 5.99
      vertex 113.427 83.8383 5.99
      vertex 113.616 83.8507 5.99
    endloop
  endfacet
  facet normal -0 0 1
    outer loop
      vertex 113.237 86.7259 5.99
      vertex 113.427 83.8383 5.99
      vertex 113.427 86.7383 5.99
    endloop
  endfacet
  facet normal 0 0 1
    outer loop
      vertex 113.237 86.7259 5.99
      vertex 113.237 83.8507 5.99
      vertex 113.427 83.8383 5.99
    endloop
  endfacet
  facet normal -0 0 1
    outer loop
      vertex 113.051 86.6889 5.99
      vertex 113.237 83.8507 5.99
      vertex 113.237 86.7259 5.99
    endloop
  endfacet
  facet normal 0 0 1
    outer loop
      vertex 113.051 86.6889 5.99
      vertex 113.051 83.8877 5.99
      vertex 113.237 83.8507 5.99
    endloop
  endfacet
  facet normal -0 0 1
    outer loop
      vertex 112.872 86.628 5.99
      vertex 113.051 83.8877 5.99
      vertex 113.051 86.6889 5.99
    endloop
  endfacet
  facet normal 0 0 1
    outer loop
      vertex 112.872 86.628 5.99
      vertex 112.872 83.9487 5.99
      vertex 113.051 83.8877 5.99
    endloop
  endfacet
  facet normal -0 0 1
    outer loop
      vertex 112.702 86.5441 5.99
      vertex 112.872 83.9487 5.99
      vertex 112.872 86.628 5.99
    endloop
  endfacet
  facet normal 0 0 1
    outer loop
      vertex 112.702 86.5441 5.99
      vertex 112.702 84.0326 5.99
      vertex 112.872 83.9487 5.99
    endloop
  endfacet
  facet normal -0 0 1
    outer loop
      vertex 112.544 86.4387 5.99
      vertex 112.702 84.0326 5.99
      vertex 112.702 86.5441 5.99
    endloop
  endfacet
  facet normal 0 0 1
    outer loop
      vertex 112.544 86.4387 5.99
      vertex 112.544 84.138 5.99
      vertex 112.702 84.0326 5.99
    endloop
  endfacet
  facet normal -0 0 1
    outer loop
      vertex 112.401 86.3136 5.99
      vertex 112.544 84.138 5.99
      vertex 112.544 86.4387 5.99
    endloop
  endfacet
  facet normal 0 0 1
    outer loop
      vertex 112.401 86.3136 5.99
      vertex 112.401 84.263 5.99
      vertex 112.544 84.138 5.99
    endloop
  endfacet
  facet normal -0 0 1
    outer loop
      vertex 112.276 86.171 5.99
      vertex 112.401 84.263 5.99
      vertex 112.401 86.3136 5.99
    endloop
  endfacet
  facet normal 0 0 1
    outer loop
      vertex 112.276 86.171 5.99
      vertex 112.276 84.4056 5.99
      vertex 112.401 84.263 5.99
    endloop
  endfacet
  facet normal -0 0 1
    outer loop
      vertex 112.171 86.0133 5.99
      vertex 112.276 84.4056 5.99
      vertex 112.276 86.171 5.99
    endloop
  endfacet
  facet normal 0 0 1
    outer loop
      vertex 112.171 86.0133 5.99
      vertex 112.171 84.5633 5.99
      vertex 112.276 84.4056 5.99
    endloop
  endfacet
  facet normal -0 0 1
    outer loop
      vertex 112.087 85.8432 5.99
      vertex 112.171 84.5633 5.99
      vertex 112.171 86.0133 5.99
    endloop
  endfacet
  facet normal 0 0 1
    outer loop
      vertex 112.087 85.8432 5.99
      vertex 112.087 84.7335 5.99
      vertex 112.171 84.5633 5.99
    endloop
  endfacet
  facet normal -0 0 1
    outer loop
      vertex 112.026 85.6636 5.99
      vertex 112.087 84.7335 5.99
      vertex 112.087 85.8432 5.99
    endloop
  endfacet
  facet normal 0 0 1
    outer loop
      vertex 112.026 85.6636 5.99
      vertex 112.026 84.9131 5.99
      vertex 112.087 84.7335 5.99
    endloop
  endfacet
  facet normal -0 0 1
    outer loop
      vertex 111.989 85.4776 5.99
      vertex 112.026 84.9131 5.99
      vertex 112.026 85.6636 5.99
    endloop
  endfacet
  facet normal 0 0 1
    outer loop
      vertex 111.989 85.4776 5.99
      vertex 111.989 85.0991 5.99
      vertex 112.026 84.9131 5.99
    endloop
  endfacet
  facet normal 0 -0 1
    outer loop
      vertex 111.989 85.0991 5.99
      vertex 111.989 85.4776 5.99
      vertex 111.977 85.2883 5.99
    endloop
  endfacet
  facet normal 0.751988 -0.659176 0
    outer loop
      vertex 112.276 86.171 16.99
      vertex 112.401 86.3136 5.99
      vertex 112.401 86.3136 16.99
    endloop
  endfacet
  facet normal 0.751988 -0.659176 0
    outer loop
      vertex 112.401 86.3136 5.99
      vertex 112.276 86.171 16.99
      vertex 112.276 86.171 5.99
    endloop
  endfacet
  facet normal 0.997997 -0.0632645 0
    outer loop
      vertex 111.977 85.2883 16.99
      vertex 111.989 85.4776 5.99
      vertex 111.989 85.4776 16.99
    endloop
  endfacet
  facet normal 0.997997 -0.0632645 0
    outer loop
      vertex 111.989 85.4776 5.99
      vertex 111.977 85.2883 16.99
      vertex 111.977 85.2883 5.99
    endloop
  endfacet
  facet normal -0.99765 -0.0685127 0
    outer loop
      vertex 114.877 85.2883 5.99
      vertex 114.864 85.4776 16.99
      vertex 114.864 85.4776 5.99
    endloop
  endfacet
  facet normal -0.99765 -0.0685127 0
    outer loop
      vertex 114.864 85.4776 16.99
      vertex 114.877 85.2883 5.99
      vertex 114.877 85.2883 16.99
    endloop
  endfacet
  facet normal -0.89663 -0.44278 0
    outer loop
      vertex 114.766 85.8432 5.99
      vertex 114.682 86.0133 16.99
      vertex 114.682 86.0133 5.99
    endloop
  endfacet
  facet normal -0.89663 -0.44278 0
    outer loop
      vertex 114.682 86.0133 16.99
      vertex 114.766 85.8432 5.99
      vertex 114.766 85.8432 16.99
    endloop
  endfacet
  facet normal 0.195102 -0.980783 0
    outer loop
      vertex 113.051 86.6889 5.99
      vertex 113.237 86.7259 16.99
      vertex 113.051 86.6889 16.99
    endloop
  endfacet
  facet normal 0.195102 -0.980783 0
    outer loop
      vertex 113.237 86.7259 16.99
      vertex 113.051 86.6889 5.99
      vertex 113.237 86.7259 5.99
    endloop
  endfacet
  facet normal -0.65843 -0.752642 0
    outer loop
      vertex 114.309 86.4387 5.99
      vertex 114.452 86.3136 16.99
      vertex 114.309 86.4387 16.99
    endloop
  endfacet
  facet normal -0.65843 -0.752642 -0
    outer loop
      vertex 114.452 86.3136 16.99
      vertex 114.309 86.4387 5.99
      vertex 114.452 86.3136 5.99
    endloop
  endfacet
  facet normal -0.557382 -0.830256 0
    outer loop
      vertex 114.152 86.5441 5.99
      vertex 114.309 86.4387 16.99
      vertex 114.152 86.5441 16.99
    endloop
  endfacet
  facet normal -0.557382 -0.830256 -0
    outer loop
      vertex 114.309 86.4387 16.99
      vertex 114.152 86.5441 5.99
      vertex 114.309 86.4387 5.99
    endloop
  endfacet
  facet normal -0.320487 -0.947253 0
    outer loop
      vertex 113.802 86.6889 5.99
      vertex 113.982 86.628 16.99
      vertex 113.802 86.6889 16.99
    endloop
  endfacet
  facet normal -0.320487 -0.947253 -0
    outer loop
      vertex 113.982 86.628 16.99
      vertex 113.802 86.6889 5.99
      vertex 113.982 86.628 5.99
    endloop
  endfacet
  facet normal -0.195102 -0.980783 0
    outer loop
      vertex 113.616 86.7259 5.99
      vertex 113.802 86.6889 16.99
      vertex 113.616 86.7259 16.99
    endloop
  endfacet
  facet normal -0.195102 -0.980783 -0
    outer loop
      vertex 113.802 86.6889 16.99
      vertex 113.616 86.7259 5.99
      vertex 113.802 86.6889 5.99
    endloop
  endfacet
  facet normal -0.658132 0.752903 0
    outer loop
      vertex 114.452 84.263 5.99
      vertex 114.309 84.138 16.99
      vertex 114.452 84.263 16.99
    endloop
  endfacet
  facet normal -0.658132 0.752903 0
    outer loop
      vertex 114.309 84.138 16.99
      vertex 114.452 84.263 5.99
      vertex 114.309 84.138 5.99
    endloop
  endfacet
  facet normal -0.557382 0.830256 0
    outer loop
      vertex 114.309 84.138 5.99
      vertex 114.152 84.0326 16.99
      vertex 114.309 84.138 16.99
    endloop
  endfacet
  facet normal -0.557382 0.830256 0
    outer loop
      vertex 114.152 84.0326 16.99
      vertex 114.309 84.138 5.99
      vertex 114.152 84.0326 5.99
    endloop
  endfacet
  facet normal 0.658132 0.752903 -0
    outer loop
      vertex 112.544 84.138 5.99
      vertex 112.401 84.263 16.99
      vertex 112.544 84.138 16.99
    endloop
  endfacet
  facet normal 0.658132 0.752903 0
    outer loop
      vertex 112.401 84.263 16.99
      vertex 112.544 84.138 5.99
      vertex 112.401 84.263 5.99
    endloop
  endfacet
  facet normal 0.554943 0.831888 -0
    outer loop
      vertex 112.702 84.0326 5.99
      vertex 112.544 84.138 16.99
      vertex 112.702 84.0326 16.99
    endloop
  endfacet
  facet normal 0.554943 0.831888 0
    outer loop
      vertex 112.544 84.138 16.99
      vertex 112.702 84.0326 5.99
      vertex 112.544 84.138 5.99
    endloop
  endfacet
  facet normal 0.0651246 0.997877 -0
    outer loop
      vertex 113.427 83.8383 5.99
      vertex 113.237 83.8507 16.99
      vertex 113.427 83.8383 16.99
    endloop
  endfacet
  facet normal 0.0651246 0.997877 0
    outer loop
      vertex 113.237 83.8507 16.99
      vertex 113.427 83.8383 5.99
      vertex 113.237 83.8507 5.99
    endloop
  endfacet
  facet normal -0.320959 0.947093 0
    outer loop
      vertex 113.982 83.9487 5.99
      vertex 113.802 83.8877 16.99
      vertex 113.982 83.9487 16.99
    endloop
  endfacet
  facet normal -0.320959 0.947093 0
    outer loop
      vertex 113.802 83.8877 16.99
      vertex 113.982 83.9487 5.99
      vertex 113.802 83.8877 5.99
    endloop
  endfacet
  facet normal 0.832375 0.554213 0
    outer loop
      vertex 112.276 84.4056 16.99
      vertex 112.171 84.5633 5.99
      vertex 112.171 84.5633 16.99
    endloop
  endfacet
  facet normal 0.832375 0.554213 0
    outer loop
      vertex 112.171 84.5633 5.99
      vertex 112.276 84.4056 16.99
      vertex 112.276 84.4056 5.99
    endloop
  endfacet
  facet normal 0.751988 0.659176 0
    outer loop
      vertex 112.401 84.263 16.99
      vertex 112.276 84.4056 5.99
      vertex 112.276 84.4056 16.99
    endloop
  endfacet
  facet normal 0.751988 0.659176 0
    outer loop
      vertex 112.276 84.4056 5.99
      vertex 112.401 84.263 16.99
      vertex 112.401 84.263 5.99
    endloop
  endfacet
  facet normal 0.980783 0.195102 0
    outer loop
      vertex 112.026 84.9131 16.99
      vertex 111.989 85.0991 5.99
      vertex 111.989 85.0991 16.99
    endloop
  endfacet
  facet normal 0.980783 0.195102 0
    outer loop
      vertex 111.989 85.0991 5.99
      vertex 112.026 84.9131 16.99
      vertex 112.026 84.9131 5.99
    endloop
  endfacet
  facet normal 0.946876 0.3216 0
    outer loop
      vertex 112.087 84.7335 16.99
      vertex 112.026 84.9131 5.99
      vertex 112.026 84.9131 16.99
    endloop
  endfacet
  facet normal 0.946876 0.3216 0
    outer loop
      vertex 112.026 84.9131 5.99
      vertex 112.087 84.7335 16.99
      vertex 112.087 84.7335 5.99
    endloop
  endfacet
  facet normal 0.832375 -0.554213 0
    outer loop
      vertex 112.171 86.0133 16.99
      vertex 112.276 86.171 5.99
      vertex 112.276 86.171 16.99
    endloop
  endfacet
  facet normal 0.832375 -0.554213 0
    outer loop
      vertex 112.276 86.171 5.99
      vertex 112.171 86.0133 16.99
      vertex 112.171 86.0133 5.99
    endloop
  endfacet
  facet normal 0.89663 -0.44278 0
    outer loop
      vertex 112.087 85.8432 16.99
      vertex 112.171 86.0133 5.99
      vertex 112.171 86.0133 16.99
    endloop
  endfacet
  facet normal 0.89663 -0.44278 0
    outer loop
      vertex 112.171 86.0133 5.99
      vertex 112.087 85.8432 16.99
      vertex 112.087 85.8432 5.99
    endloop
  endfacet
  facet normal 0.980783 -0.195102 0
    outer loop
      vertex 111.989 85.4776 16.99
      vertex 112.026 85.6636 5.99
      vertex 112.026 85.6636 16.99
    endloop
  endfacet
  facet normal 0.980783 -0.195102 0
    outer loop
      vertex 112.026 85.6636 5.99
      vertex 111.989 85.4776 16.99
      vertex 111.989 85.4776 5.99
    endloop
  endfacet
  facet normal -0.946876 0.3216 0
    outer loop
      vertex 114.766 84.7335 5.99
      vertex 114.827 84.9131 16.99
      vertex 114.827 84.9131 5.99
    endloop
  endfacet
  facet normal -0.946876 0.3216 0
    outer loop
      vertex 114.827 84.9131 16.99
      vertex 114.766 84.7335 5.99
      vertex 114.766 84.7335 16.99
    endloop
  endfacet
  facet normal 0.442566 -0.896736 0
    outer loop
      vertex 112.702 86.5441 5.99
      vertex 112.872 86.628 16.99
      vertex 112.702 86.5441 16.99
    endloop
  endfacet
  facet normal 0.442566 -0.896736 0
    outer loop
      vertex 112.872 86.628 16.99
      vertex 112.702 86.5441 5.99
      vertex 112.872 86.628 5.99
    endloop
  endfacet
  facet normal 0.322566 0.946547 -0
    outer loop
      vertex 113.051 83.8877 5.99
      vertex 112.872 83.9487 16.99
      vertex 113.051 83.8877 16.99
    endloop
  endfacet
  facet normal 0.322566 0.946547 0
    outer loop
      vertex 112.872 83.9487 16.99
      vertex 113.051 83.8877 5.99
      vertex 112.872 83.9487 5.99
    endloop
  endfacet
  facet normal 0.688274 0.725451 -0
    outer loop
      vertex 115.548 162.363 4
      vertex 113.421 164.381 16.99
      vertex 115.548 162.363 16.99
    endloop
  endfacet
  facet normal 0.688274 0.725451 0
    outer loop
      vertex 113.421 164.381 16.99
      vertex 115.548 162.363 4
      vertex 113.421 164.381 4
    endloop
  endfacet
  facet normal -0.382689 0.923877 0
    outer loop
      vertex 55.8814 175.046 4
      vertex 53.1727 173.924 16.99
      vertex 55.8814 175.046 16.99
    endloop
  endfacet
  facet normal -0.382689 0.923877 0
    outer loop
      vertex 53.1727 173.924 16.99
      vertex 55.8814 175.046 4
      vertex 53.1727 173.924 4
    endloop
  endfacet
  facet normal -0.902582 0.430517 0
    outer loop
      vertex 24.7915 145.542 4
      vertex 26.0536 148.188 16.99
      vertex 26.0536 148.188 4
    endloop
  endfacet
  facet normal -0.902582 0.430517 0
    outer loop
      vertex 26.0536 148.188 16.99
      vertex 24.7915 145.542 4
      vertex 24.7915 145.542 16.99
    endloop
  endfacet
  facet normal 0.999655 -0.0262618 0
    outer loop
      vertex 131.873 119.834 16.99
      vertex 131.95 122.765 4
      vertex 131.95 122.765 16.99
    endloop
  endfacet
  facet normal 0.999655 -0.0262618 0
    outer loop
      vertex 131.95 122.765 4
      vertex 131.873 119.834 16.99
      vertex 131.873 119.834 4
    endloop
  endfacet
  facet normal 0.958788 0.284123 0
    outer loop
      vertex 130.042 137.259 16.99
      vertex 129.209 140.07 4
      vertex 129.209 140.07 16.99
    endloop
  endfacet
  facet normal 0.958788 0.284123 0
    outer loop
      vertex 129.209 140.07 4
      vertex 130.042 137.259 16.99
      vertex 130.042 137.259 4
    endloop
  endfacet
  facet normal 0.902463 0.430767 0
    outer loop
      vertex 127.109 145.542 16.99
      vertex 125.846 148.188 4
      vertex 125.846 148.188 16.99
    endloop
  endfacet
  facet normal 0.902463 0.430767 0
    outer loop
      vertex 125.846 148.188 4
      vertex 127.109 145.542 16.99
      vertex 127.109 145.542 4
    endloop
  endfacet
  facet normal 0.430794 0.90245 -0
    outer loop
      vertex 101.373 172.661 4
      vertex 98.7272 173.924 16.99
      vertex 101.373 172.661 16.99
    endloop
  endfacet
  facet normal 0.430794 0.90245 0
    outer loop
      vertex 98.7272 173.924 16.99
      vertex 101.373 172.661 4
      vertex 98.7272 173.924 4
    endloop
  endfacet
  facet normal -0.725434 0.688292 0
    outer loop
      vertex 34.3339 160.236 4
      vertex 36.352 162.363 16.99
      vertex 36.352 162.363 4
    endloop
  endfacet
  facet normal -0.725434 0.688292 0
    outer loop
      vertex 36.352 162.363 16.99
      vertex 34.3339 160.236 4
      vertex 34.3339 160.236 16.99
    endloop
  endfacet
  facet normal -0.182468 0.983212 0
    outer loop
      vertex 67.1897 178.076 4
      vertex 64.3069 177.541 16.99
      vertex 67.1897 178.076 16.99
    endloop
  endfacet
  facet normal -0.182468 0.983212 0
    outer loop
      vertex 64.3069 177.541 16.99
      vertex 67.1897 178.076 4
      vertex 64.3069 177.541 4
    endloop
  endfacet
  facet normal 0.923978 -0.382446 0
    outer loop
      vertex 127.109 99.9877 16.99
      vertex 128.23 102.696 4
      vertex 128.23 102.696 16.99
    endloop
  endfacet
  facet normal 0.923978 -0.382446 0
    outer loop
      vertex 128.23 102.696 4
      vertex 127.109 99.9877 16.99
      vertex 127.109 99.9877 4
    endloop
  endfacet
  facet normal -0.688343 -0.725385 0
    outer loop
      vertex 36.352 83.167 4
      vertex 38.4787 81.1489 16.99
      vertex 36.352 83.167 16.99
    endloop
  endfacet
  facet normal -0.688343 -0.725385 -0
    outer loop
      vertex 38.4787 81.1489 16.99
      vertex 36.352 83.167 4
      vertex 38.4787 81.1489 4
    endloop
  endfacet
  facet normal 0.996919 0.0784438 0
    outer loop
      vertex 131.873 125.696 16.99
      vertex 131.643 128.619 4
      vertex 131.643 128.619 16.99
    endloop
  endfacet
  facet normal 0.996919 0.0784438 0
    outer loop
      vertex 131.643 128.619 4
      vertex 131.873 125.696 16.99
      vertex 131.873 125.696 4
    endloop
  endfacet
  facet normal 0.983214 0.182456 0
    outer loop
      vertex 131.261 131.525 16.99
      vertex 130.726 134.408 4
      vertex 130.726 134.408 16.99
    endloop
  endfacet
  facet normal 0.983214 0.182456 0
    outer loop
      vertex 130.726 134.408 4
      vertex 131.261 131.525 16.99
      vertex 131.261 131.525 4
    endloop
  endfacet
  facet normal 0.824042 0.566529 0
    outer loop
      vertex 122.916 153.265 16.99
      vertex 121.255 155.681 4
      vertex 121.255 155.681 16.99
    endloop
  endfacet
  facet normal 0.824042 0.566529 0
    outer loop
      vertex 121.255 155.681 4
      vertex 122.916 153.265 16.99
      vertex 122.916 153.265 4
    endloop
  endfacet
  facet normal 0.725451 0.688274 0
    outer loop
      vertex 117.566 160.236 16.99
      vertex 115.548 162.363 4
      vertex 115.548 162.363 16.99
    endloop
  endfacet
  facet normal 0.725451 0.688274 0
    outer loop
      vertex 115.548 162.363 4
      vertex 117.566 160.236 16.99
      vertex 117.566 160.236 4
    endloop
  endfacet
  facet normal 0.608804 0.793321 -0
    outer loop
      vertex 111.192 166.285 4
      vertex 108.866 168.07 16.99
      vertex 111.192 166.285 16.99
    endloop
  endfacet
  facet normal 0.608804 0.793321 0
    outer loop
      vertex 108.866 168.07 16.99
      vertex 111.192 166.285 4
      vertex 108.866 168.07 4
    endloop
  endfacet
  facet normal 0.0784491 0.996918 -0
    outer loop
      vertex 81.8036 178.458 4
      vertex 78.8808 178.688 16.99
      vertex 81.8036 178.458 16.99
    endloop
  endfacet
  facet normal 0.0784491 0.996918 0
    outer loop
      vertex 78.8808 178.688 16.99
      vertex 81.8036 178.458 4
      vertex 78.8808 178.688 4
    endloop
  endfacet
  facet normal 0.233311 0.972402 -0
    outer loop
      vertex 90.4439 176.857 4
      vertex 87.5931 177.541 16.99
      vertex 90.4439 176.857 16.99
    endloop
  endfacet
  facet normal 0.233311 0.972402 0
    outer loop
      vertex 87.5931 177.541 16.99
      vertex 90.4439 176.857 4
      vertex 87.5931 177.541 4
    endloop
  endfacet
  facet normal -0.996916 0.0784777 0
    outer loop
      vertex 20.0267 125.696 4
      vertex 20.2568 128.619 16.99
      vertex 20.2568 128.619 4
    endloop
  endfacet
  facet normal -0.996916 0.0784777 0
    outer loop
      vertex 20.2568 128.619 16.99
      vertex 20.0267 125.696 4
      vertex 20.0267 125.696 16.99
    endloop
  endfacet
  facet normal -0.972367 0.233457 0
    outer loop
      vertex 21.1737 134.408 4
      vertex 21.8582 137.259 16.99
      vertex 21.8582 137.259 4
    endloop
  endfacet
  facet normal -0.972367 0.233457 0
    outer loop
      vertex 21.8582 137.259 16.99
      vertex 21.1737 134.408 4
      vertex 21.1737 134.408 16.99
    endloop
  endfacet
  facet normal -0.793354 0.608761 0
    outer loop
      vertex 30.645 155.681 4
      vertex 32.4298 158.007 16.99
      vertex 32.4298 158.007 4
    endloop
  endfacet
  facet normal -0.793354 0.608761 0
    outer loop
      vertex 32.4298 158.007 16.99
      vertex 30.645 155.681 4
      vertex 30.645 155.681 16.99
    endloop
  endfacet
  facet normal -0.0784491 0.996918 0
    outer loop
      vertex 73.0192 178.688 4
      vertex 70.0964 178.458 16.99
      vertex 73.0192 178.688 16.99
    endloop
  endfacet
  facet normal -0.0784491 0.996918 0
    outer loop
      vertex 70.0964 178.458 16.99
      vertex 73.0192 178.688 4
      vertex 70.0964 178.458 4
    endloop
  endfacet
  facet normal -0.566497 0.824064 0
    outer loop
      vertex 45.4502 169.731 4
      vertex 43.034 168.07 16.99
      vertex 45.4502 169.731 16.99
    endloop
  endfacet
  facet normal -0.566497 0.824064 0
    outer loop
      vertex 43.034 168.07 16.99
      vertex 45.4502 169.731 4
      vertex 43.034 168.07 4
    endloop
  endfacet
  facet normal -0.477178 0.878806 0
    outer loop
      vertex 50.5265 172.661 4
      vertex 47.95 171.262 16.99
      vertex 50.5265 172.661 16.99
    endloop
  endfacet
  facet normal -0.477178 0.878806 0
    outer loop
      vertex 47.95 171.262 16.99
      vertex 50.5265 172.661 4
      vertex 47.95 171.262 4
    endloop
  endfacet
  facet normal -0.688325 0.725402 0
    outer loop
      vertex 38.4787 164.381 4
      vertex 36.352 162.363 16.99
      vertex 38.4787 164.381 16.99
    endloop
  endfacet
  facet normal -0.688325 0.725402 0
    outer loop
      vertex 36.352 162.363 16.99
      vertex 38.4787 164.381 4
      vertex 36.352 162.363 4
    endloop
  endfacet
  facet normal 0.725402 -0.688325 0
    outer loop
      vertex 115.548 83.167 16.99
      vertex 117.566 85.2937 4
      vertex 117.566 85.2937 16.99
    endloop
  endfacet
  facet normal 0.725402 -0.688325 0
    outer loop
      vertex 117.566 85.2937 4
      vertex 115.548 83.167 16.99
      vertex 115.548 83.167 4
    endloop
  endfacet
  facet normal 0.688292 -0.725434 0
    outer loop
      vertex 113.421 81.1489 4
      vertex 115.548 83.167 16.99
      vertex 113.421 81.1489 16.99
    endloop
  endfacet
  facet normal 0.688292 -0.725434 0
    outer loop
      vertex 115.548 83.167 16.99
      vertex 113.421 81.1489 4
      vertex 115.548 83.167 4
    endloop
  endfacet
  facet normal -0.0261614 -0.999658 0
    outer loop
      vertex 73.0192 66.8417 4
      vertex 75.95 66.765 16.99
      vertex 73.0192 66.8417 16.99
    endloop
  endfacet
  facet normal -0.0261614 -0.999658 -0
    outer loop
      vertex 75.95 66.765 16.99
      vertex 73.0192 66.8417 4
      vertex 75.95 66.765 4
    endloop
  endfacet
  facet normal -0.283998 -0.958825 0
    outer loop
      vertex 58.6451 69.5058 4
      vertex 61.4561 68.6732 16.99
      vertex 58.6451 69.5058 16.99
    endloop
  endfacet
  facet normal -0.283998 -0.958825 -0
    outer loop
      vertex 61.4561 68.6732 16.99
      vertex 58.6451 69.5058 4
      vertex 61.4561 68.6732 4
    endloop
  endfacet
  facet normal -0.430491 -0.902595 0
    outer loop
      vertex 50.5265 72.8686 4
      vertex 53.1727 71.6065 16.99
      vertex 50.5265 72.8686 16.99
    endloop
  endfacet
  facet normal -0.430491 -0.902595 -0
    outer loop
      vertex 53.1727 71.6065 16.99
      vertex 50.5265 72.8686 4
      vertex 53.1727 71.6065 4
    endloop
  endfacet
  facet normal -0.608777 -0.793341 0
    outer loop
      vertex 40.7081 79.2448 4
      vertex 43.034 77.46 16.99
      vertex 40.7081 79.2448 16.99
    endloop
  endfacet
  facet normal -0.608777 -0.793341 -0
    outer loop
      vertex 43.034 77.46 16.99
      vertex 40.7081 79.2448 4
      vertex 43.034 77.46 4
    endloop
  endfacet
  facet normal -0.983263 -0.182192 0
    outer loop
      vertex 21.1737 111.122 4
      vertex 20.6395 114.005 16.99
      vertex 20.6395 114.005 4
    endloop
  endfacet
  facet normal -0.983263 -0.182192 0
    outer loop
      vertex 20.6395 114.005 16.99
      vertex 21.1737 111.122 4
      vertex 21.1737 111.122 16.99
    endloop
  endfacet
  facet normal -0.923857 -0.382737 0
    outer loop
      vertex 24.7915 99.9877 4
      vertex 23.6695 102.696 16.99
      vertex 23.6695 102.696 4
    endloop
  endfacet
  facet normal -0.923857 -0.382737 0
    outer loop
      vertex 23.6695 102.696 16.99
      vertex 24.7915 99.9877 4
      vertex 24.7915 99.9877 16.99
    endloop
  endfacet
  facet normal -0.824128 -0.566404 0
    outer loop
      vertex 30.645 89.849 4
      vertex 28.9844 92.2652 16.99
      vertex 28.9844 92.2652 4
    endloop
  endfacet
  facet normal -0.824128 -0.566404 0
    outer loop
      vertex 28.9844 92.2652 16.99
      vertex 30.645 89.849 4
      vertex 30.645 89.849 16.99
    endloop
  endfacet
  facet normal -0.725385 -0.688343 0
    outer loop
      vertex 36.352 83.167 4
      vertex 34.3339 85.2937 16.99
      vertex 34.3339 85.2937 4
    endloop
  endfacet
  facet normal -0.725385 -0.688343 0
    outer loop
      vertex 34.3339 85.2937 16.99
      vertex 36.352 83.167 4
      vertex 36.352 83.167 16.99
    endloop
  endfacet
  facet normal 0.991471 0.130331 0
    outer loop
      vertex 131.643 128.619 16.99
      vertex 131.261 131.525 4
      vertex 131.261 131.525 16.99
    endloop
  endfacet
  facet normal 0.991471 0.130331 0
    outer loop
      vertex 131.261 131.525 4
      vertex 131.643 128.619 16.99
      vertex 131.643 128.619 4
    endloop
  endfacet
  facet normal 0.923963 0.382482 0
    outer loop
      vertex 128.23 142.834 16.99
      vertex 127.109 145.542 4
      vertex 127.109 145.542 16.99
    endloop
  endfacet
  facet normal 0.923963 0.382482 0
    outer loop
      vertex 127.109 145.542 4
      vertex 128.23 142.834 16.99
      vertex 128.23 142.834 4
    endloop
  endfacet
  facet normal 0.942618 0.333872 0
    outer loop
      vertex 129.209 140.07 16.99
      vertex 128.23 142.834 4
      vertex 128.23 142.834 16.99
    endloop
  endfacet
  facet normal 0.942618 0.333872 0
    outer loop
      vertex 128.23 142.834 4
      vertex 129.209 140.07 16.99
      vertex 129.209 140.07 4
    endloop
  endfacet
  facet normal 0.972406 0.233296 0
    outer loop
      vertex 130.726 134.408 16.99
      vertex 130.042 137.259 4
      vertex 130.042 137.259 16.99
    endloop
  endfacet
  facet normal 0.972406 0.233296 0
    outer loop
      vertex 130.042 137.259 4
      vertex 130.726 134.408 16.99
      vertex 130.726 134.408 4
    endloop
  endfacet
  facet normal 0.878845 0.477107 0
    outer loop
      vertex 125.846 148.188 16.99
      vertex 124.447 150.765 4
      vertex 124.447 150.765 16.99
    endloop
  endfacet
  facet normal 0.878845 0.477107 0
    outer loop
      vertex 124.447 150.765 4
      vertex 125.846 148.188 16.99
      vertex 125.846 148.188 4
    endloop
  endfacet
  facet normal 0.852792 0.52225 0
    outer loop
      vertex 124.447 150.765 16.99
      vertex 122.916 153.265 4
      vertex 122.916 153.265 16.99
    endloop
  endfacet
  facet normal 0.852792 0.52225 0
    outer loop
      vertex 122.916 153.265 4
      vertex 124.447 150.765 16.99
      vertex 124.447 150.765 4
    endloop
  endfacet
  facet normal 0.760363 0.649498 0
    outer loop
      vertex 119.47 158.007 16.99
      vertex 117.566 160.236 4
      vertex 117.566 160.236 16.99
    endloop
  endfacet
  facet normal 0.760363 0.649498 0
    outer loop
      vertex 117.566 160.236 4
      vertex 119.47 158.007 16.99
      vertex 119.47 158.007 4
    endloop
  endfacet
  facet normal 0.793321 0.608804 0
    outer loop
      vertex 121.255 155.681 16.99
      vertex 119.47 158.007 4
      vertex 119.47 158.007 16.99
    endloop
  endfacet
  facet normal 0.793321 0.608804 0
    outer loop
      vertex 119.47 158.007 4
      vertex 121.255 155.681 16.99
      vertex 121.255 155.681 4
    endloop
  endfacet
  facet normal 0.0262636 0.999655 -0
    outer loop
      vertex 78.8808 178.688 4
      vertex 75.95 178.765 16.99
      vertex 78.8808 178.688 16.99
    endloop
  endfacet
  facet normal 0.0262636 0.999655 0
    outer loop
      vertex 75.95 178.765 16.99
      vertex 78.8808 178.688 4
      vertex 75.95 178.765 4
    endloop
  endfacet
  facet normal 0.649498 0.760363 -0
    outer loop
      vertex 113.421 164.381 4
      vertex 111.192 166.285 16.99
      vertex 113.421 164.381 16.99
    endloop
  endfacet
  facet normal 0.649498 0.760363 0
    outer loop
      vertex 111.192 166.285 16.99
      vertex 113.421 164.381 4
      vertex 111.192 166.285 4
    endloop
  endfacet
  facet normal 0.52225 0.852792 -0
    outer loop
      vertex 106.45 169.731 4
      vertex 103.95 171.262 16.99
      vertex 106.45 169.731 16.99
    endloop
  endfacet
  facet normal 0.52225 0.852792 0
    outer loop
      vertex 103.95 171.262 16.99
      vertex 106.45 169.731 4
      vertex 103.95 171.262 4
    endloop
  endfacet
  facet normal 0.477107 0.878845 -0
    outer loop
      vertex 103.95 171.262 4
      vertex 101.373 172.661 16.99
      vertex 103.95 171.262 16.99
    endloop
  endfacet
  facet normal 0.477107 0.878845 0
    outer loop
      vertex 101.373 172.661 16.99
      vertex 103.95 171.262 4
      vertex 101.373 172.661 4
    endloop
  endfacet
  facet normal 0.566529 0.824042 -0
    outer loop
      vertex 108.866 168.07 4
      vertex 106.45 169.731 16.99
      vertex 108.866 168.07 16.99
    endloop
  endfacet
  facet normal 0.566529 0.824042 0
    outer loop
      vertex 106.45 169.731 16.99
      vertex 108.866 168.07 4
      vertex 106.45 169.731 4
    endloop
  endfacet
  facet normal 0.333612 0.94271 -0
    outer loop
      vertex 96.0186 175.046 4
      vertex 93.255 176.024 16.99
      vertex 96.0186 175.046 16.99
    endloop
  endfacet
  facet normal 0.333612 0.94271 0
    outer loop
      vertex 93.255 176.024 16.99
      vertex 96.0186 175.046 4
      vertex 93.255 176.024 4
    endloop
  endfacet
  facet normal 0.382701 0.923872 -0
    outer loop
      vertex 98.7272 173.924 4
      vertex 96.0186 175.046 16.99
      vertex 98.7272 173.924 16.99
    endloop
  endfacet
  facet normal 0.382701 0.923872 0
    outer loop
      vertex 96.0186 175.046 16.99
      vertex 98.7272 173.924 4
      vertex 96.0186 175.046 4
    endloop
  endfacet
  facet normal 0.182468 0.983212 -0
    outer loop
      vertex 87.5931 177.541 4
      vertex 84.7103 178.076 16.99
      vertex 87.5931 177.541 16.99
    endloop
  endfacet
  facet normal 0.182468 0.983212 0
    outer loop
      vertex 84.7103 178.076 16.99
      vertex 87.5931 177.541 4
      vertex 84.7103 178.076 4
    endloop
  endfacet
  facet normal 0.1303 0.991475 -0
    outer loop
      vertex 84.7103 178.076 4
      vertex 81.8036 178.458 16.99
      vertex 84.7103 178.076 16.99
    endloop
  endfacet
  facet normal 0.1303 0.991475 0
    outer loop
      vertex 81.8036 178.458 16.99
      vertex 84.7103 178.076 4
      vertex 81.8036 178.458 4
    endloop
  endfacet
  facet normal 0.284114 0.958791 -0
    outer loop
      vertex 93.255 176.024 4
      vertex 90.4439 176.857 16.99
      vertex 93.255 176.024 16.99
    endloop
  endfacet
  facet normal 0.284114 0.958791 0
    outer loop
      vertex 90.4439 176.857 16.99
      vertex 93.255 176.024 4
      vertex 90.4439 176.857 4
    endloop
  endfacet
  facet normal -0.999658 0.0261596 0
    outer loop
      vertex 19.95 122.765 4
      vertex 20.0267 125.696 16.99
      vertex 20.0267 125.696 4
    endloop
  endfacet
  facet normal -0.999658 0.0261596 0
    outer loop
      vertex 20.0267 125.696 16.99
      vertex 19.95 122.765 4
      vertex 19.95 122.765 16.99
    endloop
  endfacet
  facet normal -0.94265 0.333781 0
    outer loop
      vertex 22.6908 140.07 4
      vertex 23.6695 142.834 16.99
      vertex 23.6695 142.834 4
    endloop
  endfacet
  facet normal -0.94265 0.333781 0
    outer loop
      vertex 23.6695 142.834 16.99
      vertex 22.6908 140.07 4
      vertex 22.6908 140.07 16.99
    endloop
  endfacet
  facet normal -0.923842 0.382774 0
    outer loop
      vertex 23.6695 142.834 4
      vertex 24.7915 145.542 16.99
      vertex 24.7915 145.542 4
    endloop
  endfacet
  facet normal -0.923842 0.382774 0
    outer loop
      vertex 24.7915 145.542 16.99
      vertex 23.6695 142.834 4
      vertex 23.6695 142.834 16.99
    endloop
  endfacet
  facet normal 0 0 1
    outer loop
      vertex 42.4266 159.997 16.99
      vertex 39.9109 160.431 16.99
      vertex 39.9233 160.242 16.99
    endloop
  endfacet
  facet normal 0 0 1
    outer loop
      vertex 43.7463 161.144 16.99
      vertex 39.8739 160.617 16.99
      vertex 39.9109 160.431 16.99
    endloop
  endfacet
  facet normal 0 0 1
    outer loop
      vertex 43.7463 161.144 16.99
      vertex 39.813 160.797 16.99
      vertex 39.8739 160.617 16.99
    endloop
  endfacet
  facet normal 0 0 1
    outer loop
      vertex 43.7463 161.144 16.99
      vertex 39.7291 160.967 16.99
      vertex 39.813 160.797 16.99
    endloop
  endfacet
  facet normal 0 0 1
    outer loop
      vertex 43.7463 161.144 16.99
      vertex 39.6237 161.124 16.99
      vertex 39.7291 160.967 16.99
    endloop
  endfacet
  facet normal 0 0 1
    outer loop
      vertex 43.7463 161.144 16.99
      vertex 39.4986 161.267 16.99
      vertex 39.6237 161.124 16.99
    endloop
  endfacet
  facet normal 0 0 1
    outer loop
      vertex 40.7081 166.285 16.99
      vertex 39.356 161.392 16.99
      vertex 39.4986 161.267 16.99
    endloop
  endfacet
  facet normal -0 0 1
    outer loop
      vertex 38.4787 164.381 16.99
      vertex 39.356 161.392 16.99
      vertex 40.7081 166.285 16.99
    endloop
  endfacet
  facet normal 0 0 1
    outer loop
      vertex 39.356 161.392 16.99
      vertex 38.4787 164.381 16.99
      vertex 39.1983 161.497 16.99
    endloop
  endfacet
  facet normal 0 0 1
    outer loop
      vertex 39.1983 161.497 16.99
      vertex 38.4787 164.381 16.99
      vertex 39.0282 161.581 16.99
    endloop
  endfacet
  facet normal 0 0 1
    outer loop
      vertex 39.0282 161.581 16.99
      vertex 38.4787 164.381 16.99
      vertex 38.8486 161.642 16.99
    endloop
  endfacet
  facet normal 0 0 1
    outer loop
      vertex 38.8486 161.642 16.99
      vertex 38.4787 164.381 16.99
      vertex 38.6626 161.679 16.99
    endloop
  endfacet
  facet normal 0 0 1
    outer loop
      vertex 38.4787 164.381 16.99
      vertex 38.4733 161.692 16.99
      vertex 38.6626 161.679 16.99
    endloop
  endfacet
  facet normal 0 0 1
    outer loop
      vertex 38.4787 164.381 16.99
      vertex 38.2841 161.679 16.99
      vertex 38.4733 161.692 16.99
    endloop
  endfacet
  facet normal 0 0 1
    outer loop
      vertex 38.4787 164.381 16.99
      vertex 38.0981 161.642 16.99
      vertex 38.2841 161.679 16.99
    endloop
  endfacet
  facet normal -0 0 1
    outer loop
      vertex 36.352 162.363 16.99
      vertex 38.0981 161.642 16.99
      vertex 38.4787 164.381 16.99
    endloop
  endfacet
  facet normal 0 0 1
    outer loop
      vertex 38.0981 161.642 16.99
      vertex 36.352 162.363 16.99
      vertex 37.9184 161.581 16.99
    endloop
  endfacet
  facet normal 0 0 1
    outer loop
      vertex 37.9184 161.581 16.99
      vertex 36.352 162.363 16.99
      vertex 37.7483 161.497 16.99
    endloop
  endfacet
  facet normal 0 0 1
    outer loop
      vertex 37.7483 161.497 16.99
      vertex 36.352 162.363 16.99
      vertex 37.5906 161.392 16.99
    endloop
  endfacet
  facet normal 0 0 1
    outer loop
      vertex 37.5906 161.392 16.99
      vertex 36.352 162.363 16.99
      vertex 37.448 161.267 16.99
    endloop
  endfacet
  facet normal 0 0 1
    outer loop
      vertex 37.448 161.267 16.99
      vertex 36.352 162.363 16.99
      vertex 37.323 161.124 16.99
    endloop
  endfacet
  facet normal 0 0 1
    outer loop
      vertex 37.323 161.124 16.99
      vertex 36.352 162.363 16.99
      vertex 37.2176 160.967 16.99
    endloop
  endfacet
  facet normal 0 0 1
    outer loop
      vertex 34.3339 160.236 16.99
      vertex 37.0233 160.242 16.99
      vertex 37.0357 160.431 16.99
    endloop
  endfacet
  facet normal 0 0 1
    outer loop
      vertex 37.2176 160.967 16.99
      vertex 36.352 162.363 16.99
      vertex 37.1337 160.797 16.99
    endloop
  endfacet
  facet normal 0 0 1
    outer loop
      vertex 36.352 162.363 16.99
      vertex 37.0728 160.617 16.99
      vertex 37.1337 160.797 16.99
    endloop
  endfacet
  facet normal 0 0 1
    outer loop
      vertex 34.3339 160.236 16.99
      vertex 37.0728 160.617 16.99
      vertex 36.352 162.363 16.99
    endloop
  endfacet
  facet normal 0 0 1
    outer loop
      vertex 37.0728 160.617 16.99
      vertex 34.3339 160.236 16.99
      vertex 37.0357 160.431 16.99
    endloop
  endfacet
  facet normal 0 0 1
    outer loop
      vertex 32.4298 158.007 16.99
      vertex 37.0233 160.242 16.99
      vertex 34.3339 160.236 16.99
    endloop
  endfacet
  facet normal 0 0 1
    outer loop
      vertex 37.0233 160.242 16.99
      vertex 32.4298 158.007 16.99
      vertex 36.4707 153.61 16.99
    endloop
  endfacet
  facet normal -0 0 1
    outer loop
      vertex 30.645 155.681 16.99
      vertex 36.4707 153.61 16.99
      vertex 32.4298 158.007 16.99
    endloop
  endfacet
  facet normal 0 0 1
    outer loop
      vertex 36.4707 153.61 16.99
      vertex 30.645 155.681 16.99
      vertex 35.4183 152.213 16.99
    endloop
  endfacet
  facet normal 0 0 1
    outer loop
      vertex 35.4183 152.213 16.99
      vertex 30.645 155.681 16.99
      vertex 34.4152 150.781 16.99
    endloop
  endfacet
  facet normal -0 0 1
    outer loop
      vertex 28.9844 153.265 16.99
      vertex 34.4152 150.781 16.99
      vertex 30.645 155.681 16.99
    endloop
  endfacet
  facet normal 0 0 1
    outer loop
      vertex 34.4152 150.781 16.99
      vertex 28.9844 153.265 16.99
      vertex 33.4628 149.314 16.99
    endloop
  endfacet
  facet normal -0 0 1
    outer loop
      vertex 27.4526 150.765 16.99
      vertex 33.4628 149.314 16.99
      vertex 28.9844 153.265 16.99
    endloop
  endfacet
  facet normal 0 0 1
    outer loop
      vertex 33.4628 149.314 16.99
      vertex 27.4526 150.765 16.99
      vertex 32.5621 147.815 16.99
    endloop
  endfacet
  facet normal 0 0 1
    outer loop
      vertex 32.5621 147.815 16.99
      vertex 27.4526 150.765 16.99
      vertex 31.7143 146.286 16.99
    endloop
  endfacet
  facet normal -0 0 1
    outer loop
      vertex 26.0536 148.188 16.99
      vertex 31.7143 146.286 16.99
      vertex 27.4526 150.765 16.99
    endloop
  endfacet
  facet normal 0 0 1
    outer loop
      vertex 31.7143 146.286 16.99
      vertex 26.0536 148.188 16.99
      vertex 30.9204 144.727 16.99
    endloop
  endfacet
  facet normal -0 0 1
    outer loop
      vertex 24.7915 145.542 16.99
      vertex 30.9204 144.727 16.99
      vertex 26.0536 148.188 16.99
    endloop
  endfacet
  facet normal 0 0 1
    outer loop
      vertex 30.9204 144.727 16.99
      vertex 24.7915 145.542 16.99
      vertex 30.1814 143.143 16.99
    endloop
  endfacet
  facet normal 0 0 1
    outer loop
      vertex 30.1814 143.143 16.99
      vertex 24.7915 145.542 16.99
      vertex 29.4981 141.533 16.99
    endloop
  endfacet
  facet normal -0 0 1
    outer loop
      vertex 23.6695 142.834 16.99
      vertex 29.4981 141.533 16.99
      vertex 24.7915 145.542 16.99
    endloop
  endfacet
  facet normal 0 0 1
    outer loop
      vertex 29.4981 141.533 16.99
      vertex 23.6695 142.834 16.99
      vertex 28.8714 139.9 16.99
    endloop
  endfacet
  facet normal -0 0 1
    outer loop
      vertex 22.6908 140.07 16.99
      vertex 28.8714 139.9 16.99
      vertex 23.6695 142.834 16.99
    endloop
  endfacet
  facet normal 0 0 1
    outer loop
      vertex 28.8714 139.9 16.99
      vertex 22.6908 140.07 16.99
      vertex 28.3021 138.247 16.99
    endloop
  endfacet
  facet normal 0 0 1
    outer loop
      vertex 28.3021 138.247 16.99
      vertex 22.6908 140.07 16.99
      vertex 27.7908 136.574 16.99
    endloop
  endfacet
  facet normal -0 0 1
    outer loop
      vertex 21.8582 137.259 16.99
      vertex 27.7908 136.574 16.99
      vertex 22.6908 140.07 16.99
    endloop
  endfacet
  facet normal 0 0 1
    outer loop
      vertex 27.7908 136.574 16.99
      vertex 21.8582 137.259 16.99
      vertex 27.3382 134.885 16.99
    endloop
  endfacet
  facet normal 0 0 1
    outer loop
      vertex 21.1737 134.408 16.99
      vertex 27.3382 134.885 16.99
      vertex 21.8582 137.259 16.99
    endloop
  endfacet
  facet normal 0 0 1
    outer loop
      vertex 27.3382 134.885 16.99
      vertex 21.1737 134.408 16.99
      vertex 26.9448 133.181 16.99
    endloop
  endfacet
  facet normal 0 0 1
    outer loop
      vertex 26.9448 133.181 16.99
      vertex 21.1737 134.408 16.99
      vertex 26.6111 131.465 16.99
    endloop
  endfacet
  facet normal -0 0 1
    outer loop
      vertex 20.6395 131.525 16.99
      vertex 26.6111 131.465 16.99
      vertex 21.1737 134.408 16.99
    endloop
  endfacet
  facet normal 0 0 1
    outer loop
      vertex 39.813 84.7335 16.99
      vertex 42.4266 85.5334 16.99
      vertex 39.8739 84.9131 16.99
    endloop
  endfacet
  facet normal 0 0 1
    outer loop
      vertex 39.7291 84.5633 16.99
      vertex 42.4266 85.5334 16.99
      vertex 39.813 84.7335 16.99
    endloop
  endfacet
  facet normal 0 0 1
    outer loop
      vertex 42.4266 85.5334 16.99
      vertex 39.7291 84.5633 16.99
      vertex 43.7463 84.3862 16.99
    endloop
  endfacet
  facet normal -0 0 1
    outer loop
      vertex 39.6237 84.4056 16.99
      vertex 43.7463 84.3862 16.99
      vertex 39.7291 84.5633 16.99
    endloop
  endfacet
  facet normal 0 0 1
    outer loop
      vertex 39.4986 84.263 16.99
      vertex 43.7463 84.3862 16.99
      vertex 39.6237 84.4056 16.99
    endloop
  endfacet
  facet normal 0 0 1
    outer loop
      vertex 43.7463 84.3862 16.99
      vertex 39.4986 84.263 16.99
      vertex 40.7081 79.2448 16.99
    endloop
  endfacet
  facet normal -0 0 1
    outer loop
      vertex 39.356 84.138 16.99
      vertex 40.7081 79.2448 16.99
      vertex 39.4986 84.263 16.99
    endloop
  endfacet
  facet normal 0 0 1
    outer loop
      vertex 38.4787 81.1489 16.99
      vertex 39.356 84.138 16.99
      vertex 39.1983 84.0326 16.99
    endloop
  endfacet
  facet normal 0 0 1
    outer loop
      vertex 38.4787 81.1489 16.99
      vertex 39.1983 84.0326 16.99
      vertex 39.0282 83.9487 16.99
    endloop
  endfacet
  facet normal 0 0 1
    outer loop
      vertex 38.4787 81.1489 16.99
      vertex 39.0282 83.9487 16.99
      vertex 38.8486 83.8877 16.99
    endloop
  endfacet
  facet normal 0 0 1
    outer loop
      vertex 38.4787 81.1489 16.99
      vertex 38.8486 83.8877 16.99
      vertex 38.6626 83.8507 16.99
    endloop
  endfacet
  facet normal 0 0 1
    outer loop
      vertex 39.356 84.138 16.99
      vertex 38.4787 81.1489 16.99
      vertex 40.7081 79.2448 16.99
    endloop
  endfacet
  facet normal -0 0 1
    outer loop
      vertex 38.4733 83.8383 16.99
      vertex 38.4787 81.1489 16.99
      vertex 38.6626 83.8507 16.99
    endloop
  endfacet
  facet normal 0 0 1
    outer loop
      vertex 38.2841 83.8507 16.99
      vertex 38.4787 81.1489 16.99
      vertex 38.4733 83.8383 16.99
    endloop
  endfacet
  facet normal 0 0 1
    outer loop
      vertex 38.0981 83.8877 16.99
      vertex 38.4787 81.1489 16.99
      vertex 38.2841 83.8507 16.99
    endloop
  endfacet
  facet normal 0 0 1
    outer loop
      vertex 36.352 83.167 16.99
      vertex 38.0981 83.8877 16.99
      vertex 37.9184 83.9487 16.99
    endloop
  endfacet
  facet normal 0 0 1
    outer loop
      vertex 36.352 83.167 16.99
      vertex 37.9184 83.9487 16.99
      vertex 37.7483 84.0326 16.99
    endloop
  endfacet
  facet normal 0 0 1
    outer loop
      vertex 36.352 83.167 16.99
      vertex 37.7483 84.0326 16.99
      vertex 37.5906 84.138 16.99
    endloop
  endfacet
  facet normal 0 0 1
    outer loop
      vertex 36.352 83.167 16.99
      vertex 37.5906 84.138 16.99
      vertex 37.448 84.263 16.99
    endloop
  endfacet
  facet normal 0 0 1
    outer loop
      vertex 36.352 83.167 16.99
      vertex 37.448 84.263 16.99
      vertex 37.323 84.4056 16.99
    endloop
  endfacet
  facet normal 0 0 1
    outer loop
      vertex 36.352 83.167 16.99
      vertex 37.323 84.4056 16.99
      vertex 37.2176 84.5633 16.99
    endloop
  endfacet
  facet normal 0 0 1
    outer loop
      vertex 36.352 83.167 16.99
      vertex 37.2176 84.5633 16.99
      vertex 37.1337 84.7335 16.99
    endloop
  endfacet
  facet normal 0 0 1
    outer loop
      vertex 37.0728 85.6636 16.99
      vertex 34.3339 85.2937 16.99
      vertex 37.0357 85.4776 16.99
    endloop
  endfacet
  facet normal 0 0 1
    outer loop
      vertex 38.0981 83.8877 16.99
      vertex 36.352 83.167 16.99
      vertex 38.4787 81.1489 16.99
    endloop
  endfacet
  facet normal 0 0 1
    outer loop
      vertex 37.0728 84.9131 16.99
      vertex 36.352 83.167 16.99
      vertex 37.1337 84.7335 16.99
    endloop
  endfacet
  facet normal 0 0 1
    outer loop
      vertex 34.3339 85.2937 16.99
      vertex 37.0728 84.9131 16.99
      vertex 37.0357 85.0991 16.99
    endloop
  endfacet
  facet normal 0 0 1
    outer loop
      vertex 37.0233 85.2883 16.99
      vertex 34.3339 85.2937 16.99
      vertex 37.0357 85.0991 16.99
    endloop
  endfacet
  facet normal 0 0 1
    outer loop
      vertex 30.645 89.849 16.99
      vertex 36.4707 91.9204 16.99
      vertex 35.4183 93.317 16.99
    endloop
  endfacet
  facet normal 0 0 1
    outer loop
      vertex 30.645 89.849 16.99
      vertex 35.4183 93.317 16.99
      vertex 34.4152 94.7494 16.99
    endloop
  endfacet
  facet normal 0 0 1
    outer loop
      vertex 37.0728 84.9131 16.99
      vertex 34.3339 85.2937 16.99
      vertex 36.352 83.167 16.99
    endloop
  endfacet
  facet normal 0 0 1
    outer loop
      vertex 28.9844 92.2652 16.99
      vertex 34.4152 94.7494 16.99
      vertex 33.4628 96.216 16.99
    endloop
  endfacet
  facet normal 0 0 1
    outer loop
      vertex 27.4526 94.765 16.99
      vertex 33.4628 96.216 16.99
      vertex 32.5621 97.715 16.99
    endloop
  endfacet
  facet normal 0 0 1
    outer loop
      vertex 37.0357 85.4776 16.99
      vertex 34.3339 85.2937 16.99
      vertex 37.0233 85.2883 16.99
    endloop
  endfacet
  facet normal 0 0 1
    outer loop
      vertex 27.4526 94.765 16.99
      vertex 32.5621 97.715 16.99
      vertex 31.7143 99.2445 16.99
    endloop
  endfacet
  facet normal 0 0 1
    outer loop
      vertex 26.0536 97.3415 16.99
      vertex 31.7143 99.2445 16.99
      vertex 30.9204 100.803 16.99
    endloop
  endfacet
  facet normal 0 0 1
    outer loop
      vertex 36.4707 91.9204 16.99
      vertex 30.645 89.849 16.99
      vertex 32.4298 87.5231 16.99
    endloop
  endfacet
  facet normal 0 0 1
    outer loop
      vertex 24.7915 99.9877 16.99
      vertex 30.9204 100.803 16.99
      vertex 30.1814 102.387 16.99
    endloop
  endfacet
  facet normal 0 0 1
    outer loop
      vertex 24.7915 99.9877 16.99
      vertex 30.1814 102.387 16.99
      vertex 29.4981 103.997 16.99
    endloop
  endfacet
  facet normal 0 0 1
    outer loop
      vertex 34.4152 94.7494 16.99
      vertex 28.9844 92.2652 16.99
      vertex 30.645 89.849 16.99
    endloop
  endfacet
  facet normal 0 0 1
    outer loop
      vertex 23.6695 102.696 16.99
      vertex 29.4981 103.997 16.99
      vertex 28.8714 105.63 16.99
    endloop
  endfacet
  facet normal 0 0 1
    outer loop
      vertex 22.6908 105.46 16.99
      vertex 28.8714 105.63 16.99
      vertex 28.3021 107.283 16.99
    endloop
  endfacet
  facet normal 0 0 1
    outer loop
      vertex 22.6908 105.46 16.99
      vertex 28.3021 107.283 16.99
      vertex 27.7908 108.956 16.99
    endloop
  endfacet
  facet normal 0 0 1
    outer loop
      vertex 33.4628 96.216 16.99
      vertex 27.4526 94.765 16.99
      vertex 28.9844 92.2652 16.99
    endloop
  endfacet
  facet normal 0 0 1
    outer loop
      vertex 21.8582 108.271 16.99
      vertex 27.7908 108.956 16.99
      vertex 27.3382 110.645 16.99
    endloop
  endfacet
  facet normal -0 0 1
    outer loop
      vertex 21.1737 111.122 16.99
      vertex 27.3382 110.645 16.99
      vertex 26.9448 112.349 16.99
    endloop
  endfacet
  facet normal 0 0 1
    outer loop
      vertex 21.1737 111.122 16.99
      vertex 26.9448 112.349 16.99
      vertex 26.6111 114.065 16.99
    endloop
  endfacet
  facet normal 0 0 1
    outer loop
      vertex 20.6395 114.005 16.99
      vertex 26.6111 114.065 16.99
      vertex 26.3376 115.792 16.99
    endloop
  endfacet
  facet normal -0 0 1
    outer loop
      vertex 20.2568 116.911 16.99
      vertex 26.3376 115.792 16.99
      vertex 26.1245 117.528 16.99
    endloop
  endfacet
  facet normal 0 0 1
    outer loop
      vertex 31.7143 99.2445 16.99
      vertex 26.0536 97.3415 16.99
      vertex 27.4526 94.765 16.99
    endloop
  endfacet
  facet normal 0 0 1
    outer loop
      vertex 20.2568 116.911 16.99
      vertex 26.1245 117.528 16.99
      vertex 25.972 119.27 16.99
    endloop
  endfacet
  facet normal -0 0 1
    outer loop
      vertex 20.0267 119.834 16.99
      vertex 25.972 119.27 16.99
      vertex 25.8805 121.017 16.99
    endloop
  endfacet
  facet normal -0 0 1
    outer loop
      vertex 19.95 122.765 16.99
      vertex 25.8805 121.017 16.99
      vertex 25.85 122.765 16.99
    endloop
  endfacet
  facet normal 0 0 1
    outer loop
      vertex 26.6111 131.465 16.99
      vertex 20.6395 131.525 16.99
      vertex 26.3376 129.738 16.99
    endloop
  endfacet
  facet normal 0 0 1
    outer loop
      vertex 30.9204 100.803 16.99
      vertex 24.7915 99.9877 16.99
      vertex 26.0536 97.3415 16.99
    endloop
  endfacet
  facet normal 0 0 1
    outer loop
      vertex 20.2568 128.619 16.99
      vertex 26.3376 129.738 16.99
      vertex 20.6395 131.525 16.99
    endloop
  endfacet
  facet normal 0 0 1
    outer loop
      vertex 29.4981 103.997 16.99
      vertex 23.6695 102.696 16.99
      vertex 24.7915 99.9877 16.99
    endloop
  endfacet
  facet normal 0 0 1
    outer loop
      vertex 26.3376 129.738 16.99
      vertex 20.2568 128.619 16.99
      vertex 26.1245 128.002 16.99
    endloop
  endfacet
  facet normal 0 0 1
    outer loop
      vertex 28.8714 105.63 16.99
      vertex 22.6908 105.46 16.99
      vertex 23.6695 102.696 16.99
    endloop
  endfacet
  facet normal 0 0 1
    outer loop
      vertex 26.1245 128.002 16.99
      vertex 20.2568 128.619 16.99
      vertex 25.972 126.26 16.99
    endloop
  endfacet
  facet normal 0 0 1
    outer loop
      vertex 27.7908 108.956 16.99
      vertex 21.8582 108.271 16.99
      vertex 22.6908 105.46 16.99
    endloop
  endfacet
  facet normal 0 0 1
    outer loop
      vertex 20.0267 125.696 16.99
      vertex 25.972 126.26 16.99
      vertex 20.2568 128.619 16.99
    endloop
  endfacet
  facet normal 0 0 1
    outer loop
      vertex 27.3382 110.645 16.99
      vertex 21.1737 111.122 16.99
      vertex 21.8582 108.271 16.99
    endloop
  endfacet
  facet normal 0 0 1
    outer loop
      vertex 25.972 126.26 16.99
      vertex 20.0267 125.696 16.99
      vertex 25.8805 124.513 16.99
    endloop
  endfacet
  facet normal 0 0 1
    outer loop
      vertex 26.6111 114.065 16.99
      vertex 20.6395 114.005 16.99
      vertex 21.1737 111.122 16.99
    endloop
  endfacet
  facet normal 0 0 1
    outer loop
      vertex 19.95 122.765 16.99
      vertex 25.8805 124.513 16.99
      vertex 20.0267 125.696 16.99
    endloop
  endfacet
  facet normal 0 0 1
    outer loop
      vertex 26.3376 115.792 16.99
      vertex 20.2568 116.911 16.99
      vertex 20.6395 114.005 16.99
    endloop
  endfacet
  facet normal 0 0 1
    outer loop
      vertex 25.8805 124.513 16.99
      vertex 19.95 122.765 16.99
      vertex 25.85 122.765 16.99
    endloop
  endfacet
  facet normal 0 0 1
    outer loop
      vertex 25.972 119.27 16.99
      vertex 20.0267 119.834 16.99
      vertex 20.2568 116.911 16.99
    endloop
  endfacet
  facet normal 0 0 1
    outer loop
      vertex 25.8805 121.017 16.99
      vertex 19.95 122.765 16.99
      vertex 20.0267 119.834 16.99
    endloop
  endfacet
  facet normal 0 0 1
    outer loop
      vertex 117.566 85.2937 16.99
      vertex 114.864 85.4776 16.99
      vertex 114.877 85.2883 16.99
    endloop
  endfacet
  facet normal 0 0 1
    outer loop
      vertex 119.47 87.5231 16.99
      vertex 114.827 85.6636 16.99
      vertex 114.864 85.4776 16.99
    endloop
  endfacet
  facet normal 0 0 1
    outer loop
      vertex 119.47 87.5231 16.99
      vertex 114.766 85.8432 16.99
      vertex 114.827 85.6636 16.99
    endloop
  endfacet
  facet normal 0 0 1
    outer loop
      vertex 119.47 87.5231 16.99
      vertex 114.682 86.0133 16.99
      vertex 114.766 85.8432 16.99
    endloop
  endfacet
  facet normal 0 0 1
    outer loop
      vertex 119.47 87.5231 16.99
      vertex 114.577 86.171 16.99
      vertex 114.682 86.0133 16.99
    endloop
  endfacet
  facet normal 0 -0 1
    outer loop
      vertex 114.452 86.3136 16.99
      vertex 119.47 87.5231 16.99
      vertex 114.329 90.5613 16.99
    endloop
  endfacet
  facet normal 0 0 1
    outer loop
      vertex 119.47 87.5231 16.99
      vertex 114.452 86.3136 16.99
      vertex 114.577 86.171 16.99
    endloop
  endfacet
  facet normal 0 0 1
    outer loop
      vertex 114.329 90.5613 16.99
      vertex 114.309 86.4387 16.99
      vertex 114.452 86.3136 16.99
    endloop
  endfacet
  facet normal 0 0 1
    outer loop
      vertex 114.329 90.5613 16.99
      vertex 114.152 86.5441 16.99
      vertex 114.309 86.4387 16.99
    endloop
  endfacet
  facet normal -0 0 1
    outer loop
      vertex 113.182 89.2416 16.99
      vertex 114.152 86.5441 16.99
      vertex 114.329 90.5613 16.99
    endloop
  endfacet
  facet normal 0 0 1
    outer loop
      vertex 114.152 86.5441 16.99
      vertex 113.182 89.2416 16.99
      vertex 113.982 86.628 16.99
    endloop
  endfacet
  facet normal 0 0 1
    outer loop
      vertex 113.982 86.628 16.99
      vertex 113.182 89.2416 16.99
      vertex 113.802 86.6889 16.99
    endloop
  endfacet
  facet normal 0 0 1
    outer loop
      vertex 113.802 86.6889 16.99
      vertex 113.182 89.2416 16.99
      vertex 113.616 86.7259 16.99
    endloop
  endfacet
  facet normal 0 0 1
    outer loop
      vertex 113.616 86.7259 16.99
      vertex 113.182 89.2416 16.99
      vertex 113.427 86.7383 16.99
    endloop
  endfacet
  facet normal 0 0 1
    outer loop
      vertex 113.427 86.7383 16.99
      vertex 113.182 89.2416 16.99
      vertex 113.237 86.7259 16.99
    endloop
  endfacet
  facet normal -0 0 1
    outer loop
      vertex 111.989 87.9626 16.99
      vertex 113.237 86.7259 16.99
      vertex 113.182 89.2416 16.99
    endloop
  endfacet
  facet normal 0 0 1
    outer loop
      vertex 113.237 86.7259 16.99
      vertex 111.989 87.9626 16.99
      vertex 113.051 86.6889 16.99
    endloop
  endfacet
  facet normal 0 0 1
    outer loop
      vertex 113.051 86.6889 16.99
      vertex 111.989 87.9626 16.99
      vertex 112.872 86.628 16.99
    endloop
  endfacet
  facet normal 0 0 1
    outer loop
      vertex 112.872 86.628 16.99
      vertex 111.989 87.9626 16.99
      vertex 112.702 86.5441 16.99
    endloop
  endfacet
  facet normal 0 0 1
    outer loop
      vertex 112.702 86.5441 16.99
      vertex 111.989 87.9626 16.99
      vertex 112.544 86.4387 16.99
    endloop
  endfacet
  facet normal 0 0 1
    outer loop
      vertex 112.544 86.4387 16.99
      vertex 111.989 87.9626 16.99
      vertex 112.401 86.3136 16.99
    endloop
  endfacet
  facet normal -0 0 1
    outer loop
      vertex 110.752 86.7261 16.99
      vertex 112.401 86.3136 16.99
      vertex 111.989 87.9626 16.99
    endloop
  endfacet
  facet normal 0 0 1
    outer loop
      vertex 112.401 86.3136 16.99
      vertex 110.752 86.7261 16.99
      vertex 112.276 86.171 16.99
    endloop
  endfacet
  facet normal 0 0 1
    outer loop
      vertex 112.276 86.171 16.99
      vertex 110.752 86.7261 16.99
      vertex 112.171 86.0133 16.99
    endloop
  endfacet
  facet normal 0 0 1
    outer loop
      vertex 112.171 86.0133 16.99
      vertex 110.752 86.7261 16.99
      vertex 112.087 85.8432 16.99
    endloop
  endfacet
  facet normal 0 0 1
    outer loop
      vertex 112.087 85.8432 16.99
      vertex 110.752 86.7261 16.99
      vertex 112.026 85.6636 16.99
    endloop
  endfacet
  facet normal 0 0 1
    outer loop
      vertex 112.026 85.6636 16.99
      vertex 110.752 86.7261 16.99
      vertex 111.989 85.4776 16.99
    endloop
  endfacet
  facet normal 0 0 1
    outer loop
      vertex 111.989 85.4776 16.99
      vertex 110.752 86.7261 16.99
      vertex 111.977 85.2883 16.99
    endloop
  endfacet
  facet normal -0 0 1
    outer loop
      vertex 109.473 85.5334 16.99
      vertex 111.977 85.2883 16.99
      vertex 110.752 86.7261 16.99
    endloop
  endfacet
  facet normal 0 0 1
    outer loop
      vertex 108.154 84.3862 16.99
      vertex 111.977 85.2883 16.99
      vertex 109.473 85.5334 16.99
    endloop
  endfacet
  facet normal 0 0 1
    outer loop
      vertex 111.977 85.2883 16.99
      vertex 108.154 84.3862 16.99
      vertex 111.192 79.2448 16.99
    endloop
  endfacet
  facet normal -0 0 1
    outer loop
      vertex 106.795 83.2857 16.99
      vertex 111.192 79.2448 16.99
      vertex 108.154 84.3862 16.99
    endloop
  endfacet
  facet normal 0 0 1
    outer loop
      vertex 111.192 79.2448 16.99
      vertex 106.795 83.2857 16.99
      vertex 108.866 77.46 16.99
    endloop
  endfacet
  facet normal -0 0 1
    outer loop
      vertex 105.398 82.2332 16.99
      vertex 108.866 77.46 16.99
      vertex 106.795 83.2857 16.99
    endloop
  endfacet
  facet normal -0 0 1
    outer loop
      vertex 103.966 81.2302 16.99
      vertex 108.866 77.46 16.99
      vertex 105.398 82.2332 16.99
    endloop
  endfacet
  facet normal 0 0 1
    outer loop
      vertex 108.866 77.46 16.99
      vertex 103.966 81.2302 16.99
      vertex 106.45 75.7994 16.99
    endloop
  endfacet
  facet normal -0 0 1
    outer loop
      vertex 102.499 80.2778 16.99
      vertex 106.45 75.7994 16.99
      vertex 103.966 81.2302 16.99
    endloop
  endfacet
  facet normal 0 0 1
    outer loop
      vertex 106.45 75.7994 16.99
      vertex 102.499 80.2778 16.99
      vertex 103.95 74.2676 16.99
    endloop
  endfacet
  facet normal -0 0 1
    outer loop
      vertex 101 79.3771 16.99
      vertex 103.95 74.2676 16.99
      vertex 102.499 80.2778 16.99
    endloop
  endfacet
  facet normal -0 0 1
    outer loop
      vertex 99.4705 78.5293 16.99
      vertex 103.95 74.2676 16.99
      vertex 101 79.3771 16.99
    endloop
  endfacet
  facet normal 0 0 1
    outer loop
      vertex 103.95 74.2676 16.99
      vertex 99.4705 78.5293 16.99
      vertex 101.373 72.8686 16.99
    endloop
  endfacet
  facet normal -0 0 1
    outer loop
      vertex 97.9124 77.7354 16.99
      vertex 101.373 72.8686 16.99
      vertex 99.4705 78.5293 16.99
    endloop
  endfacet
  facet normal 0 0 1
    outer loop
      vertex 101.373 72.8686 16.99
      vertex 97.9124 77.7354 16.99
      vertex 98.7272 71.6065 16.99
    endloop
  endfacet
  facet normal -0 0 1
    outer loop
      vertex 96.3275 76.9964 16.99
      vertex 98.7272 71.6065 16.99
      vertex 97.9124 77.7354 16.99
    endloop
  endfacet
  facet normal -0 0 1
    outer loop
      vertex 94.7178 76.3131 16.99
      vertex 98.7272 71.6065 16.99
      vertex 96.3275 76.9964 16.99
    endloop
  endfacet
  facet normal 0 0 1
    outer loop
      vertex 98.7272 71.6065 16.99
      vertex 94.7178 76.3131 16.99
      vertex 96.0186 70.4845 16.99
    endloop
  endfacet
  facet normal -0 0 1
    outer loop
      vertex 93.0852 75.6864 16.99
      vertex 96.0186 70.4845 16.99
      vertex 94.7178 76.3131 16.99
    endloop
  endfacet
  facet normal 0 0 1
    outer loop
      vertex 96.0186 70.4845 16.99
      vertex 93.0852 75.6864 16.99
      vertex 93.255 69.5058 16.99
    endloop
  endfacet
  facet normal -0 0 1
    outer loop
      vertex 91.4317 75.1171 16.99
      vertex 93.255 69.5058 16.99
      vertex 93.0852 75.6864 16.99
    endloop
  endfacet
  facet normal -0 0 1
    outer loop
      vertex 89.7594 74.6058 16.99
      vertex 93.255 69.5058 16.99
      vertex 91.4317 75.1171 16.99
    endloop
  endfacet
  facet normal 0 0 1
    outer loop
      vertex 93.255 69.5058 16.99
      vertex 89.7594 74.6058 16.99
      vertex 90.4439 68.6732 16.99
    endloop
  endfacet
  facet normal -0 0 1
    outer loop
      vertex 88.0703 74.1532 16.99
      vertex 90.4439 68.6732 16.99
      vertex 89.7594 74.6058 16.99
    endloop
  endfacet
  facet normal 0 0 1
    outer loop
      vertex 88.0703 74.1532 16.99
      vertex 87.5931 67.9887 16.99
      vertex 90.4439 68.6732 16.99
    endloop
  endfacet
  facet normal -0 0 1
    outer loop
      vertex 86.3664 73.7598 16.99
      vertex 87.5931 67.9887 16.99
      vertex 88.0703 74.1532 16.99
    endloop
  endfacet
  facet normal -0 0 1
    outer loop
      vertex 84.6498 73.4261 16.99
      vertex 87.5931 67.9887 16.99
      vertex 86.3664 73.7598 16.99
    endloop
  endfacet
  facet normal 0 0 1
    outer loop
      vertex 87.5931 67.9887 16.99
      vertex 84.6498 73.4261 16.99
      vertex 84.7103 67.4545 16.99
    endloop
  endfacet
  facet normal -0 0 1
    outer loop
      vertex 82.9226 73.1526 16.99
      vertex 84.7103 67.4545 16.99
      vertex 84.6498 73.4261 16.99
    endloop
  endfacet
  facet normal 0 0 1
    outer loop
      vertex 82.9226 73.1526 16.99
      vertex 81.8036 67.0718 16.99
      vertex 84.7103 67.4545 16.99
    endloop
  endfacet
  facet normal -0 0 1
    outer loop
      vertex 81.1869 72.9395 16.99
      vertex 81.8036 67.0718 16.99
      vertex 82.9226 73.1526 16.99
    endloop
  endfacet
  facet normal -0 0 1
    outer loop
      vertex 79.4448 72.787 16.99
      vertex 81.8036 67.0718 16.99
      vertex 81.1869 72.9395 16.99
    endloop
  endfacet
  facet normal 0 0 1
    outer loop
      vertex 79.4448 72.787 16.99
      vertex 78.8808 66.8417 16.99
      vertex 81.8036 67.0718 16.99
    endloop
  endfacet
  facet normal -0 0 1
    outer loop
      vertex 77.6985 72.6955 16.99
      vertex 78.8808 66.8417 16.99
      vertex 79.4448 72.787 16.99
    endloop
  endfacet
  facet normal 0 0 1
    outer loop
      vertex 75.95 66.765 16.99
      vertex 77.6985 72.6955 16.99
      vertex 75.95 72.665 16.99
    endloop
  endfacet
  facet normal 0 0 1
    outer loop
      vertex 77.6985 72.6955 16.99
      vertex 75.95 66.765 16.99
      vertex 78.8808 66.8417 16.99
    endloop
  endfacet
  facet normal 0 0 1
    outer loop
      vertex 74.2015 72.6955 16.99
      vertex 75.95 66.765 16.99
      vertex 75.95 72.665 16.99
    endloop
  endfacet
  facet normal 0 0 1
    outer loop
      vertex 74.2015 72.6955 16.99
      vertex 73.0192 66.8417 16.99
      vertex 75.95 66.765 16.99
    endloop
  endfacet
  facet normal 0 0 1
    outer loop
      vertex 72.4552 72.787 16.99
      vertex 73.0192 66.8417 16.99
      vertex 74.2015 72.6955 16.99
    endloop
  endfacet
  facet normal 0 0 1
    outer loop
      vertex 70.0964 67.0718 16.99
      vertex 72.4552 72.787 16.99
      vertex 70.7131 72.9395 16.99
    endloop
  endfacet
  facet normal 0 0 1
    outer loop
      vertex 72.4552 72.787 16.99
      vertex 70.0964 67.0718 16.99
      vertex 73.0192 66.8417 16.99
    endloop
  endfacet
  facet normal 0 0 1
    outer loop
      vertex 68.9774 73.1526 16.99
      vertex 70.0964 67.0718 16.99
      vertex 70.7131 72.9395 16.99
    endloop
  endfacet
  facet normal 0 0 1
    outer loop
      vertex 67.1897 67.4545 16.99
      vertex 68.9774 73.1526 16.99
      vertex 67.2502 73.4261 16.99
    endloop
  endfacet
  facet normal 0 0 1
    outer loop
      vertex 68.9774 73.1526 16.99
      vertex 67.1897 67.4545 16.99
      vertex 70.0964 67.0718 16.99
    endloop
  endfacet
  facet normal 0 0 1
    outer loop
      vertex 64.3069 67.9887 16.99
      vertex 67.2502 73.4261 16.99
      vertex 65.5336 73.7598 16.99
    endloop
  endfacet
  facet normal 0 0 1
    outer loop
      vertex 67.2502 73.4261 16.99
      vertex 64.3069 67.9887 16.99
      vertex 67.1897 67.4545 16.99
    endloop
  endfacet
  facet normal 0 0 1
    outer loop
      vertex 63.8297 74.1532 16.99
      vertex 64.3069 67.9887 16.99
      vertex 65.5336 73.7598 16.99
    endloop
  endfacet
  facet normal 0 0 1
    outer loop
      vertex 61.4561 68.6732 16.99
      vertex 63.8297 74.1532 16.99
      vertex 62.1406 74.6058 16.99
    endloop
  endfacet
  facet normal 0 0 1
    outer loop
      vertex 63.8297 74.1532 16.99
      vertex 61.4561 68.6732 16.99
      vertex 64.3069 67.9887 16.99
    endloop
  endfacet
  facet normal 0 0 1
    outer loop
      vertex 58.6451 69.5058 16.99
      vertex 62.1406 74.6058 16.99
      vertex 60.4683 75.1171 16.99
    endloop
  endfacet
  facet normal 0 0 1
    outer loop
      vertex 58.6451 69.5058 16.99
      vertex 60.4683 75.1171 16.99
      vertex 58.8148 75.6864 16.99
    endloop
  endfacet
  facet normal 0 0 1
    outer loop
      vertex 62.1406 74.6058 16.99
      vertex 58.6451 69.5058 16.99
      vertex 61.4561 68.6732 16.99
    endloop
  endfacet
  facet normal 0 0 1
    outer loop
      vertex 55.8814 70.4845 16.99
      vertex 58.8148 75.6864 16.99
      vertex 57.1822 76.3131 16.99
    endloop
  endfacet
  facet normal 0 0 1
    outer loop
      vertex 58.8148 75.6864 16.99
      vertex 55.8814 70.4845 16.99
      vertex 58.6451 69.5058 16.99
    endloop
  endfacet
  facet normal 0 0 1
    outer loop
      vertex 53.1727 71.6065 16.99
      vertex 57.1822 76.3131 16.99
      vertex 55.5725 76.9964 16.99
    endloop
  endfacet
  facet normal 0 0 1
    outer loop
      vertex 53.1727 71.6065 16.99
      vertex 55.5725 76.9964 16.99
      vertex 53.9876 77.7354 16.99
    endloop
  endfacet
  facet normal 0 0 1
    outer loop
      vertex 57.1822 76.3131 16.99
      vertex 53.1727 71.6065 16.99
      vertex 55.8814 70.4845 16.99
    endloop
  endfacet
  facet normal 0 0 1
    outer loop
      vertex 50.5265 72.8686 16.99
      vertex 53.9876 77.7354 16.99
      vertex 52.4295 78.5293 16.99
    endloop
  endfacet
  facet normal 0 0 1
    outer loop
      vertex 47.95 74.2676 16.99
      vertex 52.4295 78.5293 16.99
      vertex 50.9 79.3771 16.99
    endloop
  endfacet
  facet normal 0 0 1
    outer loop
      vertex 53.9876 77.7354 16.99
      vertex 50.5265 72.8686 16.99
      vertex 53.1727 71.6065 16.99
    endloop
  endfacet
  facet normal 0 0 1
    outer loop
      vertex 47.95 74.2676 16.99
      vertex 50.9 79.3771 16.99
      vertex 49.401 80.2778 16.99
    endloop
  endfacet
  facet normal 0 0 1
    outer loop
      vertex 52.4295 78.5293 16.99
      vertex 47.95 74.2676 16.99
      vertex 50.5265 72.8686 16.99
    endloop
  endfacet
  facet normal 0 0 1
    outer loop
      vertex 45.4502 75.7994 16.99
      vertex 49.401 80.2778 16.99
      vertex 47.9344 81.2302 16.99
    endloop
  endfacet
  facet normal 0 0 1
    outer loop
      vertex 43.034 77.46 16.99
      vertex 47.9344 81.2302 16.99
      vertex 46.502 82.2332 16.99
    endloop
  endfacet
  facet normal 0 0 1
    outer loop
      vertex 49.401 80.2778 16.99
      vertex 45.4502 75.7994 16.99
      vertex 47.95 74.2676 16.99
    endloop
  endfacet
  facet normal 0 0 1
    outer loop
      vertex 43.034 77.46 16.99
      vertex 46.502 82.2332 16.99
      vertex 45.1054 83.2857 16.99
    endloop
  endfacet
  facet normal 0 0 1
    outer loop
      vertex 40.7081 79.2448 16.99
      vertex 45.1054 83.2857 16.99
      vertex 43.7463 84.3862 16.99
    endloop
  endfacet
  facet normal 0 0 1
    outer loop
      vertex 47.9344 81.2302 16.99
      vertex 43.034 77.46 16.99
      vertex 45.4502 75.7994 16.99
    endloop
  endfacet
  facet normal 0 0 1
    outer loop
      vertex 39.9109 85.0991 16.99
      vertex 42.4266 85.5334 16.99
      vertex 39.9233 85.2883 16.99
    endloop
  endfacet
  facet normal 0 0 1
    outer loop
      vertex 39.9233 85.2883 16.99
      vertex 42.4266 85.5334 16.99
      vertex 41.1476 86.7261 16.99
    endloop
  endfacet
  facet normal 0 0 1
    outer loop
      vertex 45.1054 83.2857 16.99
      vertex 40.7081 79.2448 16.99
      vertex 43.034 77.46 16.99
    endloop
  endfacet
  facet normal 0 0 1
    outer loop
      vertex 39.8739 84.9131 16.99
      vertex 42.4266 85.5334 16.99
      vertex 39.9109 85.0991 16.99
    endloop
  endfacet
  facet normal 0 0 1
    outer loop
      vertex 39.4986 86.3136 16.99
      vertex 41.1476 86.7261 16.99
      vertex 39.9111 87.9626 16.99
    endloop
  endfacet
  facet normal 0 0 1
    outer loop
      vertex 41.1476 86.7261 16.99
      vertex 39.9109 85.4776 16.99
      vertex 39.9233 85.2883 16.99
    endloop
  endfacet
  facet normal 0 0 1
    outer loop
      vertex 41.1476 86.7261 16.99
      vertex 39.8739 85.6636 16.99
      vertex 39.9109 85.4776 16.99
    endloop
  endfacet
  facet normal 0 0 1
    outer loop
      vertex 41.1476 86.7261 16.99
      vertex 39.813 85.8432 16.99
      vertex 39.8739 85.6636 16.99
    endloop
  endfacet
  facet normal 0 0 1
    outer loop
      vertex 41.1476 86.7261 16.99
      vertex 39.7291 86.0133 16.99
      vertex 39.813 85.8432 16.99
    endloop
  endfacet
  facet normal 0 0 1
    outer loop
      vertex 41.1476 86.7261 16.99
      vertex 39.6237 86.171 16.99
      vertex 39.7291 86.0133 16.99
    endloop
  endfacet
  facet normal 0 0 1
    outer loop
      vertex 41.1476 86.7261 16.99
      vertex 39.4986 86.3136 16.99
      vertex 39.6237 86.171 16.99
    endloop
  endfacet
  facet normal 0 0 1
    outer loop
      vertex 39.9111 87.9626 16.99
      vertex 39.356 86.4387 16.99
      vertex 39.4986 86.3136 16.99
    endloop
  endfacet
  facet normal 0 0 1
    outer loop
      vertex 39.9111 87.9626 16.99
      vertex 39.1983 86.5441 16.99
      vertex 39.356 86.4387 16.99
    endloop
  endfacet
  facet normal 0 0 1
    outer loop
      vertex 39.9111 87.9626 16.99
      vertex 39.0282 86.628 16.99
      vertex 39.1983 86.5441 16.99
    endloop
  endfacet
  facet normal 0 0 1
    outer loop
      vertex 39.9111 87.9626 16.99
      vertex 38.8486 86.6889 16.99
      vertex 39.0282 86.628 16.99
    endloop
  endfacet
  facet normal 0 0 1
    outer loop
      vertex 38.6626 86.7259 16.99
      vertex 39.9111 87.9626 16.99
      vertex 38.7184 89.2416 16.99
    endloop
  endfacet
  facet normal 0 0 1
    outer loop
      vertex 39.9111 87.9626 16.99
      vertex 38.6626 86.7259 16.99
      vertex 38.8486 86.6889 16.99
    endloop
  endfacet
  facet normal 0 0 1
    outer loop
      vertex 38.7184 89.2416 16.99
      vertex 38.4733 86.7383 16.99
      vertex 38.6626 86.7259 16.99
    endloop
  endfacet
  facet normal 0 0 1
    outer loop
      vertex 38.7184 89.2416 16.99
      vertex 38.2841 86.7259 16.99
      vertex 38.4733 86.7383 16.99
    endloop
  endfacet
  facet normal 0 0 1
    outer loop
      vertex 38.7184 89.2416 16.99
      vertex 38.0981 86.6889 16.99
      vertex 38.2841 86.7259 16.99
    endloop
  endfacet
  facet normal 0 0 1
    outer loop
      vertex 38.7184 89.2416 16.99
      vertex 37.9184 86.628 16.99
      vertex 38.0981 86.6889 16.99
    endloop
  endfacet
  facet normal 0 0 1
    outer loop
      vertex 38.7184 89.2416 16.99
      vertex 37.7483 86.5441 16.99
      vertex 37.9184 86.628 16.99
    endloop
  endfacet
  facet normal 0 0 1
    outer loop
      vertex 37.5712 90.5613 16.99
      vertex 37.7483 86.5441 16.99
      vertex 38.7184 89.2416 16.99
    endloop
  endfacet
  facet normal 0 0 1
    outer loop
      vertex 37.7483 86.5441 16.99
      vertex 37.5712 90.5613 16.99
      vertex 37.5906 86.4387 16.99
    endloop
  endfacet
  facet normal 0 0 1
    outer loop
      vertex 37.5712 90.5613 16.99
      vertex 37.448 86.3136 16.99
      vertex 37.5906 86.4387 16.99
    endloop
  endfacet
  facet normal -0 0 1
    outer loop
      vertex 32.4298 87.5231 16.99
      vertex 37.448 86.3136 16.99
      vertex 37.5712 90.5613 16.99
    endloop
  endfacet
  facet normal 0 0 1
    outer loop
      vertex 32.4298 87.5231 16.99
      vertex 37.5712 90.5613 16.99
      vertex 36.4707 91.9204 16.99
    endloop
  endfacet
  facet normal 0 0 1
    outer loop
      vertex 37.448 86.3136 16.99
      vertex 32.4298 87.5231 16.99
      vertex 37.323 86.171 16.99
    endloop
  endfacet
  facet normal 0 -0 1
    outer loop
      vertex 34.3339 85.2937 16.99
      vertex 37.323 86.171 16.99
      vertex 32.4298 87.5231 16.99
    endloop
  endfacet
  facet normal 0 0 1
    outer loop
      vertex 37.323 86.171 16.99
      vertex 34.3339 85.2937 16.99
      vertex 37.2176 86.0133 16.99
    endloop
  endfacet
  facet normal 0 0 1
    outer loop
      vertex 37.1337 85.8432 16.99
      vertex 34.3339 85.2937 16.99
      vertex 37.0728 85.6636 16.99
    endloop
  endfacet
  facet normal 0 0 1
    outer loop
      vertex 37.2176 86.0133 16.99
      vertex 34.3339 85.2937 16.99
      vertex 37.1337 85.8432 16.99
    endloop
  endfacet
  facet normal -0 0 1
    outer loop
      vertex 126.019 124.513 16.99
      vertex 131.95 122.765 16.99
      vertex 131.873 125.696 16.99
    endloop
  endfacet
  facet normal -0 0 1
    outer loop
      vertex 125.928 126.26 16.99
      vertex 131.873 125.696 16.99
      vertex 131.643 128.619 16.99
    endloop
  endfacet
  facet normal 0 0 1
    outer loop
      vertex 131.95 122.765 16.99
      vertex 126.019 124.513 16.99
      vertex 126.05 122.765 16.99
    endloop
  endfacet
  facet normal -0 0 1
    outer loop
      vertex 125.562 129.738 16.99
      vertex 131.643 128.619 16.99
      vertex 131.261 131.525 16.99
    endloop
  endfacet
  facet normal 0 0 1
    outer loop
      vertex 126.019 121.017 16.99
      vertex 131.95 122.765 16.99
      vertex 126.05 122.765 16.99
    endloop
  endfacet
  facet normal 0 0 1
    outer loop
      vertex 125.289 131.465 16.99
      vertex 131.261 131.525 16.99
      vertex 130.726 134.408 16.99
    endloop
  endfacet
  facet normal 0 0 1
    outer loop
      vertex 131.95 122.765 16.99
      vertex 126.019 121.017 16.99
      vertex 131.873 119.834 16.99
    endloop
  endfacet
  facet normal -0 0 1
    outer loop
      vertex 124.562 134.885 16.99
      vertex 130.726 134.408 16.99
      vertex 130.042 137.259 16.99
    endloop
  endfacet
  facet normal 0 0 1
    outer loop
      vertex 125.928 119.27 16.99
      vertex 131.873 119.834 16.99
      vertex 126.019 121.017 16.99
    endloop
  endfacet
  facet normal 0 0 1
    outer loop
      vertex 124.109 136.574 16.99
      vertex 130.042 137.259 16.99
      vertex 129.209 140.07 16.99
    endloop
  endfacet
  facet normal 0 0 1
    outer loop
      vertex 131.873 119.834 16.99
      vertex 125.928 119.27 16.99
      vertex 131.643 116.911 16.99
    endloop
  endfacet
  facet normal 0 0 1
    outer loop
      vertex 123.029 139.9 16.99
      vertex 129.209 140.07 16.99
      vertex 128.23 142.834 16.99
    endloop
  endfacet
  facet normal -0 0 1
    outer loop
      vertex 125.776 117.528 16.99
      vertex 131.643 116.911 16.99
      vertex 125.928 119.27 16.99
    endloop
  endfacet
  facet normal 0 0 1
    outer loop
      vertex 122.402 141.533 16.99
      vertex 128.23 142.834 16.99
      vertex 127.109 145.542 16.99
    endloop
  endfacet
  facet normal 0 0 1
    outer loop
      vertex 125.562 115.792 16.99
      vertex 131.643 116.911 16.99
      vertex 125.776 117.528 16.99
    endloop
  endfacet
  facet normal -0 0 1
    outer loop
      vertex 125.289 114.065 16.99
      vertex 131.261 114.005 16.99
      vertex 125.562 115.792 16.99
    endloop
  endfacet
  facet normal 0 0 1
    outer loop
      vertex 131.643 116.911 16.99
      vertex 125.562 115.792 16.99
      vertex 131.261 114.005 16.99
    endloop
  endfacet
  facet normal 0 0 1
    outer loop
      vertex 131.873 125.696 16.99
      vertex 125.928 126.26 16.99
      vertex 126.019 124.513 16.99
    endloop
  endfacet
  facet normal 0 0 1
    outer loop
      vertex 120.98 144.727 16.99
      vertex 127.109 145.542 16.99
      vertex 125.846 148.188 16.99
    endloop
  endfacet
  facet normal 0 0 1
    outer loop
      vertex 131.643 128.619 16.99
      vertex 125.776 128.002 16.99
      vertex 125.928 126.26 16.99
    endloop
  endfacet
  facet normal 0 0 1
    outer loop
      vertex 131.643 128.619 16.99
      vertex 125.562 129.738 16.99
      vertex 125.776 128.002 16.99
    endloop
  endfacet
  facet normal 0 0 1
    outer loop
      vertex 131.261 131.525 16.99
      vertex 125.289 131.465 16.99
      vertex 125.562 129.738 16.99
    endloop
  endfacet
  facet normal 0 0 1
    outer loop
      vertex 130.726 134.408 16.99
      vertex 124.955 133.181 16.99
      vertex 125.289 131.465 16.99
    endloop
  endfacet
  facet normal 0 0 1
    outer loop
      vertex 130.726 134.408 16.99
      vertex 124.562 134.885 16.99
      vertex 124.955 133.181 16.99
    endloop
  endfacet
  facet normal 0 0 1
    outer loop
      vertex 120.186 146.286 16.99
      vertex 125.846 148.188 16.99
      vertex 124.447 150.765 16.99
    endloop
  endfacet
  facet normal 0 0 1
    outer loop
      vertex 130.042 137.259 16.99
      vertex 124.109 136.574 16.99
      vertex 124.562 134.885 16.99
    endloop
  endfacet
  facet normal 0 0 1
    outer loop
      vertex 129.209 140.07 16.99
      vertex 123.598 138.247 16.99
      vertex 124.109 136.574 16.99
    endloop
  endfacet
  facet normal 0 0 1
    outer loop
      vertex 129.209 140.07 16.99
      vertex 123.029 139.9 16.99
      vertex 123.598 138.247 16.99
    endloop
  endfacet
  facet normal 0 0 1
    outer loop
      vertex 118.437 149.314 16.99
      vertex 124.447 150.765 16.99
      vertex 122.916 153.265 16.99
    endloop
  endfacet
  facet normal 0 0 1
    outer loop
      vertex 128.23 142.834 16.99
      vertex 122.402 141.533 16.99
      vertex 123.029 139.9 16.99
    endloop
  endfacet
  facet normal 0 0 1
    outer loop
      vertex 127.109 145.542 16.99
      vertex 121.719 143.143 16.99
      vertex 122.402 141.533 16.99
    endloop
  endfacet
  facet normal 0 0 1
    outer loop
      vertex 117.485 150.781 16.99
      vertex 122.916 153.265 16.99
      vertex 121.255 155.681 16.99
    endloop
  endfacet
  facet normal 0 0 1
    outer loop
      vertex 127.109 145.542 16.99
      vertex 120.98 144.727 16.99
      vertex 121.719 143.143 16.99
    endloop
  endfacet
  facet normal 0 0 1
    outer loop
      vertex 125.846 148.188 16.99
      vertex 120.186 146.286 16.99
      vertex 120.98 144.727 16.99
    endloop
  endfacet
  facet normal 0 0 1
    outer loop
      vertex 115.429 153.61 16.99
      vertex 121.255 155.681 16.99
      vertex 119.47 158.007 16.99
    endloop
  endfacet
  facet normal 0 0 1
    outer loop
      vertex 124.447 150.765 16.99
      vertex 119.338 147.815 16.99
      vertex 120.186 146.286 16.99
    endloop
  endfacet
  facet normal 0 0 1
    outer loop
      vertex 124.447 150.765 16.99
      vertex 118.437 149.314 16.99
      vertex 119.338 147.815 16.99
    endloop
  endfacet
  facet normal -0 0 1
    outer loop
      vertex 114.577 159.359 16.99
      vertex 119.47 158.007 16.99
      vertex 117.566 160.236 16.99
    endloop
  endfacet
  facet normal 0 0 1
    outer loop
      vertex 122.916 153.265 16.99
      vertex 117.485 150.781 16.99
      vertex 118.437 149.314 16.99
    endloop
  endfacet
  facet normal 0 0 1
    outer loop
      vertex 121.255 155.681 16.99
      vertex 116.482 152.213 16.99
      vertex 117.485 150.781 16.99
    endloop
  endfacet
  facet normal -0 0 1
    outer loop
      vertex 114.827 160.617 16.99
      vertex 117.566 160.236 16.99
      vertex 115.548 162.363 16.99
    endloop
  endfacet
  facet normal 0 0 1
    outer loop
      vertex 114.827 159.866 16.99
      vertex 117.566 160.236 16.99
      vertex 114.864 160.052 16.99
    endloop
  endfacet
  facet normal 0 0 1
    outer loop
      vertex 117.566 160.236 16.99
      vertex 114.877 160.242 16.99
      vertex 114.864 160.052 16.99
    endloop
  endfacet
  facet normal 0 0 1
    outer loop
      vertex 117.566 160.236 16.99
      vertex 114.864 160.431 16.99
      vertex 114.877 160.242 16.99
    endloop
  endfacet
  facet normal 0 0 1
    outer loop
      vertex 117.566 160.236 16.99
      vertex 114.827 160.617 16.99
      vertex 114.864 160.431 16.99
    endloop
  endfacet
  facet normal 0 0 1
    outer loop
      vertex 115.548 162.363 16.99
      vertex 114.766 160.797 16.99
      vertex 114.827 160.617 16.99
    endloop
  endfacet
  facet normal 0 0 1
    outer loop
      vertex 115.548 162.363 16.99
      vertex 114.682 160.967 16.99
      vertex 114.766 160.797 16.99
    endloop
  endfacet
  facet normal 0 0 1
    outer loop
      vertex 115.548 162.363 16.99
      vertex 114.577 161.124 16.99
      vertex 114.682 160.967 16.99
    endloop
  endfacet
  facet normal 0 0 1
    outer loop
      vertex 115.548 162.363 16.99
      vertex 114.452 161.267 16.99
      vertex 114.577 161.124 16.99
    endloop
  endfacet
  facet normal 0 0 1
    outer loop
      vertex 115.548 162.363 16.99
      vertex 114.309 161.392 16.99
      vertex 114.452 161.267 16.99
    endloop
  endfacet
  facet normal 0 0 1
    outer loop
      vertex 115.548 162.363 16.99
      vertex 114.152 161.497 16.99
      vertex 114.309 161.392 16.99
    endloop
  endfacet
  facet normal 0 0 1
    outer loop
      vertex 115.548 162.363 16.99
      vertex 113.982 161.581 16.99
      vertex 114.152 161.497 16.99
    endloop
  endfacet
  facet normal 0 0 1
    outer loop
      vertex 115.548 162.363 16.99
      vertex 113.802 161.642 16.99
      vertex 113.982 161.581 16.99
    endloop
  endfacet
  facet normal 0 0 1
    outer loop
      vertex 113.421 164.381 16.99
      vertex 113.802 161.642 16.99
      vertex 115.548 162.363 16.99
    endloop
  endfacet
  facet normal 0 0 1
    outer loop
      vertex 113.802 161.642 16.99
      vertex 113.421 164.381 16.99
      vertex 113.616 161.679 16.99
    endloop
  endfacet
  facet normal 0 0 1
    outer loop
      vertex 113.616 161.679 16.99
      vertex 113.421 164.381 16.99
      vertex 113.427 161.692 16.99
    endloop
  endfacet
  facet normal 0 0 1
    outer loop
      vertex 113.421 164.381 16.99
      vertex 113.237 161.679 16.99
      vertex 113.427 161.692 16.99
    endloop
  endfacet
  facet normal 0 0 1
    outer loop
      vertex 113.421 164.381 16.99
      vertex 113.051 161.642 16.99
      vertex 113.237 161.679 16.99
    endloop
  endfacet
  facet normal 0 0 1
    outer loop
      vertex 113.421 164.381 16.99
      vertex 112.872 161.581 16.99
      vertex 113.051 161.642 16.99
    endloop
  endfacet
  facet normal 0 0 1
    outer loop
      vertex 113.421 164.381 16.99
      vertex 112.702 161.497 16.99
      vertex 112.872 161.581 16.99
    endloop
  endfacet
  facet normal 0 0 1
    outer loop
      vertex 113.421 164.381 16.99
      vertex 112.544 161.392 16.99
      vertex 112.702 161.497 16.99
    endloop
  endfacet
  facet normal 0 0 1
    outer loop
      vertex 111.192 166.285 16.99
      vertex 112.544 161.392 16.99
      vertex 113.421 164.381 16.99
    endloop
  endfacet
  facet normal 0 0 1
    outer loop
      vertex 112.544 161.392 16.99
      vertex 111.192 166.285 16.99
      vertex 112.401 161.267 16.99
    endloop
  endfacet
  facet normal 0 0 1
    outer loop
      vertex 108.154 161.144 16.99
      vertex 112.401 161.267 16.99
      vertex 111.192 166.285 16.99
    endloop
  endfacet
  facet normal 0 0 1
    outer loop
      vertex 112.401 161.267 16.99
      vertex 108.154 161.144 16.99
      vertex 112.276 161.124 16.99
    endloop
  endfacet
  facet normal 0 0 1
    outer loop
      vertex 112.087 160.797 16.99
      vertex 109.473 159.997 16.99
      vertex 112.026 160.617 16.99
    endloop
  endfacet
  facet normal 0 0 1
    outer loop
      vertex 112.171 160.967 16.99
      vertex 109.473 159.997 16.99
      vertex 112.087 160.797 16.99
    endloop
  endfacet
  facet normal 0 -0 1
    outer loop
      vertex 109.473 159.997 16.99
      vertex 112.171 160.967 16.99
      vertex 108.154 161.144 16.99
    endloop
  endfacet
  facet normal 0 0 1
    outer loop
      vertex 112.276 161.124 16.99
      vertex 108.154 161.144 16.99
      vertex 112.171 160.967 16.99
    endloop
  endfacet
  facet normal 0 0 1
    outer loop
      vertex 131.261 114.005 16.99
      vertex 125.289 114.065 16.99
      vertex 130.726 111.122 16.99
    endloop
  endfacet
  facet normal -0 0 1
    outer loop
      vertex 124.955 112.349 16.99
      vertex 130.726 111.122 16.99
      vertex 125.289 114.065 16.99
    endloop
  endfacet
  facet normal 0 0 1
    outer loop
      vertex 124.562 110.645 16.99
      vertex 130.726 111.122 16.99
      vertex 124.955 112.349 16.99
    endloop
  endfacet
  facet normal 0 0 1
    outer loop
      vertex 130.726 111.122 16.99
      vertex 124.562 110.645 16.99
      vertex 130.042 108.271 16.99
    endloop
  endfacet
  facet normal -0 0 1
    outer loop
      vertex 124.109 108.956 16.99
      vertex 130.042 108.271 16.99
      vertex 124.562 110.645 16.99
    endloop
  endfacet
  facet normal 0 0 1
    outer loop
      vertex 130.042 108.271 16.99
      vertex 124.109 108.956 16.99
      vertex 129.209 105.46 16.99
    endloop
  endfacet
  facet normal -0 0 1
    outer loop
      vertex 123.598 107.283 16.99
      vertex 129.209 105.46 16.99
      vertex 124.109 108.956 16.99
    endloop
  endfacet
  facet normal -0 0 1
    outer loop
      vertex 123.029 105.63 16.99
      vertex 129.209 105.46 16.99
      vertex 123.598 107.283 16.99
    endloop
  endfacet
  facet normal 0 0 1
    outer loop
      vertex 129.209 105.46 16.99
      vertex 123.029 105.63 16.99
      vertex 128.23 102.696 16.99
    endloop
  endfacet
  facet normal -0 0 1
    outer loop
      vertex 122.402 103.997 16.99
      vertex 128.23 102.696 16.99
      vertex 123.029 105.63 16.99
    endloop
  endfacet
  facet normal 0 0 1
    outer loop
      vertex 128.23 102.696 16.99
      vertex 122.402 103.997 16.99
      vertex 127.109 99.9877 16.99
    endloop
  endfacet
  facet normal -0 0 1
    outer loop
      vertex 121.719 102.387 16.99
      vertex 127.109 99.9877 16.99
      vertex 122.402 103.997 16.99
    endloop
  endfacet
  facet normal -0 0 1
    outer loop
      vertex 120.98 100.803 16.99
      vertex 127.109 99.9877 16.99
      vertex 121.719 102.387 16.99
    endloop
  endfacet
  facet normal 0 0 1
    outer loop
      vertex 127.109 99.9877 16.99
      vertex 120.98 100.803 16.99
      vertex 125.846 97.3415 16.99
    endloop
  endfacet
  facet normal -0 0 1
    outer loop
      vertex 120.186 99.2445 16.99
      vertex 125.846 97.3415 16.99
      vertex 120.98 100.803 16.99
    endloop
  endfacet
  facet normal 0 0 1
    outer loop
      vertex 125.846 97.3415 16.99
      vertex 120.186 99.2445 16.99
      vertex 124.447 94.765 16.99
    endloop
  endfacet
  facet normal -0 0 1
    outer loop
      vertex 119.338 97.715 16.99
      vertex 124.447 94.765 16.99
      vertex 120.186 99.2445 16.99
    endloop
  endfacet
  facet normal -0 0 1
    outer loop
      vertex 118.437 96.216 16.99
      vertex 124.447 94.765 16.99
      vertex 119.338 97.715 16.99
    endloop
  endfacet
  facet normal 0 0 1
    outer loop
      vertex 124.447 94.765 16.99
      vertex 118.437 96.216 16.99
      vertex 122.916 92.2652 16.99
    endloop
  endfacet
  facet normal -0 0 1
    outer loop
      vertex 117.485 94.7494 16.99
      vertex 122.916 92.2652 16.99
      vertex 118.437 96.216 16.99
    endloop
  endfacet
  facet normal 0 0 1
    outer loop
      vertex 122.916 92.2652 16.99
      vertex 117.485 94.7494 16.99
      vertex 121.255 89.849 16.99
    endloop
  endfacet
  facet normal -0 0 1
    outer loop
      vertex 116.482 93.317 16.99
      vertex 121.255 89.849 16.99
      vertex 117.485 94.7494 16.99
    endloop
  endfacet
  facet normal -0 0 1
    outer loop
      vertex 115.429 91.9204 16.99
      vertex 121.255 89.849 16.99
      vertex 116.482 93.317 16.99
    endloop
  endfacet
  facet normal 0 0 1
    outer loop
      vertex 121.255 89.849 16.99
      vertex 115.429 91.9204 16.99
      vertex 119.47 87.5231 16.99
    endloop
  endfacet
  facet normal -0 0 1
    outer loop
      vertex 114.329 90.5613 16.99
      vertex 119.47 87.5231 16.99
      vertex 115.429 91.9204 16.99
    endloop
  endfacet
  facet normal -0 0 1
    outer loop
      vertex 114.864 85.4776 16.99
      vertex 117.566 85.2937 16.99
      vertex 119.47 87.5231 16.99
    endloop
  endfacet
  facet normal 0 0 1
    outer loop
      vertex 114.864 85.0991 16.99
      vertex 117.566 85.2937 16.99
      vertex 114.877 85.2883 16.99
    endloop
  endfacet
  facet normal 0 0 1
    outer loop
      vertex 114.827 84.9131 16.99
      vertex 117.566 85.2937 16.99
      vertex 114.864 85.0991 16.99
    endloop
  endfacet
  facet normal 0 0 1
    outer loop
      vertex 117.566 85.2937 16.99
      vertex 114.827 84.9131 16.99
      vertex 115.548 83.167 16.99
    endloop
  endfacet
  facet normal -0 0 1
    outer loop
      vertex 114.766 84.7335 16.99
      vertex 115.548 83.167 16.99
      vertex 114.827 84.9131 16.99
    endloop
  endfacet
  facet normal -0 0 1
    outer loop
      vertex 114.682 84.5633 16.99
      vertex 115.548 83.167 16.99
      vertex 114.766 84.7335 16.99
    endloop
  endfacet
  facet normal -0 0 1
    outer loop
      vertex 114.577 84.4056 16.99
      vertex 115.548 83.167 16.99
      vertex 114.682 84.5633 16.99
    endloop
  endfacet
  facet normal -0 0 1
    outer loop
      vertex 114.452 84.263 16.99
      vertex 115.548 83.167 16.99
      vertex 114.577 84.4056 16.99
    endloop
  endfacet
  facet normal -0 0 1
    outer loop
      vertex 114.309 84.138 16.99
      vertex 115.548 83.167 16.99
      vertex 114.452 84.263 16.99
    endloop
  endfacet
  facet normal -0 0 1
    outer loop
      vertex 114.152 84.0326 16.99
      vertex 115.548 83.167 16.99
      vertex 114.309 84.138 16.99
    endloop
  endfacet
  facet normal -0 0 1
    outer loop
      vertex 113.982 83.9487 16.99
      vertex 115.548 83.167 16.99
      vertex 114.152 84.0326 16.99
    endloop
  endfacet
  facet normal -0 0 1
    outer loop
      vertex 113.802 83.8877 16.99
      vertex 115.548 83.167 16.99
      vertex 113.982 83.9487 16.99
    endloop
  endfacet
  facet normal 0 0 1
    outer loop
      vertex 113.421 81.1489 16.99
      vertex 113.802 83.8877 16.99
      vertex 113.616 83.8507 16.99
    endloop
  endfacet
  facet normal 0 0 1
    outer loop
      vertex 113.421 81.1489 16.99
      vertex 113.616 83.8507 16.99
      vertex 113.427 83.8383 16.99
    endloop
  endfacet
  facet normal 0 0 1
    outer loop
      vertex 113.802 83.8877 16.99
      vertex 113.421 81.1489 16.99
      vertex 115.548 83.167 16.99
    endloop
  endfacet
  facet normal 0 0 1
    outer loop
      vertex 113.237 83.8507 16.99
      vertex 113.421 81.1489 16.99
      vertex 113.427 83.8383 16.99
    endloop
  endfacet
  facet normal 0 0 1
    outer loop
      vertex 113.051 83.8877 16.99
      vertex 113.421 81.1489 16.99
      vertex 113.237 83.8507 16.99
    endloop
  endfacet
  facet normal 0 0 1
    outer loop
      vertex 112.872 83.9487 16.99
      vertex 113.421 81.1489 16.99
      vertex 113.051 83.8877 16.99
    endloop
  endfacet
  facet normal 0 0 1
    outer loop
      vertex 112.702 84.0326 16.99
      vertex 113.421 81.1489 16.99
      vertex 112.872 83.9487 16.99
    endloop
  endfacet
  facet normal 0 0 1
    outer loop
      vertex 112.544 84.138 16.99
      vertex 113.421 81.1489 16.99
      vertex 112.702 84.0326 16.99
    endloop
  endfacet
  facet normal 0 0 1
    outer loop
      vertex 111.192 79.2448 16.99
      vertex 112.544 84.138 16.99
      vertex 112.401 84.263 16.99
    endloop
  endfacet
  facet normal 0 0 1
    outer loop
      vertex 111.192 79.2448 16.99
      vertex 112.401 84.263 16.99
      vertex 112.276 84.4056 16.99
    endloop
  endfacet
  facet normal 0 0 1
    outer loop
      vertex 111.192 79.2448 16.99
      vertex 112.276 84.4056 16.99
      vertex 112.171 84.5633 16.99
    endloop
  endfacet
  facet normal 0 0 1
    outer loop
      vertex 111.192 79.2448 16.99
      vertex 112.171 84.5633 16.99
      vertex 112.087 84.7335 16.99
    endloop
  endfacet
  facet normal 0 0 1
    outer loop
      vertex 112.544 84.138 16.99
      vertex 111.192 79.2448 16.99
      vertex 113.421 81.1489 16.99
    endloop
  endfacet
  facet normal 0 0 1
    outer loop
      vertex 112.026 84.9131 16.99
      vertex 111.192 79.2448 16.99
      vertex 112.087 84.7335 16.99
    endloop
  endfacet
  facet normal 0 0 1
    outer loop
      vertex 111.989 85.0991 16.99
      vertex 111.192 79.2448 16.99
      vertex 112.026 84.9131 16.99
    endloop
  endfacet
  facet normal 0 0 1
    outer loop
      vertex 111.192 79.2448 16.99
      vertex 111.989 85.0991 16.99
      vertex 111.977 85.2883 16.99
    endloop
  endfacet
  facet normal 0 0 1
    outer loop
      vertex 114.766 159.687 16.99
      vertex 117.566 160.236 16.99
      vertex 114.827 159.866 16.99
    endloop
  endfacet
  facet normal 0 0 1
    outer loop
      vertex 121.255 155.681 16.99
      vertex 115.429 153.61 16.99
      vertex 116.482 152.213 16.99
    endloop
  endfacet
  facet normal 0 0 1
    outer loop
      vertex 114.682 159.517 16.99
      vertex 117.566 160.236 16.99
      vertex 114.766 159.687 16.99
    endloop
  endfacet
  facet normal 0 0 1
    outer loop
      vertex 114.577 159.359 16.99
      vertex 117.566 160.236 16.99
      vertex 114.682 159.517 16.99
    endloop
  endfacet
  facet normal 0 0 1
    outer loop
      vertex 119.47 158.007 16.99
      vertex 114.577 159.359 16.99
      vertex 114.452 159.216 16.99
    endloop
  endfacet
  facet normal 0 0 1
    outer loop
      vertex 119.47 158.007 16.99
      vertex 114.452 159.216 16.99
      vertex 114.329 154.969 16.99
    endloop
  endfacet
  facet normal 0 0 1
    outer loop
      vertex 119.47 158.007 16.99
      vertex 114.329 154.969 16.99
      vertex 115.429 153.61 16.99
    endloop
  endfacet
  facet normal -0 0 1
    outer loop
      vertex 114.309 159.091 16.99
      vertex 114.329 154.969 16.99
      vertex 114.452 159.216 16.99
    endloop
  endfacet
  facet normal -0 0 1
    outer loop
      vertex 114.152 158.986 16.99
      vertex 114.329 154.969 16.99
      vertex 114.309 159.091 16.99
    endloop
  endfacet
  facet normal 0 0 1
    outer loop
      vertex 113.182 156.288 16.99
      vertex 114.152 158.986 16.99
      vertex 113.982 158.902 16.99
    endloop
  endfacet
  facet normal 0 0 1
    outer loop
      vertex 113.182 156.288 16.99
      vertex 113.982 158.902 16.99
      vertex 113.802 158.841 16.99
    endloop
  endfacet
  facet normal 0 0 1
    outer loop
      vertex 113.182 156.288 16.99
      vertex 113.802 158.841 16.99
      vertex 113.616 158.804 16.99
    endloop
  endfacet
  facet normal 0 0 1
    outer loop
      vertex 113.182 156.288 16.99
      vertex 113.616 158.804 16.99
      vertex 113.427 158.792 16.99
    endloop
  endfacet
  facet normal 0 0 1
    outer loop
      vertex 113.182 156.288 16.99
      vertex 113.427 158.792 16.99
      vertex 113.237 158.804 16.99
    endloop
  endfacet
  facet normal 0 0 1
    outer loop
      vertex 114.152 158.986 16.99
      vertex 113.182 156.288 16.99
      vertex 114.329 154.969 16.99
    endloop
  endfacet
  facet normal 0 0 1
    outer loop
      vertex 111.989 157.567 16.99
      vertex 113.237 158.804 16.99
      vertex 113.051 158.841 16.99
    endloop
  endfacet
  facet normal 0 0 1
    outer loop
      vertex 111.989 157.567 16.99
      vertex 113.051 158.841 16.99
      vertex 112.872 158.902 16.99
    endloop
  endfacet
  facet normal 0 0 1
    outer loop
      vertex 111.989 157.567 16.99
      vertex 112.872 158.902 16.99
      vertex 112.702 158.986 16.99
    endloop
  endfacet
  facet normal 0 0 1
    outer loop
      vertex 111.989 157.567 16.99
      vertex 112.702 158.986 16.99
      vertex 112.544 159.091 16.99
    endloop
  endfacet
  facet normal 0 0 1
    outer loop
      vertex 111.989 157.567 16.99
      vertex 112.544 159.091 16.99
      vertex 112.401 159.216 16.99
    endloop
  endfacet
  facet normal 0 0 1
    outer loop
      vertex 110.752 158.804 16.99
      vertex 112.401 159.216 16.99
      vertex 112.276 159.359 16.99
    endloop
  endfacet
  facet normal 0 0 1
    outer loop
      vertex 110.752 158.804 16.99
      vertex 112.276 159.359 16.99
      vertex 112.171 159.517 16.99
    endloop
  endfacet
  facet normal 0 0 1
    outer loop
      vertex 110.752 158.804 16.99
      vertex 112.171 159.517 16.99
      vertex 112.087 159.687 16.99
    endloop
  endfacet
  facet normal 0 0 1
    outer loop
      vertex 110.752 158.804 16.99
      vertex 112.087 159.687 16.99
      vertex 112.026 159.866 16.99
    endloop
  endfacet
  facet normal 0 0 1
    outer loop
      vertex 113.237 158.804 16.99
      vertex 111.989 157.567 16.99
      vertex 113.182 156.288 16.99
    endloop
  endfacet
  facet normal 0 0 1
    outer loop
      vertex 110.752 158.804 16.99
      vertex 112.026 159.866 16.99
      vertex 111.989 160.052 16.99
    endloop
  endfacet
  facet normal 0 0 1
    outer loop
      vertex 110.752 158.804 16.99
      vertex 111.989 160.052 16.99
      vertex 111.977 160.242 16.99
    endloop
  endfacet
  facet normal 0 0 1
    outer loop
      vertex 112.026 160.617 16.99
      vertex 109.473 159.997 16.99
      vertex 111.989 160.431 16.99
    endloop
  endfacet
  facet normal 0 0 1
    outer loop
      vertex 112.401 159.216 16.99
      vertex 110.752 158.804 16.99
      vertex 111.989 157.567 16.99
    endloop
  endfacet
  facet normal 0 0 1
    outer loop
      vertex 111.977 160.242 16.99
      vertex 109.473 159.997 16.99
      vertex 110.752 158.804 16.99
    endloop
  endfacet
  facet normal 0 0 1
    outer loop
      vertex 106.795 162.244 16.99
      vertex 111.192 166.285 16.99
      vertex 108.866 168.07 16.99
    endloop
  endfacet
  facet normal 0 0 1
    outer loop
      vertex 111.989 160.431 16.99
      vertex 109.473 159.997 16.99
      vertex 111.977 160.242 16.99
    endloop
  endfacet
  facet normal 0 0 1
    outer loop
      vertex 111.192 166.285 16.99
      vertex 106.795 162.244 16.99
      vertex 108.154 161.144 16.99
    endloop
  endfacet
  facet normal 0 0 1
    outer loop
      vertex 103.966 164.3 16.99
      vertex 108.866 168.07 16.99
      vertex 106.45 169.731 16.99
    endloop
  endfacet
  facet normal 0 0 1
    outer loop
      vertex 108.866 168.07 16.99
      vertex 105.398 163.297 16.99
      vertex 106.795 162.244 16.99
    endloop
  endfacet
  facet normal 0 0 1
    outer loop
      vertex 108.866 168.07 16.99
      vertex 103.966 164.3 16.99
      vertex 105.398 163.297 16.99
    endloop
  endfacet
  facet normal 0 0 1
    outer loop
      vertex 102.499 165.252 16.99
      vertex 106.45 169.731 16.99
      vertex 103.95 171.262 16.99
    endloop
  endfacet
  facet normal 0 0 1
    outer loop
      vertex 106.45 169.731 16.99
      vertex 102.499 165.252 16.99
      vertex 103.966 164.3 16.99
    endloop
  endfacet
  facet normal 0 0 1
    outer loop
      vertex 99.4705 167.001 16.99
      vertex 103.95 171.262 16.99
      vertex 101.373 172.661 16.99
    endloop
  endfacet
  facet normal 0 0 1
    outer loop
      vertex 103.95 171.262 16.99
      vertex 101 166.153 16.99
      vertex 102.499 165.252 16.99
    endloop
  endfacet
  facet normal 0 0 1
    outer loop
      vertex 103.95 171.262 16.99
      vertex 99.4705 167.001 16.99
      vertex 101 166.153 16.99
    endloop
  endfacet
  facet normal 0 0 1
    outer loop
      vertex 97.9124 167.795 16.99
      vertex 101.373 172.661 16.99
      vertex 98.7272 173.924 16.99
    endloop
  endfacet
  facet normal 0 0 1
    outer loop
      vertex 101.373 172.661 16.99
      vertex 97.9124 167.795 16.99
      vertex 99.4705 167.001 16.99
    endloop
  endfacet
  facet normal 0 0 1
    outer loop
      vertex 98.7272 173.924 16.99
      vertex 96.3275 168.534 16.99
      vertex 97.9124 167.795 16.99
    endloop
  endfacet
  facet normal 0 0 1
    outer loop
      vertex 94.7178 169.217 16.99
      vertex 98.7272 173.924 16.99
      vertex 96.0186 175.046 16.99
    endloop
  endfacet
  facet normal 0 0 1
    outer loop
      vertex 98.7272 173.924 16.99
      vertex 94.7178 169.217 16.99
      vertex 96.3275 168.534 16.99
    endloop
  endfacet
  facet normal 0 0 1
    outer loop
      vertex 93.0852 169.844 16.99
      vertex 96.0186 175.046 16.99
      vertex 93.255 176.024 16.99
    endloop
  endfacet
  facet normal 0 0 1
    outer loop
      vertex 96.0186 175.046 16.99
      vertex 93.0852 169.844 16.99
      vertex 94.7178 169.217 16.99
    endloop
  endfacet
  facet normal 0 0 1
    outer loop
      vertex 93.255 176.024 16.99
      vertex 91.4317 170.413 16.99
      vertex 93.0852 169.844 16.99
    endloop
  endfacet
  facet normal 0 0 1
    outer loop
      vertex 89.7594 170.924 16.99
      vertex 93.255 176.024 16.99
      vertex 90.4439 176.857 16.99
    endloop
  endfacet
  facet normal 0 0 1
    outer loop
      vertex 93.255 176.024 16.99
      vertex 89.7594 170.924 16.99
      vertex 91.4317 170.413 16.99
    endloop
  endfacet
  facet normal 0 0 1
    outer loop
      vertex 90.4439 176.857 16.99
      vertex 88.0703 171.377 16.99
      vertex 89.7594 170.924 16.99
    endloop
  endfacet
  facet normal 0 0 1
    outer loop
      vertex 87.5931 177.541 16.99
      vertex 88.0703 171.377 16.99
      vertex 90.4439 176.857 16.99
    endloop
  endfacet
  facet normal 0 0 1
    outer loop
      vertex 87.5931 177.541 16.99
      vertex 86.3664 171.77 16.99
      vertex 88.0703 171.377 16.99
    endloop
  endfacet
  facet normal 0 0 1
    outer loop
      vertex 84.6498 172.104 16.99
      vertex 87.5931 177.541 16.99
      vertex 84.7103 178.076 16.99
    endloop
  endfacet
  facet normal 0 0 1
    outer loop
      vertex 87.5931 177.541 16.99
      vertex 84.6498 172.104 16.99
      vertex 86.3664 171.77 16.99
    endloop
  endfacet
  facet normal 0 0 1
    outer loop
      vertex 84.7103 178.076 16.99
      vertex 82.9226 172.377 16.99
      vertex 84.6498 172.104 16.99
    endloop
  endfacet
  facet normal 0 0 1
    outer loop
      vertex 81.8036 178.458 16.99
      vertex 82.9226 172.377 16.99
      vertex 84.7103 178.076 16.99
    endloop
  endfacet
  facet normal 0 0 1
    outer loop
      vertex 81.8036 178.458 16.99
      vertex 81.1869 172.591 16.99
      vertex 82.9226 172.377 16.99
    endloop
  endfacet
  facet normal 0 0 1
    outer loop
      vertex 81.8036 178.458 16.99
      vertex 79.4448 172.743 16.99
      vertex 81.1869 172.591 16.99
    endloop
  endfacet
  facet normal 0 0 1
    outer loop
      vertex 78.8808 178.688 16.99
      vertex 79.4448 172.743 16.99
      vertex 81.8036 178.458 16.99
    endloop
  endfacet
  facet normal 0 0 1
    outer loop
      vertex 78.8808 178.688 16.99
      vertex 77.6985 172.834 16.99
      vertex 79.4448 172.743 16.99
    endloop
  endfacet
  facet normal 0 0 1
    outer loop
      vertex 75.95 178.765 16.99
      vertex 77.6985 172.834 16.99
      vertex 78.8808 178.688 16.99
    endloop
  endfacet
  facet normal 0 0 1
    outer loop
      vertex 75.95 178.765 16.99
      vertex 75.95 172.865 16.99
      vertex 77.6985 172.834 16.99
    endloop
  endfacet
  facet normal 0 0 1
    outer loop
      vertex 75.95 178.765 16.99
      vertex 74.2015 172.834 16.99
      vertex 75.95 172.865 16.99
    endloop
  endfacet
  facet normal -0 0 1
    outer loop
      vertex 73.0192 178.688 16.99
      vertex 74.2015 172.834 16.99
      vertex 75.95 178.765 16.99
    endloop
  endfacet
  facet normal 0 0 1
    outer loop
      vertex 73.0192 178.688 16.99
      vertex 72.4552 172.743 16.99
      vertex 74.2015 172.834 16.99
    endloop
  endfacet
  facet normal -0 0 1
    outer loop
      vertex 70.0964 178.458 16.99
      vertex 72.4552 172.743 16.99
      vertex 73.0192 178.688 16.99
    endloop
  endfacet
  facet normal 0 0 1
    outer loop
      vertex 72.4552 172.743 16.99
      vertex 70.0964 178.458 16.99
      vertex 70.7131 172.591 16.99
    endloop
  endfacet
  facet normal 0 0 1
    outer loop
      vertex 70.0964 178.458 16.99
      vertex 68.9774 172.377 16.99
      vertex 70.7131 172.591 16.99
    endloop
  endfacet
  facet normal -0 0 1
    outer loop
      vertex 67.1897 178.076 16.99
      vertex 68.9774 172.377 16.99
      vertex 70.0964 178.458 16.99
    endloop
  endfacet
  facet normal 0 0 1
    outer loop
      vertex 68.9774 172.377 16.99
      vertex 67.1897 178.076 16.99
      vertex 67.2502 172.104 16.99
    endloop
  endfacet
  facet normal -0 0 1
    outer loop
      vertex 64.3069 177.541 16.99
      vertex 67.2502 172.104 16.99
      vertex 67.1897 178.076 16.99
    endloop
  endfacet
  facet normal 0 0 1
    outer loop
      vertex 67.2502 172.104 16.99
      vertex 64.3069 177.541 16.99
      vertex 65.5336 171.77 16.99
    endloop
  endfacet
  facet normal 0 0 1
    outer loop
      vertex 64.3069 177.541 16.99
      vertex 63.8297 171.377 16.99
      vertex 65.5336 171.77 16.99
    endloop
  endfacet
  facet normal -0 0 1
    outer loop
      vertex 61.4561 176.857 16.99
      vertex 63.8297 171.377 16.99
      vertex 64.3069 177.541 16.99
    endloop
  endfacet
  facet normal 0 0 1
    outer loop
      vertex 63.8297 171.377 16.99
      vertex 61.4561 176.857 16.99
      vertex 62.1406 170.924 16.99
    endloop
  endfacet
  facet normal -0 0 1
    outer loop
      vertex 58.6451 176.024 16.99
      vertex 62.1406 170.924 16.99
      vertex 61.4561 176.857 16.99
    endloop
  endfacet
  facet normal 0 0 1
    outer loop
      vertex 62.1406 170.924 16.99
      vertex 58.6451 176.024 16.99
      vertex 60.4683 170.413 16.99
    endloop
  endfacet
  facet normal 0 0 1
    outer loop
      vertex 60.4683 170.413 16.99
      vertex 58.6451 176.024 16.99
      vertex 58.8148 169.844 16.99
    endloop
  endfacet
  facet normal -0 0 1
    outer loop
      vertex 55.8814 175.046 16.99
      vertex 58.8148 169.844 16.99
      vertex 58.6451 176.024 16.99
    endloop
  endfacet
  facet normal 0 0 1
    outer loop
      vertex 58.8148 169.844 16.99
      vertex 55.8814 175.046 16.99
      vertex 57.1822 169.217 16.99
    endloop
  endfacet
  facet normal -0 0 1
    outer loop
      vertex 53.1727 173.924 16.99
      vertex 57.1822 169.217 16.99
      vertex 55.8814 175.046 16.99
    endloop
  endfacet
  facet normal 0 0 1
    outer loop
      vertex 57.1822 169.217 16.99
      vertex 53.1727 173.924 16.99
      vertex 55.5725 168.534 16.99
    endloop
  endfacet
  facet normal 0 0 1
    outer loop
      vertex 55.5725 168.534 16.99
      vertex 53.1727 173.924 16.99
      vertex 53.9876 167.795 16.99
    endloop
  endfacet
  facet normal -0 0 1
    outer loop
      vertex 50.5265 172.661 16.99
      vertex 53.9876 167.795 16.99
      vertex 53.1727 173.924 16.99
    endloop
  endfacet
  facet normal 0 0 1
    outer loop
      vertex 53.9876 167.795 16.99
      vertex 50.5265 172.661 16.99
      vertex 52.4295 167.001 16.99
    endloop
  endfacet
  facet normal -0 0 1
    outer loop
      vertex 47.95 171.262 16.99
      vertex 52.4295 167.001 16.99
      vertex 50.5265 172.661 16.99
    endloop
  endfacet
  facet normal 0 0 1
    outer loop
      vertex 52.4295 167.001 16.99
      vertex 47.95 171.262 16.99
      vertex 50.9 166.153 16.99
    endloop
  endfacet
  facet normal 0 0 1
    outer loop
      vertex 50.9 166.153 16.99
      vertex 47.95 171.262 16.99
      vertex 49.401 165.252 16.99
    endloop
  endfacet
  facet normal -0 0 1
    outer loop
      vertex 45.4502 169.731 16.99
      vertex 49.401 165.252 16.99
      vertex 47.95 171.262 16.99
    endloop
  endfacet
  facet normal 0 0 1
    outer loop
      vertex 49.401 165.252 16.99
      vertex 45.4502 169.731 16.99
      vertex 47.9344 164.3 16.99
    endloop
  endfacet
  facet normal -0 0 1
    outer loop
      vertex 43.034 168.07 16.99
      vertex 47.9344 164.3 16.99
      vertex 45.4502 169.731 16.99
    endloop
  endfacet
  facet normal 0 0 1
    outer loop
      vertex 47.9344 164.3 16.99
      vertex 43.034 168.07 16.99
      vertex 46.502 163.297 16.99
    endloop
  endfacet
  facet normal 0 0 1
    outer loop
      vertex 46.502 163.297 16.99
      vertex 43.034 168.07 16.99
      vertex 45.1054 162.244 16.99
    endloop
  endfacet
  facet normal -0 0 1
    outer loop
      vertex 40.7081 166.285 16.99
      vertex 45.1054 162.244 16.99
      vertex 43.034 168.07 16.99
    endloop
  endfacet
  facet normal 0 0 1
    outer loop
      vertex 45.1054 162.244 16.99
      vertex 40.7081 166.285 16.99
      vertex 43.7463 161.144 16.99
    endloop
  endfacet
  facet normal -0 0 1
    outer loop
      vertex 39.4986 161.267 16.99
      vertex 43.7463 161.144 16.99
      vertex 40.7081 166.285 16.99
    endloop
  endfacet
  facet normal -0 0 1
    outer loop
      vertex 39.9109 160.431 16.99
      vertex 42.4266 159.997 16.99
      vertex 43.7463 161.144 16.99
    endloop
  endfacet
  facet normal 0 0 1
    outer loop
      vertex 42.4266 159.997 16.99
      vertex 39.9233 160.242 16.99
      vertex 41.1476 158.804 16.99
    endloop
  endfacet
  facet normal -0 0 1
    outer loop
      vertex 39.9109 160.052 16.99
      vertex 41.1476 158.804 16.99
      vertex 39.9233 160.242 16.99
    endloop
  endfacet
  facet normal -0 0 1
    outer loop
      vertex 39.8739 159.866 16.99
      vertex 41.1476 158.804 16.99
      vertex 39.9109 160.052 16.99
    endloop
  endfacet
  facet normal -0 0 1
    outer loop
      vertex 39.813 159.687 16.99
      vertex 41.1476 158.804 16.99
      vertex 39.8739 159.866 16.99
    endloop
  endfacet
  facet normal -0 0 1
    outer loop
      vertex 39.7291 159.517 16.99
      vertex 41.1476 158.804 16.99
      vertex 39.813 159.687 16.99
    endloop
  endfacet
  facet normal -0 0 1
    outer loop
      vertex 39.6237 159.359 16.99
      vertex 41.1476 158.804 16.99
      vertex 39.7291 159.517 16.99
    endloop
  endfacet
  facet normal -0 0 1
    outer loop
      vertex 39.4986 159.216 16.99
      vertex 41.1476 158.804 16.99
      vertex 39.6237 159.359 16.99
    endloop
  endfacet
  facet normal 0 0 1
    outer loop
      vertex 41.1476 158.804 16.99
      vertex 39.4986 159.216 16.99
      vertex 39.9111 157.567 16.99
    endloop
  endfacet
  facet normal -0 0 1
    outer loop
      vertex 39.356 159.091 16.99
      vertex 39.9111 157.567 16.99
      vertex 39.4986 159.216 16.99
    endloop
  endfacet
  facet normal -0 0 1
    outer loop
      vertex 39.1983 158.986 16.99
      vertex 39.9111 157.567 16.99
      vertex 39.356 159.091 16.99
    endloop
  endfacet
  facet normal -0 0 1
    outer loop
      vertex 39.0282 158.902 16.99
      vertex 39.9111 157.567 16.99
      vertex 39.1983 158.986 16.99
    endloop
  endfacet
  facet normal -0 0 1
    outer loop
      vertex 38.8486 158.841 16.99
      vertex 39.9111 157.567 16.99
      vertex 39.0282 158.902 16.99
    endloop
  endfacet
  facet normal -0 0 1
    outer loop
      vertex 38.6626 158.804 16.99
      vertex 39.9111 157.567 16.99
      vertex 38.8486 158.841 16.99
    endloop
  endfacet
  facet normal 0 0 1
    outer loop
      vertex 39.9111 157.567 16.99
      vertex 38.6626 158.804 16.99
      vertex 38.7184 156.288 16.99
    endloop
  endfacet
  facet normal -0 0 1
    outer loop
      vertex 38.4733 158.792 16.99
      vertex 38.7184 156.288 16.99
      vertex 38.6626 158.804 16.99
    endloop
  endfacet
  facet normal 0 0 1
    outer loop
      vertex 38.2841 158.804 16.99
      vertex 38.7184 156.288 16.99
      vertex 38.4733 158.792 16.99
    endloop
  endfacet
  facet normal 0 0 1
    outer loop
      vertex 38.0981 158.841 16.99
      vertex 38.7184 156.288 16.99
      vertex 38.2841 158.804 16.99
    endloop
  endfacet
  facet normal 0 0 1
    outer loop
      vertex 37.9184 158.902 16.99
      vertex 38.7184 156.288 16.99
      vertex 38.0981 158.841 16.99
    endloop
  endfacet
  facet normal 0 0 1
    outer loop
      vertex 37.7483 158.986 16.99
      vertex 38.7184 156.288 16.99
      vertex 37.9184 158.902 16.99
    endloop
  endfacet
  facet normal 0 0 1
    outer loop
      vertex 37.5712 154.969 16.99
      vertex 37.7483 158.986 16.99
      vertex 37.5906 159.091 16.99
    endloop
  endfacet
  facet normal 0 0 1
    outer loop
      vertex 37.7483 158.986 16.99
      vertex 37.5712 154.969 16.99
      vertex 38.7184 156.288 16.99
    endloop
  endfacet
  facet normal 0 0 1
    outer loop
      vertex 37.448 159.216 16.99
      vertex 37.5712 154.969 16.99
      vertex 37.5906 159.091 16.99
    endloop
  endfacet
  facet normal 0 0 1
    outer loop
      vertex 37.323 159.359 16.99
      vertex 37.5712 154.969 16.99
      vertex 37.448 159.216 16.99
    endloop
  endfacet
  facet normal 0 0 1
    outer loop
      vertex 36.4707 153.61 16.99
      vertex 37.323 159.359 16.99
      vertex 37.2176 159.517 16.99
    endloop
  endfacet
  facet normal 0 0 1
    outer loop
      vertex 36.4707 153.61 16.99
      vertex 37.2176 159.517 16.99
      vertex 37.1337 159.687 16.99
    endloop
  endfacet
  facet normal 0 0 1
    outer loop
      vertex 36.4707 153.61 16.99
      vertex 37.1337 159.687 16.99
      vertex 37.0728 159.866 16.99
    endloop
  endfacet
  facet normal 0 0 1
    outer loop
      vertex 36.4707 153.61 16.99
      vertex 37.0728 159.866 16.99
      vertex 37.0357 160.052 16.99
    endloop
  endfacet
  facet normal 0 0 1
    outer loop
      vertex 37.323 159.359 16.99
      vertex 36.4707 153.61 16.99
      vertex 37.5712 154.969 16.99
    endloop
  endfacet
  facet normal 0 0 1
    outer loop
      vertex 36.4707 153.61 16.99
      vertex 37.0357 160.052 16.99
      vertex 37.0233 160.242 16.99
    endloop
  endfacet
  facet normal -0.983263 0.182192 0
    outer loop
      vertex 20.6395 131.525 4
      vertex 21.1737 134.408 16.99
      vertex 21.1737 134.408 4
    endloop
  endfacet
  facet normal -0.983263 0.182192 0
    outer loop
      vertex 21.1737 134.408 16.99
      vertex 20.6395 131.525 4
      vertex 20.6395 131.525 16.99
    endloop
  endfacet
  facet normal -0.99144 0.130566 0
    outer loop
      vertex 20.2568 128.619 4
      vertex 20.6395 131.525 16.99
      vertex 20.6395 131.525 4
    endloop
  endfacet
  facet normal -0.99144 0.130566 0
    outer loop
      vertex 20.6395 131.525 16.99
      vertex 20.2568 128.619 4
      vertex 20.2568 128.619 16.99
    endloop
  endfacet
  facet normal -0.958825 0.283998 0
    outer loop
      vertex 21.8582 137.259 4
      vertex 22.6908 140.07 16.99
      vertex 22.6908 140.07 4
    endloop
  endfacet
  facet normal -0.958825 0.283998 0
    outer loop
      vertex 22.6908 140.07 16.99
      vertex 21.8582 137.259 4
      vertex 21.8582 137.259 16.99
    endloop
  endfacet
  facet normal -0.852671 0.522448 0
    outer loop
      vertex 27.4526 150.765 4
      vertex 28.9844 153.265 16.99
      vertex 28.9844 153.265 4
    endloop
  endfacet
  facet normal -0.852671 0.522448 0
    outer loop
      vertex 28.9844 153.265 16.99
      vertex 27.4526 150.765 4
      vertex 27.4526 150.765 16.99
    endloop
  endfacet
  facet normal -0.824106 0.566436 0
    outer loop
      vertex 28.9844 153.265 4
      vertex 30.645 155.681 16.99
      vertex 30.645 155.681 4
    endloop
  endfacet
  facet normal -0.824106 0.566436 0
    outer loop
      vertex 30.645 155.681 16.99
      vertex 28.9844 153.265 4
      vertex 28.9844 153.265 16.99
    endloop
  endfacet
  facet normal -0.878845 0.477107 0
    outer loop
      vertex 26.0536 148.188 4
      vertex 27.4526 150.765 16.99
      vertex 27.4526 150.765 4
    endloop
  endfacet
  facet normal -0.878845 0.477107 0
    outer loop
      vertex 27.4526 150.765 16.99
      vertex 26.0536 148.188 4
      vertex 26.0536 148.188 16.99
    endloop
  endfacet
  facet normal -0.760346 0.649518 0
    outer loop
      vertex 32.4298 158.007 4
      vertex 34.3339 160.236 16.99
      vertex 34.3339 160.236 4
    endloop
  endfacet
  facet normal -0.760346 0.649518 0
    outer loop
      vertex 34.3339 160.236 16.99
      vertex 32.4298 158.007 4
      vertex 32.4298 158.007 16.99
    endloop
  endfacet
  facet normal -0.284123 0.958788 0
    outer loop
      vertex 61.4561 176.857 4
      vertex 58.6451 176.024 16.99
      vertex 61.4561 176.857 16.99
    endloop
  endfacet
  facet normal -0.284123 0.958788 0
    outer loop
      vertex 58.6451 176.024 16.99
      vertex 61.4561 176.857 4
      vertex 58.6451 176.024 4
    endloop
  endfacet
  facet normal -0.233311 0.972402 0
    outer loop
      vertex 64.3069 177.541 4
      vertex 61.4561 176.857 16.99
      vertex 64.3069 177.541 16.99
    endloop
  endfacet
  facet normal -0.233311 0.972402 0
    outer loop
      vertex 61.4561 176.857 16.99
      vertex 64.3069 177.541 4
      vertex 61.4561 176.857 4
    endloop
  endfacet
  facet normal -0.333602 0.942714 0
    outer loop
      vertex 58.6451 176.024 4
      vertex 55.8814 175.046 16.99
      vertex 58.6451 176.024 16.99
    endloop
  endfacet
  facet normal -0.333602 0.942714 0
    outer loop
      vertex 55.8814 175.046 16.99
      vertex 58.6451 176.024 4
      vertex 55.8814 175.046 4
    endloop
  endfacet
  facet normal -0.1303 0.991475 0
    outer loop
      vertex 70.0964 178.458 4
      vertex 67.1897 178.076 16.99
      vertex 70.0964 178.458 16.99
    endloop
  endfacet
  facet normal -0.1303 0.991475 0
    outer loop
      vertex 67.1897 178.076 16.99
      vertex 70.0964 178.458 4
      vertex 67.1897 178.076 4
    endloop
  endfacet
  facet normal -0.0262636 0.999655 0
    outer loop
      vertex 75.95 178.765 4
      vertex 73.0192 178.688 16.99
      vertex 75.95 178.765 16.99
    endloop
  endfacet
  facet normal -0.0262636 0.999655 0
    outer loop
      vertex 73.0192 178.688 16.99
      vertex 75.95 178.765 4
      vertex 73.0192 178.688 4
    endloop
  endfacet
  facet normal -0.52228 0.852774 0
    outer loop
      vertex 47.95 171.262 4
      vertex 45.4502 169.731 16.99
      vertex 47.95 171.262 16.99
    endloop
  endfacet
  facet normal -0.52228 0.852774 0
    outer loop
      vertex 45.4502 169.731 16.99
      vertex 47.95 171.262 4
      vertex 45.4502 169.731 4
    endloop
  endfacet
  facet normal -0.430741 0.902476 0
    outer loop
      vertex 53.1727 173.924 4
      vertex 50.5265 172.661 16.99
      vertex 53.1727 173.924 16.99
    endloop
  endfacet
  facet normal -0.430741 0.902476 0
    outer loop
      vertex 50.5265 172.661 16.99
      vertex 53.1727 173.924 4
      vertex 50.5265 172.661 4
    endloop
  endfacet
  facet normal -0.649431 0.760421 0
    outer loop
      vertex 40.7081 166.285 4
      vertex 38.4787 164.381 16.99
      vertex 40.7081 166.285 16.99
    endloop
  endfacet
  facet normal -0.649431 0.760421 0
    outer loop
      vertex 38.4787 164.381 16.99
      vertex 40.7081 166.285 4
      vertex 38.4787 164.381 4
    endloop
  endfacet
  facet normal -0.60882 0.793308 0
    outer loop
      vertex 43.034 168.07 4
      vertex 40.7081 166.285 16.99
      vertex 43.034 168.07 16.99
    endloop
  endfacet
  facet normal -0.60882 0.793308 0
    outer loop
      vertex 40.7081 166.285 16.99
      vertex 43.034 168.07 4
      vertex 40.7081 166.285 4
    endloop
  endfacet
  facet normal 0.999655 0.0262618 0
    outer loop
      vertex 131.95 122.765 16.99
      vertex 131.873 125.696 4
      vertex 131.873 125.696 16.99
    endloop
  endfacet
  facet normal 0.999655 0.0262618 0
    outer loop
      vertex 131.873 125.696 4
      vertex 131.95 122.765 16.99
      vertex 131.95 122.765 4
    endloop
  endfacet
  facet normal 0.996919 -0.0784438 0
    outer loop
      vertex 131.643 116.911 16.99
      vertex 131.873 119.834 4
      vertex 131.873 119.834 16.99
    endloop
  endfacet
  facet normal 0.996919 -0.0784438 0
    outer loop
      vertex 131.873 119.834 4
      vertex 131.643 116.911 16.99
      vertex 131.643 116.911 4
    endloop
  endfacet
  facet normal 0.0261614 -0.999658 0
    outer loop
      vertex 75.95 66.765 4
      vertex 78.8808 66.8417 16.99
      vertex 75.95 66.765 16.99
    endloop
  endfacet
  facet normal 0.0261614 -0.999658 0
    outer loop
      vertex 78.8808 66.8417 16.99
      vertex 75.95 66.765 4
      vertex 78.8808 66.8417 4
    endloop
  endfacet
  facet normal 0.942618 -0.333872 0
    outer loop
      vertex 128.23 102.696 16.99
      vertex 129.209 105.46 4
      vertex 129.209 105.46 16.99
    endloop
  endfacet
  facet normal 0.942618 -0.333872 0
    outer loop
      vertex 129.209 105.46 4
      vertex 128.23 102.696 16.99
      vertex 128.23 102.696 4
    endloop
  endfacet
  facet normal 0.793308 -0.60882 0
    outer loop
      vertex 119.47 87.5231 16.99
      vertex 121.255 89.849 4
      vertex 121.255 89.849 16.99
    endloop
  endfacet
  facet normal 0.793308 -0.60882 0
    outer loop
      vertex 121.255 89.849 4
      vertex 119.47 87.5231 16.99
      vertex 119.47 87.5231 4
    endloop
  endfacet
  facet normal 0.130535 -0.991444 0
    outer loop
      vertex 81.8036 67.0718 4
      vertex 84.7103 67.4545 16.99
      vertex 81.8036 67.0718 16.99
    endloop
  endfacet
  facet normal 0.130535 -0.991444 0
    outer loop
      vertex 84.7103 67.4545 16.99
      vertex 81.8036 67.0718 4
      vertex 84.7103 67.4545 4
    endloop
  endfacet
  facet normal 0.333824 -0.942635 0
    outer loop
      vertex 93.255 69.5058 4
      vertex 96.0186 70.4845 16.99
      vertex 93.255 69.5058 16.99
    endloop
  endfacet
  facet normal 0.333824 -0.942635 0
    outer loop
      vertex 96.0186 70.4845 16.99
      vertex 93.255 69.5058 4
      vertex 96.0186 70.4845 4
    endloop
  endfacet
  facet normal 0.233472 -0.972363 0
    outer loop
      vertex 87.5931 67.9887 4
      vertex 90.4439 68.6732 16.99
      vertex 87.5931 67.9887 16.99
    endloop
  endfacet
  facet normal 0.233472 -0.972363 0
    outer loop
      vertex 90.4439 68.6732 16.99
      vertex 87.5931 67.9887 4
      vertex 90.4439 68.6732 4
    endloop
  endfacet
  facet normal 0.608761 -0.793354 0
    outer loop
      vertex 108.866 77.46 4
      vertex 111.192 79.2448 16.99
      vertex 108.866 77.46 16.99
    endloop
  endfacet
  facet normal 0.608761 -0.793354 0
    outer loop
      vertex 111.192 79.2448 16.99
      vertex 108.866 77.46 4
      vertex 111.192 79.2448 4
    endloop
  endfacet
  facet normal 0.522448 -0.852671 0
    outer loop
      vertex 103.95 74.2676 4
      vertex 106.45 75.7994 16.99
      vertex 103.95 74.2676 16.99
    endloop
  endfacet
  facet normal 0.522448 -0.852671 0
    outer loop
      vertex 106.45 75.7994 16.99
      vertex 103.95 74.2676 4
      vertex 106.45 75.7994 4
    endloop
  endfacet
  facet normal 0.477107 -0.878845 0
    outer loop
      vertex 101.373 72.8686 4
      vertex 103.95 74.2676 16.99
      vertex 101.373 72.8686 16.99
    endloop
  endfacet
  facet normal 0.477107 -0.878845 0
    outer loop
      vertex 103.95 74.2676 16.99
      vertex 101.373 72.8686 4
      vertex 103.95 74.2676 4
    endloop
  endfacet
  facet normal 0.430544 -0.90257 0
    outer loop
      vertex 98.7272 71.6065 4
      vertex 101.373 72.8686 16.99
      vertex 98.7272 71.6065 16.99
    endloop
  endfacet
  facet normal 0.430544 -0.90257 0
    outer loop
      vertex 101.373 72.8686 16.99
      vertex 98.7272 71.6065 4
      vertex 101.373 72.8686 4
    endloop
  endfacet
  facet normal -0.130535 -0.991444 0
    outer loop
      vertex 67.1897 67.4545 4
      vertex 70.0964 67.0718 16.99
      vertex 67.1897 67.4545 16.99
    endloop
  endfacet
  facet normal -0.130535 -0.991444 -0
    outer loop
      vertex 70.0964 67.0718 16.99
      vertex 67.1897 67.4545 4
      vertex 70.0964 67.0718 4
    endloop
  endfacet
  facet normal -0.382689 -0.923877 0
    outer loop
      vertex 53.1727 71.6065 4
      vertex 55.8814 70.4845 16.99
      vertex 53.1727 71.6065 16.99
    endloop
  endfacet
  facet normal -0.382689 -0.923877 -0
    outer loop
      vertex 55.8814 70.4845 16.99
      vertex 53.1727 71.6065 4
      vertex 55.8814 70.4845 4
    endloop
  endfacet
  facet normal -0.182204 -0.983261 0
    outer loop
      vertex 64.3069 67.9887 4
      vertex 67.1897 67.4545 16.99
      vertex 64.3069 67.9887 16.99
    endloop
  endfacet
  facet normal -0.182204 -0.983261 -0
    outer loop
      vertex 67.1897 67.4545 16.99
      vertex 64.3069 67.9887 4
      vertex 67.1897 67.4545 4
    endloop
  endfacet
  facet normal -0.078483 -0.996915 0
    outer loop
      vertex 70.0964 67.0718 4
      vertex 73.0192 66.8417 16.99
      vertex 70.0964 67.0718 16.99
    endloop
  endfacet
  facet normal -0.078483 -0.996915 -0
    outer loop
      vertex 73.0192 66.8417 16.99
      vertex 70.0964 67.0718 4
      vertex 73.0192 66.8417 4
    endloop
  endfacet
  facet normal -0.333814 -0.942639 0
    outer loop
      vertex 55.8814 70.4845 4
      vertex 58.6451 69.5058 16.99
      vertex 55.8814 70.4845 16.99
    endloop
  endfacet
  facet normal -0.333814 -0.942639 -0
    outer loop
      vertex 58.6451 69.5058 16.99
      vertex 55.8814 70.4845 4
      vertex 58.6451 69.5058 4
    endloop
  endfacet
  facet normal -0.522479 -0.852652 0
    outer loop
      vertex 45.4502 75.7994 4
      vertex 47.95 74.2676 16.99
      vertex 45.4502 75.7994 16.99
    endloop
  endfacet
  facet normal -0.522479 -0.852652 -0
    outer loop
      vertex 47.95 74.2676 16.99
      vertex 45.4502 75.7994 4
      vertex 47.95 74.2676 4
    endloop
  endfacet
  facet normal -0.566404 -0.824128 0
    outer loop
      vertex 43.034 77.46 4
      vertex 45.4502 75.7994 16.99
      vertex 43.034 77.46 16.99
    endloop
  endfacet
  facet normal -0.566404 -0.824128 -0
    outer loop
      vertex 45.4502 75.7994 16.99
      vertex 43.034 77.46 4
      vertex 45.4502 75.7994 4
    endloop
  endfacet
  facet normal -0.477178 -0.878806 0
    outer loop
      vertex 47.95 74.2676 4
      vertex 50.5265 72.8686 16.99
      vertex 47.95 74.2676 16.99
    endloop
  endfacet
  facet normal -0.477178 -0.878806 -0
    outer loop
      vertex 50.5265 72.8686 16.99
      vertex 47.95 74.2676 4
      vertex 50.5265 72.8686 4
    endloop
  endfacet
  facet normal -0.649451 -0.760404 0
    outer loop
      vertex 38.4787 81.1489 4
      vertex 40.7081 79.2448 16.99
      vertex 38.4787 81.1489 16.99
    endloop
  endfacet
  facet normal -0.649451 -0.760404 -0
    outer loop
      vertex 40.7081 79.2448 16.99
      vertex 38.4787 81.1489 4
      vertex 40.7081 79.2448 4
    endloop
  endfacet
  facet normal -0.958825 -0.283998 0
    outer loop
      vertex 22.6908 105.46 4
      vertex 21.8582 108.271 16.99
      vertex 21.8582 108.271 4
    endloop
  endfacet
  facet normal -0.958825 -0.283998 0
    outer loop
      vertex 21.8582 108.271 16.99
      vertex 22.6908 105.46 4
      vertex 22.6908 105.46 16.99
    endloop
  endfacet
  facet normal -0.972367 -0.233457 0
    outer loop
      vertex 21.8582 108.271 4
      vertex 21.1737 111.122 16.99
      vertex 21.1737 111.122 4
    endloop
  endfacet
  facet normal -0.972367 -0.233457 0
    outer loop
      vertex 21.1737 111.122 16.99
      vertex 21.8582 108.271 4
      vertex 21.8582 108.271 16.99
    endloop
  endfacet
  facet normal -0.94265 -0.333781 0
    outer loop
      vertex 23.6695 102.696 4
      vertex 22.6908 105.46 16.99
      vertex 22.6908 105.46 4
    endloop
  endfacet
  facet normal -0.94265 -0.333781 0
    outer loop
      vertex 22.6908 105.46 16.99
      vertex 23.6695 102.696 4
      vertex 23.6695 102.696 16.99
    endloop
  endfacet
  facet normal -0.999658 -0.0261596 0
    outer loop
      vertex 20.0267 119.834 4
      vertex 19.95 122.765 16.99
      vertex 19.95 122.765 4
    endloop
  endfacet
  facet normal -0.999658 -0.0261596 0
    outer loop
      vertex 19.95 122.765 16.99
      vertex 20.0267 119.834 4
      vertex 20.0267 119.834 16.99
    endloop
  endfacet
  facet normal -0.99144 -0.130566 0
    outer loop
      vertex 20.6395 114.005 4
      vertex 20.2568 116.911 16.99
      vertex 20.2568 116.911 4
    endloop
  endfacet
  facet normal -0.99144 -0.130566 0
    outer loop
      vertex 20.2568 116.911 16.99
      vertex 20.6395 114.005 4
      vertex 20.6395 114.005 16.99
    endloop
  endfacet
  facet normal -0.996916 -0.0784777 0
    outer loop
      vertex 20.2568 116.911 4
      vertex 20.0267 119.834 16.99
      vertex 20.0267 119.834 4
    endloop
  endfacet
  facet normal -0.996916 -0.0784777 0
    outer loop
      vertex 20.0267 119.834 16.99
      vertex 20.2568 116.911 4
      vertex 20.2568 116.911 16.99
    endloop
  endfacet
  facet normal -0.902595 -0.430491 0
    outer loop
      vertex 26.0536 97.3415 4
      vertex 24.7915 99.9877 16.99
      vertex 24.7915 99.9877 4
    endloop
  endfacet
  facet normal -0.902595 -0.430491 0
    outer loop
      vertex 24.7915 99.9877 16.99
      vertex 26.0536 97.3415 4
      vertex 26.0536 97.3415 16.99
    endloop
  endfacet
  facet normal -0.852652 -0.522479 0
    outer loop
      vertex 28.9844 92.2652 4
      vertex 27.4526 94.765 16.99
      vertex 27.4526 94.765 4
    endloop
  endfacet
  facet normal -0.852652 -0.522479 0
    outer loop
      vertex 27.4526 94.765 16.99
      vertex 28.9844 92.2652 4
      vertex 28.9844 92.2652 16.99
    endloop
  endfacet
  facet normal -0.878806 -0.477178 0
    outer loop
      vertex 27.4526 94.765 4
      vertex 26.0536 97.3415 16.99
      vertex 26.0536 97.3415 4
    endloop
  endfacet
  facet normal -0.878806 -0.477178 0
    outer loop
      vertex 26.0536 97.3415 16.99
      vertex 27.4526 94.765 4
      vertex 27.4526 94.765 16.99
    endloop
  endfacet
  facet normal -0.793341 -0.608777 0
    outer loop
      vertex 32.4298 87.5231 4
      vertex 30.645 89.849 16.99
      vertex 30.645 89.849 4
    endloop
  endfacet
  facet normal -0.793341 -0.608777 0
    outer loop
      vertex 30.645 89.849 16.99
      vertex 32.4298 87.5231 4
      vertex 32.4298 87.5231 16.99
    endloop
  endfacet
  facet normal -0.760404 -0.649451 0
    outer loop
      vertex 34.3339 85.2937 4
      vertex 32.4298 87.5231 16.99
      vertex 32.4298 87.5231 4
    endloop
  endfacet
  facet normal -0.760404 -0.649451 0
    outer loop
      vertex 32.4298 87.5231 16.99
      vertex 34.3339 85.2937 4
      vertex 34.3339 85.2937 16.99
    endloop
  endfacet
  facet normal 0.972406 -0.233296 0
    outer loop
      vertex 130.042 108.271 16.99
      vertex 130.726 111.122 4
      vertex 130.726 111.122 16.99
    endloop
  endfacet
  facet normal 0.972406 -0.233296 0
    outer loop
      vertex 130.726 111.122 4
      vertex 130.042 108.271 16.99
      vertex 130.042 108.271 4
    endloop
  endfacet
  facet normal 0.991471 -0.130331 0
    outer loop
      vertex 131.261 114.005 16.99
      vertex 131.643 116.911 4
      vertex 131.643 116.911 16.99
    endloop
  endfacet
  facet normal 0.991471 -0.130331 0
    outer loop
      vertex 131.643 116.911 4
      vertex 131.261 114.005 16.99
      vertex 131.261 114.005 4
    endloop
  endfacet
  facet normal 0.983214 -0.182456 0
    outer loop
      vertex 130.726 111.122 16.99
      vertex 131.261 114.005 4
      vertex 131.261 114.005 16.99
    endloop
  endfacet
  facet normal 0.983214 -0.182456 0
    outer loop
      vertex 131.261 114.005 4
      vertex 130.726 111.122 16.99
      vertex 130.726 111.122 4
    endloop
  endfacet
  facet normal 0.958788 -0.284123 0
    outer loop
      vertex 129.209 105.46 16.99
      vertex 130.042 108.271 4
      vertex 130.042 108.271 16.99
    endloop
  endfacet
  facet normal 0.958788 -0.284123 0
    outer loop
      vertex 130.042 108.271 4
      vertex 129.209 105.46 16.99
      vertex 129.209 105.46 4
    endloop
  endfacet
  facet normal 0.824064 -0.566497 0
    outer loop
      vertex 121.255 89.849 16.99
      vertex 122.916 92.2652 4
      vertex 122.916 92.2652 16.99
    endloop
  endfacet
  facet normal 0.824064 -0.566497 0
    outer loop
      vertex 122.916 92.2652 4
      vertex 121.255 89.849 16.99
      vertex 121.255 89.849 4
    endloop
  endfacet
  facet normal 0.078483 -0.996915 0
    outer loop
      vertex 78.8808 66.8417 4
      vertex 81.8036 67.0718 16.99
      vertex 78.8808 66.8417 16.99
    endloop
  endfacet
  facet normal 0.078483 -0.996915 0
    outer loop
      vertex 81.8036 67.0718 16.99
      vertex 78.8808 66.8417 4
      vertex 81.8036 67.0718 4
    endloop
  endfacet
  facet normal 0.182204 -0.983261 0
    outer loop
      vertex 84.7103 67.4545 4
      vertex 87.5931 67.9887 16.99
      vertex 84.7103 67.4545 16.99
    endloop
  endfacet
  facet normal 0.182204 -0.983261 0
    outer loop
      vertex 87.5931 67.9887 16.99
      vertex 84.7103 67.4545 4
      vertex 87.5931 67.9887 4
    endloop
  endfacet
  facet normal 0.382701 -0.923872 0
    outer loop
      vertex 96.0186 70.4845 4
      vertex 98.7272 71.6065 16.99
      vertex 96.0186 70.4845 16.99
    endloop
  endfacet
  facet normal 0.382701 -0.923872 0
    outer loop
      vertex 98.7272 71.6065 16.99
      vertex 96.0186 70.4845 4
      vertex 98.7272 71.6065 4
    endloop
  endfacet
  facet normal 0.283988 -0.958828 0
    outer loop
      vertex 90.4439 68.6732 4
      vertex 93.255 69.5058 16.99
      vertex 90.4439 68.6732 16.99
    endloop
  endfacet
  facet normal 0.283988 -0.958828 0
    outer loop
      vertex 93.255 69.5058 16.99
      vertex 90.4439 68.6732 4
      vertex 93.255 69.5058 4
    endloop
  endfacet
  facet normal 0.649518 -0.760346 0
    outer loop
      vertex 111.192 79.2448 4
      vertex 113.421 81.1489 16.99
      vertex 111.192 79.2448 16.99
    endloop
  endfacet
  facet normal 0.649518 -0.760346 0
    outer loop
      vertex 113.421 81.1489 16.99
      vertex 111.192 79.2448 4
      vertex 113.421 81.1489 4
    endloop
  endfacet
  facet normal 0.566436 -0.824106 0
    outer loop
      vertex 106.45 75.7994 4
      vertex 108.866 77.46 16.99
      vertex 106.45 75.7994 16.99
    endloop
  endfacet
  facet normal 0.566436 -0.824106 0
    outer loop
      vertex 108.866 77.46 16.99
      vertex 106.45 75.7994 4
      vertex 108.866 77.46 4
    endloop
  endfacet
  facet normal -0.233472 -0.972363 0
    outer loop
      vertex 61.4561 68.6732 4
      vertex 64.3069 67.9887 16.99
      vertex 61.4561 68.6732 16.99
    endloop
  endfacet
  facet normal -0.233472 -0.972363 -0
    outer loop
      vertex 64.3069 67.9887 16.99
      vertex 61.4561 68.6732 4
      vertex 64.3069 67.9887 4
    endloop
  endfacet
  facet normal 0.878806 -0.477178 0
    outer loop
      vertex 124.447 94.765 16.99
      vertex 125.846 97.3415 4
      vertex 125.846 97.3415 16.99
    endloop
  endfacet
  facet normal 0.878806 -0.477178 0
    outer loop
      vertex 125.846 97.3415 4
      vertex 124.447 94.765 16.99
      vertex 124.447 94.765 4
    endloop
  endfacet
  facet normal 0.760421 -0.649431 0
    outer loop
      vertex 117.566 85.2937 16.99
      vertex 119.47 87.5231 4
      vertex 119.47 87.5231 16.99
    endloop
  endfacet
  facet normal 0.760421 -0.649431 0
    outer loop
      vertex 119.47 87.5231 4
      vertex 117.566 85.2937 16.99
      vertex 117.566 85.2937 4
    endloop
  endfacet
  facet normal 0.902476 -0.430741 0
    outer loop
      vertex 125.846 97.3415 16.99
      vertex 127.109 99.9877 4
      vertex 127.109 99.9877 16.99
    endloop
  endfacet
  facet normal 0.902476 -0.430741 0
    outer loop
      vertex 127.109 99.9877 4
      vertex 125.846 97.3415 16.99
      vertex 125.846 97.3415 4
    endloop
  endfacet
  facet normal 0.852774 -0.52228 0
    outer loop
      vertex 122.916 92.2652 16.99
      vertex 124.447 94.765 4
      vertex 124.447 94.765 16.99
    endloop
  endfacet
  facet normal 0.852774 -0.52228 0
    outer loop
      vertex 124.447 94.765 4
      vertex 122.916 92.2652 16.99
      vertex 122.916 92.2652 4
    endloop
  endfacet
  facet normal -0.906227 -0.422792 0
    outer loop
      vertex 121.719 143.143 6.99
      vertex 120.98 144.727 16.99
      vertex 120.98 144.727 6.99
    endloop
  endfacet
  facet normal -0.906227 -0.422792 0
    outer loop
      vertex 120.98 144.727 16.99
      vertex 121.719 143.143 6.99
      vertex 121.719 143.143 16.99
    endloop
  endfacet
  facet normal -0.358519 -0.933522 0
    outer loop
      vertex 93.0852 169.844 6.99
      vertex 94.7178 169.217 16.99
      vertex 93.0852 169.844 16.99
    endloop
  endfacet
  facet normal -0.358519 -0.933522 -0
    outer loop
      vertex 94.7178 169.217 16.99
      vertex 93.0852 169.844 6.99
      vertex 94.7178 169.217 6.99
    endloop
  endfacet
  facet normal 0.390597 -0.920562 0
    outer loop
      vertex 55.5725 168.534 6.99
      vertex 57.1822 169.217 16.99
      vertex 55.5725 168.534 16.99
    endloop
  endfacet
  facet normal 0.390597 -0.920562 0
    outer loop
      vertex 57.1822 169.217 16.99
      vertex 55.5725 168.534 6.99
      vertex 57.1822 169.217 6.99
    endloop
  endfacet
  facet normal 0.920526 -0.390681 0
    outer loop
      vertex 29.4981 141.533 16.99
      vertex 30.1814 143.143 6.99
      vertex 30.1814 143.143 16.99
    endloop
  endfacet
  facet normal 0.920526 -0.390681 0
    outer loop
      vertex 30.1814 143.143 6.99
      vertex 29.4981 141.533 16.99
      vertex 29.4981 141.533 6.99
    endloop
  endfacet
  facet normal -0.544365 -0.838848 0
    outer loop
      vertex 102.499 165.252 6.99
      vertex 103.966 164.3 16.99
      vertex 102.499 165.252 16.99
    endloop
  endfacet
  facet normal -0.544365 -0.838848 -0
    outer loop
      vertex 103.966 164.3 16.99
      vertex 102.499 165.252 6.99
      vertex 103.966 164.3 6.99
    endloop
  endfacet
  facet normal 0.73135 -0.682002 0
    outer loop
      vertex 38.7184 156.288 16.99
      vertex 39.9111 157.567 6.99
      vertex 39.9111 157.567 16.99
    endloop
  endfacet
  facet normal 0.73135 -0.682002 0
    outer loop
      vertex 39.9111 157.567 6.99
      vertex 38.7184 156.288 16.99
      vertex 38.7184 156.288 6.99
    endloop
  endfacet
  facet normal 0.190989 -0.981592 0
    outer loop
      vertex 65.5336 171.77 6.99
      vertex 67.2502 172.104 16.99
      vertex 65.5336 171.77 16.99
    endloop
  endfacet
  facet normal 0.190989 -0.981592 0
    outer loop
      vertex 67.2502 172.104 16.99
      vertex 65.5336 171.77 6.99
      vertex 67.2502 172.104 6.99
    endloop
  endfacet
  facet normal -0.819071 -0.573693 0
    outer loop
      vertex 117.485 150.781 6.99
      vertex 116.482 152.213 16.99
      vertex 116.482 152.213 6.99
    endloop
  endfacet
  facet normal -0.819071 -0.573693 0
    outer loop
      vertex 116.482 152.213 16.99
      vertex 117.485 150.781 6.99
      vertex 117.485 150.781 16.99
    endloop
  endfacet
  facet normal -0.731264 -0.682094 0
    outer loop
      vertex 113.182 156.288 6.99
      vertex 111.989 157.567 16.99
      vertex 111.989 157.567 6.99
    endloop
  endfacet
  facet normal -0.731264 -0.682094 0
    outer loop
      vertex 111.989 157.567 16.99
      vertex 113.182 156.288 6.99
      vertex 113.182 156.288 16.99
    endloop
  endfacet
  facet normal -0.190989 -0.981592 0
    outer loop
      vertex 84.6498 172.104 6.99
      vertex 86.3664 171.77 16.99
      vertex 84.6498 172.104 16.99
    endloop
  endfacet
  facet normal -0.190989 -0.981592 -0
    outer loop
      vertex 86.3664 171.77 16.99
      vertex 84.6498 172.104 6.99
      vertex 86.3664 171.77 6.99
    endloop
  endfacet
  facet normal -0.573693 -0.819071 0
    outer loop
      vertex 103.966 164.3 6.99
      vertex 105.398 163.297 16.99
      vertex 103.966 164.3 16.99
    endloop
  endfacet
  facet normal -0.573693 -0.819071 -0
    outer loop
      vertex 105.398 163.297 16.99
      vertex 103.966 164.3 6.99
      vertex 105.398 163.297 6.99
    endloop
  endfacet
  facet normal 0.97437 -0.224951 0
    outer loop
      vertex 26.9448 133.181 16.99
      vertex 27.3382 134.885 6.99
      vertex 27.3382 134.885 16.99
    endloop
  endfacet
  facet normal 0.97437 -0.224951 0
    outer loop
      vertex 27.3382 134.885 6.99
      vertex 26.9448 133.181 16.99
      vertex 26.9448 133.181 6.99
    endloop
  endfacet
  facet normal 0.838744 -0.544526 0
    outer loop
      vertex 33.4628 149.314 16.99
      vertex 34.4152 150.781 6.99
      vertex 34.4152 150.781 16.99
    endloop
  endfacet
  facet normal 0.838744 -0.544526 0
    outer loop
      vertex 34.4152 150.781 6.99
      vertex 33.4628 149.314 16.99
      vertex 33.4628 149.314 6.99
    endloop
  endfacet
  facet normal 0.573585 -0.819146 0
    outer loop
      vertex 46.502 163.297 6.99
      vertex 47.9344 164.3 16.99
      vertex 46.502 163.297 16.99
    endloop
  endfacet
  facet normal 0.573585 -0.819146 0
    outer loop
      vertex 47.9344 164.3 16.99
      vertex 46.502 163.297 6.99
      vertex 47.9344 164.3 6.99
    endloop
  endfacet
  facet normal 0.48489 -0.874575 0
    outer loop
      vertex 50.9 166.153 6.99
      vertex 52.4295 167.001 16.99
      vertex 50.9 166.153 16.99
    endloop
  endfacet
  facet normal 0.48489 -0.874575 0
    outer loop
      vertex 52.4295 167.001 16.99
      vertex 50.9 166.153 6.99
      vertex 52.4295 167.001 6.99
    endloop
  endfacet
  facet normal 0.920526 0.390681 0
    outer loop
      vertex 30.1814 102.387 16.99
      vertex 29.4981 103.997 6.99
      vertex 29.4981 103.997 16.99
    endloop
  endfacet
  facet normal 0.920526 0.390681 0
    outer loop
      vertex 29.4981 103.997 6.99
      vertex 30.1814 102.387 16.99
      vertex 30.1814 102.387 6.99
    endloop
  endfacet
  facet normal -0.998646 -0.0520188 0
    outer loop
      vertex 126.019 124.513 6.99
      vertex 125.928 126.26 16.99
      vertex 125.928 126.26 6.99
    endloop
  endfacet
  facet normal -0.998646 -0.0520188 0
    outer loop
      vertex 125.928 126.26 16.99
      vertex 126.019 124.513 6.99
      vertex 126.019 124.513 16.99
    endloop
  endfacet
  facet normal -0.874508 -0.485012 0
    outer loop
      vertex 120.186 146.286 6.99
      vertex 119.338 147.815 16.99
      vertex 119.338 147.815 6.99
    endloop
  endfacet
  facet normal -0.874508 -0.485012 0
    outer loop
      vertex 119.338 147.815 16.99
      vertex 120.186 146.286 6.99
      vertex 120.186 146.286 16.99
    endloop
  endfacet
  facet normal -0.857089 -0.515168 0
    outer loop
      vertex 119.338 147.815 6.99
      vertex 118.437 149.314 16.99
      vertex 118.437 149.314 6.99
    endloop
  endfacet
  facet normal -0.857089 -0.515168 0
    outer loop
      vertex 118.437 149.314 16.99
      vertex 119.338 147.815 6.99
      vertex 119.338 147.815 16.99
    endloop
  endfacet
  facet normal -0.798557 -0.601919 0
    outer loop
      vertex 116.482 152.213 6.99
      vertex 115.429 153.61 16.99
      vertex 115.429 153.61 6.99
    endloop
  endfacet
  facet normal -0.798557 -0.601919 0
    outer loop
      vertex 115.429 153.61 16.99
      vertex 116.482 152.213 6.99
      vertex 116.482 152.213 16.99
    endloop
  endfacet
  facet normal -0.754593 -0.656193 0
    outer loop
      vertex 114.329 154.969 6.99
      vertex 113.182 156.288 16.99
      vertex 113.182 156.288 6.99
    endloop
  endfacet
  facet normal -0.754593 -0.656193 0
    outer loop
      vertex 113.182 156.288 16.99
      vertex 114.329 154.969 6.99
      vertex 114.329 154.969 16.99
    endloop
  endfacet
  facet normal 0.0177267 -0.999843 0
    outer loop
      vertex 74.2015 172.834 6.99
      vertex 75.95 172.865 16.99
      vertex 74.2015 172.834 16.99
    endloop
  endfacet
  facet normal 0.0177267 -0.999843 0
    outer loop
      vertex 75.95 172.865 16.99
      vertex 74.2015 172.834 6.99
      vertex 75.95 172.865 6.99
    endloop
  endfacet
  facet normal -0.292229 -0.956348 0
    outer loop
      vertex 89.7594 170.924 6.99
      vertex 91.4317 170.413 16.99
      vertex 89.7594 170.924 16.99
    endloop
  endfacet
  facet normal -0.292229 -0.956348 -0
    outer loop
      vertex 91.4317 170.413 16.99
      vertex 89.7594 170.924 6.99
      vertex 91.4317 170.413 6.99
    endloop
  endfacet
  facet normal -0.325391 -0.945579 0
    outer loop
      vertex 91.4317 170.413 6.99
      vertex 93.0852 169.844 16.99
      vertex 91.4317 170.413 16.99
    endloop
  endfacet
  facet normal -0.325391 -0.945579 -0
    outer loop
      vertex 93.0852 169.844 16.99
      vertex 91.4317 170.413 6.99
      vertex 93.0852 169.844 6.99
    endloop
  endfacet
  facet normal -0.0177267 -0.999843 0
    outer loop
      vertex 75.95 172.865 6.99
      vertex 77.6985 172.834 16.99
      vertex 75.95 172.865 16.99
    endloop
  endfacet
  facet normal -0.0177267 -0.999843 -0
    outer loop
      vertex 77.6985 172.834 16.99
      vertex 75.95 172.865 6.99
      vertex 77.6985 172.834 6.99
    endloop
  endfacet
  facet normal -0.156121 -0.987738 0
    outer loop
      vertex 82.9226 172.377 6.99
      vertex 84.6498 172.104 16.99
      vertex 82.9226 172.377 16.99
    endloop
  endfacet
  facet normal -0.156121 -0.987738 -0
    outer loop
      vertex 84.6498 172.104 16.99
      vertex 82.9226 172.377 6.99
      vertex 84.6498 172.104 6.99
    endloop
  endfacet
  facet normal -0.122367 -0.992485 0
    outer loop
      vertex 81.1869 172.591 6.99
      vertex 82.9226 172.377 16.99
      vertex 81.1869 172.591 16.99
    endloop
  endfacet
  facet normal -0.122367 -0.992485 -0
    outer loop
      vertex 82.9226 172.377 16.99
      vertex 81.1869 172.591 6.99
      vertex 82.9226 172.377 6.99
    endloop
  endfacet
  facet normal -0.224747 -0.974417 0
    outer loop
      vertex 86.3664 171.77 6.99
      vertex 88.0703 171.377 16.99
      vertex 86.3664 171.77 16.99
    endloop
  endfacet
  facet normal -0.224747 -0.974417 -0
    outer loop
      vertex 88.0703 171.377 16.99
      vertex 86.3664 171.77 6.99
      vertex 88.0703 171.377 6.99
    endloop
  endfacet
  facet normal -0.45404 -0.890981 0
    outer loop
      vertex 97.9124 167.795 6.99
      vertex 99.4705 167.001 16.99
      vertex 97.9124 167.795 16.99
    endloop
  endfacet
  facet normal -0.45404 -0.890981 -0
    outer loop
      vertex 99.4705 167.001 16.99
      vertex 97.9124 167.795 6.99
      vertex 99.4705 167.001 6.99
    endloop
  endfacet
  facet normal -0.515168 -0.857089 0
    outer loop
      vertex 101 166.153 6.99
      vertex 102.499 165.252 16.99
      vertex 101 166.153 16.99
    endloop
  endfacet
  facet normal -0.515168 -0.857089 -0
    outer loop
      vertex 102.499 165.252 16.99
      vertex 101 166.153 6.99
      vertex 102.499 165.252 6.99
    endloop
  endfacet
  facet normal -0.422594 -0.906319 0
    outer loop
      vertex 96.3275 168.534 6.99
      vertex 97.9124 167.795 16.99
      vertex 96.3275 168.534 16.99
    endloop
  endfacet
  facet normal -0.422594 -0.906319 -0
    outer loop
      vertex 97.9124 167.795 16.99
      vertex 96.3275 168.534 6.99
      vertex 97.9124 167.795 6.99
    endloop
  endfacet
  facet normal -0.656193 -0.754593 0
    outer loop
      vertex 108.154 161.144 6.99
      vertex 109.473 159.997 16.99
      vertex 108.154 161.144 16.99
    endloop
  endfacet
  facet normal -0.656193 -0.754593 -0
    outer loop
      vertex 109.473 159.997 16.99
      vertex 108.154 161.144 6.99
      vertex 109.473 159.997 6.99
    endloop
  endfacet
  facet normal -0.601919 -0.798557 0
    outer loop
      vertex 105.398 163.297 6.99
      vertex 106.795 162.244 16.99
      vertex 105.398 163.297 16.99
    endloop
  endfacet
  facet normal -0.601919 -0.798557 -0
    outer loop
      vertex 106.795 162.244 16.99
      vertex 105.398 163.297 6.99
      vertex 106.795 162.244 6.99
    endloop
  endfacet
  facet normal -0.629149 -0.777285 0
    outer loop
      vertex 106.795 162.244 6.99
      vertex 108.154 161.144 16.99
      vertex 106.795 162.244 16.99
    endloop
  endfacet
  facet normal -0.629149 -0.777285 -0
    outer loop
      vertex 108.154 161.144 16.99
      vertex 106.795 162.244 6.99
      vertex 108.154 161.144 6.99
    endloop
  endfacet
  facet normal 0.99255 -0.121839 0
    outer loop
      vertex 26.1245 128.002 16.99
      vertex 26.3376 129.738 6.99
      vertex 26.3376 129.738 16.99
    endloop
  endfacet
  facet normal 0.99255 -0.121839 0
    outer loop
      vertex 26.3376 129.738 6.99
      vertex 26.1245 128.002 16.99
      vertex 26.1245 128.002 6.99
    endloop
  endfacet
  facet normal 0.945496 -0.325633 0
    outer loop
      vertex 28.3021 138.247 16.99
      vertex 28.8714 139.9 6.99
      vertex 28.8714 139.9 16.99
    endloop
  endfacet
  facet normal 0.945496 -0.325633 0
    outer loop
      vertex 28.8714 139.9 6.99
      vertex 28.3021 138.247 16.99
      vertex 28.3021 138.247 6.99
    endloop
  endfacet
  facet normal 0.933609 -0.358293 0
    outer loop
      vertex 28.8714 139.9 16.99
      vertex 29.4981 141.533 6.99
      vertex 29.4981 141.533 16.99
    endloop
  endfacet
  facet normal 0.933609 -0.358293 0
    outer loop
      vertex 29.4981 141.533 6.99
      vertex 28.8714 139.9 16.99
      vertex 28.8714 139.9 6.99
    endloop
  endfacet
  facet normal 0.981612 -0.190888 0
    outer loop
      vertex 26.6111 131.465 16.99
      vertex 26.9448 133.181 6.99
      vertex 26.9448 133.181 16.99
    endloop
  endfacet
  facet normal 0.981612 -0.190888 0
    outer loop
      vertex 26.9448 133.181 6.99
      vertex 26.6111 131.465 16.99
      vertex 26.6111 131.465 6.99
    endloop
  endfacet
  facet normal 0.956335 -0.292274 0
    outer loop
      vertex 27.7908 136.574 16.99
      vertex 28.3021 138.247 6.99
      vertex 28.3021 138.247 16.99
    endloop
  endfacet
  facet normal 0.956335 -0.292274 0
    outer loop
      vertex 28.3021 138.247 6.99
      vertex 27.7908 136.574 16.99
      vertex 27.7908 136.574 6.99
    endloop
  endfacet
  facet normal 0.874556 -0.484924 0
    outer loop
      vertex 31.7143 146.286 16.99
      vertex 32.5621 147.815 6.99
      vertex 32.5621 147.815 16.99
    endloop
  endfacet
  facet normal 0.874556 -0.484924 0
    outer loop
      vertex 32.5621 147.815 6.99
      vertex 31.7143 146.286 16.99
      vertex 31.7143 146.286 6.99
    endloop
  endfacet
  facet normal 0.819044 -0.573731 0
    outer loop
      vertex 34.4152 150.781 16.99
      vertex 35.4183 152.213 6.99
      vertex 35.4183 152.213 16.99
    endloop
  endfacet
  facet normal 0.819044 -0.573731 0
    outer loop
      vertex 35.4183 152.213 6.99
      vertex 34.4152 150.781 16.99
      vertex 34.4152 150.781 6.99
    endloop
  endfacet
  facet normal 0.292229 -0.956348 0
    outer loop
      vertex 60.4683 170.413 6.99
      vertex 62.1406 170.924 16.99
      vertex 60.4683 170.413 16.99
    endloop
  endfacet
  facet normal 0.292229 -0.956348 0
    outer loop
      vertex 62.1406 170.924 16.99
      vertex 60.4683 170.413 6.99
      vertex 62.1406 170.924 6.99
    endloop
  endfacet
  facet normal 0.224747 -0.974417 0
    outer loop
      vertex 63.8297 171.377 6.99
      vertex 65.5336 171.77 16.99
      vertex 63.8297 171.377 16.99
    endloop
  endfacet
  facet normal 0.224747 -0.974417 0
    outer loop
      vertex 65.5336 171.77 16.99
      vertex 63.8297 171.377 6.99
      vertex 65.5336 171.77 6.99
    endloop
  endfacet
  facet normal 0.325391 -0.945579 0
    outer loop
      vertex 58.8148 169.844 6.99
      vertex 60.4683 170.413 16.99
      vertex 58.8148 169.844 16.99
    endloop
  endfacet
  facet normal 0.325391 -0.945579 0
    outer loop
      vertex 60.4683 170.413 16.99
      vertex 58.8148 169.844 6.99
      vertex 60.4683 170.413 6.99
    endloop
  endfacet
  facet normal 0.0520396 -0.998645 0
    outer loop
      vertex 72.4552 172.743 6.99
      vertex 74.2015 172.834 16.99
      vertex 72.4552 172.743 16.99
    endloop
  endfacet
  facet normal 0.0520396 -0.998645 0
    outer loop
      vertex 74.2015 172.834 16.99
      vertex 72.4552 172.743 6.99
      vertex 74.2015 172.834 6.99
    endloop
  endfacet
  facet normal 0.54447 -0.838781 0
    outer loop
      vertex 47.9344 164.3 6.99
      vertex 49.401 165.252 16.99
      vertex 47.9344 164.3 16.99
    endloop
  endfacet
  facet normal 0.54447 -0.838781 0
    outer loop
      vertex 49.401 165.252 16.99
      vertex 47.9344 164.3 6.99
      vertex 49.401 165.252 6.99
    endloop
  endfacet
  facet normal 0.45404 -0.890981 0
    outer loop
      vertex 52.4295 167.001 6.99
      vertex 53.9876 167.795 16.99
      vertex 52.4295 167.001 16.99
    endloop
  endfacet
  facet normal 0.45404 -0.890981 0
    outer loop
      vertex 53.9876 167.795 16.99
      vertex 52.4295 167.001 6.99
      vertex 53.9876 167.795 6.99
    endloop
  endfacet
  facet normal 0.629121 -0.777307 0
    outer loop
      vertex 43.7463 161.144 6.99
      vertex 45.1054 162.244 16.99
      vertex 43.7463 161.144 16.99
    endloop
  endfacet
  facet normal 0.629121 -0.777307 0
    outer loop
      vertex 45.1054 162.244 16.99
      vertex 43.7463 161.144 6.99
      vertex 45.1054 162.244 6.99
    endloop
  endfacet
  facet normal 0.655995 -0.754766 0
    outer loop
      vertex 42.4266 159.997 6.99
      vertex 43.7463 161.144 16.99
      vertex 42.4266 159.997 16.99
    endloop
  endfacet
  facet normal 0.655995 -0.754766 0
    outer loop
      vertex 43.7463 161.144 16.99
      vertex 42.4266 159.997 6.99
      vertex 43.7463 161.144 6.99
    endloop
  endfacet
  facet normal 0.602029 -0.798474 0
    outer loop
      vertex 45.1054 162.244 6.99
      vertex 46.502 163.297 16.99
      vertex 45.1054 162.244 16.99
    endloop
  endfacet
  facet normal 0.602029 -0.798474 0
    outer loop
      vertex 46.502 163.297 16.99
      vertex 45.1054 162.244 6.99
      vertex 46.502 163.297 6.99
    endloop
  endfacet
  facet normal -0.999843 -0.0177318 0
    outer loop
      vertex 126.05 122.765 6.99
      vertex 126.019 124.513 16.99
      vertex 126.019 124.513 6.99
    endloop
  endfacet
  facet normal -0.999843 -0.0177318 0
    outer loop
      vertex 126.019 124.513 16.99
      vertex 126.05 122.765 6.99
      vertex 126.05 122.765 16.99
    endloop
  endfacet
  facet normal -0.987735 0.156139 0
    outer loop
      vertex 125.289 114.065 6.99
      vertex 125.562 115.792 16.99
      vertex 125.562 115.792 6.99
    endloop
  endfacet
  facet normal -0.987735 0.156139 0
    outer loop
      vertex 125.562 115.792 16.99
      vertex 125.289 114.065 6.99
      vertex 125.289 114.065 16.99
    endloop
  endfacet
  facet normal -0.933552 0.358443 0
    outer loop
      vertex 122.402 103.997 6.99
      vertex 123.029 105.63 16.99
      vertex 123.029 105.63 6.99
    endloop
  endfacet
  facet normal -0.933552 0.358443 0
    outer loop
      vertex 123.029 105.63 16.99
      vertex 122.402 103.997 6.99
      vertex 122.402 103.997 16.99
    endloop
  endfacet
  facet normal 0.97437 0.224951 0
    outer loop
      vertex 27.3382 110.645 16.99
      vertex 26.9448 112.349 6.99
      vertex 26.9448 112.349 16.99
    endloop
  endfacet
  facet normal 0.97437 0.224951 0
    outer loop
      vertex 26.9448 112.349 6.99
      vertex 27.3382 110.645 16.99
      vertex 27.3382 110.645 6.99
    endloop
  endfacet
  facet normal 0.99255 0.121839 0
    outer loop
      vertex 26.3376 115.792 16.99
      vertex 26.1245 117.528 6.99
      vertex 26.1245 117.528 16.99
    endloop
  endfacet
  facet normal 0.99255 0.121839 0
    outer loop
      vertex 26.1245 117.528 6.99
      vertex 26.3376 115.792 16.99
      vertex 26.3376 115.792 6.99
    endloop
  endfacet
  facet normal -0.224964 0.974367 0
    outer loop
      vertex 88.0703 74.1532 6.99
      vertex 86.3664 73.7598 16.99
      vertex 88.0703 74.1532 16.99
    endloop
  endfacet
  facet normal -0.224964 0.974367 0
    outer loop
      vertex 86.3664 73.7598 16.99
      vertex 88.0703 74.1532 6.99
      vertex 86.3664 73.7598 6.99
    endloop
  endfacet
  facet normal -0.325545 0.945527 0
    outer loop
      vertex 93.0852 75.6864 6.99
      vertex 91.4317 75.1171 16.99
      vertex 93.0852 75.6864 16.99
    endloop
  endfacet
  facet normal -0.325545 0.945527 0
    outer loop
      vertex 91.4317 75.1171 16.99
      vertex 93.0852 75.6864 6.99
      vertex 91.4317 75.1171 6.99
    endloop
  endfacet
  facet normal -0.987735 -0.156139 0
    outer loop
      vertex 125.562 129.738 6.99
      vertex 125.289 131.465 16.99
      vertex 125.289 131.465 6.99
    endloop
  endfacet
  facet normal -0.987735 -0.156139 0
    outer loop
      vertex 125.289 131.465 16.99
      vertex 125.562 129.738 6.99
      vertex 125.562 129.738 16.99
    endloop
  endfacet
  facet normal -0.97442 -0.224734 0
    outer loop
      vertex 124.955 133.181 6.99
      vertex 124.562 134.885 16.99
      vertex 124.562 134.885 6.99
    endloop
  endfacet
  facet normal -0.97442 -0.224734 0
    outer loop
      vertex 124.562 134.885 16.99
      vertex 124.955 133.181 6.99
      vertex 124.955 133.181 16.99
    endloop
  endfacet
  facet normal -0.965864 -0.25905 0
    outer loop
      vertex 124.562 134.885 6.99
      vertex 124.109 136.574 16.99
      vertex 124.109 136.574 6.99
    endloop
  endfacet
  facet normal -0.965864 -0.25905 0
    outer loop
      vertex 124.109 136.574 16.99
      vertex 124.562 134.885 6.99
      vertex 124.562 134.885 16.99
    endloop
  endfacet
  facet normal -0.945549 -0.325479 0
    outer loop
      vertex 123.598 138.247 6.99
      vertex 123.029 139.9 16.99
      vertex 123.029 139.9 6.99
    endloop
  endfacet
  facet normal -0.945549 -0.325479 0
    outer loop
      vertex 123.029 139.9 16.99
      vertex 123.598 138.247 6.99
      vertex 123.598 138.247 16.99
    endloop
  endfacet
  facet normal -0.891087 -0.453832 0
    outer loop
      vertex 120.98 144.727 6.99
      vertex 120.186 146.286 16.99
      vertex 120.186 146.286 6.99
    endloop
  endfacet
  facet normal -0.891087 -0.453832 0
    outer loop
      vertex 120.186 146.286 16.99
      vertex 120.98 144.727 6.99
      vertex 120.98 144.727 16.99
    endloop
  endfacet
  facet normal -0.682094 -0.731264 0
    outer loop
      vertex 109.473 159.997 6.99
      vertex 110.752 158.804 16.99
      vertex 109.473 159.997 16.99
    endloop
  endfacet
  facet normal -0.682094 -0.731264 -0
    outer loop
      vertex 110.752 158.804 16.99
      vertex 109.473 159.997 6.99
      vertex 110.752 158.804 6.99
    endloop
  endfacet
  facet normal -0.838848 -0.544365 0
    outer loop
      vertex 118.437 149.314 6.99
      vertex 117.485 150.781 16.99
      vertex 117.485 150.781 6.99
    endloop
  endfacet
  facet normal -0.838848 -0.544365 0
    outer loop
      vertex 117.485 150.781 16.99
      vertex 118.437 149.314 6.99
      vertex 118.437 149.314 16.99
    endloop
  endfacet
  facet normal -0.777285 -0.629149 0
    outer loop
      vertex 115.429 153.61 6.99
      vertex 114.329 154.969 16.99
      vertex 114.329 154.969 6.99
    endloop
  endfacet
  facet normal -0.777285 -0.629149 0
    outer loop
      vertex 114.329 154.969 16.99
      vertex 115.429 153.61 6.99
      vertex 115.429 153.61 16.99
    endloop
  endfacet
  facet normal -0.0869208 -0.996215 0
    outer loop
      vertex 79.4448 172.743 6.99
      vertex 81.1869 172.591 16.99
      vertex 79.4448 172.743 16.99
    endloop
  endfacet
  facet normal -0.0869208 -0.996215 -0
    outer loop
      vertex 81.1869 172.591 16.99
      vertex 79.4448 172.743 6.99
      vertex 81.1869 172.591 6.99
    endloop
  endfacet
  facet normal -0.259036 -0.965868 0
    outer loop
      vertex 88.0703 171.377 6.99
      vertex 89.7594 170.924 16.99
      vertex 88.0703 171.377 16.99
    endloop
  endfacet
  facet normal -0.259036 -0.965868 -0
    outer loop
      vertex 89.7594 170.924 16.99
      vertex 88.0703 171.377 6.99
      vertex 89.7594 170.924 6.99
    endloop
  endfacet
  facet normal -0.48489 -0.874575 0
    outer loop
      vertex 99.4705 167.001 6.99
      vertex 101 166.153 16.99
      vertex 99.4705 167.001 16.99
    endloop
  endfacet
  facet normal -0.48489 -0.874575 -0
    outer loop
      vertex 101 166.153 16.99
      vertex 99.4705 167.001 6.99
      vertex 101 166.153 6.99
    endloop
  endfacet
  facet normal -0.390597 -0.920562 0
    outer loop
      vertex 94.7178 169.217 6.99
      vertex 96.3275 168.534 16.99
      vertex 94.7178 169.217 16.99
    endloop
  endfacet
  facet normal -0.390597 -0.920562 -0
    outer loop
      vertex 96.3275 168.534 16.99
      vertex 94.7178 169.217 6.99
      vertex 96.3275 168.534 6.99
    endloop
  endfacet
  facet normal 0.999848 -0.0174459 0
    outer loop
      vertex 25.85 122.765 16.99
      vertex 25.8805 124.513 6.99
      vertex 25.8805 124.513 16.99
    endloop
  endfacet
  facet normal 0.999848 -0.0174459 0
    outer loop
      vertex 25.8805 124.513 6.99
      vertex 25.85 122.765 16.99
      vertex 25.85 122.765 6.99
    endloop
  endfacet
  facet normal 0.99619 -0.0872095 0
    outer loop
      vertex 25.972 126.26 16.99
      vertex 26.1245 128.002 6.99
      vertex 26.1245 128.002 16.99
    endloop
  endfacet
  facet normal 0.99619 -0.0872095 0
    outer loop
      vertex 26.1245 128.002 6.99
      vertex 25.972 126.26 16.99
      vertex 25.972 126.26 6.99
    endloop
  endfacet
  facet normal 0.987691 -0.156418 0
    outer loop
      vertex 26.3376 129.738 16.99
      vertex 26.6111 131.465 6.99
      vertex 26.6111 131.465 16.99
    endloop
  endfacet
  facet normal 0.987691 -0.156418 0
    outer loop
      vertex 26.6111 131.465 6.99
      vertex 26.3376 129.738 16.99
      vertex 26.3376 129.738 6.99
    endloop
  endfacet
  facet normal 0.965921 -0.258837 0
    outer loop
      vertex 27.3382 134.885 16.99
      vertex 27.7908 136.574 6.99
      vertex 27.7908 136.574 16.99
    endloop
  endfacet
  facet normal 0.965921 -0.258837 0
    outer loop
      vertex 27.7908 136.574 6.99
      vertex 27.3382 134.885 16.99
      vertex 27.3382 134.885 6.99
    endloop
  endfacet
  facet normal 0.857165 -0.515042 0
    outer loop
      vertex 32.5621 147.815 16.99
      vertex 33.4628 149.314 6.99
      vertex 33.4628 149.314 16.99
    endloop
  endfacet
  facet normal 0.857165 -0.515042 0
    outer loop
      vertex 33.4628 149.314 6.99
      vertex 32.5621 147.815 16.99
      vertex 32.5621 147.815 6.99
    endloop
  endfacet
  facet normal 0.891111 -0.453786 0
    outer loop
      vertex 30.9204 144.727 16.99
      vertex 31.7143 146.286 6.99
      vertex 31.7143 146.286 16.99
    endloop
  endfacet
  facet normal 0.891111 -0.453786 0
    outer loop
      vertex 31.7143 146.286 6.99
      vertex 30.9204 144.727 16.99
      vertex 30.9204 144.727 6.99
    endloop
  endfacet
  facet normal 0.906227 -0.422792 0
    outer loop
      vertex 30.1814 143.143 16.99
      vertex 30.9204 144.727 6.99
      vertex 30.9204 144.727 16.99
    endloop
  endfacet
  facet normal 0.906227 -0.422792 0
    outer loop
      vertex 30.9204 144.727 6.99
      vertex 30.1814 143.143 16.99
      vertex 30.1814 143.143 6.99
    endloop
  endfacet
  facet normal 0.777145 -0.629322 0
    outer loop
      vertex 36.4707 153.61 16.99
      vertex 37.5712 154.969 6.99
      vertex 37.5712 154.969 16.99
    endloop
  endfacet
  facet normal 0.777145 -0.629322 0
    outer loop
      vertex 37.5712 154.969 6.99
      vertex 36.4707 153.61 16.99
      vertex 36.4707 153.61 6.99
    endloop
  endfacet
  facet normal 0.754537 -0.656258 0
    outer loop
      vertex 37.5712 154.969 16.99
      vertex 38.7184 156.288 6.99
      vertex 38.7184 156.288 16.99
    endloop
  endfacet
  facet normal 0.754537 -0.656258 0
    outer loop
      vertex 38.7184 156.288 6.99
      vertex 37.5712 154.969 16.99
      vertex 37.5712 154.969 6.99
    endloop
  endfacet
  facet normal 0.798722 -0.6017 0
    outer loop
      vertex 35.4183 152.213 16.99
      vertex 36.4707 153.61 6.99
      vertex 36.4707 153.61 16.99
    endloop
  endfacet
  facet normal 0.798722 -0.6017 0
    outer loop
      vertex 36.4707 153.61 6.99
      vertex 35.4183 152.213 16.99
      vertex 35.4183 152.213 6.99
    endloop
  endfacet
  facet normal 0.259036 -0.965868 0
    outer loop
      vertex 62.1406 170.924 6.99
      vertex 63.8297 171.377 16.99
      vertex 62.1406 170.924 16.99
    endloop
  endfacet
  facet normal 0.259036 -0.965868 0
    outer loop
      vertex 63.8297 171.377 16.99
      vertex 62.1406 170.924 6.99
      vertex 63.8297 171.377 6.99
    endloop
  endfacet
  facet normal 0.358519 -0.933522 0
    outer loop
      vertex 57.1822 169.217 6.99
      vertex 58.8148 169.844 16.99
      vertex 57.1822 169.217 16.99
    endloop
  endfacet
  facet normal 0.358519 -0.933522 0
    outer loop
      vertex 58.8148 169.844 16.99
      vertex 57.1822 169.217 6.99
      vertex 58.8148 169.844 6.99
    endloop
  endfacet
  facet normal 0.156121 -0.987738 0
    outer loop
      vertex 67.2502 172.104 6.99
      vertex 68.9774 172.377 16.99
      vertex 67.2502 172.104 16.99
    endloop
  endfacet
  facet normal 0.156121 -0.987738 0
    outer loop
      vertex 68.9774 172.377 16.99
      vertex 67.2502 172.104 6.99
      vertex 68.9774 172.377 6.99
    endloop
  endfacet
  facet normal 0.0869208 -0.996215 0
    outer loop
      vertex 70.7131 172.591 6.99
      vertex 72.4552 172.743 16.99
      vertex 70.7131 172.591 16.99
    endloop
  endfacet
  facet normal 0.0869208 -0.996215 0
    outer loop
      vertex 72.4552 172.743 16.99
      vertex 70.7131 172.591 6.99
      vertex 72.4552 172.743 6.99
    endloop
  endfacet
  facet normal 0.122367 -0.992485 0
    outer loop
      vertex 68.9774 172.377 6.99
      vertex 70.7131 172.591 16.99
      vertex 68.9774 172.377 16.99
    endloop
  endfacet
  facet normal 0.122367 -0.992485 0
    outer loop
      vertex 70.7131 172.591 16.99
      vertex 68.9774 172.377 6.99
      vertex 70.7131 172.591 6.99
    endloop
  endfacet
  facet normal 0.515168 -0.857089 0
    outer loop
      vertex 49.401 165.252 6.99
      vertex 50.9 166.153 16.99
      vertex 49.401 165.252 16.99
    endloop
  endfacet
  facet normal 0.515168 -0.857089 0
    outer loop
      vertex 50.9 166.153 16.99
      vertex 49.401 165.252 6.99
      vertex 50.9 166.153 6.99
    endloop
  endfacet
  facet normal 0.422594 -0.906319 0
    outer loop
      vertex 53.9876 167.795 6.99
      vertex 55.5725 168.534 16.99
      vertex 53.9876 167.795 16.99
    endloop
  endfacet
  facet normal 0.422594 -0.906319 0
    outer loop
      vertex 55.5725 168.534 16.99
      vertex 53.9876 167.795 6.99
      vertex 55.5725 168.534 6.99
    endloop
  endfacet
  facet normal 0.682094 -0.731264 0
    outer loop
      vertex 41.1476 158.804 6.99
      vertex 42.4266 159.997 16.99
      vertex 41.1476 158.804 16.99
    endloop
  endfacet
  facet normal 0.682094 -0.731264 0
    outer loop
      vertex 42.4266 159.997 16.99
      vertex 41.1476 158.804 6.99
      vertex 42.4266 159.997 6.99
    endloop
  endfacet
  facet normal 0.70725 -0.706964 0
    outer loop
      vertex 39.9111 157.567 16.99
      vertex 41.1476 158.804 6.99
      vertex 41.1476 158.804 16.99
    endloop
  endfacet
  facet normal 0.70725 -0.706964 0
    outer loop
      vertex 41.1476 158.804 6.99
      vertex 39.9111 157.567 16.99
      vertex 39.9111 157.567 6.99
    endloop
  endfacet
  facet normal -0.998646 0.0520188 0
    outer loop
      vertex 125.928 119.27 6.99
      vertex 126.019 121.017 16.99
      vertex 126.019 121.017 6.99
    endloop
  endfacet
  facet normal -0.998646 0.0520188 0
    outer loop
      vertex 126.019 121.017 16.99
      vertex 125.928 119.27 6.99
      vertex 125.928 119.27 16.99
    endloop
  endfacet
  facet normal -0.97442 0.224734 0
    outer loop
      vertex 124.562 110.645 6.99
      vertex 124.955 112.349 16.99
      vertex 124.955 112.349 6.99
    endloop
  endfacet
  facet normal -0.97442 0.224734 0
    outer loop
      vertex 124.955 112.349 16.99
      vertex 124.562 110.645 6.99
      vertex 124.562 110.645 16.99
    endloop
  endfacet
  facet normal -0.956383 0.292117 0
    outer loop
      vertex 123.598 107.283 6.99
      vertex 124.109 108.956 16.99
      vertex 124.109 108.956 6.99
    endloop
  endfacet
  facet normal -0.956383 0.292117 0
    outer loop
      vertex 124.109 108.956 16.99
      vertex 123.598 107.283 6.99
      vertex 123.598 107.283 16.99
    endloop
  endfacet
  facet normal -0.992488 0.122346 0
    outer loop
      vertex 125.562 115.792 6.99
      vertex 125.776 117.528 16.99
      vertex 125.776 117.528 6.99
    endloop
  endfacet
  facet normal -0.992488 0.122346 0
    outer loop
      vertex 125.776 117.528 16.99
      vertex 125.562 115.792 6.99
      vertex 125.562 115.792 16.99
    endloop
  endfacet
  facet normal -0.999843 0.0177318 0
    outer loop
      vertex 126.019 121.017 6.99
      vertex 126.05 122.765 16.99
      vertex 126.05 122.765 6.99
    endloop
  endfacet
  facet normal -0.999843 0.0177318 0
    outer loop
      vertex 126.05 122.765 16.99
      vertex 126.019 121.017 6.99
      vertex 126.019 121.017 16.99
    endloop
  endfacet
  facet normal -0.857089 0.515168 0
    outer loop
      vertex 118.437 96.216 6.99
      vertex 119.338 97.715 16.99
      vertex 119.338 97.715 6.99
    endloop
  endfacet
  facet normal -0.857089 0.515168 0
    outer loop
      vertex 119.338 97.715 16.99
      vertex 118.437 96.216 6.99
      vertex 118.437 96.216 16.99
    endloop
  endfacet
  facet normal 0.515042 0.857165 -0
    outer loop
      vertex 50.9 79.3771 6.99
      vertex 49.401 80.2778 16.99
      vertex 50.9 79.3771 16.99
    endloop
  endfacet
  facet normal 0.515042 0.857165 0
    outer loop
      vertex 49.401 80.2778 16.99
      vertex 50.9 79.3771 6.99
      vertex 49.401 80.2778 6.99
    endloop
  endfacet
  facet normal 0.981612 0.190888 0
    outer loop
      vertex 26.9448 112.349 16.99
      vertex 26.6111 114.065 6.99
      vertex 26.6111 114.065 16.99
    endloop
  endfacet
  facet normal 0.981612 0.190888 0
    outer loop
      vertex 26.6111 114.065 6.99
      vertex 26.9448 112.349 16.99
      vertex 26.9448 112.349 6.99
    endloop
  endfacet
  facet normal 0.933609 0.358293 0
    outer loop
      vertex 29.4981 103.997 16.99
      vertex 28.8714 105.63 6.99
      vertex 28.8714 105.63 16.99
    endloop
  endfacet
  facet normal 0.933609 0.358293 0
    outer loop
      vertex 28.8714 105.63 6.99
      vertex 29.4981 103.997 16.99
      vertex 29.4981 103.997 6.99
    endloop
  endfacet
  facet normal 0.945496 0.325633 0
    outer loop
      vertex 28.8714 105.63 16.99
      vertex 28.3021 107.283 6.99
      vertex 28.3021 107.283 16.99
    endloop
  endfacet
  facet normal 0.945496 0.325633 0
    outer loop
      vertex 28.3021 107.283 6.99
      vertex 28.8714 105.63 16.99
      vertex 28.8714 105.63 6.99
    endloop
  endfacet
  facet normal -0.0523247 0.99863 0
    outer loop
      vertex 79.4448 72.787 6.99
      vertex 77.6985 72.6955 16.99
      vertex 79.4448 72.787 16.99
    endloop
  endfacet
  facet normal -0.0523247 0.99863 0
    outer loop
      vertex 77.6985 72.6955 16.99
      vertex 79.4448 72.787 6.99
      vertex 77.6985 72.6955 6.99
    endloop
  endfacet
  facet normal -0.1564 0.987694 0
    outer loop
      vertex 84.6498 73.4261 6.99
      vertex 82.9226 73.1526 16.99
      vertex 84.6498 73.4261 16.99
    endloop
  endfacet
  facet normal -0.1564 0.987694 0
    outer loop
      vertex 82.9226 73.1526 16.99
      vertex 84.6498 73.4261 6.99
      vertex 82.9226 73.1526 6.99
    endloop
  endfacet
  facet normal -0.12186 0.992547 0
    outer loop
      vertex 82.9226 73.1526 6.99
      vertex 81.1869 72.9395 16.99
      vertex 82.9226 73.1526 16.99
    endloop
  endfacet
  facet normal -0.12186 0.992547 0
    outer loop
      vertex 81.1869 72.9395 16.99
      vertex 82.9226 73.1526 6.99
      vertex 81.1869 72.9395 6.99
    endloop
  endfacet
  facet normal -0.258823 0.965925 0
    outer loop
      vertex 89.7594 74.6058 6.99
      vertex 88.0703 74.1532 16.99
      vertex 89.7594 74.6058 16.99
    endloop
  endfacet
  facet normal -0.258823 0.965925 0
    outer loop
      vertex 88.0703 74.1532 16.99
      vertex 89.7594 74.6058 6.99
      vertex 88.0703 74.1532 6.99
    endloop
  endfacet
  facet normal -0.35837 0.93358 0
    outer loop
      vertex 94.7178 76.3131 6.99
      vertex 93.0852 75.6864 16.99
      vertex 94.7178 76.3131 16.99
    endloop
  endfacet
  facet normal -0.35837 0.93358 0
    outer loop
      vertex 93.0852 75.6864 16.99
      vertex 94.7178 76.3131 6.99
      vertex 93.0852 75.6864 6.99
    endloop
  endfacet
  facet normal -0.390742 0.9205 0
    outer loop
      vertex 96.3275 76.9964 6.99
      vertex 94.7178 76.3131 16.99
      vertex 96.3275 76.9964 16.99
    endloop
  endfacet
  facet normal -0.390742 0.9205 0
    outer loop
      vertex 94.7178 76.3131 16.99
      vertex 96.3275 76.9964 6.99
      vertex 94.7178 76.3131 6.99
    endloop
  endfacet
  facet normal -0.992488 -0.122346 0
    outer loop
      vertex 125.776 128.002 6.99
      vertex 125.562 129.738 16.99
      vertex 125.562 129.738 6.99
    endloop
  endfacet
  facet normal -0.992488 -0.122346 0
    outer loop
      vertex 125.562 129.738 16.99
      vertex 125.776 128.002 6.99
      vertex 125.776 128.002 16.99
    endloop
  endfacet
  facet normal -0.956383 -0.292117 0
    outer loop
      vertex 124.109 136.574 6.99
      vertex 123.598 138.247 16.99
      vertex 123.598 138.247 6.99
    endloop
  endfacet
  facet normal -0.956383 -0.292117 0
    outer loop
      vertex 123.598 138.247 16.99
      vertex 124.109 136.574 6.99
      vertex 124.109 136.574 16.99
    endloop
  endfacet
  facet normal -0.920588 -0.390535 0
    outer loop
      vertex 122.402 141.533 6.99
      vertex 121.719 143.143 16.99
      vertex 121.719 143.143 6.99
    endloop
  endfacet
  facet normal -0.920588 -0.390535 0
    outer loop
      vertex 121.719 143.143 16.99
      vertex 122.402 141.533 6.99
      vertex 122.402 141.533 16.99
    endloop
  endfacet
  facet normal -0.933552 -0.358443 0
    outer loop
      vertex 123.029 139.9 6.99
      vertex 122.402 141.533 16.99
      vertex 122.402 141.533 6.99
    endloop
  endfacet
  facet normal -0.933552 -0.358443 0
    outer loop
      vertex 122.402 141.533 16.99
      vertex 123.029 139.9 6.99
      vertex 123.029 139.9 16.99
    endloop
  endfacet
  facet normal -0.707107 -0.707107 0
    outer loop
      vertex 111.989 157.567 6.99
      vertex 110.752 158.804 16.99
      vertex 110.752 158.804 6.99
    endloop
  endfacet
  facet normal -0.707107 -0.707107 0
    outer loop
      vertex 110.752 158.804 16.99
      vertex 111.989 157.567 6.99
      vertex 111.989 157.567 16.99
    endloop
  endfacet
  facet normal -0.0520396 -0.998645 0
    outer loop
      vertex 77.6985 172.834 6.99
      vertex 79.4448 172.743 16.99
      vertex 77.6985 172.834 16.99
    endloop
  endfacet
  facet normal -0.0520396 -0.998645 -0
    outer loop
      vertex 79.4448 172.743 16.99
      vertex 77.6985 172.834 6.99
      vertex 79.4448 172.743 6.99
    endloop
  endfacet
  facet normal 0.998631 -0.0523038 0
    outer loop
      vertex 25.8805 124.513 16.99
      vertex 25.972 126.26 6.99
      vertex 25.972 126.26 16.99
    endloop
  endfacet
  facet normal 0.998631 -0.0523038 0
    outer loop
      vertex 25.972 126.26 6.99
      vertex 25.8805 124.513 16.99
      vertex 25.8805 124.513 6.99
    endloop
  endfacet
  facet normal -0.98158 0.191053 0
    outer loop
      vertex 124.955 112.349 6.99
      vertex 125.289 114.065 16.99
      vertex 125.289 114.065 6.99
    endloop
  endfacet
  facet normal -0.98158 0.191053 0
    outer loop
      vertex 125.289 114.065 16.99
      vertex 124.955 112.349 6.99
      vertex 124.955 112.349 16.99
    endloop
  endfacet
  facet normal -0.945549 0.325479 0
    outer loop
      vertex 123.029 105.63 6.99
      vertex 123.598 107.283 16.99
      vertex 123.598 107.283 6.99
    endloop
  endfacet
  facet normal -0.945549 0.325479 0
    outer loop
      vertex 123.598 107.283 16.99
      vertex 123.029 105.63 6.99
      vertex 123.029 105.63 16.99
    endloop
  endfacet
  facet normal -0.484803 0.874624 0
    outer loop
      vertex 101 79.3771 6.99
      vertex 99.4705 78.5293 16.99
      vertex 101 79.3771 16.99
    endloop
  endfacet
  facet normal -0.484803 0.874624 0
    outer loop
      vertex 99.4705 78.5293 16.99
      vertex 101 79.3771 6.99
      vertex 99.4705 78.5293 6.99
    endloop
  endfacet
  facet normal -0.601737 0.798695 0
    outer loop
      vertex 106.795 83.2857 6.99
      vertex 105.398 82.2332 16.99
      vertex 106.795 83.2857 16.99
    endloop
  endfacet
  facet normal -0.601737 0.798695 0
    outer loop
      vertex 105.398 82.2332 16.99
      vertex 106.795 83.2857 6.99
      vertex 105.398 82.2332 6.99
    endloop
  endfacet
  facet normal -0.754766 0.655995 0
    outer loop
      vertex 113.182 89.2416 6.99
      vertex 114.329 90.5613 16.99
      vertex 114.329 90.5613 6.99
    endloop
  endfacet
  facet normal -0.754766 0.655995 0
    outer loop
      vertex 114.329 90.5613 16.99
      vertex 113.182 89.2416 6.99
      vertex 113.182 89.2416 16.99
    endloop
  endfacet
  facet normal -0.819146 0.573585 0
    outer loop
      vertex 116.482 93.317 6.99
      vertex 117.485 94.7494 16.99
      vertex 117.485 94.7494 6.99
    endloop
  endfacet
  facet normal -0.819146 0.573585 0
    outer loop
      vertex 117.485 94.7494 16.99
      vertex 116.482 93.317 6.99
      vertex 116.482 93.317 16.99
    endloop
  endfacet
  facet normal -0.777307 0.629121 0
    outer loop
      vertex 114.329 90.5613 6.99
      vertex 115.429 91.9204 16.99
      vertex 115.429 91.9204 6.99
    endloop
  endfacet
  facet normal -0.777307 0.629121 0
    outer loop
      vertex 115.429 91.9204 16.99
      vertex 114.329 90.5613 6.99
      vertex 114.329 90.5613 16.99
    endloop
  endfacet
  facet normal 0.484803 0.874624 -0
    outer loop
      vertex 52.4295 78.5293 6.99
      vertex 50.9 79.3771 16.99
      vertex 52.4295 78.5293 16.99
    endloop
  endfacet
  facet normal 0.484803 0.874624 0
    outer loop
      vertex 50.9 79.3771 16.99
      vertex 52.4295 78.5293 6.99
      vertex 50.9 79.3771 6.99
    endloop
  endfacet
  facet normal 0.390742 0.9205 -0
    outer loop
      vertex 57.1822 76.3131 6.99
      vertex 55.5725 76.9964 16.99
      vertex 57.1822 76.3131 16.99
    endloop
  endfacet
  facet normal 0.390742 0.9205 0
    outer loop
      vertex 55.5725 76.9964 16.99
      vertex 57.1822 76.3131 6.99
      vertex 55.5725 76.9964 6.99
    endloop
  endfacet
  facet normal 0.601847 0.798612 -0
    outer loop
      vertex 46.502 82.2332 6.99
      vertex 45.1054 83.2857 16.99
      vertex 46.502 82.2332 16.99
    endloop
  endfacet
  facet normal 0.601847 0.798612 0
    outer loop
      vertex 45.1054 83.2857 16.99
      vertex 46.502 82.2332 6.99
      vertex 45.1054 83.2857 6.99
    endloop
  endfacet
  facet normal -0.0174409 0.999848 0
    outer loop
      vertex 77.6985 72.6955 6.99
      vertex 75.95 72.665 16.99
      vertex 77.6985 72.6955 16.99
    endloop
  endfacet
  facet normal -0.0174409 0.999848 0
    outer loop
      vertex 75.95 72.665 16.99
      vertex 77.6985 72.6955 6.99
      vertex 75.95 72.665 6.99
    endloop
  endfacet
  facet normal 0.999848 0.0174459 0
    outer loop
      vertex 25.8805 121.017 16.99
      vertex 25.85 122.765 6.99
      vertex 25.85 122.765 16.99
    endloop
  endfacet
  facet normal 0.999848 0.0174459 0
    outer loop
      vertex 25.85 122.765 6.99
      vertex 25.8805 121.017 16.99
      vertex 25.8805 121.017 6.99
    endloop
  endfacet
  facet normal 0.874624 0.484803 0
    outer loop
      vertex 32.5621 97.715 16.99
      vertex 31.7143 99.2445 6.99
      vertex 31.7143 99.2445 16.99
    endloop
  endfacet
  facet normal 0.874624 0.484803 0
    outer loop
      vertex 31.7143 99.2445 6.99
      vertex 32.5621 97.715 16.99
      vertex 32.5621 97.715 6.99
    endloop
  endfacet
  facet normal 0.857165 0.515042 0
    outer loop
      vertex 33.4628 96.216 16.99
      vertex 32.5621 97.715 6.99
      vertex 32.5621 97.715 16.99
    endloop
  endfacet
  facet normal 0.857165 0.515042 0
    outer loop
      vertex 32.5621 97.715 6.99
      vertex 33.4628 96.216 16.99
      vertex 33.4628 96.216 6.99
    endloop
  endfacet
  facet normal 0.777168 0.629294 0
    outer loop
      vertex 37.5712 90.5613 16.99
      vertex 36.4707 91.9204 6.99
      vertex 36.4707 91.9204 16.99
    endloop
  endfacet
  facet normal 0.777168 0.629294 0
    outer loop
      vertex 36.4707 91.9204 6.99
      vertex 37.5712 90.5613 16.99
      vertex 37.5712 90.5613 6.99
    endloop
  endfacet
  facet normal 0.99619 0.0872095 0
    outer loop
      vertex 26.1245 117.528 16.99
      vertex 25.972 119.27 6.99
      vertex 25.972 119.27 16.99
    endloop
  endfacet
  facet normal 0.99619 0.0872095 0
    outer loop
      vertex 25.972 119.27 6.99
      vertex 26.1245 117.528 16.99
      vertex 26.1245 117.528 6.99
    endloop
  endfacet
  facet normal -0.0872045 0.99619 0
    outer loop
      vertex 81.1869 72.9395 6.99
      vertex 79.4448 72.787 16.99
      vertex 81.1869 72.9395 16.99
    endloop
  endfacet
  facet normal -0.0872045 0.99619 0
    outer loop
      vertex 79.4448 72.787 16.99
      vertex 81.1869 72.9395 6.99
      vertex 79.4448 72.787 6.99
    endloop
  endfacet
  facet normal -0.190824 0.981624 0
    outer loop
      vertex 86.3664 73.7598 6.99
      vertex 84.6498 73.4261 16.99
      vertex 86.3664 73.7598 16.99
    endloop
  endfacet
  facet normal -0.190824 0.981624 0
    outer loop
      vertex 84.6498 73.4261 16.99
      vertex 86.3664 73.7598 6.99
      vertex 84.6498 73.4261 6.99
    endloop
  endfacet
  facet normal -0.292386 0.956301 0
    outer loop
      vertex 91.4317 75.1171 6.99
      vertex 89.7594 74.6058 16.99
      vertex 91.4317 75.1171 16.99
    endloop
  endfacet
  facet normal -0.292386 0.956301 0
    outer loop
      vertex 89.7594 74.6058 16.99
      vertex 91.4317 75.1171 6.99
      vertex 89.7594 74.6058 6.99
    endloop
  endfacet
  facet normal -0.996215 -0.0869257 0
    outer loop
      vertex 125.928 126.26 6.99
      vertex 125.776 128.002 16.99
      vertex 125.776 128.002 6.99
    endloop
  endfacet
  facet normal -0.996215 -0.0869257 0
    outer loop
      vertex 125.776 128.002 16.99
      vertex 125.928 126.26 6.99
      vertex 125.928 126.26 16.99
    endloop
  endfacet
  facet normal -0.98158 -0.191053 0
    outer loop
      vertex 125.289 131.465 6.99
      vertex 124.955 133.181 16.99
      vertex 124.955 133.181 6.99
    endloop
  endfacet
  facet normal -0.98158 -0.191053 0
    outer loop
      vertex 124.955 133.181 16.99
      vertex 125.289 131.465 6.99
      vertex 125.289 131.465 16.99
    endloop
  endfacet
  facet normal -0.965864 0.25905 0
    outer loop
      vertex 124.109 108.956 6.99
      vertex 124.562 110.645 16.99
      vertex 124.562 110.645 6.99
    endloop
  endfacet
  facet normal -0.965864 0.25905 0
    outer loop
      vertex 124.562 110.645 16.99
      vertex 124.109 108.956 6.99
      vertex 124.109 108.956 16.99
    endloop
  endfacet
  facet normal -0.996215 0.0869257 0
    outer loop
      vertex 125.776 117.528 6.99
      vertex 125.928 119.27 16.99
      vertex 125.928 119.27 6.99
    endloop
  endfacet
  facet normal -0.996215 0.0869257 0
    outer loop
      vertex 125.928 119.27 16.99
      vertex 125.776 117.528 6.99
      vertex 125.776 117.528 16.99
    endloop
  endfacet
  facet normal -0.920588 0.390535 0
    outer loop
      vertex 121.719 102.387 6.99
      vertex 122.402 103.997 16.99
      vertex 122.402 103.997 6.99
    endloop
  endfacet
  facet normal -0.920588 0.390535 0
    outer loop
      vertex 122.402 103.997 16.99
      vertex 121.719 102.387 6.99
      vertex 121.719 102.387 16.99
    endloop
  endfacet
  facet normal -0.453994 0.891005 0
    outer loop
      vertex 99.4705 78.5293 6.99
      vertex 97.9124 77.7354 16.99
      vertex 99.4705 78.5293 16.99
    endloop
  endfacet
  facet normal -0.453994 0.891005 0
    outer loop
      vertex 97.9124 77.7354 16.99
      vertex 99.4705 78.5293 6.99
      vertex 97.9124 77.7354 6.99
    endloop
  endfacet
  facet normal -0.422594 0.906319 0
    outer loop
      vertex 97.9124 77.7354 6.99
      vertex 96.3275 76.9964 16.99
      vertex 97.9124 77.7354 16.99
    endloop
  endfacet
  facet normal -0.422594 0.906319 0
    outer loop
      vertex 96.3275 76.9964 16.99
      vertex 97.9124 77.7354 6.99
      vertex 96.3275 76.9964 6.99
    endloop
  endfacet
  facet normal -0.515042 0.857165 0
    outer loop
      vertex 102.499 80.2778 6.99
      vertex 101 79.3771 16.99
      vertex 102.499 80.2778 16.99
    endloop
  endfacet
  facet normal -0.515042 0.857165 0
    outer loop
      vertex 101 79.3771 16.99
      vertex 102.499 80.2778 6.99
      vertex 101 79.3771 6.99
    endloop
  endfacet
  facet normal -0.706964 0.70725 0
    outer loop
      vertex 110.752 86.7261 6.99
      vertex 111.989 87.9626 16.99
      vertex 111.989 87.9626 6.99
    endloop
  endfacet
  facet normal -0.706964 0.70725 0
    outer loop
      vertex 111.989 87.9626 16.99
      vertex 110.752 86.7261 6.99
      vertex 110.752 86.7261 16.99
    endloop
  endfacet
  facet normal -0.682002 0.73135 0
    outer loop
      vertex 110.752 86.7261 6.99
      vertex 109.473 85.5334 16.99
      vertex 110.752 86.7261 16.99
    endloop
  endfacet
  facet normal -0.682002 0.73135 0
    outer loop
      vertex 109.473 85.5334 16.99
      vertex 110.752 86.7261 6.99
      vertex 109.473 85.5334 6.99
    endloop
  endfacet
  facet normal -0.798474 0.602029 0
    outer loop
      vertex 115.429 91.9204 6.99
      vertex 116.482 93.317 16.99
      vertex 116.482 93.317 6.99
    endloop
  endfacet
  facet normal -0.798474 0.602029 0
    outer loop
      vertex 116.482 93.317 16.99
      vertex 115.429 91.9204 6.99
      vertex 115.429 91.9204 16.99
    endloop
  endfacet
  facet normal -0.838781 0.54447 0
    outer loop
      vertex 117.485 94.7494 6.99
      vertex 118.437 96.216 16.99
      vertex 118.437 96.216 6.99
    endloop
  endfacet
  facet normal -0.838781 0.54447 0
    outer loop
      vertex 118.437 96.216 16.99
      vertex 117.485 94.7494 6.99
      vertex 117.485 94.7494 16.99
    endloop
  endfacet
  facet normal 0.682002 0.73135 -0
    outer loop
      vertex 42.4266 85.5334 6.99
      vertex 41.1476 86.7261 16.99
      vertex 42.4266 85.5334 16.99
    endloop
  endfacet
  facet normal 0.682002 0.73135 0
    outer loop
      vertex 41.1476 86.7261 16.99
      vertex 42.4266 85.5334 6.99
      vertex 41.1476 86.7261 6.99
    endloop
  endfacet
  facet normal 0.35837 0.93358 -0
    outer loop
      vertex 58.8148 75.6864 6.99
      vertex 57.1822 76.3131 16.99
      vertex 58.8148 75.6864 16.99
    endloop
  endfacet
  facet normal 0.35837 0.93358 0
    outer loop
      vertex 57.1822 76.3131 16.99
      vertex 58.8148 75.6864 6.99
      vertex 57.1822 76.3131 6.99
    endloop
  endfacet
  facet normal 0.573585 0.819146 -0
    outer loop
      vertex 47.9344 81.2302 6.99
      vertex 46.502 82.2332 16.99
      vertex 47.9344 81.2302 16.99
    endloop
  endfacet
  facet normal 0.573585 0.819146 0
    outer loop
      vertex 46.502 82.2332 16.99
      vertex 47.9344 81.2302 6.99
      vertex 46.502 82.2332 6.99
    endloop
  endfacet
  facet normal 0.1564 0.987694 -0
    outer loop
      vertex 68.9774 73.1526 6.99
      vertex 67.2502 73.4261 16.99
      vertex 68.9774 73.1526 16.99
    endloop
  endfacet
  facet normal 0.1564 0.987694 0
    outer loop
      vertex 67.2502 73.4261 16.99
      vertex 68.9774 73.1526 6.99
      vertex 67.2502 73.4261 6.99
    endloop
  endfacet
  facet normal 0.0523247 0.99863 -0
    outer loop
      vertex 74.2015 72.6955 6.99
      vertex 72.4552 72.787 16.99
      vertex 74.2015 72.6955 16.99
    endloop
  endfacet
  facet normal 0.0523247 0.99863 0
    outer loop
      vertex 72.4552 72.787 16.99
      vertex 74.2015 72.6955 6.99
      vertex 72.4552 72.787 6.99
    endloop
  endfacet
  facet normal 0.906227 0.422792 0
    outer loop
      vertex 30.9204 100.803 16.99
      vertex 30.1814 102.387 6.99
      vertex 30.1814 102.387 16.99
    endloop
  endfacet
  facet normal 0.906227 0.422792 0
    outer loop
      vertex 30.1814 102.387 6.99
      vertex 30.9204 100.803 16.99
      vertex 30.9204 100.803 6.99
    endloop
  endfacet
  facet normal 0.798639 0.60181 0
    outer loop
      vertex 36.4707 91.9204 16.99
      vertex 35.4183 93.317 6.99
      vertex 35.4183 93.317 16.99
    endloop
  endfacet
  facet normal 0.798639 0.60181 0
    outer loop
      vertex 35.4183 93.317 6.99
      vertex 36.4707 91.9204 16.99
      vertex 36.4707 91.9204 6.99
    endloop
  endfacet
  facet normal 0.838676 0.544631 0
    outer loop
      vertex 34.4152 94.7494 16.99
      vertex 33.4628 96.216 6.99
      vertex 33.4628 96.216 16.99
    endloop
  endfacet
  facet normal 0.838676 0.544631 0
    outer loop
      vertex 33.4628 96.216 6.99
      vertex 34.4152 94.7494 16.99
      vertex 34.4152 94.7494 6.99
    endloop
  endfacet
  facet normal 0.73135 0.682002 0
    outer loop
      vertex 39.9111 87.9626 16.99
      vertex 38.7184 89.2416 6.99
      vertex 38.7184 89.2416 16.99
    endloop
  endfacet
  facet normal 0.73135 0.682002 0
    outer loop
      vertex 38.7184 89.2416 6.99
      vertex 39.9111 87.9626 16.99
      vertex 39.9111 87.9626 6.99
    endloop
  endfacet
  facet normal 0.707107 0.707107 0
    outer loop
      vertex 41.1476 86.7261 16.99
      vertex 39.9111 87.9626 6.99
      vertex 39.9111 87.9626 16.99
    endloop
  endfacet
  facet normal 0.707107 0.707107 0
    outer loop
      vertex 39.9111 87.9626 6.99
      vertex 41.1476 86.7261 16.99
      vertex 41.1476 86.7261 6.99
    endloop
  endfacet
  facet normal 0 0 1
    outer loop
      vertex 122.45 122.765 6.99
      vertex 126.05 122.765 6.99
      vertex 126.019 124.513 6.99
    endloop
  endfacet
  facet normal -0 0 1
    outer loop
      vertex 122.386 125.199 6.99
      vertex 126.019 124.513 6.99
      vertex 125.928 126.26 6.99
    endloop
  endfacet
  facet normal 0 0 1
    outer loop
      vertex 126.05 122.765 6.99
      vertex 122.45 122.765 6.99
      vertex 126.019 121.017 6.99
    endloop
  endfacet
  facet normal -0 0 1
    outer loop
      vertex 122.195 127.626 6.99
      vertex 125.928 126.26 6.99
      vertex 125.776 128.002 6.99
    endloop
  endfacet
  facet normal 0 0 1
    outer loop
      vertex 122.386 120.331 6.99
      vertex 126.019 121.017 6.99
      vertex 122.45 122.765 6.99
    endloop
  endfacet
  facet normal 0 0 1
    outer loop
      vertex 122.195 127.626 6.99
      vertex 125.776 128.002 6.99
      vertex 125.562 129.738 6.99
    endloop
  endfacet
  facet normal 0 0 1
    outer loop
      vertex 126.019 121.017 6.99
      vertex 122.386 120.331 6.99
      vertex 125.928 119.27 6.99
    endloop
  endfacet
  facet normal -0 0 1
    outer loop
      vertex 121.878 130.039 6.99
      vertex 125.562 129.738 6.99
      vertex 125.289 131.465 6.99
    endloop
  endfacet
  facet normal 0 0 1
    outer loop
      vertex 122.195 117.904 6.99
      vertex 125.928 119.27 6.99
      vertex 122.386 120.331 6.99
    endloop
  endfacet
  facet normal -0 0 1
    outer loop
      vertex 121.434 132.433 6.99
      vertex 125.289 131.465 6.99
      vertex 124.955 133.181 6.99
    endloop
  endfacet
  facet normal 0 0 1
    outer loop
      vertex 125.928 119.27 6.99
      vertex 122.195 117.904 6.99
      vertex 125.776 117.528 6.99
    endloop
  endfacet
  facet normal 0 0 1
    outer loop
      vertex 121.434 132.433 6.99
      vertex 124.955 133.181 6.99
      vertex 124.562 134.885 6.99
    endloop
  endfacet
  facet normal 0 0 1
    outer loop
      vertex 125.776 117.528 6.99
      vertex 122.195 117.904 6.99
      vertex 125.562 115.792 6.99
    endloop
  endfacet
  facet normal 0 0 1
    outer loop
      vertex 120.866 134.8 6.99
      vertex 124.562 134.885 6.99
      vertex 124.109 136.574 6.99
    endloop
  endfacet
  facet normal 0 0 1
    outer loop
      vertex 121.878 115.491 6.99
      vertex 125.562 115.792 6.99
      vertex 122.195 117.904 6.99
    endloop
  endfacet
  facet normal -0 0 1
    outer loop
      vertex 120.174 137.134 6.99
      vertex 124.109 136.574 6.99
      vertex 123.598 138.247 6.99
    endloop
  endfacet
  facet normal 0 0 1
    outer loop
      vertex 125.562 115.792 6.99
      vertex 121.878 115.491 6.99
      vertex 125.289 114.065 6.99
    endloop
  endfacet
  facet normal 0 0 1
    outer loop
      vertex 120.174 137.134 6.99
      vertex 123.598 138.247 6.99
      vertex 123.029 139.9 6.99
    endloop
  endfacet
  facet normal 0 0 1
    outer loop
      vertex 121.434 113.097 6.99
      vertex 125.289 114.065 6.99
      vertex 121.878 115.491 6.99
    endloop
  endfacet
  facet normal 0 0 1
    outer loop
      vertex 125.289 114.065 6.99
      vertex 121.434 113.097 6.99
      vertex 124.955 112.349 6.99
    endloop
  endfacet
  facet normal 0 0 1
    outer loop
      vertex 119.361 139.429 6.99
      vertex 123.029 139.9 6.99
      vertex 122.402 141.533 6.99
    endloop
  endfacet
  facet normal 0 0 1
    outer loop
      vertex 126.019 124.513 6.99
      vertex 122.386 125.199 6.99
      vertex 122.45 122.765 6.99
    endloop
  endfacet
  facet normal 0 0 1
    outer loop
      vertex 125.928 126.26 6.99
      vertex 122.195 127.626 6.99
      vertex 122.386 125.199 6.99
    endloop
  endfacet
  facet normal 0 0 1
    outer loop
      vertex 125.562 129.738 6.99
      vertex 121.878 130.039 6.99
      vertex 122.195 127.626 6.99
    endloop
  endfacet
  facet normal -0 0 1
    outer loop
      vertex 118.43 141.678 6.99
      vertex 122.402 141.533 6.99
      vertex 121.719 143.143 6.99
    endloop
  endfacet
  facet normal 0 0 1
    outer loop
      vertex 125.289 131.465 6.99
      vertex 121.434 132.433 6.99
      vertex 121.878 130.039 6.99
    endloop
  endfacet
  facet normal 0 0 1
    outer loop
      vertex 118.43 141.678 6.99
      vertex 121.719 143.143 6.99
      vertex 120.98 144.727 6.99
    endloop
  endfacet
  facet normal 0 0 1
    outer loop
      vertex 124.562 134.885 6.99
      vertex 120.866 134.8 6.99
      vertex 121.434 132.433 6.99
    endloop
  endfacet
  facet normal 0 0 1
    outer loop
      vertex 117.382 143.876 6.99
      vertex 120.98 144.727 6.99
      vertex 120.186 146.286 6.99
    endloop
  endfacet
  facet normal 0 0 1
    outer loop
      vertex 124.109 136.574 6.99
      vertex 120.174 137.134 6.99
      vertex 120.866 134.8 6.99
    endloop
  endfacet
  facet normal 0 0 1
    outer loop
      vertex 123.029 139.9 6.99
      vertex 119.361 139.429 6.99
      vertex 120.174 137.134 6.99
    endloop
  endfacet
  facet normal 0 0 1
    outer loop
      vertex 116.22 146.015 6.99
      vertex 120.186 146.286 6.99
      vertex 119.338 147.815 6.99
    endloop
  endfacet
  facet normal 0 0 1
    outer loop
      vertex 116.22 146.015 6.99
      vertex 119.338 147.815 6.99
      vertex 118.437 149.314 6.99
    endloop
  endfacet
  facet normal 0 0 1
    outer loop
      vertex 122.402 141.533 6.99
      vertex 118.43 141.678 6.99
      vertex 119.361 139.429 6.99
    endloop
  endfacet
  facet normal 0 0 1
    outer loop
      vertex 114.948 148.091 6.99
      vertex 118.437 149.314 6.99
      vertex 117.485 150.781 6.99
    endloop
  endfacet
  facet normal 0 0 1
    outer loop
      vertex 120.98 144.727 6.99
      vertex 117.382 143.876 6.99
      vertex 118.43 141.678 6.99
    endloop
  endfacet
  facet normal 0 0 1
    outer loop
      vertex 113.569 150.097 6.99
      vertex 117.485 150.781 6.99
      vertex 116.482 152.213 6.99
    endloop
  endfacet
  facet normal 0 0 1
    outer loop
      vertex 120.186 146.286 6.99
      vertex 116.22 146.015 6.99
      vertex 117.382 143.876 6.99
    endloop
  endfacet
  facet normal 0 0 1
    outer loop
      vertex 113.569 150.097 6.99
      vertex 116.482 152.213 6.99
      vertex 115.429 153.61 6.99
    endloop
  endfacet
  facet normal 0 0 1
    outer loop
      vertex 118.437 149.314 6.99
      vertex 114.948 148.091 6.99
      vertex 116.22 146.015 6.99
    endloop
  endfacet
  facet normal 0 0 1
    outer loop
      vertex 112.087 152.028 6.99
      vertex 115.429 153.61 6.99
      vertex 114.329 154.969 6.99
    endloop
  endfacet
  facet normal 0 0 1
    outer loop
      vertex 117.485 150.781 6.99
      vertex 113.569 150.097 6.99
      vertex 114.948 148.091 6.99
    endloop
  endfacet
  facet normal 0 0 1
    outer loop
      vertex 110.506 153.88 6.99
      vertex 114.329 154.969 6.99
      vertex 113.182 156.288 6.99
    endloop
  endfacet
  facet normal 0 0 1
    outer loop
      vertex 115.429 153.61 6.99
      vertex 112.087 152.028 6.99
      vertex 113.569 150.097 6.99
    endloop
  endfacet
  facet normal 0 0 1
    outer loop
      vertex 110.506 153.88 6.99
      vertex 113.182 156.288 6.99
      vertex 111.989 157.567 6.99
    endloop
  endfacet
  facet normal 0 0 1
    outer loop
      vertex 108.83 155.645 6.99
      vertex 111.989 157.567 6.99
      vertex 110.752 158.804 6.99
    endloop
  endfacet
  facet normal 0 0 1
    outer loop
      vertex 114.329 154.969 6.99
      vertex 110.506 153.88 6.99
      vertex 112.087 152.028 6.99
    endloop
  endfacet
  facet normal 0 0 1
    outer loop
      vertex 107.065 157.321 6.99
      vertex 110.752 158.804 6.99
      vertex 109.473 159.997 6.99
    endloop
  endfacet
  facet normal 0 0 1
    outer loop
      vertex 111.989 157.567 6.99
      vertex 108.83 155.645 6.99
      vertex 110.506 153.88 6.99
    endloop
  endfacet
  facet normal 0 0 1
    outer loop
      vertex 107.065 157.321 6.99
      vertex 109.473 159.997 6.99
      vertex 108.154 161.144 6.99
    endloop
  endfacet
  facet normal 0 0 1
    outer loop
      vertex 110.752 158.804 6.99
      vertex 107.065 157.321 6.99
      vertex 108.83 155.645 6.99
    endloop
  endfacet
  facet normal 0 0 1
    outer loop
      vertex 105.213 158.902 6.99
      vertex 108.154 161.144 6.99
      vertex 106.795 162.244 6.99
    endloop
  endfacet
  facet normal 0 0 1
    outer loop
      vertex 103.282 160.384 6.99
      vertex 106.795 162.244 6.99
      vertex 105.398 163.297 6.99
    endloop
  endfacet
  facet normal 0 0 1
    outer loop
      vertex 108.154 161.144 6.99
      vertex 105.213 158.902 6.99
      vertex 107.065 157.321 6.99
    endloop
  endfacet
  facet normal 0 0 1
    outer loop
      vertex 103.282 160.384 6.99
      vertex 105.398 163.297 6.99
      vertex 103.966 164.3 6.99
    endloop
  endfacet
  facet normal 0 0 1
    outer loop
      vertex 106.795 162.244 6.99
      vertex 103.282 160.384 6.99
      vertex 105.213 158.902 6.99
    endloop
  endfacet
  facet normal 0 0 1
    outer loop
      vertex 101.276 161.763 6.99
      vertex 103.966 164.3 6.99
      vertex 102.499 165.252 6.99
    endloop
  endfacet
  facet normal 0 0 1
    outer loop
      vertex 103.966 164.3 6.99
      vertex 101.276 161.763 6.99
      vertex 103.282 160.384 6.99
    endloop
  endfacet
  facet normal 0 0 1
    outer loop
      vertex 99.2 163.035 6.99
      vertex 102.499 165.252 6.99
      vertex 101 166.153 6.99
    endloop
  endfacet
  facet normal 0 0 1
    outer loop
      vertex 99.2 163.035 6.99
      vertex 101 166.153 6.99
      vertex 99.4705 167.001 6.99
    endloop
  endfacet
  facet normal 0 0 1
    outer loop
      vertex 102.499 165.252 6.99
      vertex 99.2 163.035 6.99
      vertex 101.276 161.763 6.99
    endloop
  endfacet
  facet normal 0 0 1
    outer loop
      vertex 97.0606 164.197 6.99
      vertex 99.4705 167.001 6.99
      vertex 97.9124 167.795 6.99
    endloop
  endfacet
  facet normal 0 0 1
    outer loop
      vertex 99.4705 167.001 6.99
      vertex 97.0606 164.197 6.99
      vertex 99.2 163.035 6.99
    endloop
  endfacet
  facet normal 0 0 1
    outer loop
      vertex 94.8633 165.245 6.99
      vertex 97.9124 167.795 6.99
      vertex 96.3275 168.534 6.99
    endloop
  endfacet
  facet normal 0 0 1
    outer loop
      vertex 97.9124 167.795 6.99
      vertex 94.8633 165.245 6.99
      vertex 97.0606 164.197 6.99
    endloop
  endfacet
  facet normal 0 0 1
    outer loop
      vertex 94.7178 169.217 6.99
      vertex 94.8633 165.245 6.99
      vertex 96.3275 168.534 6.99
    endloop
  endfacet
  facet normal 0 0 1
    outer loop
      vertex 92.6141 166.176 6.99
      vertex 94.7178 169.217 6.99
      vertex 93.0852 169.844 6.99
    endloop
  endfacet
  facet normal 0 0 1
    outer loop
      vertex 94.7178 169.217 6.99
      vertex 92.6141 166.176 6.99
      vertex 94.8633 165.245 6.99
    endloop
  endfacet
  facet normal 0 0 1
    outer loop
      vertex 90.3193 166.989 6.99
      vertex 93.0852 169.844 6.99
      vertex 91.4317 170.413 6.99
    endloop
  endfacet
  facet normal 0 0 1
    outer loop
      vertex 93.0852 169.844 6.99
      vertex 90.3193 166.989 6.99
      vertex 92.6141 166.176 6.99
    endloop
  endfacet
  facet normal 0 0 1
    outer loop
      vertex 89.7594 170.924 6.99
      vertex 90.3193 166.989 6.99
      vertex 91.4317 170.413 6.99
    endloop
  endfacet
  facet normal 0 0 1
    outer loop
      vertex 87.9851 167.681 6.99
      vertex 89.7594 170.924 6.99
      vertex 88.0703 171.377 6.99
    endloop
  endfacet
  facet normal 0 0 1
    outer loop
      vertex 89.7594 170.924 6.99
      vertex 87.9851 167.681 6.99
      vertex 90.3193 166.989 6.99
    endloop
  endfacet
  facet normal 0 0 1
    outer loop
      vertex 85.6179 168.249 6.99
      vertex 88.0703 171.377 6.99
      vertex 86.3664 171.77 6.99
    endloop
  endfacet
  facet normal 0 0 1
    outer loop
      vertex 88.0703 171.377 6.99
      vertex 85.6179 168.249 6.99
      vertex 87.9851 167.681 6.99
    endloop
  endfacet
  facet normal 0 0 1
    outer loop
      vertex 84.6498 172.104 6.99
      vertex 85.6179 168.249 6.99
      vertex 86.3664 171.77 6.99
    endloop
  endfacet
  facet normal 0 0 1
    outer loop
      vertex 84.6498 172.104 6.99
      vertex 83.2242 168.693 6.99
      vertex 85.6179 168.249 6.99
    endloop
  endfacet
  facet normal 0 0 1
    outer loop
      vertex 82.9226 172.377 6.99
      vertex 83.2242 168.693 6.99
      vertex 84.6498 172.104 6.99
    endloop
  endfacet
  facet normal 0 0 1
    outer loop
      vertex 80.8106 169.01 6.99
      vertex 82.9226 172.377 6.99
      vertex 81.1869 172.591 6.99
    endloop
  endfacet
  facet normal 0 0 1
    outer loop
      vertex 82.9226 172.377 6.99
      vertex 80.8106 169.01 6.99
      vertex 83.2242 168.693 6.99
    endloop
  endfacet
  facet normal 0 0 1
    outer loop
      vertex 79.4448 172.743 6.99
      vertex 80.8106 169.01 6.99
      vertex 81.1869 172.591 6.99
    endloop
  endfacet
  facet normal 0 0 1
    outer loop
      vertex 79.4448 172.743 6.99
      vertex 78.3836 169.201 6.99
      vertex 80.8106 169.01 6.99
    endloop
  endfacet
  facet normal 0 0 1
    outer loop
      vertex 77.6985 172.834 6.99
      vertex 78.3836 169.201 6.99
      vertex 79.4448 172.743 6.99
    endloop
  endfacet
  facet normal 0 0 1
    outer loop
      vertex 75.95 169.265 6.99
      vertex 77.6985 172.834 6.99
      vertex 75.95 172.865 6.99
    endloop
  endfacet
  facet normal 0 0 1
    outer loop
      vertex 77.6985 172.834 6.99
      vertex 75.95 169.265 6.99
      vertex 78.3836 169.201 6.99
    endloop
  endfacet
  facet normal -0 0 1
    outer loop
      vertex 74.2015 172.834 6.99
      vertex 75.95 169.265 6.99
      vertex 75.95 172.865 6.99
    endloop
  endfacet
  facet normal 0 0 1
    outer loop
      vertex 74.2015 172.834 6.99
      vertex 73.5164 169.201 6.99
      vertex 75.95 169.265 6.99
    endloop
  endfacet
  facet normal -0 0 1
    outer loop
      vertex 72.4552 172.743 6.99
      vertex 73.5164 169.201 6.99
      vertex 74.2015 172.834 6.99
    endloop
  endfacet
  facet normal 0 0 1
    outer loop
      vertex 72.4552 172.743 6.99
      vertex 71.0894 169.01 6.99
      vertex 73.5164 169.201 6.99
    endloop
  endfacet
  facet normal -0 0 1
    outer loop
      vertex 70.7131 172.591 6.99
      vertex 71.0894 169.01 6.99
      vertex 72.4552 172.743 6.99
    endloop
  endfacet
  facet normal -0 0 1
    outer loop
      vertex 68.9774 172.377 6.99
      vertex 71.0894 169.01 6.99
      vertex 70.7131 172.591 6.99
    endloop
  endfacet
  facet normal 0 0 1
    outer loop
      vertex 68.9774 172.377 6.99
      vertex 68.6758 168.693 6.99
      vertex 71.0894 169.01 6.99
    endloop
  endfacet
  facet normal -0 0 1
    outer loop
      vertex 67.2502 172.104 6.99
      vertex 68.6758 168.693 6.99
      vertex 68.9774 172.377 6.99
    endloop
  endfacet
  facet normal 0 0 1
    outer loop
      vertex 67.2502 172.104 6.99
      vertex 66.2821 168.249 6.99
      vertex 68.6758 168.693 6.99
    endloop
  endfacet
  facet normal -0 0 1
    outer loop
      vertex 65.5336 171.77 6.99
      vertex 66.2821 168.249 6.99
      vertex 67.2502 172.104 6.99
    endloop
  endfacet
  facet normal -0 0 1
    outer loop
      vertex 63.8297 171.377 6.99
      vertex 66.2821 168.249 6.99
      vertex 65.5336 171.77 6.99
    endloop
  endfacet
  facet normal 0 0 1
    outer loop
      vertex 66.2821 168.249 6.99
      vertex 63.8297 171.377 6.99
      vertex 63.9149 167.681 6.99
    endloop
  endfacet
  facet normal -0 0 1
    outer loop
      vertex 62.1406 170.924 6.99
      vertex 63.9149 167.681 6.99
      vertex 63.8297 171.377 6.99
    endloop
  endfacet
  facet normal 0 0 1
    outer loop
      vertex 62.1406 170.924 6.99
      vertex 61.5807 166.989 6.99
      vertex 63.9149 167.681 6.99
    endloop
  endfacet
  facet normal -0 0 1
    outer loop
      vertex 60.4683 170.413 6.99
      vertex 61.5807 166.989 6.99
      vertex 62.1406 170.924 6.99
    endloop
  endfacet
  facet normal -0 0 1
    outer loop
      vertex 58.8148 169.844 6.99
      vertex 61.5807 166.989 6.99
      vertex 60.4683 170.413 6.99
    endloop
  endfacet
  facet normal 0 0 1
    outer loop
      vertex 61.5807 166.989 6.99
      vertex 58.8148 169.844 6.99
      vertex 59.2859 166.176 6.99
    endloop
  endfacet
  facet normal -0 0 1
    outer loop
      vertex 57.1822 169.217 6.99
      vertex 59.2859 166.176 6.99
      vertex 58.8148 169.844 6.99
    endloop
  endfacet
  facet normal 0 0 1
    outer loop
      vertex 57.1822 169.217 6.99
      vertex 57.0367 165.245 6.99
      vertex 59.2859 166.176 6.99
    endloop
  endfacet
  facet normal -0 0 1
    outer loop
      vertex 55.5725 168.534 6.99
      vertex 57.0367 165.245 6.99
      vertex 57.1822 169.217 6.99
    endloop
  endfacet
  facet normal -0 0 1
    outer loop
      vertex 53.9876 167.795 6.99
      vertex 57.0367 165.245 6.99
      vertex 55.5725 168.534 6.99
    endloop
  endfacet
  facet normal 0 0 1
    outer loop
      vertex 57.0367 165.245 6.99
      vertex 53.9876 167.795 6.99
      vertex 54.8394 164.197 6.99
    endloop
  endfacet
  facet normal -0 0 1
    outer loop
      vertex 52.4295 167.001 6.99
      vertex 54.8394 164.197 6.99
      vertex 53.9876 167.795 6.99
    endloop
  endfacet
  facet normal 0 0 1
    outer loop
      vertex 54.8394 164.197 6.99
      vertex 52.4295 167.001 6.99
      vertex 52.7 163.035 6.99
    endloop
  endfacet
  facet normal -0 0 1
    outer loop
      vertex 50.9 166.153 6.99
      vertex 52.7 163.035 6.99
      vertex 52.4295 167.001 6.99
    endloop
  endfacet
  facet normal -0 0 1
    outer loop
      vertex 49.401 165.252 6.99
      vertex 52.7 163.035 6.99
      vertex 50.9 166.153 6.99
    endloop
  endfacet
  facet normal 0 0 1
    outer loop
      vertex 52.7 163.035 6.99
      vertex 49.401 165.252 6.99
      vertex 50.6243 161.763 6.99
    endloop
  endfacet
  facet normal -0 0 1
    outer loop
      vertex 47.9344 164.3 6.99
      vertex 50.6243 161.763 6.99
      vertex 49.401 165.252 6.99
    endloop
  endfacet
  facet normal 0 0 1
    outer loop
      vertex 50.6243 161.763 6.99
      vertex 47.9344 164.3 6.99
      vertex 48.618 160.384 6.99
    endloop
  endfacet
  facet normal -0 0 1
    outer loop
      vertex 46.502 163.297 6.99
      vertex 48.618 160.384 6.99
      vertex 47.9344 164.3 6.99
    endloop
  endfacet
  facet normal -0 0 1
    outer loop
      vertex 45.1054 162.244 6.99
      vertex 48.618 160.384 6.99
      vertex 46.502 163.297 6.99
    endloop
  endfacet
  facet normal 0 0 1
    outer loop
      vertex 48.618 160.384 6.99
      vertex 45.1054 162.244 6.99
      vertex 46.6866 158.902 6.99
    endloop
  endfacet
  facet normal -0 0 1
    outer loop
      vertex 43.7463 161.144 6.99
      vertex 46.6866 158.902 6.99
      vertex 45.1054 162.244 6.99
    endloop
  endfacet
  facet normal 0 0 1
    outer loop
      vertex 46.6866 158.902 6.99
      vertex 43.7463 161.144 6.99
      vertex 44.8354 157.321 6.99
    endloop
  endfacet
  facet normal -0 0 1
    outer loop
      vertex 42.4266 159.997 6.99
      vertex 44.8354 157.321 6.99
      vertex 43.7463 161.144 6.99
    endloop
  endfacet
  facet normal -0 0 1
    outer loop
      vertex 41.1476 158.804 6.99
      vertex 44.8354 157.321 6.99
      vertex 42.4266 159.997 6.99
    endloop
  endfacet
  facet normal 0 0 1
    outer loop
      vertex 44.8354 157.321 6.99
      vertex 41.1476 158.804 6.99
      vertex 43.0695 155.645 6.99
    endloop
  endfacet
  facet normal -0 0 1
    outer loop
      vertex 39.9111 157.567 6.99
      vertex 43.0695 155.645 6.99
      vertex 41.1476 158.804 6.99
    endloop
  endfacet
  facet normal 0 0 1
    outer loop
      vertex 43.0695 155.645 6.99
      vertex 39.9111 157.567 6.99
      vertex 41.3938 153.88 6.99
    endloop
  endfacet
  facet normal -0 0 1
    outer loop
      vertex 38.7184 156.288 6.99
      vertex 41.3938 153.88 6.99
      vertex 39.9111 157.567 6.99
    endloop
  endfacet
  facet normal -0 0 1
    outer loop
      vertex 37.5712 154.969 6.99
      vertex 41.3938 153.88 6.99
      vertex 38.7184 156.288 6.99
    endloop
  endfacet
  facet normal 0 0 1
    outer loop
      vertex 41.3938 153.88 6.99
      vertex 37.5712 154.969 6.99
      vertex 39.8127 152.028 6.99
    endloop
  endfacet
  facet normal -0 0 1
    outer loop
      vertex 36.4707 153.61 6.99
      vertex 39.8127 152.028 6.99
      vertex 37.5712 154.969 6.99
    endloop
  endfacet
  facet normal 0 0 1
    outer loop
      vertex 39.8127 152.028 6.99
      vertex 36.4707 153.61 6.99
      vertex 38.3307 150.097 6.99
    endloop
  endfacet
  facet normal -0 0 1
    outer loop
      vertex 35.4183 152.213 6.99
      vertex 38.3307 150.097 6.99
      vertex 36.4707 153.61 6.99
    endloop
  endfacet
  facet normal -0 0 1
    outer loop
      vertex 34.4152 150.781 6.99
      vertex 38.3307 150.097 6.99
      vertex 35.4183 152.213 6.99
    endloop
  endfacet
  facet normal 0 0 1
    outer loop
      vertex 38.3307 150.097 6.99
      vertex 34.4152 150.781 6.99
      vertex 36.9518 148.091 6.99
    endloop
  endfacet
  facet normal -0 0 1
    outer loop
      vertex 33.4628 149.314 6.99
      vertex 36.9518 148.091 6.99
      vertex 34.4152 150.781 6.99
    endloop
  endfacet
  facet normal 0 0 1
    outer loop
      vertex 36.9518 148.091 6.99
      vertex 33.4628 149.314 6.99
      vertex 35.6798 146.015 6.99
    endloop
  endfacet
  facet normal -0 0 1
    outer loop
      vertex 32.5621 147.815 6.99
      vertex 35.6798 146.015 6.99
      vertex 33.4628 149.314 6.99
    endloop
  endfacet
  facet normal -0 0 1
    outer loop
      vertex 31.7143 146.286 6.99
      vertex 35.6798 146.015 6.99
      vertex 32.5621 147.815 6.99
    endloop
  endfacet
  facet normal 0 0 1
    outer loop
      vertex 35.6798 146.015 6.99
      vertex 31.7143 146.286 6.99
      vertex 34.5182 143.876 6.99
    endloop
  endfacet
  facet normal -0 0 1
    outer loop
      vertex 30.9204 144.727 6.99
      vertex 34.5182 143.876 6.99
      vertex 31.7143 146.286 6.99
    endloop
  endfacet
  facet normal 0 0 1
    outer loop
      vertex 34.5182 143.876 6.99
      vertex 30.9204 144.727 6.99
      vertex 33.4701 141.678 6.99
    endloop
  endfacet
  facet normal -0 0 1
    outer loop
      vertex 30.1814 143.143 6.99
      vertex 33.4701 141.678 6.99
      vertex 30.9204 144.727 6.99
    endloop
  endfacet
  facet normal 0 0 1
    outer loop
      vertex 29.4981 141.533 6.99
      vertex 33.4701 141.678 6.99
      vertex 30.1814 143.143 6.99
    endloop
  endfacet
  facet normal 0 0 1
    outer loop
      vertex 33.4701 141.678 6.99
      vertex 29.4981 141.533 6.99
      vertex 32.5385 139.429 6.99
    endloop
  endfacet
  facet normal -0 0 1
    outer loop
      vertex 28.8714 139.9 6.99
      vertex 32.5385 139.429 6.99
      vertex 29.4981 141.533 6.99
    endloop
  endfacet
  facet normal 0 0 1
    outer loop
      vertex 32.5385 139.429 6.99
      vertex 28.8714 139.9 6.99
      vertex 31.7259 137.134 6.99
    endloop
  endfacet
  facet normal -0 0 1
    outer loop
      vertex 28.3021 138.247 6.99
      vertex 31.7259 137.134 6.99
      vertex 28.8714 139.9 6.99
    endloop
  endfacet
  facet normal 0 0 1
    outer loop
      vertex 27.7908 136.574 6.99
      vertex 31.7259 137.134 6.99
      vertex 28.3021 138.247 6.99
    endloop
  endfacet
  facet normal 0 0 1
    outer loop
      vertex 31.7259 137.134 6.99
      vertex 27.7908 136.574 6.99
      vertex 31.0345 134.8 6.99
    endloop
  endfacet
  facet normal -0 0 1
    outer loop
      vertex 27.3382 134.885 6.99
      vertex 31.0345 134.8 6.99
      vertex 27.7908 136.574 6.99
    endloop
  endfacet
  facet normal 0 0 1
    outer loop
      vertex 31.0345 134.8 6.99
      vertex 27.3382 134.885 6.99
      vertex 30.4661 132.433 6.99
    endloop
  endfacet
  facet normal -0 0 1
    outer loop
      vertex 26.9448 133.181 6.99
      vertex 30.4661 132.433 6.99
      vertex 27.3382 134.885 6.99
    endloop
  endfacet
  facet normal 0 0 1
    outer loop
      vertex 124.955 112.349 6.99
      vertex 121.434 113.097 6.99
      vertex 124.562 110.645 6.99
    endloop
  endfacet
  facet normal -0 0 1
    outer loop
      vertex 120.866 110.73 6.99
      vertex 124.562 110.645 6.99
      vertex 121.434 113.097 6.99
    endloop
  endfacet
  facet normal 0 0 1
    outer loop
      vertex 124.562 110.645 6.99
      vertex 120.866 110.73 6.99
      vertex 124.109 108.956 6.99
    endloop
  endfacet
  facet normal 0 0 1
    outer loop
      vertex 120.174 108.396 6.99
      vertex 124.109 108.956 6.99
      vertex 120.866 110.73 6.99
    endloop
  endfacet
  facet normal 0 0 1
    outer loop
      vertex 124.109 108.956 6.99
      vertex 120.174 108.396 6.99
      vertex 123.598 107.283 6.99
    endloop
  endfacet
  facet normal 0 0 1
    outer loop
      vertex 123.598 107.283 6.99
      vertex 120.174 108.396 6.99
      vertex 123.029 105.63 6.99
    endloop
  endfacet
  facet normal -0 0 1
    outer loop
      vertex 119.361 106.101 6.99
      vertex 123.029 105.63 6.99
      vertex 120.174 108.396 6.99
    endloop
  endfacet
  facet normal 0 0 1
    outer loop
      vertex 123.029 105.63 6.99
      vertex 119.361 106.101 6.99
      vertex 122.402 103.997 6.99
    endloop
  endfacet
  facet normal 0 0 1
    outer loop
      vertex 118.43 103.852 6.99
      vertex 122.402 103.997 6.99
      vertex 119.361 106.101 6.99
    endloop
  endfacet
  facet normal 0 0 1
    outer loop
      vertex 122.402 103.997 6.99
      vertex 118.43 103.852 6.99
      vertex 121.719 102.387 6.99
    endloop
  endfacet
  facet normal 0 0 1
    outer loop
      vertex 121.719 102.387 6.99
      vertex 118.43 103.852 6.99
      vertex 120.98 100.803 6.99
    endloop
  endfacet
  facet normal -0 0 1
    outer loop
      vertex 117.382 101.654 6.99
      vertex 120.98 100.803 6.99
      vertex 118.43 103.852 6.99
    endloop
  endfacet
  facet normal 0 0 1
    outer loop
      vertex 120.98 100.803 6.99
      vertex 117.382 101.654 6.99
      vertex 120.186 99.2445 6.99
    endloop
  endfacet
  facet normal -0 0 1
    outer loop
      vertex 116.22 99.515 6.99
      vertex 120.186 99.2445 6.99
      vertex 117.382 101.654 6.99
    endloop
  endfacet
  facet normal 0 0 1
    outer loop
      vertex 120.186 99.2445 6.99
      vertex 116.22 99.515 6.99
      vertex 119.338 97.715 6.99
    endloop
  endfacet
  facet normal 0 0 1
    outer loop
      vertex 119.338 97.715 6.99
      vertex 116.22 99.515 6.99
      vertex 118.437 96.216 6.99
    endloop
  endfacet
  facet normal -0 0 1
    outer loop
      vertex 114.948 97.4393 6.99
      vertex 118.437 96.216 6.99
      vertex 116.22 99.515 6.99
    endloop
  endfacet
  facet normal 0 0 1
    outer loop
      vertex 118.437 96.216 6.99
      vertex 114.948 97.4393 6.99
      vertex 117.485 94.7494 6.99
    endloop
  endfacet
  facet normal -0 0 1
    outer loop
      vertex 113.569 95.433 6.99
      vertex 117.485 94.7494 6.99
      vertex 114.948 97.4393 6.99
    endloop
  endfacet
  facet normal 0 0 1
    outer loop
      vertex 117.485 94.7494 6.99
      vertex 113.569 95.433 6.99
      vertex 116.482 93.317 6.99
    endloop
  endfacet
  facet normal 0 0 1
    outer loop
      vertex 116.482 93.317 6.99
      vertex 113.569 95.433 6.99
      vertex 115.429 91.9204 6.99
    endloop
  endfacet
  facet normal -0 0 1
    outer loop
      vertex 112.087 93.5016 6.99
      vertex 115.429 91.9204 6.99
      vertex 113.569 95.433 6.99
    endloop
  endfacet
  facet normal 0 0 1
    outer loop
      vertex 115.429 91.9204 6.99
      vertex 112.087 93.5016 6.99
      vertex 114.329 90.5613 6.99
    endloop
  endfacet
  facet normal -0 0 1
    outer loop
      vertex 110.506 91.6504 6.99
      vertex 114.329 90.5613 6.99
      vertex 112.087 93.5016 6.99
    endloop
  endfacet
  facet normal 0 0 1
    outer loop
      vertex 114.329 90.5613 6.99
      vertex 110.506 91.6504 6.99
      vertex 113.182 89.2416 6.99
    endloop
  endfacet
  facet normal 0 0 1
    outer loop
      vertex 113.182 89.2416 6.99
      vertex 110.506 91.6504 6.99
      vertex 111.989 87.9626 6.99
    endloop
  endfacet
  facet normal -0 0 1
    outer loop
      vertex 108.83 89.8845 6.99
      vertex 111.989 87.9626 6.99
      vertex 110.506 91.6504 6.99
    endloop
  endfacet
  facet normal 0 0 1
    outer loop
      vertex 111.989 87.9626 6.99
      vertex 108.83 89.8845 6.99
      vertex 110.752 86.7261 6.99
    endloop
  endfacet
  facet normal -0 0 1
    outer loop
      vertex 107.065 88.2088 6.99
      vertex 110.752 86.7261 6.99
      vertex 108.83 89.8845 6.99
    endloop
  endfacet
  facet normal 0 0 1
    outer loop
      vertex 110.752 86.7261 6.99
      vertex 107.065 88.2088 6.99
      vertex 109.473 85.5334 6.99
    endloop
  endfacet
  facet normal 0 0 1
    outer loop
      vertex 109.473 85.5334 6.99
      vertex 107.065 88.2088 6.99
      vertex 108.154 84.3862 6.99
    endloop
  endfacet
  facet normal -0 0 1
    outer loop
      vertex 105.213 86.6277 6.99
      vertex 108.154 84.3862 6.99
      vertex 107.065 88.2088 6.99
    endloop
  endfacet
  facet normal 0 0 1
    outer loop
      vertex 108.154 84.3862 6.99
      vertex 105.213 86.6277 6.99
      vertex 106.795 83.2857 6.99
    endloop
  endfacet
  facet normal -0 0 1
    outer loop
      vertex 103.282 85.1457 6.99
      vertex 106.795 83.2857 6.99
      vertex 105.213 86.6277 6.99
    endloop
  endfacet
  facet normal 0 0 1
    outer loop
      vertex 106.795 83.2857 6.99
      vertex 103.282 85.1457 6.99
      vertex 105.398 82.2332 6.99
    endloop
  endfacet
  facet normal 0 0 1
    outer loop
      vertex 105.398 82.2332 6.99
      vertex 103.282 85.1457 6.99
      vertex 103.966 81.2302 6.99
    endloop
  endfacet
  facet normal -0 0 1
    outer loop
      vertex 101.276 83.7668 6.99
      vertex 103.966 81.2302 6.99
      vertex 103.282 85.1457 6.99
    endloop
  endfacet
  facet normal 0 0 1
    outer loop
      vertex 103.966 81.2302 6.99
      vertex 101.276 83.7668 6.99
      vertex 102.499 80.2778 6.99
    endloop
  endfacet
  facet normal -0 0 1
    outer loop
      vertex 99.2 82.4948 6.99
      vertex 102.499 80.2778 6.99
      vertex 101.276 83.7668 6.99
    endloop
  endfacet
  facet normal 0 0 1
    outer loop
      vertex 102.499 80.2778 6.99
      vertex 99.2 82.4948 6.99
      vertex 101 79.3771 6.99
    endloop
  endfacet
  facet normal 0 0 1
    outer loop
      vertex 101 79.3771 6.99
      vertex 99.2 82.4948 6.99
      vertex 99.4705 78.5293 6.99
    endloop
  endfacet
  facet normal -0 0 1
    outer loop
      vertex 97.0606 81.3332 6.99
      vertex 99.4705 78.5293 6.99
      vertex 99.2 82.4948 6.99
    endloop
  endfacet
  facet normal 0 0 1
    outer loop
      vertex 99.4705 78.5293 6.99
      vertex 97.0606 81.3332 6.99
      vertex 97.9124 77.7354 6.99
    endloop
  endfacet
  facet normal -0 0 1
    outer loop
      vertex 94.8633 80.2851 6.99
      vertex 97.9124 77.7354 6.99
      vertex 97.0606 81.3332 6.99
    endloop
  endfacet
  facet normal 0 0 1
    outer loop
      vertex 97.9124 77.7354 6.99
      vertex 94.8633 80.2851 6.99
      vertex 96.3275 76.9964 6.99
    endloop
  endfacet
  facet normal 0 0 1
    outer loop
      vertex 94.8633 80.2851 6.99
      vertex 94.7178 76.3131 6.99
      vertex 96.3275 76.9964 6.99
    endloop
  endfacet
  facet normal -0 0 1
    outer loop
      vertex 92.6141 79.3535 6.99
      vertex 94.7178 76.3131 6.99
      vertex 94.8633 80.2851 6.99
    endloop
  endfacet
  facet normal 0 0 1
    outer loop
      vertex 94.7178 76.3131 6.99
      vertex 92.6141 79.3535 6.99
      vertex 93.0852 75.6864 6.99
    endloop
  endfacet
  facet normal -0 0 1
    outer loop
      vertex 90.3193 78.5409 6.99
      vertex 93.0852 75.6864 6.99
      vertex 92.6141 79.3535 6.99
    endloop
  endfacet
  facet normal 0 0 1
    outer loop
      vertex 93.0852 75.6864 6.99
      vertex 90.3193 78.5409 6.99
      vertex 91.4317 75.1171 6.99
    endloop
  endfacet
  facet normal 0 0 1
    outer loop
      vertex 90.3193 78.5409 6.99
      vertex 89.7594 74.6058 6.99
      vertex 91.4317 75.1171 6.99
    endloop
  endfacet
  facet normal -0 0 1
    outer loop
      vertex 87.9851 77.8494 6.99
      vertex 89.7594 74.6058 6.99
      vertex 90.3193 78.5409 6.99
    endloop
  endfacet
  facet normal 0 0 1
    outer loop
      vertex 89.7594 74.6058 6.99
      vertex 87.9851 77.8494 6.99
      vertex 88.0703 74.1532 6.99
    endloop
  endfacet
  facet normal -0 0 1
    outer loop
      vertex 85.6179 77.2811 6.99
      vertex 88.0703 74.1532 6.99
      vertex 87.9851 77.8494 6.99
    endloop
  endfacet
  facet normal 0 0 1
    outer loop
      vertex 88.0703 74.1532 6.99
      vertex 85.6179 77.2811 6.99
      vertex 86.3664 73.7598 6.99
    endloop
  endfacet
  facet normal 0 0 1
    outer loop
      vertex 85.6179 77.2811 6.99
      vertex 84.6498 73.4261 6.99
      vertex 86.3664 73.7598 6.99
    endloop
  endfacet
  facet normal -0 0 1
    outer loop
      vertex 83.2242 76.8375 6.99
      vertex 84.6498 73.4261 6.99
      vertex 85.6179 77.2811 6.99
    endloop
  endfacet
  facet normal 0 0 1
    outer loop
      vertex 83.2242 76.8375 6.99
      vertex 82.9226 73.1526 6.99
      vertex 84.6498 73.4261 6.99
    endloop
  endfacet
  facet normal -0 0 1
    outer loop
      vertex 80.8106 76.5197 6.99
      vertex 82.9226 73.1526 6.99
      vertex 83.2242 76.8375 6.99
    endloop
  endfacet
  facet normal 0 0 1
    outer loop
      vertex 82.9226 73.1526 6.99
      vertex 80.8106 76.5197 6.99
      vertex 81.1869 72.9395 6.99
    endloop
  endfacet
  facet normal 0 0 1
    outer loop
      vertex 80.8106 76.5197 6.99
      vertex 79.4448 72.787 6.99
      vertex 81.1869 72.9395 6.99
    endloop
  endfacet
  facet normal -0 0 1
    outer loop
      vertex 78.3836 76.3287 6.99
      vertex 79.4448 72.787 6.99
      vertex 80.8106 76.5197 6.99
    endloop
  endfacet
  facet normal 0 0 1
    outer loop
      vertex 78.3836 76.3287 6.99
      vertex 77.6985 72.6955 6.99
      vertex 79.4448 72.787 6.99
    endloop
  endfacet
  facet normal -0 0 1
    outer loop
      vertex 75.95 76.265 6.99
      vertex 77.6985 72.6955 6.99
      vertex 78.3836 76.3287 6.99
    endloop
  endfacet
  facet normal 0 0 1
    outer loop
      vertex 75.95 76.265 6.99
      vertex 75.95 72.665 6.99
      vertex 77.6985 72.6955 6.99
    endloop
  endfacet
  facet normal 0 0 1
    outer loop
      vertex 75.95 76.265 6.99
      vertex 74.2015 72.6955 6.99
      vertex 75.95 72.665 6.99
    endloop
  endfacet
  facet normal 0 0 1
    outer loop
      vertex 73.5164 76.3287 6.99
      vertex 74.2015 72.6955 6.99
      vertex 75.95 76.265 6.99
    endloop
  endfacet
  facet normal 0 0 1
    outer loop
      vertex 73.5164 76.3287 6.99
      vertex 72.4552 72.787 6.99
      vertex 74.2015 72.6955 6.99
    endloop
  endfacet
  facet normal 0 0 1
    outer loop
      vertex 71.0894 76.5197 6.99
      vertex 72.4552 72.787 6.99
      vertex 73.5164 76.3287 6.99
    endloop
  endfacet
  facet normal 0 0 1
    outer loop
      vertex 71.0894 76.5197 6.99
      vertex 70.7131 72.9395 6.99
      vertex 72.4552 72.787 6.99
    endloop
  endfacet
  facet normal 0 0 1
    outer loop
      vertex 71.0894 76.5197 6.99
      vertex 68.9774 73.1526 6.99
      vertex 70.7131 72.9395 6.99
    endloop
  endfacet
  facet normal 0 0 1
    outer loop
      vertex 68.6758 76.8375 6.99
      vertex 68.9774 73.1526 6.99
      vertex 71.0894 76.5197 6.99
    endloop
  endfacet
  facet normal 0 0 1
    outer loop
      vertex 68.6758 76.8375 6.99
      vertex 67.2502 73.4261 6.99
      vertex 68.9774 73.1526 6.99
    endloop
  endfacet
  facet normal 0 0 1
    outer loop
      vertex 66.2821 77.2811 6.99
      vertex 67.2502 73.4261 6.99
      vertex 68.6758 76.8375 6.99
    endloop
  endfacet
  facet normal 0 0 1
    outer loop
      vertex 66.2821 77.2811 6.99
      vertex 65.5336 73.7598 6.99
      vertex 67.2502 73.4261 6.99
    endloop
  endfacet
  facet normal 0 0 1
    outer loop
      vertex 63.8297 74.1532 6.99
      vertex 66.2821 77.2811 6.99
      vertex 63.9149 77.8494 6.99
    endloop
  endfacet
  facet normal 0 0 1
    outer loop
      vertex 66.2821 77.2811 6.99
      vertex 63.8297 74.1532 6.99
      vertex 65.5336 73.7598 6.99
    endloop
  endfacet
  facet normal 0 0 1
    outer loop
      vertex 63.9149 77.8494 6.99
      vertex 62.1406 74.6058 6.99
      vertex 63.8297 74.1532 6.99
    endloop
  endfacet
  facet normal 0 0 1
    outer loop
      vertex 61.5807 78.5409 6.99
      vertex 62.1406 74.6058 6.99
      vertex 63.9149 77.8494 6.99
    endloop
  endfacet
  facet normal 0 0 1
    outer loop
      vertex 61.5807 78.5409 6.99
      vertex 60.4683 75.1171 6.99
      vertex 62.1406 74.6058 6.99
    endloop
  endfacet
  facet normal 0 0 1
    outer loop
      vertex 58.8148 75.6864 6.99
      vertex 61.5807 78.5409 6.99
      vertex 59.2859 79.3535 6.99
    endloop
  endfacet
  facet normal 0 0 1
    outer loop
      vertex 61.5807 78.5409 6.99
      vertex 58.8148 75.6864 6.99
      vertex 60.4683 75.1171 6.99
    endloop
  endfacet
  facet normal 0 0 1
    outer loop
      vertex 59.2859 79.3535 6.99
      vertex 57.1822 76.3131 6.99
      vertex 58.8148 75.6864 6.99
    endloop
  endfacet
  facet normal 0 0 1
    outer loop
      vertex 57.0367 80.2851 6.99
      vertex 57.1822 76.3131 6.99
      vertex 59.2859 79.3535 6.99
    endloop
  endfacet
  facet normal 0 0 1
    outer loop
      vertex 57.0367 80.2851 6.99
      vertex 55.5725 76.9964 6.99
      vertex 57.1822 76.3131 6.99
    endloop
  endfacet
  facet normal 0 0 1
    outer loop
      vertex 53.9876 77.7354 6.99
      vertex 57.0367 80.2851 6.99
      vertex 54.8394 81.3332 6.99
    endloop
  endfacet
  facet normal 0 0 1
    outer loop
      vertex 57.0367 80.2851 6.99
      vertex 53.9876 77.7354 6.99
      vertex 55.5725 76.9964 6.99
    endloop
  endfacet
  facet normal 0 0 1
    outer loop
      vertex 52.4295 78.5293 6.99
      vertex 54.8394 81.3332 6.99
      vertex 52.7 82.4948 6.99
    endloop
  endfacet
  facet normal 0 0 1
    outer loop
      vertex 54.8394 81.3332 6.99
      vertex 52.4295 78.5293 6.99
      vertex 53.9876 77.7354 6.99
    endloop
  endfacet
  facet normal 0 0 1
    outer loop
      vertex 52.7 82.4948 6.99
      vertex 50.9 79.3771 6.99
      vertex 52.4295 78.5293 6.99
    endloop
  endfacet
  facet normal 0 0 1
    outer loop
      vertex 49.401 80.2778 6.99
      vertex 52.7 82.4948 6.99
      vertex 50.6243 83.7668 6.99
    endloop
  endfacet
  facet normal 0 0 1
    outer loop
      vertex 52.7 82.4948 6.99
      vertex 49.401 80.2778 6.99
      vertex 50.9 79.3771 6.99
    endloop
  endfacet
  facet normal 0 0 1
    outer loop
      vertex 47.9344 81.2302 6.99
      vertex 50.6243 83.7668 6.99
      vertex 48.618 85.1457 6.99
    endloop
  endfacet
  facet normal 0 0 1
    outer loop
      vertex 50.6243 83.7668 6.99
      vertex 47.9344 81.2302 6.99
      vertex 49.401 80.2778 6.99
    endloop
  endfacet
  facet normal 0 0 1
    outer loop
      vertex 45.1054 83.2857 6.99
      vertex 48.618 85.1457 6.99
      vertex 46.6866 86.6277 6.99
    endloop
  endfacet
  facet normal 0 0 1
    outer loop
      vertex 48.618 85.1457 6.99
      vertex 46.502 82.2332 6.99
      vertex 47.9344 81.2302 6.99
    endloop
  endfacet
  facet normal 0 0 1
    outer loop
      vertex 48.618 85.1457 6.99
      vertex 45.1054 83.2857 6.99
      vertex 46.502 82.2332 6.99
    endloop
  endfacet
  facet normal 0 0 1
    outer loop
      vertex 43.7463 84.3862 6.99
      vertex 46.6866 86.6277 6.99
      vertex 44.8354 88.2088 6.99
    endloop
  endfacet
  facet normal 0 0 1
    outer loop
      vertex 46.6866 86.6277 6.99
      vertex 43.7463 84.3862 6.99
      vertex 45.1054 83.2857 6.99
    endloop
  endfacet
  facet normal 0 0 1
    outer loop
      vertex 41.1476 86.7261 6.99
      vertex 44.8354 88.2088 6.99
      vertex 43.0695 89.8845 6.99
    endloop
  endfacet
  facet normal 0 0 1
    outer loop
      vertex 44.8354 88.2088 6.99
      vertex 42.4266 85.5334 6.99
      vertex 43.7463 84.3862 6.99
    endloop
  endfacet
  facet normal 0 0 1
    outer loop
      vertex 39.9111 87.9626 6.99
      vertex 43.0695 89.8845 6.99
      vertex 41.3938 91.6504 6.99
    endloop
  endfacet
  facet normal 0 0 1
    outer loop
      vertex 44.8354 88.2088 6.99
      vertex 41.1476 86.7261 6.99
      vertex 42.4266 85.5334 6.99
    endloop
  endfacet
  facet normal 0 0 1
    outer loop
      vertex 43.0695 89.8845 6.99
      vertex 39.9111 87.9626 6.99
      vertex 41.1476 86.7261 6.99
    endloop
  endfacet
  facet normal 0 0 1
    outer loop
      vertex 37.5712 90.5613 6.99
      vertex 41.3938 91.6504 6.99
      vertex 39.8127 93.5016 6.99
    endloop
  endfacet
  facet normal 0 0 1
    outer loop
      vertex 41.3938 91.6504 6.99
      vertex 38.7184 89.2416 6.99
      vertex 39.9111 87.9626 6.99
    endloop
  endfacet
  facet normal 0 0 1
    outer loop
      vertex 36.4707 91.9204 6.99
      vertex 39.8127 93.5016 6.99
      vertex 38.3307 95.433 6.99
    endloop
  endfacet
  facet normal 0 0 1
    outer loop
      vertex 41.3938 91.6504 6.99
      vertex 37.5712 90.5613 6.99
      vertex 38.7184 89.2416 6.99
    endloop
  endfacet
  facet normal 0 0 1
    outer loop
      vertex 34.4152 94.7494 6.99
      vertex 38.3307 95.433 6.99
      vertex 36.9518 97.4393 6.99
    endloop
  endfacet
  facet normal 0 0 1
    outer loop
      vertex 39.8127 93.5016 6.99
      vertex 36.4707 91.9204 6.99
      vertex 37.5712 90.5613 6.99
    endloop
  endfacet
  facet normal 0 0 1
    outer loop
      vertex 33.4628 96.216 6.99
      vertex 36.9518 97.4393 6.99
      vertex 35.6798 99.515 6.99
    endloop
  endfacet
  facet normal 0 0 1
    outer loop
      vertex 38.3307 95.433 6.99
      vertex 35.4183 93.317 6.99
      vertex 36.4707 91.9204 6.99
    endloop
  endfacet
  facet normal 0 0 1
    outer loop
      vertex 31.7143 99.2445 6.99
      vertex 35.6798 99.515 6.99
      vertex 34.5182 101.654 6.99
    endloop
  endfacet
  facet normal 0 0 1
    outer loop
      vertex 38.3307 95.433 6.99
      vertex 34.4152 94.7494 6.99
      vertex 35.4183 93.317 6.99
    endloop
  endfacet
  facet normal 0 0 1
    outer loop
      vertex 30.9204 100.803 6.99
      vertex 34.5182 101.654 6.99
      vertex 33.4701 103.852 6.99
    endloop
  endfacet
  facet normal 0 0 1
    outer loop
      vertex 36.9518 97.4393 6.99
      vertex 33.4628 96.216 6.99
      vertex 34.4152 94.7494 6.99
    endloop
  endfacet
  facet normal 0 0 1
    outer loop
      vertex 35.6798 99.515 6.99
      vertex 32.5621 97.715 6.99
      vertex 33.4628 96.216 6.99
    endloop
  endfacet
  facet normal -0 0 1
    outer loop
      vertex 29.4981 103.997 6.99
      vertex 33.4701 103.852 6.99
      vertex 32.5385 106.101 6.99
    endloop
  endfacet
  facet normal 0 0 1
    outer loop
      vertex 28.8714 105.63 6.99
      vertex 32.5385 106.101 6.99
      vertex 31.7259 108.396 6.99
    endloop
  endfacet
  facet normal 0 0 1
    outer loop
      vertex 35.6798 99.515 6.99
      vertex 31.7143 99.2445 6.99
      vertex 32.5621 97.715 6.99
    endloop
  endfacet
  facet normal -0 0 1
    outer loop
      vertex 27.7908 108.956 6.99
      vertex 31.7259 108.396 6.99
      vertex 31.0345 110.73 6.99
    endloop
  endfacet
  facet normal 0 0 1
    outer loop
      vertex 34.5182 101.654 6.99
      vertex 30.9204 100.803 6.99
      vertex 31.7143 99.2445 6.99
    endloop
  endfacet
  facet normal 0 0 1
    outer loop
      vertex 27.3382 110.645 6.99
      vertex 31.0345 110.73 6.99
      vertex 30.4661 113.097 6.99
    endloop
  endfacet
  facet normal 0 0 1
    outer loop
      vertex 33.4701 103.852 6.99
      vertex 30.1814 102.387 6.99
      vertex 30.9204 100.803 6.99
    endloop
  endfacet
  facet normal -0 0 1
    outer loop
      vertex 26.6111 114.065 6.99
      vertex 30.4661 113.097 6.99
      vertex 30.0225 115.491 6.99
    endloop
  endfacet
  facet normal -0 0 1
    outer loop
      vertex 26.3376 115.792 6.99
      vertex 30.0225 115.491 6.99
      vertex 29.7047 117.904 6.99
    endloop
  endfacet
  facet normal -0 0 1
    outer loop
      vertex 25.972 119.27 6.99
      vertex 29.7047 117.904 6.99
      vertex 29.5137 120.331 6.99
    endloop
  endfacet
  facet normal 0 0 1
    outer loop
      vertex 33.4701 103.852 6.99
      vertex 29.4981 103.997 6.99
      vertex 30.1814 102.387 6.99
    endloop
  endfacet
  facet normal -0 0 1
    outer loop
      vertex 25.8805 121.017 6.99
      vertex 29.5137 120.331 6.99
      vertex 29.45 122.765 6.99
    endloop
  endfacet
  facet normal 0 0 1
    outer loop
      vertex 26.6111 131.465 6.99
      vertex 30.4661 132.433 6.99
      vertex 26.9448 133.181 6.99
    endloop
  endfacet
  facet normal 0 0 1
    outer loop
      vertex 32.5385 106.101 6.99
      vertex 28.8714 105.63 6.99
      vertex 29.4981 103.997 6.99
    endloop
  endfacet
  facet normal 0 0 1
    outer loop
      vertex 30.4661 132.433 6.99
      vertex 26.6111 131.465 6.99
      vertex 30.0225 130.039 6.99
    endloop
  endfacet
  facet normal 0 0 1
    outer loop
      vertex 31.7259 108.396 6.99
      vertex 28.3021 107.283 6.99
      vertex 28.8714 105.63 6.99
    endloop
  endfacet
  facet normal 0 0 1
    outer loop
      vertex 26.3376 129.738 6.99
      vertex 30.0225 130.039 6.99
      vertex 26.6111 131.465 6.99
    endloop
  endfacet
  facet normal 0 0 1
    outer loop
      vertex 31.7259 108.396 6.99
      vertex 27.7908 108.956 6.99
      vertex 28.3021 107.283 6.99
    endloop
  endfacet
  facet normal 0 0 1
    outer loop
      vertex 30.0225 130.039 6.99
      vertex 26.3376 129.738 6.99
      vertex 29.7047 127.626 6.99
    endloop
  endfacet
  facet normal 0 0 1
    outer loop
      vertex 31.0345 110.73 6.99
      vertex 27.3382 110.645 6.99
      vertex 27.7908 108.956 6.99
    endloop
  endfacet
  facet normal -0 0 1
    outer loop
      vertex 26.1245 128.002 6.99
      vertex 29.7047 127.626 6.99
      vertex 26.3376 129.738 6.99
    endloop
  endfacet
  facet normal 0 0 1
    outer loop
      vertex 30.4661 113.097 6.99
      vertex 26.9448 112.349 6.99
      vertex 27.3382 110.645 6.99
    endloop
  endfacet
  facet normal 0 0 1
    outer loop
      vertex 25.972 126.26 6.99
      vertex 29.7047 127.626 6.99
      vertex 26.1245 128.002 6.99
    endloop
  endfacet
  facet normal 0 0 1
    outer loop
      vertex 30.4661 113.097 6.99
      vertex 26.6111 114.065 6.99
      vertex 26.9448 112.349 6.99
    endloop
  endfacet
  facet normal 0 0 1
    outer loop
      vertex 29.7047 127.626 6.99
      vertex 25.972 126.26 6.99
      vertex 29.5137 125.199 6.99
    endloop
  endfacet
  facet normal 0 0 1
    outer loop
      vertex 30.0225 115.491 6.99
      vertex 26.3376 115.792 6.99
      vertex 26.6111 114.065 6.99
    endloop
  endfacet
  facet normal 0 0 1
    outer loop
      vertex 25.8805 124.513 6.99
      vertex 29.5137 125.199 6.99
      vertex 25.972 126.26 6.99
    endloop
  endfacet
  facet normal 0 0 1
    outer loop
      vertex 29.7047 117.904 6.99
      vertex 26.1245 117.528 6.99
      vertex 26.3376 115.792 6.99
    endloop
  endfacet
  facet normal 0 0 1
    outer loop
      vertex 29.5137 125.199 6.99
      vertex 25.8805 124.513 6.99
      vertex 29.45 122.765 6.99
    endloop
  endfacet
  facet normal 0 0 1
    outer loop
      vertex 29.7047 117.904 6.99
      vertex 25.972 119.27 6.99
      vertex 26.1245 117.528 6.99
    endloop
  endfacet
  facet normal 0 0 1
    outer loop
      vertex 25.85 122.765 6.99
      vertex 29.45 122.765 6.99
      vertex 25.8805 124.513 6.99
    endloop
  endfacet
  facet normal 0 0 1
    outer loop
      vertex 29.5137 120.331 6.99
      vertex 25.8805 121.017 6.99
      vertex 25.972 119.27 6.99
    endloop
  endfacet
  facet normal 0 0 1
    outer loop
      vertex 29.45 122.765 6.99
      vertex 25.85 122.765 6.99
      vertex 25.8805 121.017 6.99
    endloop
  endfacet
  facet normal 0.998631 0.0523038 0
    outer loop
      vertex 25.972 119.27 16.99
      vertex 25.8805 121.017 6.99
      vertex 25.8805 121.017 16.99
    endloop
  endfacet
  facet normal 0.998631 0.0523038 0
    outer loop
      vertex 25.8805 121.017 6.99
      vertex 25.972 119.27 16.99
      vertex 25.972 119.27 6.99
    endloop
  endfacet
  facet normal 0.956335 0.292274 0
    outer loop
      vertex 28.3021 107.283 16.99
      vertex 27.7908 108.956 6.99
      vertex 27.7908 108.956 16.99
    endloop
  endfacet
  facet normal 0.956335 0.292274 0
    outer loop
      vertex 27.7908 108.956 6.99
      vertex 28.3021 107.283 16.99
      vertex 28.3021 107.283 6.99
    endloop
  endfacet
  facet normal 0.965921 0.258837 0
    outer loop
      vertex 27.7908 108.956 16.99
      vertex 27.3382 110.645 6.99
      vertex 27.3382 110.645 16.99
    endloop
  endfacet
  facet normal 0.965921 0.258837 0
    outer loop
      vertex 27.3382 110.645 6.99
      vertex 27.7908 108.956 16.99
      vertex 27.7908 108.956 6.99
    endloop
  endfacet
  facet normal 0.987691 0.156418 0
    outer loop
      vertex 26.6111 114.065 16.99
      vertex 26.3376 115.792 6.99
      vertex 26.3376 115.792 16.99
    endloop
  endfacet
  facet normal 0.987691 0.156418 0
    outer loop
      vertex 26.3376 115.792 6.99
      vertex 26.6111 114.065 16.99
      vertex 26.6111 114.065 6.99
    endloop
  endfacet
  facet normal -0.891029 0.453947 0
    outer loop
      vertex 120.186 99.2445 6.99
      vertex 120.98 100.803 16.99
      vertex 120.98 100.803 6.99
    endloop
  endfacet
  facet normal -0.891029 0.453947 0
    outer loop
      vertex 120.98 100.803 16.99
      vertex 120.186 99.2445 6.99
      vertex 120.186 99.2445 16.99
    endloop
  endfacet
  facet normal -0.906227 0.422792 0
    outer loop
      vertex 120.98 100.803 6.99
      vertex 121.719 102.387 16.99
      vertex 121.719 102.387 6.99
    endloop
  endfacet
  facet normal -0.906227 0.422792 0
    outer loop
      vertex 121.719 102.387 16.99
      vertex 120.98 100.803 6.99
      vertex 120.98 100.803 16.99
    endloop
  endfacet
  facet normal -0.874575 0.48489 0
    outer loop
      vertex 119.338 97.715 6.99
      vertex 120.186 99.2445 16.99
      vertex 120.186 99.2445 6.99
    endloop
  endfacet
  facet normal -0.874575 0.48489 0
    outer loop
      vertex 120.186 99.2445 16.99
      vertex 119.338 97.715 6.99
      vertex 119.338 97.715 16.99
    endloop
  endfacet
  facet normal -0.629322 0.777145 0
    outer loop
      vertex 108.154 84.3862 6.99
      vertex 106.795 83.2857 16.99
      vertex 108.154 84.3862 16.99
    endloop
  endfacet
  facet normal -0.629322 0.777145 0
    outer loop
      vertex 106.795 83.2857 16.99
      vertex 108.154 84.3862 6.99
      vertex 106.795 83.2857 6.99
    endloop
  endfacet
  facet normal -0.656258 0.754537 0
    outer loop
      vertex 109.473 85.5334 6.99
      vertex 108.154 84.3862 16.99
      vertex 109.473 85.5334 16.99
    endloop
  endfacet
  facet normal -0.656258 0.754537 0
    outer loop
      vertex 108.154 84.3862 16.99
      vertex 109.473 85.5334 6.99
      vertex 108.154 84.3862 6.99
    endloop
  endfacet
  facet normal -0.573693 0.819071 0
    outer loop
      vertex 105.398 82.2332 6.99
      vertex 103.966 81.2302 16.99
      vertex 105.398 82.2332 16.99
    endloop
  endfacet
  facet normal -0.573693 0.819071 0
    outer loop
      vertex 103.966 81.2302 16.99
      vertex 105.398 82.2332 6.99
      vertex 103.966 81.2302 6.99
    endloop
  endfacet
  facet normal -0.544526 0.838744 0
    outer loop
      vertex 103.966 81.2302 6.99
      vertex 102.499 80.2778 16.99
      vertex 103.966 81.2302 16.99
    endloop
  endfacet
  facet normal -0.544526 0.838744 0
    outer loop
      vertex 102.499 80.2778 16.99
      vertex 103.966 81.2302 6.99
      vertex 102.499 80.2778 6.99
    endloop
  endfacet
  facet normal -0.731264 0.682094 0
    outer loop
      vertex 111.989 87.9626 6.99
      vertex 113.182 89.2416 16.99
      vertex 113.182 89.2416 6.99
    endloop
  endfacet
  facet normal -0.731264 0.682094 0
    outer loop
      vertex 113.182 89.2416 16.99
      vertex 111.989 87.9626 6.99
      vertex 111.989 87.9626 16.99
    endloop
  endfacet
  facet normal 0.629294 0.777168 -0
    outer loop
      vertex 45.1054 83.2857 6.99
      vertex 43.7463 84.3862 16.99
      vertex 45.1054 83.2857 16.99
    endloop
  endfacet
  facet normal 0.629294 0.777168 0
    outer loop
      vertex 43.7463 84.3862 16.99
      vertex 45.1054 83.2857 6.99
      vertex 43.7463 84.3862 6.99
    endloop
  endfacet
  facet normal 0.65606 0.754709 -0
    outer loop
      vertex 43.7463 84.3862 6.99
      vertex 42.4266 85.5334 16.99
      vertex 43.7463 84.3862 16.99
    endloop
  endfacet
  facet normal 0.65606 0.754709 0
    outer loop
      vertex 42.4266 85.5334 16.99
      vertex 43.7463 84.3862 6.99
      vertex 42.4266 85.5334 6.99
    endloop
  endfacet
  facet normal 0.422594 0.906319 -0
    outer loop
      vertex 55.5725 76.9964 6.99
      vertex 53.9876 77.7354 16.99
      vertex 55.5725 76.9964 16.99
    endloop
  endfacet
  facet normal 0.422594 0.906319 0
    outer loop
      vertex 53.9876 77.7354 16.99
      vertex 55.5725 76.9964 6.99
      vertex 53.9876 77.7354 6.99
    endloop
  endfacet
  facet normal 0.544631 0.838676 -0
    outer loop
      vertex 49.401 80.2778 6.99
      vertex 47.9344 81.2302 16.99
      vertex 49.401 80.2778 16.99
    endloop
  endfacet
  facet normal 0.544631 0.838676 0
    outer loop
      vertex 47.9344 81.2302 16.99
      vertex 49.401 80.2778 6.99
      vertex 47.9344 81.2302 6.99
    endloop
  endfacet
  facet normal 0.325545 0.945527 -0
    outer loop
      vertex 60.4683 75.1171 6.99
      vertex 58.8148 75.6864 16.99
      vertex 60.4683 75.1171 16.99
    endloop
  endfacet
  facet normal 0.325545 0.945527 0
    outer loop
      vertex 58.8148 75.6864 16.99
      vertex 60.4683 75.1171 6.99
      vertex 58.8148 75.6864 6.99
    endloop
  endfacet
  facet normal 0.12186 0.992547 -0
    outer loop
      vertex 70.7131 72.9395 6.99
      vertex 68.9774 73.1526 16.99
      vertex 70.7131 72.9395 16.99
    endloop
  endfacet
  facet normal 0.12186 0.992547 0
    outer loop
      vertex 68.9774 73.1526 16.99
      vertex 70.7131 72.9395 6.99
      vertex 68.9774 73.1526 6.99
    endloop
  endfacet
  facet normal 0.0174409 0.999848 -0
    outer loop
      vertex 75.95 72.665 6.99
      vertex 74.2015 72.6955 16.99
      vertex 75.95 72.665 16.99
    endloop
  endfacet
  facet normal 0.0174409 0.999848 0
    outer loop
      vertex 74.2015 72.6955 16.99
      vertex 75.95 72.665 6.99
      vertex 74.2015 72.6955 6.99
    endloop
  endfacet
  facet normal 0.190824 0.981624 -0
    outer loop
      vertex 67.2502 73.4261 6.99
      vertex 65.5336 73.7598 16.99
      vertex 67.2502 73.4261 16.99
    endloop
  endfacet
  facet normal 0.190824 0.981624 0
    outer loop
      vertex 65.5336 73.7598 16.99
      vertex 67.2502 73.4261 6.99
      vertex 65.5336 73.7598 6.99
    endloop
  endfacet
  facet normal 0.891052 0.453902 0
    outer loop
      vertex 31.7143 99.2445 16.99
      vertex 30.9204 100.803 6.99
      vertex 30.9204 100.803 16.99
    endloop
  endfacet
  facet normal 0.891052 0.453902 0
    outer loop
      vertex 30.9204 100.803 6.99
      vertex 31.7143 99.2445 16.99
      vertex 31.7143 99.2445 6.99
    endloop
  endfacet
  facet normal 0.819119 0.573624 0
    outer loop
      vertex 35.4183 93.317 16.99
      vertex 34.4152 94.7494 6.99
      vertex 34.4152 94.7494 16.99
    endloop
  endfacet
  facet normal 0.819119 0.573624 0
    outer loop
      vertex 34.4152 94.7494 6.99
      vertex 35.4183 93.317 16.99
      vertex 35.4183 93.317 6.99
    endloop
  endfacet
  facet normal 0.754709 0.65606 0
    outer loop
      vertex 38.7184 89.2416 16.99
      vertex 37.5712 90.5613 6.99
      vertex 37.5712 90.5613 16.99
    endloop
  endfacet
  facet normal 0.754709 0.65606 0
    outer loop
      vertex 37.5712 90.5613 6.99
      vertex 38.7184 89.2416 16.99
      vertex 38.7184 89.2416 6.99
    endloop
  endfacet
  facet normal 0.453994 0.891005 -0
    outer loop
      vertex 53.9876 77.7354 6.99
      vertex 52.4295 78.5293 16.99
      vertex 53.9876 77.7354 16.99
    endloop
  endfacet
  facet normal 0.453994 0.891005 0
    outer loop
      vertex 52.4295 78.5293 16.99
      vertex 53.9876 77.7354 6.99
      vertex 52.4295 78.5293 6.99
    endloop
  endfacet
  facet normal 0.292386 0.956301 -0
    outer loop
      vertex 62.1406 74.6058 6.99
      vertex 60.4683 75.1171 16.99
      vertex 62.1406 74.6058 16.99
    endloop
  endfacet
  facet normal 0.292386 0.956301 0
    outer loop
      vertex 60.4683 75.1171 16.99
      vertex 62.1406 74.6058 6.99
      vertex 60.4683 75.1171 6.99
    endloop
  endfacet
  facet normal 0.0872045 0.99619 -0
    outer loop
      vertex 72.4552 72.787 6.99
      vertex 70.7131 72.9395 16.99
      vertex 72.4552 72.787 16.99
    endloop
  endfacet
  facet normal 0.0872045 0.99619 0
    outer loop
      vertex 70.7131 72.9395 16.99
      vertex 72.4552 72.787 6.99
      vertex 70.7131 72.9395 6.99
    endloop
  endfacet
  facet normal 0.224964 0.974367 -0
    outer loop
      vertex 65.5336 73.7598 6.99
      vertex 63.8297 74.1532 16.99
      vertex 65.5336 73.7598 16.99
    endloop
  endfacet
  facet normal 0.224964 0.974367 0
    outer loop
      vertex 63.8297 74.1532 16.99
      vertex 65.5336 73.7598 6.99
      vertex 63.8297 74.1532 6.99
    endloop
  endfacet
  facet normal 0.258823 0.965925 -0
    outer loop
      vertex 63.8297 74.1532 6.99
      vertex 62.1406 74.6058 16.99
      vertex 63.8297 74.1532 16.99
    endloop
  endfacet
  facet normal 0.258823 0.965925 0
    outer loop
      vertex 62.1406 74.6058 16.99
      vertex 63.8297 74.1532 6.99
      vertex 62.1406 74.6058 6.99
    endloop
  endfacet
  facet normal -0.972395 -0.233342 0
    outer loop
      vertex 121.434 132.433 4
      vertex 120.866 134.8 6.99
      vertex 120.866 134.8 4
    endloop
  endfacet
  facet normal -0.972395 -0.233342 0
    outer loop
      vertex 120.866 134.8 6.99
      vertex 121.434 132.433 4
      vertex 121.434 132.433 6.99
    endloop
  endfacet
  facet normal -0.0784554 -0.996918 0
    outer loop
      vertex 78.3836 169.201 4
      vertex 80.8106 169.01 6.99
      vertex 78.3836 169.201 6.99
    endloop
  endfacet
  facet normal -0.0784554 -0.996918 -0
    outer loop
      vertex 80.8106 169.01 6.99
      vertex 78.3836 169.201 4
      vertex 80.8106 169.01 4
    endloop
  endfacet
  facet normal 0.852672 -0.522446 0
    outer loop
      vertex 35.6798 146.015 6.99
      vertex 36.9518 148.091 4
      vertex 36.9518 148.091 6.99
    endloop
  endfacet
  facet normal 0.852672 -0.522446 0
    outer loop
      vertex 36.9518 148.091 4
      vertex 35.6798 146.015 6.99
      vertex 35.6798 146.015 4
    endloop
  endfacet
  facet normal 0.996918 -0.0784554 0
    outer loop
      vertex 29.5137 125.199 6.99
      vertex 29.7047 127.626 4
      vertex 29.7047 127.626 6.99
    endloop
  endfacet
  facet normal 0.996918 -0.0784554 0
    outer loop
      vertex 29.7047 127.626 4
      vertex 29.5137 125.199 6.99
      vertex 29.5137 125.199 4
    endloop
  endfacet
  facet normal 0.64943 -0.760421 0
    outer loop
      vertex 44.8354 157.321 4
      vertex 46.6866 158.902 6.99
      vertex 44.8354 157.321 6.99
    endloop
  endfacet
  facet normal 0.64943 -0.760421 0
    outer loop
      vertex 46.6866 158.902 6.99
      vertex 44.8354 157.321 4
      vertex 46.6866 158.902 4
    endloop
  endfacet
  facet normal 0.284234 -0.958755 0
    outer loop
      vertex 61.5807 166.989 4
      vertex 63.9149 167.681 6.99
      vertex 61.5807 166.989 6.99
    endloop
  endfacet
  facet normal 0.284234 -0.958755 0
    outer loop
      vertex 63.9149 167.681 6.99
      vertex 61.5807 166.989 4
      vertex 63.9149 167.681 4
    endloop
  endfacet
  facet normal -0.852638 0.522501 0
    outer loop
      vertex 114.948 97.4393 4
      vertex 116.22 99.515 6.99
      vertex 116.22 99.515 4
    endloop
  endfacet
  facet normal -0.852638 0.522501 0
    outer loop
      vertex 116.22 99.515 6.99
      vertex 114.948 97.4393 4
      vertex 114.948 97.4393 6.99
    endloop
  endfacet
  facet normal -0.23344 0.972371 0
    outer loop
      vertex 87.9851 77.8494 4
      vertex 85.6179 77.2811 6.99
      vertex 87.9851 77.8494 6.99
    endloop
  endfacet
  facet normal -0.23344 0.972371 0
    outer loop
      vertex 85.6179 77.2811 6.99
      vertex 87.9851 77.8494 4
      vertex 85.6179 77.2811 4
    endloop
  endfacet
  facet normal -0.688523 0.725215 0
    outer loop
      vertex 108.83 89.8845 4
      vertex 107.065 88.2088 6.99
      vertex 108.83 89.8845 6.99
    endloop
  endfacet
  facet normal -0.688523 0.725215 0
    outer loop
      vertex 107.065 88.2088 6.99
      vertex 108.83 89.8845 4
      vertex 107.065 88.2088 4
    endloop
  endfacet
  facet normal -0.999654 0.0262851 0
    outer loop
      vertex 122.386 120.331 4
      vertex 122.45 122.765 6.99
      vertex 122.45 122.765 4
    endloop
  endfacet
  facet normal -0.999654 0.0262851 0
    outer loop
      vertex 122.45 122.765 6.99
      vertex 122.386 120.331 4
      vertex 122.386 120.331 6.99
    endloop
  endfacet
  facet normal 0.333795 0.942646 -0
    outer loop
      vertex 61.5807 78.5409 4
      vertex 59.2859 79.3535 6.99
      vertex 61.5807 78.5409 6.99
    endloop
  endfacet
  facet normal 0.333795 0.942646 0
    outer loop
      vertex 59.2859 79.3535 6.99
      vertex 61.5807 78.5409 4
      vertex 59.2859 79.3535 4
    endloop
  endfacet
  facet normal -0.878711 -0.477355 0
    outer loop
      vertex 117.382 143.876 4
      vertex 116.22 146.015 6.99
      vertex 116.22 146.015 4
    endloop
  endfacet
  facet normal -0.878711 -0.477355 0
    outer loop
      vertex 116.22 146.015 6.99
      vertex 117.382 143.876 4
      vertex 117.382 143.876 6.99
    endloop
  endfacet
  facet normal -0.76056 -0.649268 0
    outer loop
      vertex 112.087 152.028 4
      vertex 110.506 153.88 6.99
      vertex 110.506 153.88 4
    endloop
  endfacet
  facet normal -0.76056 -0.649268 0
    outer loop
      vertex 110.506 153.88 6.99
      vertex 112.087 152.028 4
      vertex 112.087 152.028 6.99
    endloop
  endfacet
  facet normal -0.182376 -0.983229 0
    outer loop
      vertex 83.2242 168.693 4
      vertex 85.6179 168.249 6.99
      vertex 83.2242 168.693 6.99
    endloop
  endfacet
  facet normal -0.182376 -0.983229 -0
    outer loop
      vertex 85.6179 168.249 6.99
      vertex 83.2242 168.693 4
      vertex 85.6179 168.249 4
    endloop
  endfacet
  facet normal -0.649268 -0.76056 0
    outer loop
      vertex 105.213 158.902 4
      vertex 107.065 157.321 6.99
      vertex 105.213 158.902 6.99
    endloop
  endfacet
  facet normal -0.649268 -0.76056 -0
    outer loop
      vertex 107.065 157.321 6.99
      vertex 105.213 158.902 4
      vertex 107.065 157.321 4
    endloop
  endfacet
  facet normal -0.477286 -0.878748 0
    outer loop
      vertex 97.0606 164.197 4
      vertex 99.2 163.035 6.99
      vertex 97.0606 164.197 6.99
    endloop
  endfacet
  facet normal -0.477286 -0.878748 -0
    outer loop
      vertex 99.2 163.035 6.99
      vertex 97.0606 164.197 4
      vertex 99.2 163.035 4
    endloop
  endfacet
  facet normal 0.983262 -0.182195 0
    outer loop
      vertex 30.0225 130.039 6.99
      vertex 30.4661 132.433 4
      vertex 30.4661 132.433 6.99
    endloop
  endfacet
  facet normal 0.983262 -0.182195 0
    outer loop
      vertex 30.4661 132.433 4
      vertex 30.0225 130.039 6.99
      vertex 30.0225 130.039 4
    endloop
  endfacet
  facet normal 0.522501 -0.852638 0
    outer loop
      vertex 50.6243 161.763 4
      vertex 52.7 163.035 6.99
      vertex 50.6243 161.763 6.99
    endloop
  endfacet
  facet normal 0.522501 -0.852638 0
    outer loop
      vertex 52.7 163.035 6.99
      vertex 50.6243 161.763 4
      vertex 52.7 163.035 4
    endloop
  endfacet
  facet normal 0.608757 -0.793356 0
    outer loop
      vertex 46.6866 158.902 4
      vertex 48.618 160.384 6.99
      vertex 46.6866 158.902 6.99
    endloop
  endfacet
  facet normal 0.608757 -0.793356 0
    outer loop
      vertex 48.618 160.384 6.99
      vertex 46.6866 158.902 4
      vertex 48.618 160.384 4
    endloop
  endfacet
  facet normal 0.0784554 -0.996918 0
    outer loop
      vertex 71.0894 169.01 4
      vertex 73.5164 169.201 6.99
      vertex 71.0894 169.01 6.99
    endloop
  endfacet
  facet normal 0.0784554 -0.996918 0
    outer loop
      vertex 73.5164 169.201 6.99
      vertex 71.0894 169.01 4
      vertex 73.5164 169.201 4
    endloop
  endfacet
  facet normal 0.233323 -0.972399 0
    outer loop
      vertex 63.9149 167.681 4
      vertex 66.2821 168.249 6.99
      vertex 63.9149 167.681 6.99
    endloop
  endfacet
  facet normal 0.233323 -0.972399 0
    outer loop
      vertex 66.2821 168.249 6.99
      vertex 63.9149 167.681 4
      vertex 66.2821 168.249 4
    endloop
  endfacet
  facet normal 0.130221 -0.991485 0
    outer loop
      vertex 68.6758 168.693 4
      vertex 71.0894 169.01 6.99
      vertex 68.6758 168.693 6.99
    endloop
  endfacet
  facet normal 0.130221 -0.991485 0
    outer loop
      vertex 71.0894 169.01 6.99
      vertex 68.6758 168.693 4
      vertex 71.0894 169.01 4
    endloop
  endfacet
  facet normal -0.983233 0.182354 0
    outer loop
      vertex 121.434 113.097 4
      vertex 121.878 115.491 6.99
      vertex 121.878 115.491 4
    endloop
  endfacet
  facet normal -0.983233 0.182354 0
    outer loop
      vertex 121.878 115.491 6.99
      vertex 121.434 113.097 4
      vertex 121.434 113.097 6.99
    endloop
  endfacet
  facet normal -0.760421 0.64943 0
    outer loop
      vertex 110.506 91.6504 4
      vertex 112.087 93.5016 6.99
      vertex 112.087 93.5016 4
    endloop
  endfacet
  facet normal -0.760421 0.64943 0
    outer loop
      vertex 112.087 93.5016 6.99
      vertex 110.506 91.6504 4
      vertex 110.506 91.6504 6.99
    endloop
  endfacet
  facet normal 0.130544 0.991443 -0
    outer loop
      vertex 71.0894 76.5197 4
      vertex 68.6758 76.8375 6.99
      vertex 71.0894 76.5197 6.99
    endloop
  endfacet
  facet normal 0.130544 0.991443 0
    outer loop
      vertex 68.6758 76.8375 6.99
      vertex 71.0894 76.5197 4
      vertex 68.6758 76.8375 4
    endloop
  endfacet
  facet normal 0.0784554 0.996918 -0
    outer loop
      vertex 73.5164 76.3287 4
      vertex 71.0894 76.5197 6.99
      vertex 73.5164 76.3287 6.99
    endloop
  endfacet
  facet normal 0.0784554 0.996918 0
    outer loop
      vertex 71.0894 76.5197 6.99
      vertex 73.5164 76.3287 4
      vertex 71.0894 76.5197 4
    endloop
  endfacet
  facet normal 0.72539 0.688338 0
    outer loop
      vertex 43.0695 89.8845 6.99
      vertex 41.3938 91.6504 4
      vertex 41.3938 91.6504 6.99
    endloop
  endfacet
  facet normal 0.72539 0.688338 0
    outer loop
      vertex 41.3938 91.6504 4
      vertex 43.0695 89.8845 6.99
      vertex 43.0695 89.8845 4
    endloop
  endfacet
  facet normal 0.923875 0.382695 0
    outer loop
      vertex 33.4701 103.852 6.99
      vertex 32.5385 106.101 4
      vertex 32.5385 106.101 6.99
    endloop
  endfacet
  facet normal 0.923875 0.382695 0
    outer loop
      vertex 32.5385 106.101 4
      vertex 33.4701 103.852 6.99
      vertex 33.4701 103.852 4
    endloop
  endfacet
  facet normal -0.958748 -0.284256 0
    outer loop
      vertex 120.866 134.8 4
      vertex 120.174 137.134 6.99
      vertex 120.174 137.134 4
    endloop
  endfacet
  facet normal -0.958748 -0.284256 0
    outer loop
      vertex 120.174 137.134 6.99
      vertex 120.866 134.8 4
      vertex 120.866 134.8 6.99
    endloop
  endfacet
  facet normal -0.923962 -0.382485 0
    outer loop
      vertex 119.361 139.429 4
      vertex 118.43 141.678 6.99
      vertex 118.43 141.678 4
    endloop
  endfacet
  facet normal -0.923962 -0.382485 0
    outer loop
      vertex 118.43 141.678 6.99
      vertex 119.361 139.429 4
      vertex 119.361 139.429 6.99
    endloop
  endfacet
  facet normal -0.688587 -0.725153 0
    outer loop
      vertex 107.065 157.321 4
      vertex 108.83 155.645 6.99
      vertex 107.065 157.321 6.99
    endloop
  endfacet
  facet normal -0.688587 -0.725153 -0
    outer loop
      vertex 108.83 155.645 6.99
      vertex 107.065 157.321 4
      vertex 108.83 155.645 4
    endloop
  endfacet
  facet normal -0.793295 -0.608837 0
    outer loop
      vertex 113.569 150.097 4
      vertex 112.087 152.028 6.99
      vertex 112.087 152.028 4
    endloop
  endfacet
  facet normal -0.793295 -0.608837 0
    outer loop
      vertex 112.087 152.028 6.99
      vertex 113.569 150.097 4
      vertex 113.569 150.097 6.99
    endloop
  endfacet
  facet normal -0.852672 -0.522446 0
    outer loop
      vertex 116.22 146.015 4
      vertex 114.948 148.091 6.99
      vertex 114.948 148.091 4
    endloop
  endfacet
  facet normal -0.852672 -0.522446 0
    outer loop
      vertex 114.948 148.091 6.99
      vertex 116.22 146.015 4
      vertex 116.22 146.015 6.99
    endloop
  endfacet
  facet normal -0.902648 -0.43038 0
    outer loop
      vertex 118.43 141.678 4
      vertex 117.382 143.876 6.99
      vertex 117.382 143.876 4
    endloop
  endfacet
  facet normal -0.902648 -0.43038 0
    outer loop
      vertex 117.382 143.876 6.99
      vertex 118.43 141.678 4
      vertex 118.43 141.678 6.99
    endloop
  endfacet
  facet normal -0.824066 -0.566494 0
    outer loop
      vertex 114.948 148.091 4
      vertex 113.569 150.097 6.99
      vertex 113.569 150.097 4
    endloop
  endfacet
  facet normal -0.824066 -0.566494 0
    outer loop
      vertex 113.569 150.097 6.99
      vertex 114.948 148.091 4
      vertex 114.948 148.091 6.99
    endloop
  endfacet
  facet normal -0.0262894 -0.999654 0
    outer loop
      vertex 75.95 169.265 4
      vertex 78.3836 169.201 6.99
      vertex 75.95 169.265 6.99
    endloop
  endfacet
  facet normal -0.0262894 -0.999654 -0
    outer loop
      vertex 78.3836 169.201 6.99
      vertex 75.95 169.265 4
      vertex 78.3836 169.201 4
    endloop
  endfacet
  facet normal -0.130221 -0.991485 0
    outer loop
      vertex 80.8106 169.01 4
      vertex 83.2242 168.693 6.99
      vertex 80.8106 169.01 6.99
    endloop
  endfacet
  facet normal -0.130221 -0.991485 -0
    outer loop
      vertex 83.2242 168.693 6.99
      vertex 80.8106 169.01 4
      vertex 83.2242 168.693 4
    endloop
  endfacet
  facet normal -0.284234 -0.958755 0
    outer loop
      vertex 87.9851 167.681 4
      vertex 90.3193 166.989 6.99
      vertex 87.9851 167.681 6.99
    endloop
  endfacet
  facet normal -0.284234 -0.958755 -0
    outer loop
      vertex 90.3193 166.989 6.99
      vertex 87.9851 167.681 4
      vertex 90.3193 166.989 4
    endloop
  endfacet
  facet normal -0.233323 -0.972399 0
    outer loop
      vertex 85.6179 168.249 4
      vertex 87.9851 167.681 6.99
      vertex 85.6179 168.249 6.99
    endloop
  endfacet
  facet normal -0.233323 -0.972399 -0
    outer loop
      vertex 87.9851 167.681 6.99
      vertex 85.6179 168.249 4
      vertex 87.9851 167.681 4
    endloop
  endfacet
  facet normal -0.382456 -0.923974 0
    outer loop
      vertex 92.6141 166.176 4
      vertex 94.8633 165.245 6.99
      vertex 92.6141 166.176 6.99
    endloop
  endfacet
  facet normal -0.382456 -0.923974 -0
    outer loop
      vertex 94.8633 165.245 6.99
      vertex 92.6141 166.176 4
      vertex 94.8633 165.245 4
    endloop
  endfacet
  facet normal -0.522446 -0.852672 0
    outer loop
      vertex 99.2 163.035 4
      vertex 101.276 161.763 6.99
      vertex 99.2 163.035 6.99
    endloop
  endfacet
  facet normal -0.522446 -0.852672 -0
    outer loop
      vertex 101.276 161.763 6.99
      vertex 99.2 163.035 4
      vertex 101.276 161.763 4
    endloop
  endfacet
  facet normal -0.608837 -0.793295 0
    outer loop
      vertex 103.282 160.384 4
      vertex 105.213 158.902 6.99
      vertex 103.282 160.384 6.99
    endloop
  endfacet
  facet normal -0.608837 -0.793295 -0
    outer loop
      vertex 105.213 158.902 6.99
      vertex 103.282 160.384 4
      vertex 105.213 158.902 4
    endloop
  endfacet
  facet normal -0.566494 -0.824066 0
    outer loop
      vertex 101.276 161.763 4
      vertex 103.282 160.384 6.99
      vertex 101.276 161.763 6.99
    endloop
  endfacet
  facet normal -0.566494 -0.824066 -0
    outer loop
      vertex 103.282 160.384 6.99
      vertex 101.276 161.763 4
      vertex 103.282 160.384 4
    endloop
  endfacet
  facet normal 0.999658 -0.026162 0
    outer loop
      vertex 29.45 122.765 6.99
      vertex 29.5137 125.199 4
      vertex 29.5137 125.199 6.99
    endloop
  endfacet
  facet normal 0.999658 -0.026162 0
    outer loop
      vertex 29.5137 125.199 4
      vertex 29.45 122.765 6.99
      vertex 29.45 122.765 4
    endloop
  endfacet
  facet normal 0.725215 -0.688523 0
    outer loop
      vertex 41.3938 153.88 6.99
      vertex 43.0695 155.645 4
      vertex 43.0695 155.645 6.99
    endloop
  endfacet
  facet normal 0.725215 -0.688523 0
    outer loop
      vertex 43.0695 155.645 4
      vertex 41.3938 153.88 6.99
      vertex 41.3938 153.88 4
    endloop
  endfacet
  facet normal 0.87878 -0.477228 0
    outer loop
      vertex 34.5182 143.876 6.99
      vertex 35.6798 146.015 4
      vertex 35.6798 146.015 6.99
    endloop
  endfacet
  facet normal 0.87878 -0.477228 0
    outer loop
      vertex 35.6798 146.015 4
      vertex 34.5182 143.876 6.99
      vertex 34.5182 143.876 4
    endloop
  endfacet
  facet normal 0.923875 -0.382695 0
    outer loop
      vertex 32.5385 139.429 6.99
      vertex 33.4701 141.678 4
      vertex 33.4701 141.678 6.99
    endloop
  endfacet
  facet normal 0.923875 -0.382695 0
    outer loop
      vertex 33.4701 141.678 4
      vertex 32.5385 139.429 6.99
      vertex 32.5385 139.429 4
    endloop
  endfacet
  facet normal 0.991438 -0.130576 0
    outer loop
      vertex 29.7047 127.626 6.99
      vertex 30.0225 130.039 4
      vertex 30.0225 130.039 6.99
    endloop
  endfacet
  facet normal 0.991438 -0.130576 0
    outer loop
      vertex 30.0225 130.039 4
      vertex 29.7047 127.626 6.99
      vertex 29.7047 127.626 4
    endloop
  endfacet
  facet normal 0.958816 -0.28403 0
    outer loop
      vertex 31.0345 134.8 6.99
      vertex 31.7259 137.134 4
      vertex 31.7259 137.134 6.99
    endloop
  endfacet
  facet normal 0.958816 -0.28403 0
    outer loop
      vertex 31.7259 137.134 4
      vertex 31.0345 134.8 6.99
      vertex 31.0345 134.8 4
    endloop
  endfacet
  facet normal 0.972357 -0.233497 0
    outer loop
      vertex 30.4661 132.433 6.99
      vertex 31.0345 134.8 4
      vertex 31.0345 134.8 6.99
    endloop
  endfacet
  facet normal 0.972357 -0.233497 0
    outer loop
      vertex 31.0345 134.8 4
      vertex 30.4661 132.433 6.99
      vertex 30.4661 132.433 4
    endloop
  endfacet
  facet normal 0.688403 -0.725329 0
    outer loop
      vertex 43.0695 155.645 4
      vertex 44.8354 157.321 6.99
      vertex 43.0695 155.645 6.99
    endloop
  endfacet
  facet normal 0.688403 -0.725329 0
    outer loop
      vertex 44.8354 157.321 6.99
      vertex 43.0695 155.645 4
      vertex 44.8354 157.321 4
    endloop
  endfacet
  facet normal 0.430492 -0.902595 0
    outer loop
      vertex 54.8394 164.197 4
      vertex 57.0367 165.245 6.99
      vertex 54.8394 164.197 6.99
    endloop
  endfacet
  facet normal 0.430492 -0.902595 0
    outer loop
      vertex 57.0367 165.245 6.99
      vertex 54.8394 164.197 4
      vertex 57.0367 165.245 4
    endloop
  endfacet
  facet normal 0.477286 -0.878748 0
    outer loop
      vertex 52.7 163.035 4
      vertex 54.8394 164.197 6.99
      vertex 52.7 163.035 6.99
    endloop
  endfacet
  facet normal 0.477286 -0.878748 0
    outer loop
      vertex 54.8394 164.197 6.99
      vertex 52.7 163.035 4
      vertex 54.8394 164.197 4
    endloop
  endfacet
  facet normal 0.566436 -0.824105 0
    outer loop
      vertex 48.618 160.384 4
      vertex 50.6243 161.763 6.99
      vertex 48.618 160.384 6.99
    endloop
  endfacet
  facet normal 0.566436 -0.824105 0
    outer loop
      vertex 50.6243 161.763 6.99
      vertex 48.618 160.384 4
      vertex 50.6243 161.763 4
    endloop
  endfacet
  facet normal 0.333941 -0.942594 0
    outer loop
      vertex 59.2859 166.176 4
      vertex 61.5807 166.989 6.99
      vertex 59.2859 166.176 6.99
    endloop
  endfacet
  facet normal 0.333941 -0.942594 0
    outer loop
      vertex 61.5807 166.989 6.99
      vertex 59.2859 166.176 4
      vertex 61.5807 166.989 4
    endloop
  endfacet
  facet normal 0.182376 -0.983229 0
    outer loop
      vertex 66.2821 168.249 4
      vertex 68.6758 168.693 6.99
      vertex 66.2821 168.249 6.99
    endloop
  endfacet
  facet normal 0.182376 -0.983229 0
    outer loop
      vertex 68.6758 168.693 6.99
      vertex 66.2821 168.249 4
      vertex 68.6758 168.693 4
    endloop
  endfacet
  facet normal 0.0262894 -0.999654 0
    outer loop
      vertex 73.5164 169.201 4
      vertex 75.95 169.265 6.99
      vertex 73.5164 169.201 6.99
    endloop
  endfacet
  facet normal 0.0262894 -0.999654 0
    outer loop
      vertex 75.95 169.265 6.99
      vertex 73.5164 169.201 4
      vertex 75.95 169.265 4
    endloop
  endfacet
  facet normal -0.999654 -0.0262851 0
    outer loop
      vertex 122.45 122.765 4
      vertex 122.386 125.199 6.99
      vertex 122.386 125.199 4
    endloop
  endfacet
  facet normal -0.999654 -0.0262851 0
    outer loop
      vertex 122.386 125.199 6.99
      vertex 122.45 122.765 4
      vertex 122.45 122.765 6.99
    endloop
  endfacet
  facet normal -0.0261663 0.999658 0
    outer loop
      vertex 78.3836 76.3287 4
      vertex 75.95 76.265 6.99
      vertex 78.3836 76.3287 6.99
    endloop
  endfacet
  facet normal -0.0261663 0.999658 0
    outer loop
      vertex 75.95 76.265 6.99
      vertex 78.3836 76.3287 4
      vertex 75.95 76.265 4
    endloop
  endfacet
  facet normal -0.130544 0.991443 0
    outer loop
      vertex 83.2242 76.8375 4
      vertex 80.8106 76.5197 6.99
      vertex 83.2242 76.8375 6.99
    endloop
  endfacet
  facet normal -0.130544 0.991443 0
    outer loop
      vertex 80.8106 76.5197 6.99
      vertex 83.2242 76.8375 4
      vertex 80.8106 76.5197 4
    endloop
  endfacet
  facet normal -0.333795 0.942646 0
    outer loop
      vertex 92.6141 79.3535 4
      vertex 90.3193 78.5409 6.99
      vertex 92.6141 79.3535 6.99
    endloop
  endfacet
  facet normal -0.333795 0.942646 0
    outer loop
      vertex 90.3193 78.5409 6.99
      vertex 92.6141 79.3535 4
      vertex 90.3193 78.5409 4
    endloop
  endfacet
  facet normal -0.382666 0.923887 0
    outer loop
      vertex 94.8633 80.2851 4
      vertex 92.6141 79.3535 6.99
      vertex 94.8633 80.2851 6.99
    endloop
  endfacet
  facet normal -0.382666 0.923887 0
    outer loop
      vertex 92.6141 79.3535 6.99
      vertex 94.8633 80.2851 4
      vertex 92.6141 79.3535 4
    endloop
  endfacet
  facet normal -0.725329 0.688403 0
    outer loop
      vertex 108.83 89.8845 4
      vertex 110.506 91.6504 6.99
      vertex 110.506 91.6504 4
    endloop
  endfacet
  facet normal -0.725329 0.688403 0
    outer loop
      vertex 110.506 91.6504 6.99
      vertex 108.83 89.8845 4
      vertex 108.83 89.8845 6.99
    endloop
  endfacet
  facet normal -0.608837 0.793295 0
    outer loop
      vertex 105.213 86.6277 4
      vertex 103.282 85.1457 6.99
      vertex 105.213 86.6277 6.99
    endloop
  endfacet
  facet normal -0.608837 0.793295 0
    outer loop
      vertex 103.282 85.1457 6.99
      vertex 105.213 86.6277 4
      vertex 103.282 85.1457 4
    endloop
  endfacet
  facet normal -0.522446 0.852672 0
    outer loop
      vertex 101.276 83.7668 4
      vertex 99.2 82.4948 6.99
      vertex 101.276 83.7668 6.99
    endloop
  endfacet
  facet normal -0.522446 0.852672 0
    outer loop
      vertex 99.2 82.4948 6.99
      vertex 101.276 83.7668 4
      vertex 99.2 82.4948 4
    endloop
  endfacet
  facet normal -0.430525 0.902579 0
    outer loop
      vertex 97.0606 81.3332 4
      vertex 94.8633 80.2851 6.99
      vertex 97.0606 81.3332 6.99
    endloop
  endfacet
  facet normal -0.430525 0.902579 0
    outer loop
      vertex 94.8633 80.2851 6.99
      vertex 97.0606 81.3332 4
      vertex 94.8633 80.2851 4
    endloop
  endfacet
  facet normal -0.566466 0.824085 0
    outer loop
      vertex 103.282 85.1457 4
      vertex 101.276 83.7668 6.99
      vertex 103.282 85.1457 6.99
    endloop
  endfacet
  facet normal -0.566466 0.824085 0
    outer loop
      vertex 101.276 83.7668 6.99
      vertex 103.282 85.1457 4
      vertex 101.276 83.7668 4
    endloop
  endfacet
  facet normal -0.793356 0.608757 0
    outer loop
      vertex 112.087 93.5016 4
      vertex 113.569 95.433 6.99
      vertex 113.569 95.433 4
    endloop
  endfacet
  facet normal -0.793356 0.608757 0
    outer loop
      vertex 113.569 95.433 6.99
      vertex 112.087 93.5016 4
      vertex 112.087 93.5016 6.99
    endloop
  endfacet
  facet normal -0.902648 0.43038 0
    outer loop
      vertex 117.382 101.654 4
      vertex 118.43 103.852 6.99
      vertex 118.43 103.852 4
    endloop
  endfacet
  facet normal -0.902648 0.43038 0
    outer loop
      vertex 118.43 103.852 6.99
      vertex 117.382 101.654 4
      vertex 117.382 101.654 6.99
    endloop
  endfacet
  facet normal -0.923962 0.382485 0
    outer loop
      vertex 118.43 103.852 4
      vertex 119.361 106.101 6.99
      vertex 119.361 106.101 4
    endloop
  endfacet
  facet normal -0.923962 0.382485 0
    outer loop
      vertex 119.361 106.101 6.99
      vertex 118.43 103.852 4
      vertex 118.43 103.852 6.99
    endloop
  endfacet
  facet normal -0.942603 0.333916 0
    outer loop
      vertex 119.361 106.101 4
      vertex 120.174 108.396 6.99
      vertex 120.174 108.396 4
    endloop
  endfacet
  facet normal -0.942603 0.333916 0
    outer loop
      vertex 120.174 108.396 6.99
      vertex 119.361 106.101 4
      vertex 119.361 106.101 6.99
    endloop
  endfacet
  facet normal -0.991481 0.130253 0
    outer loop
      vertex 121.878 115.491 4
      vertex 122.195 117.904 6.99
      vertex 122.195 117.904 4
    endloop
  endfacet
  facet normal -0.991481 0.130253 0
    outer loop
      vertex 122.195 117.904 6.99
      vertex 121.878 115.491 4
      vertex 121.878 115.491 6.99
    endloop
  endfacet
  facet normal -0.996918 0.0784554 0
    outer loop
      vertex 122.195 117.904 4
      vertex 122.386 120.331 6.99
      vertex 122.386 120.331 4
    endloop
  endfacet
  facet normal -0.996918 0.0784554 0
    outer loop
      vertex 122.386 120.331 6.99
      vertex 122.195 117.904 4
      vertex 122.195 117.904 6.99
    endloop
  endfacet
  facet normal -0.958748 0.284256 0
    outer loop
      vertex 120.174 108.396 4
      vertex 120.866 110.73 6.99
      vertex 120.866 110.73 4
    endloop
  endfacet
  facet normal -0.958748 0.284256 0
    outer loop
      vertex 120.866 110.73 6.99
      vertex 120.174 108.396 4
      vertex 120.174 108.396 6.99
    endloop
  endfacet
  facet normal -0.972395 0.233342 0
    outer loop
      vertex 120.866 110.73 4
      vertex 121.434 113.097 6.99
      vertex 121.434 113.097 4
    endloop
  endfacet
  facet normal -0.972395 0.233342 0
    outer loop
      vertex 121.434 113.097 6.99
      vertex 120.866 110.73 4
      vertex 120.866 110.73 6.99
    endloop
  endfacet
  facet normal 0.0261663 0.999658 -0
    outer loop
      vertex 75.95 76.265 4
      vertex 73.5164 76.3287 6.99
      vertex 75.95 76.265 6.99
    endloop
  endfacet
  facet normal 0.0261663 0.999658 0
    outer loop
      vertex 73.5164 76.3287 6.99
      vertex 75.95 76.265 4
      vertex 73.5164 76.3287 4
    endloop
  endfacet
  facet normal 0.688338 0.72539 -0
    outer loop
      vertex 44.8354 88.2088 4
      vertex 43.0695 89.8845 6.99
      vertex 44.8354 88.2088 6.99
    endloop
  endfacet
  facet normal 0.688338 0.72539 0
    outer loop
      vertex 43.0695 89.8845 6.99
      vertex 44.8354 88.2088 4
      vertex 43.0695 89.8845 4
    endloop
  endfacet
  facet normal 0.382666 0.923887 -0
    outer loop
      vertex 59.2859 79.3535 4
      vertex 57.0367 80.2851 6.99
      vertex 59.2859 79.3535 6.99
    endloop
  endfacet
  facet normal 0.382666 0.923887 0
    outer loop
      vertex 57.0367 80.2851 6.99
      vertex 59.2859 79.3535 4
      vertex 57.0367 80.2851 4
    endloop
  endfacet
  facet normal 0.23344 0.972371 -0
    outer loop
      vertex 66.2821 77.2811 4
      vertex 63.9149 77.8494 6.99
      vertex 66.2821 77.2811 6.99
    endloop
  endfacet
  facet normal 0.23344 0.972371 0
    outer loop
      vertex 63.9149 77.8494 6.99
      vertex 66.2821 77.2811 4
      vertex 63.9149 77.8494 4
    endloop
  endfacet
  facet normal 0.477159 0.878817 -0
    outer loop
      vertex 54.8394 81.3332 4
      vertex 52.7 82.4948 6.99
      vertex 54.8394 81.3332 6.99
    endloop
  endfacet
  facet normal 0.477159 0.878817 0
    outer loop
      vertex 52.7 82.4948 6.99
      vertex 54.8394 81.3332 4
      vertex 52.7 82.4948 4
    endloop
  endfacet
  facet normal 0.522501 0.852638 -0
    outer loop
      vertex 52.7 82.4948 4
      vertex 50.6243 83.7668 6.99
      vertex 52.7 82.4948 6.99
    endloop
  endfacet
  facet normal 0.522501 0.852638 0
    outer loop
      vertex 50.6243 83.7668 6.99
      vertex 52.7 82.4948 4
      vertex 50.6243 83.7668 4
    endloop
  endfacet
  facet normal 0.430525 0.902579 -0
    outer loop
      vertex 57.0367 80.2851 4
      vertex 54.8394 81.3332 6.99
      vertex 57.0367 80.2851 6.99
    endloop
  endfacet
  facet normal 0.430525 0.902579 0
    outer loop
      vertex 54.8394 81.3332 6.99
      vertex 57.0367 80.2851 4
      vertex 54.8394 81.3332 4
    endloop
  endfacet
  facet normal 0.649454 0.760401 -0
    outer loop
      vertex 46.6866 86.6277 4
      vertex 44.8354 88.2088 6.99
      vertex 46.6866 86.6277 6.99
    endloop
  endfacet
  facet normal 0.649454 0.760401 0
    outer loop
      vertex 44.8354 88.2088 6.99
      vertex 46.6866 86.6277 4
      vertex 44.8354 88.2088 4
    endloop
  endfacet
  facet normal 0.608757 0.793356 -0
    outer loop
      vertex 48.618 85.1457 4
      vertex 46.6866 86.6277 6.99
      vertex 48.618 85.1457 6.99
    endloop
  endfacet
  facet normal 0.608757 0.793356 0
    outer loop
      vertex 46.6866 86.6277 6.99
      vertex 48.618 85.1457 4
      vertex 46.6866 86.6277 4
    endloop
  endfacet
  facet normal 0.793356 0.608757 0
    outer loop
      vertex 39.8127 93.5016 6.99
      vertex 38.3307 95.433 4
      vertex 38.3307 95.433 6.99
    endloop
  endfacet
  facet normal 0.793356 0.608757 0
    outer loop
      vertex 38.3307 95.433 4
      vertex 39.8127 93.5016 6.99
      vertex 39.8127 93.5016 4
    endloop
  endfacet
  facet normal 0.824125 0.566409 0
    outer loop
      vertex 38.3307 95.433 6.99
      vertex 36.9518 97.4393 4
      vertex 36.9518 97.4393 6.99
    endloop
  endfacet
  facet normal 0.824125 0.566409 0
    outer loop
      vertex 36.9518 97.4393 4
      vertex 38.3307 95.433 6.99
      vertex 38.3307 95.433 4
    endloop
  endfacet
  facet normal 0.760401 0.649454 0
    outer loop
      vertex 41.3938 91.6504 6.99
      vertex 39.8127 93.5016 4
      vertex 39.8127 93.5016 6.99
    endloop
  endfacet
  facet normal 0.760401 0.649454 0
    outer loop
      vertex 39.8127 93.5016 4
      vertex 41.3938 91.6504 6.99
      vertex 41.3938 91.6504 4
    endloop
  endfacet
  facet normal 0.87878 0.477228 0
    outer loop
      vertex 35.6798 99.515 6.99
      vertex 34.5182 101.654 4
      vertex 34.5182 101.654 6.99
    endloop
  endfacet
  facet normal 0.87878 0.477228 0
    outer loop
      vertex 34.5182 101.654 4
      vertex 35.6798 99.515 6.99
      vertex 35.6798 99.515 4
    endloop
  endfacet
  facet normal 0.852638 0.522501 0
    outer loop
      vertex 36.9518 97.4393 6.99
      vertex 35.6798 99.515 4
      vertex 35.6798 99.515 6.99
    endloop
  endfacet
  facet normal 0.852638 0.522501 0
    outer loop
      vertex 35.6798 99.515 4
      vertex 36.9518 97.4393 6.99
      vertex 36.9518 97.4393 4
    endloop
  endfacet
  facet normal 0.999658 0.026162 0
    outer loop
      vertex 29.5137 120.331 6.99
      vertex 29.45 122.765 4
      vertex 29.45 122.765 6.99
    endloop
  endfacet
  facet normal 0.999658 0.026162 0
    outer loop
      vertex 29.45 122.765 4
      vertex 29.5137 120.331 6.99
      vertex 29.5137 120.331 4
    endloop
  endfacet
  facet normal 0.991438 0.130576 0
    outer loop
      vertex 30.0225 115.491 6.99
      vertex 29.7047 117.904 4
      vertex 29.7047 117.904 6.99
    endloop
  endfacet
  facet normal 0.991438 0.130576 0
    outer loop
      vertex 29.7047 117.904 4
      vertex 30.0225 115.491 6.99
      vertex 30.0225 115.491 4
    endloop
  endfacet
  facet normal 0.996918 0.0784554 0
    outer loop
      vertex 29.7047 117.904 6.99
      vertex 29.5137 120.331 4
      vertex 29.5137 120.331 6.99
    endloop
  endfacet
  facet normal 0.996918 0.0784554 0
    outer loop
      vertex 29.5137 120.331 4
      vertex 29.7047 117.904 6.99
      vertex 29.7047 117.904 4
    endloop
  endfacet
  facet normal 0.958816 0.28403 0
    outer loop
      vertex 31.7259 108.396 6.99
      vertex 31.0345 110.73 4
      vertex 31.0345 110.73 6.99
    endloop
  endfacet
  facet normal 0.958816 0.28403 0
    outer loop
      vertex 31.0345 110.73 4
      vertex 31.7259 108.396 6.99
      vertex 31.7259 108.396 4
    endloop
  endfacet
  facet normal 0.983262 0.182195 0
    outer loop
      vertex 30.4661 113.097 6.99
      vertex 30.0225 115.491 4
      vertex 30.0225 115.491 6.99
    endloop
  endfacet
  facet normal 0.983262 0.182195 0
    outer loop
      vertex 30.0225 115.491 4
      vertex 30.4661 113.097 6.99
      vertex 30.4661 113.097 4
    endloop
  endfacet
  facet normal 0.942655 0.33377 0
    outer loop
      vertex 32.5385 106.101 6.99
      vertex 31.7259 108.396 4
      vertex 31.7259 108.396 6.99
    endloop
  endfacet
  facet normal 0.942655 0.33377 0
    outer loop
      vertex 31.7259 108.396 4
      vertex 32.5385 106.101 6.99
      vertex 32.5385 106.101 4
    endloop
  endfacet
  facet normal -0.983233 -0.182354 0
    outer loop
      vertex 121.878 130.039 4
      vertex 121.434 132.433 6.99
      vertex 121.434 132.433 4
    endloop
  endfacet
  facet normal -0.983233 -0.182354 0
    outer loop
      vertex 121.434 132.433 6.99
      vertex 121.878 130.039 4
      vertex 121.878 130.039 6.99
    endloop
  endfacet
  facet normal -0.991481 -0.130253 0
    outer loop
      vertex 122.195 127.626 4
      vertex 121.878 130.039 6.99
      vertex 121.878 130.039 4
    endloop
  endfacet
  facet normal -0.991481 -0.130253 0
    outer loop
      vertex 121.878 130.039 6.99
      vertex 122.195 127.626 4
      vertex 122.195 127.626 6.99
    endloop
  endfacet
  facet normal -0.996918 -0.0784554 0
    outer loop
      vertex 122.386 125.199 4
      vertex 122.195 127.626 6.99
      vertex 122.195 127.626 4
    endloop
  endfacet
  facet normal -0.996918 -0.0784554 0
    outer loop
      vertex 122.195 127.626 6.99
      vertex 122.386 125.199 4
      vertex 122.386 125.199 6.99
    endloop
  endfacet
  facet normal -0.942603 -0.333916 0
    outer loop
      vertex 120.174 137.134 4
      vertex 119.361 139.429 6.99
      vertex 119.361 139.429 4
    endloop
  endfacet
  facet normal -0.942603 -0.333916 0
    outer loop
      vertex 119.361 139.429 6.99
      vertex 120.174 137.134 4
      vertex 120.174 137.134 6.99
    endloop
  endfacet
  facet normal -0.725153 -0.688587 0
    outer loop
      vertex 110.506 153.88 4
      vertex 108.83 155.645 6.99
      vertex 108.83 155.645 4
    endloop
  endfacet
  facet normal -0.725153 -0.688587 0
    outer loop
      vertex 108.83 155.645 6.99
      vertex 110.506 153.88 4
      vertex 110.506 153.88 6.99
    endloop
  endfacet
  facet normal -0.333941 -0.942594 0
    outer loop
      vertex 90.3193 166.989 4
      vertex 92.6141 166.176 6.99
      vertex 90.3193 166.989 6.99
    endloop
  endfacet
  facet normal -0.333941 -0.942594 -0
    outer loop
      vertex 92.6141 166.176 6.99
      vertex 90.3193 166.989 4
      vertex 92.6141 166.176 4
    endloop
  endfacet
  facet normal -0.430492 -0.902595 0
    outer loop
      vertex 94.8633 165.245 4
      vertex 97.0606 164.197 6.99
      vertex 94.8633 165.245 6.99
    endloop
  endfacet
  facet normal -0.430492 -0.902595 -0
    outer loop
      vertex 97.0606 164.197 6.99
      vertex 94.8633 165.245 4
      vertex 97.0606 164.197 4
    endloop
  endfacet
  facet normal 0.824085 -0.566466 0
    outer loop
      vertex 36.9518 148.091 6.99
      vertex 38.3307 150.097 4
      vertex 38.3307 150.097 6.99
    endloop
  endfacet
  facet normal 0.824085 -0.566466 0
    outer loop
      vertex 38.3307 150.097 4
      vertex 36.9518 148.091 6.99
      vertex 36.9518 148.091 4
    endloop
  endfacet
  facet normal 0.793295 -0.608837 0
    outer loop
      vertex 38.3307 150.097 6.99
      vertex 39.8127 152.028 4
      vertex 39.8127 152.028 6.99
    endloop
  endfacet
  facet normal 0.793295 -0.608837 0
    outer loop
      vertex 39.8127 152.028 4
      vertex 38.3307 150.097 6.99
      vertex 38.3307 150.097 4
    endloop
  endfacet
  facet normal 0.760539 -0.649292 0
    outer loop
      vertex 39.8127 152.028 6.99
      vertex 41.3938 153.88 4
      vertex 41.3938 153.88 6.99
    endloop
  endfacet
  facet normal 0.760539 -0.649292 0
    outer loop
      vertex 41.3938 153.88 4
      vertex 39.8127 152.028 6.99
      vertex 39.8127 152.028 4
    endloop
  endfacet
  facet normal 0.902632 -0.430413 0
    outer loop
      vertex 33.4701 141.678 6.99
      vertex 34.5182 143.876 4
      vertex 34.5182 143.876 6.99
    endloop
  endfacet
  facet normal 0.902632 -0.430413 0
    outer loop
      vertex 34.5182 143.876 4
      vertex 33.4701 141.678 6.99
      vertex 33.4701 141.678 4
    endloop
  endfacet
  facet normal 0.942655 -0.33377 0
    outer loop
      vertex 31.7259 137.134 6.99
      vertex 32.5385 139.429 4
      vertex 32.5385 139.429 6.99
    endloop
  endfacet
  facet normal 0.942655 -0.33377 0
    outer loop
      vertex 32.5385 139.429 4
      vertex 31.7259 137.134 6.99
      vertex 31.7259 137.134 4
    endloop
  endfacet
  facet normal 0.382456 -0.923974 0
    outer loop
      vertex 57.0367 165.245 4
      vertex 59.2859 166.176 6.99
      vertex 57.0367 165.245 6.99
    endloop
  endfacet
  facet normal 0.382456 -0.923974 0
    outer loop
      vertex 59.2859 166.176 6.99
      vertex 57.0367 165.245 4
      vertex 59.2859 166.176 4
    endloop
  endfacet
  facet normal -0.182217 0.983258 0
    outer loop
      vertex 85.6179 77.2811 4
      vertex 83.2242 76.8375 6.99
      vertex 85.6179 77.2811 6.99
    endloop
  endfacet
  facet normal -0.182217 0.983258 0
    outer loop
      vertex 83.2242 76.8375 6.99
      vertex 85.6179 77.2811 4
      vertex 83.2242 76.8375 4
    endloop
  endfacet
  facet normal -0.0784554 0.996918 0
    outer loop
      vertex 80.8106 76.5197 4
      vertex 78.3836 76.3287 6.99
      vertex 80.8106 76.5197 6.99
    endloop
  endfacet
  facet normal -0.0784554 0.996918 0
    outer loop
      vertex 78.3836 76.3287 6.99
      vertex 80.8106 76.5197 4
      vertex 78.3836 76.3287 4
    endloop
  endfacet
  facet normal -0.284045 0.958811 0
    outer loop
      vertex 90.3193 78.5409 4
      vertex 87.9851 77.8494 6.99
      vertex 90.3193 78.5409 6.99
    endloop
  endfacet
  facet normal -0.284045 0.958811 0
    outer loop
      vertex 87.9851 77.8494 6.99
      vertex 90.3193 78.5409 4
      vertex 87.9851 77.8494 4
    endloop
  endfacet
  facet normal -0.649292 0.760539 0
    outer loop
      vertex 107.065 88.2088 4
      vertex 105.213 86.6277 6.99
      vertex 107.065 88.2088 6.99
    endloop
  endfacet
  facet normal -0.649292 0.760539 0
    outer loop
      vertex 105.213 86.6277 6.99
      vertex 107.065 88.2088 4
      vertex 105.213 86.6277 4
    endloop
  endfacet
  facet normal -0.477159 0.878817 0
    outer loop
      vertex 99.2 82.4948 4
      vertex 97.0606 81.3332 6.99
      vertex 99.2 82.4948 6.99
    endloop
  endfacet
  facet normal -0.477159 0.878817 0
    outer loop
      vertex 97.0606 81.3332 6.99
      vertex 99.2 82.4948 4
      vertex 97.0606 81.3332 4
    endloop
  endfacet
  facet normal -0.824105 0.566436 0
    outer loop
      vertex 113.569 95.433 4
      vertex 114.948 97.4393 6.99
      vertex 114.948 97.4393 4
    endloop
  endfacet
  facet normal -0.824105 0.566436 0
    outer loop
      vertex 114.948 97.4393 6.99
      vertex 113.569 95.433 4
      vertex 113.569 95.433 6.99
    endloop
  endfacet
  facet normal -0.878711 0.477355 0
    outer loop
      vertex 116.22 99.515 4
      vertex 117.382 101.654 6.99
      vertex 117.382 101.654 4
    endloop
  endfacet
  facet normal -0.878711 0.477355 0
    outer loop
      vertex 117.382 101.654 6.99
      vertex 116.22 99.515 4
      vertex 116.22 99.515 6.99
    endloop
  endfacet
  facet normal 0.284045 0.958811 -0
    outer loop
      vertex 63.9149 77.8494 4
      vertex 61.5807 78.5409 6.99
      vertex 63.9149 77.8494 6.99
    endloop
  endfacet
  facet normal 0.284045 0.958811 0
    outer loop
      vertex 61.5807 78.5409 6.99
      vertex 63.9149 77.8494 4
      vertex 61.5807 78.5409 4
    endloop
  endfacet
  facet normal 0.182217 0.983258 -0
    outer loop
      vertex 68.6758 76.8375 4
      vertex 66.2821 77.2811 6.99
      vertex 68.6758 76.8375 6.99
    endloop
  endfacet
  facet normal 0.182217 0.983258 0
    outer loop
      vertex 66.2821 77.2811 6.99
      vertex 68.6758 76.8375 4
      vertex 66.2821 77.2811 4
    endloop
  endfacet
  facet normal 0.566409 0.824125 -0
    outer loop
      vertex 50.6243 83.7668 4
      vertex 48.618 85.1457 6.99
      vertex 50.6243 83.7668 6.99
    endloop
  endfacet
  facet normal 0.566409 0.824125 0
    outer loop
      vertex 48.618 85.1457 6.99
      vertex 50.6243 83.7668 4
      vertex 48.618 85.1457 4
    endloop
  endfacet
  facet normal 0.902632 0.430413 0
    outer loop
      vertex 34.5182 101.654 6.99
      vertex 33.4701 103.852 4
      vertex 33.4701 103.852 6.99
    endloop
  endfacet
  facet normal 0.902632 0.430413 0
    outer loop
      vertex 33.4701 103.852 4
      vertex 34.5182 101.654 6.99
      vertex 34.5182 101.654 4
    endloop
  endfacet
  facet normal 0.972357 0.233497 0
    outer loop
      vertex 31.0345 110.73 6.99
      vertex 30.4661 113.097 4
      vertex 30.4661 113.097 6.99
    endloop
  endfacet
  facet normal 0.972357 0.233497 0
    outer loop
      vertex 30.4661 113.097 4
      vertex 31.0345 110.73 6.99
      vertex 31.0345 110.73 4
    endloop
  endfacet
  facet normal -1 0 0
    outer loop
      vertex 0 40 0
      vertex 0 236.63 4
      vertex 0 236.63 0
    endloop
  endfacet
  facet normal -1 -0 0
    outer loop
      vertex 0 236.63 4
      vertex 0 40 0
      vertex 0 40 4
    endloop
  endfacet
  facet normal -0 0 1
    outer loop
      vertex 8.57059 228.979 4
      vertex 11 226.63 4
      vertex 8.64207 229.19 4
    endloop
  endfacet
  facet normal 0 0 1
    outer loop
      vertex 11 180.765 4
      vertex 8.68546 47.2219 4
      vertex 8.7 47 4
    endloop
  endfacet
  facet normal -0 0 1
    outer loop
      vertex 8.47224 228.78 4
      vertex 11 226.63 4
      vertex 8.57059 228.979 4
    endloop
  endfacet
  facet normal 0 0 1
    outer loop
      vertex 11 180.765 4
      vertex 8.64207 47.44 4
      vertex 8.68546 47.2219 4
    endloop
  endfacet
  facet normal -0 0 1
    outer loop
      vertex 8.3487 228.595 4
      vertex 11 226.63 4
      vertex 8.47224 228.78 4
    endloop
  endfacet
  facet normal 0 0 1
    outer loop
      vertex 11 180.765 4
      vertex 8.57059 47.6506 4
      vertex 8.64207 47.44 4
    endloop
  endfacet
  facet normal -0 0 1
    outer loop
      vertex 8.20208 228.428 4
      vertex 11 226.63 4
      vertex 8.3487 228.595 4
    endloop
  endfacet
  facet normal 0 0 1
    outer loop
      vertex 11 180.765 4
      vertex 8.47224 47.85 4
      vertex 8.57059 47.6506 4
    endloop
  endfacet
  facet normal -0 0 1
    outer loop
      vertex 8.03489 228.281 4
      vertex 11 226.63 4
      vertex 8.20208 228.428 4
    endloop
  endfacet
  facet normal 0 0 1
    outer loop
      vertex 11 180.765 4
      vertex 8.3487 48.0349 4
      vertex 8.47224 47.85 4
    endloop
  endfacet
  facet normal -0 0 1
    outer loop
      vertex 7.85 228.158 4
      vertex 11 226.63 4
      vertex 8.03489 228.281 4
    endloop
  endfacet
  facet normal 0 0 1
    outer loop
      vertex 11 180.765 4
      vertex 8.20208 48.2021 4
      vertex 8.3487 48.0349 4
    endloop
  endfacet
  facet normal -0 0 1
    outer loop
      vertex 7.65056 228.059 4
      vertex 11 226.63 4
      vertex 7.85 228.158 4
    endloop
  endfacet
  facet normal 0 0 1
    outer loop
      vertex 11 180.765 4
      vertex 8.03489 48.3487 4
      vertex 8.20208 48.2021 4
    endloop
  endfacet
  facet normal -0 0 1
    outer loop
      vertex 7.43999 227.988 4
      vertex 11 226.63 4
      vertex 7.65056 228.059 4
    endloop
  endfacet
  facet normal 0 0 1
    outer loop
      vertex 11 180.765 4
      vertex 7.85 48.4722 4
      vertex 8.03489 48.3487 4
    endloop
  endfacet
  facet normal -0 0 1
    outer loop
      vertex 7.22189 227.945 4
      vertex 11 226.63 4
      vertex 7.43999 227.988 4
    endloop
  endfacet
  facet normal 0 0 1
    outer loop
      vertex 11 180.765 4
      vertex 7.65056 48.5706 4
      vertex 7.85 48.4722 4
    endloop
  endfacet
  facet normal -0 0 1
    outer loop
      vertex 7 227.93 4
      vertex 11 226.63 4
      vertex 7.22189 227.945 4
    endloop
  endfacet
  facet normal 0 0 1
    outer loop
      vertex 11 180.765 4
      vertex 7.43999 48.6421 4
      vertex 7.65056 48.5706 4
    endloop
  endfacet
  facet normal 0 0 1
    outer loop
      vertex 6.7781 227.945 4
      vertex 11 226.63 4
      vertex 7 227.93 4
    endloop
  endfacet
  facet normal 0 0 1
    outer loop
      vertex 11 180.765 4
      vertex 7.22189 48.6855 4
      vertex 7.43999 48.6421 4
    endloop
  endfacet
  facet normal 0 0 1
    outer loop
      vertex 6.56001 227.988 4
      vertex 11 226.63 4
      vertex 6.7781 227.945 4
    endloop
  endfacet
  facet normal 0 0 1
    outer loop
      vertex 11 180.765 4
      vertex 7 48.7 4
      vertex 7.22189 48.6855 4
    endloop
  endfacet
  facet normal 0 0 1
    outer loop
      vertex 11 226.63 4
      vertex 6.56001 227.988 4
      vertex 11 180.765 4
    endloop
  endfacet
  facet normal 0 0 1
    outer loop
      vertex 11 180.765 4
      vertex 6.7781 48.6855 4
      vertex 7 48.7 4
    endloop
  endfacet
  facet normal 0 0 1
    outer loop
      vertex 6.34944 228.059 4
      vertex 11 180.765 4
      vertex 6.56001 227.988 4
    endloop
  endfacet
  facet normal 0 0 1
    outer loop
      vertex 11 180.765 4
      vertex 6.56001 48.6421 4
      vertex 6.7781 48.6855 4
    endloop
  endfacet
  facet normal 0 0 1
    outer loop
      vertex 6.15 228.158 4
      vertex 11 180.765 4
      vertex 6.34944 228.059 4
    endloop
  endfacet
  facet normal 0 0 1
    outer loop
      vertex 11 180.765 4
      vertex 6.34944 48.5706 4
      vertex 6.56001 48.6421 4
    endloop
  endfacet
  facet normal 0 0 1
    outer loop
      vertex 5.96511 228.281 4
      vertex 11 180.765 4
      vertex 6.15 228.158 4
    endloop
  endfacet
  facet normal 0 0 1
    outer loop
      vertex 11 180.765 4
      vertex 6.15 48.4722 4
      vertex 6.34944 48.5706 4
    endloop
  endfacet
  facet normal 0 0 1
    outer loop
      vertex 5.79792 228.428 4
      vertex 11 180.765 4
      vertex 5.96511 228.281 4
    endloop
  endfacet
  facet normal 0 0 1
    outer loop
      vertex 11 180.765 4
      vertex 5.96511 48.3487 4
      vertex 6.15 48.4722 4
    endloop
  endfacet
  facet normal 0 0 1
    outer loop
      vertex 5.6513 228.595 4
      vertex 11 180.765 4
      vertex 5.79792 228.428 4
    endloop
  endfacet
  facet normal 0 0 1
    outer loop
      vertex 11 180.765 4
      vertex 5.79792 48.2021 4
      vertex 5.96511 48.3487 4
    endloop
  endfacet
  facet normal 0 0 1
    outer loop
      vertex 5.52776 228.78 4
      vertex 11 180.765 4
      vertex 5.6513 228.595 4
    endloop
  endfacet
  facet normal 0 0 1
    outer loop
      vertex 11 180.765 4
      vertex 5.6513 48.0349 4
      vertex 5.79792 48.2021 4
    endloop
  endfacet
  facet normal 0 0 1
    outer loop
      vertex 0 236.63 4
      vertex 11 180.765 4
      vertex 5.52776 228.78 4
    endloop
  endfacet
  facet normal 0 0 1
    outer loop
      vertex 11 180.765 4
      vertex 5.52776 47.85 4
      vertex 5.6513 48.0349 4
    endloop
  endfacet
  facet normal 0 0 1
    outer loop
      vertex 0 236.63 4
      vertex 5.52776 228.78 4
      vertex 5.4294 228.979 4
    endloop
  endfacet
  facet normal 0 0 1
    outer loop
      vertex 0 40 4
      vertex 11 180.765 4
      vertex 0 236.63 4
    endloop
  endfacet
  facet normal 0 0 1
    outer loop
      vertex 0 236.63 4
      vertex 5.4294 228.979 4
      vertex 5.35793 229.19 4
    endloop
  endfacet
  facet normal 0 0 1
    outer loop
      vertex 11 180.765 4
      vertex 0 40 4
      vertex 5.52776 47.85 4
    endloop
  endfacet
  facet normal 0 0 1
    outer loop
      vertex 0 236.63 4
      vertex 5.35793 229.19 4
      vertex 5.31454 229.408 4
    endloop
  endfacet
  facet normal 0 0 1
    outer loop
      vertex 5.52776 47.85 4
      vertex 0 40 4
      vertex 5.4294 47.6506 4
    endloop
  endfacet
  facet normal 0 0 1
    outer loop
      vertex 0 236.63 4
      vertex 5.31454 229.408 4
      vertex 5.3 229.63 4
    endloop
  endfacet
  facet normal 0 0 1
    outer loop
      vertex 5.4294 47.6506 4
      vertex 0 40 4
      vertex 5.35793 47.44 4
    endloop
  endfacet
  facet normal 0 0 1
    outer loop
      vertex 146.471 228.979 4
      vertex 151.9 236.63 4
      vertex 146.542 229.19 4
    endloop
  endfacet
  facet normal 0 0 1
    outer loop
      vertex 151.9 40 4
      vertex 146.585 47.2219 4
      vertex 146.6 47 4
    endloop
  endfacet
  facet normal 0 0 1
    outer loop
      vertex 146.372 228.78 4
      vertex 151.9 236.63 4
      vertex 146.471 228.979 4
    endloop
  endfacet
  facet normal 0 0 1
    outer loop
      vertex 151.9 40 4
      vertex 146.542 47.44 4
      vertex 146.585 47.2219 4
    endloop
  endfacet
  facet normal 0 0 1
    outer loop
      vertex 151.9 236.63 4
      vertex 131.873 125.696 4
      vertex 151.9 40 4
    endloop
  endfacet
  facet normal 0 0 1
    outer loop
      vertex 151.9 40 4
      vertex 146.471 47.6506 4
      vertex 146.542 47.44 4
    endloop
  endfacet
  facet normal 0 0 1
    outer loop
      vertex 130.726 134.408 4
      vertex 151.9 236.63 4
      vertex 146.372 228.78 4
    endloop
  endfacet
  facet normal -0 -0 1
    outer loop
      vertex 131.95 122.765 4
      vertex 151.9 40 4
      vertex 131.873 125.696 4
    endloop
  endfacet
  facet normal 0 0 1
    outer loop
      vertex 130.042 137.259 4
      vertex 146.372 228.78 4
      vertex 146.249 228.595 4
    endloop
  endfacet
  facet normal -0 0 1
    outer loop
      vertex 131.873 119.834 4
      vertex 151.9 40 4
      vertex 131.95 122.765 4
    endloop
  endfacet
  facet normal 0 0 1
    outer loop
      vertex 129.209 140.07 4
      vertex 146.249 228.595 4
      vertex 146.102 228.428 4
    endloop
  endfacet
  facet normal -0 0 1
    outer loop
      vertex 131.643 116.911 4
      vertex 151.9 40 4
      vertex 131.873 119.834 4
    endloop
  endfacet
  facet normal 0 0 1
    outer loop
      vertex 127.109 145.542 4
      vertex 146.102 228.428 4
      vertex 145.935 228.281 4
    endloop
  endfacet
  facet normal 0 0 1
    outer loop
      vertex 151.9 40 4
      vertex 146.372 47.85 4
      vertex 146.471 47.6506 4
    endloop
  endfacet
  facet normal 0 0 1
    outer loop
      vertex 125.846 148.188 4
      vertex 145.935 228.281 4
      vertex 145.75 228.158 4
    endloop
  endfacet
  facet normal 0 0 1
    outer loop
      vertex 151.9 40 4
      vertex 131.643 116.911 4
      vertex 146.372 47.85 4
    endloop
  endfacet
  facet normal 0 0 1
    outer loop
      vertex 124.447 150.765 4
      vertex 145.75 228.158 4
      vertex 145.551 228.059 4
    endloop
  endfacet
  facet normal -0 0 1
    outer loop
      vertex 131.261 114.005 4
      vertex 146.372 47.85 4
      vertex 131.643 116.911 4
    endloop
  endfacet
  facet normal 0 0 1
    outer loop
      vertex 121.255 155.681 4
      vertex 145.551 228.059 4
      vertex 145.34 227.988 4
    endloop
  endfacet
  facet normal 0 0 1
    outer loop
      vertex 146.372 47.85 4
      vertex 131.261 114.005 4
      vertex 146.249 48.0349 4
    endloop
  endfacet
  facet normal 0 0 1
    outer loop
      vertex 119.47 158.007 4
      vertex 145.34 227.988 4
      vertex 145.122 227.945 4
    endloop
  endfacet
  facet normal -0 0 1
    outer loop
      vertex 130.726 111.122 4
      vertex 146.249 48.0349 4
      vertex 131.261 114.005 4
    endloop
  endfacet
  facet normal 0 0 1
    outer loop
      vertex 117.566 160.236 4
      vertex 145.122 227.945 4
      vertex 144.9 227.93 4
    endloop
  endfacet
  facet normal 0 0 1
    outer loop
      vertex 146.249 48.0349 4
      vertex 130.726 111.122 4
      vertex 146.102 48.2021 4
    endloop
  endfacet
  facet normal 0 0 1
    outer loop
      vertex 115.548 162.363 4
      vertex 144.9 227.93 4
      vertex 144.678 227.945 4
    endloop
  endfacet
  facet normal -0 0 1
    outer loop
      vertex 130.042 108.271 4
      vertex 146.102 48.2021 4
      vertex 130.726 111.122 4
    endloop
  endfacet
  facet normal 0 0 1
    outer loop
      vertex 103 180.765 4
      vertex 144.678 227.945 4
      vertex 144.46 227.988 4
    endloop
  endfacet
  facet normal -0 0 1
    outer loop
      vertex 129.209 105.46 4
      vertex 146.102 48.2021 4
      vertex 130.042 108.271 4
    endloop
  endfacet
  facet normal 0 0 1
    outer loop
      vertex 103 180.765 4
      vertex 144.46 227.988 4
      vertex 144.249 228.059 4
    endloop
  endfacet
  facet normal 0 0 1
    outer loop
      vertex 146.102 48.2021 4
      vertex 129.209 105.46 4
      vertex 145.935 48.3487 4
    endloop
  endfacet
  facet normal 0 0 1
    outer loop
      vertex 103 180.765 4
      vertex 144.249 228.059 4
      vertex 144.05 228.158 4
    endloop
  endfacet
  facet normal -0 0 1
    outer loop
      vertex 128.23 102.696 4
      vertex 145.935 48.3487 4
      vertex 129.209 105.46 4
    endloop
  endfacet
  facet normal 0 0 1
    outer loop
      vertex 103 180.765 4
      vertex 144.05 228.158 4
      vertex 143.865 228.281 4
    endloop
  endfacet
  facet normal 0 0 1
    outer loop
      vertex 145.935 48.3487 4
      vertex 128.23 102.696 4
      vertex 145.75 48.4722 4
    endloop
  endfacet
  facet normal 0 0 1
    outer loop
      vertex 103 226.63 4
      vertex 143.865 228.281 4
      vertex 143.698 228.428 4
    endloop
  endfacet
  facet normal -0 0 1
    outer loop
      vertex 127.109 99.9877 4
      vertex 145.75 48.4722 4
      vertex 128.23 102.696 4
    endloop
  endfacet
  facet normal 0 0 1
    outer loop
      vertex 103 226.63 4
      vertex 143.698 228.428 4
      vertex 143.551 228.595 4
    endloop
  endfacet
  facet normal 0 0 1
    outer loop
      vertex 145.75 48.4722 4
      vertex 127.109 99.9877 4
      vertex 145.551 48.5706 4
    endloop
  endfacet
  facet normal 0 0 1
    outer loop
      vertex 103 226.63 4
      vertex 143.551 228.595 4
      vertex 143.428 228.78 4
    endloop
  endfacet
  facet normal -0 0 1
    outer loop
      vertex 125.846 97.3415 4
      vertex 145.551 48.5706 4
      vertex 127.109 99.9877 4
    endloop
  endfacet
  facet normal 0 0 1
    outer loop
      vertex 103 226.63 4
      vertex 143.428 228.78 4
      vertex 143.329 228.979 4
    endloop
  endfacet
  facet normal 0 0 1
    outer loop
      vertex 145.551 48.5706 4
      vertex 125.846 97.3415 4
      vertex 145.34 48.6421 4
    endloop
  endfacet
  facet normal 0 0 1
    outer loop
      vertex 103 226.63 4
      vertex 143.329 228.979 4
      vertex 143.258 229.19 4
    endloop
  endfacet
  facet normal -0 0 1
    outer loop
      vertex 124.447 94.765 4
      vertex 145.34 48.6421 4
      vertex 125.846 97.3415 4
    endloop
  endfacet
  facet normal 0 0 1
    outer loop
      vertex 103 226.63 4
      vertex 143.258 229.19 4
      vertex 143.215 229.408 4
    endloop
  endfacet
  facet normal 0 0 1
    outer loop
      vertex 145.34 48.6421 4
      vertex 124.447 94.765 4
      vertex 145.122 48.6855 4
    endloop
  endfacet
  facet normal 0 0 1
    outer loop
      vertex 103 226.63 4
      vertex 143.215 229.408 4
      vertex 143.2 229.63 4
    endloop
  endfacet
  facet normal -0 0 1
    outer loop
      vertex 122.916 92.2652 4
      vertex 145.122 48.6855 4
      vertex 124.447 94.765 4
    endloop
  endfacet
  facet normal 0 0 1
    outer loop
      vertex 146.585 229.408 4
      vertex 151.9 236.63 4
      vertex 146.6 229.63 4
    endloop
  endfacet
  facet normal 0 0 1
    outer loop
      vertex 151.9 236.63 4
      vertex 146.585 229.852 4
      vertex 146.6 229.63 4
    endloop
  endfacet
  facet normal 0 0 1
    outer loop
      vertex 151.9 236.63 4
      vertex 146.542 230.07 4
      vertex 146.585 229.852 4
    endloop
  endfacet
  facet normal 0 0 1
    outer loop
      vertex 151.9 236.63 4
      vertex 146.471 230.281 4
      vertex 146.542 230.07 4
    endloop
  endfacet
  facet normal 0 0 1
    outer loop
      vertex 151.9 236.63 4
      vertex 146.372 230.48 4
      vertex 146.471 230.281 4
    endloop
  endfacet
  facet normal 0 0 1
    outer loop
      vertex 151.9 236.63 4
      vertex 146.249 230.665 4
      vertex 146.372 230.48 4
    endloop
  endfacet
  facet normal 0 0 1
    outer loop
      vertex 151.9 236.63 4
      vertex 146.102 230.832 4
      vertex 146.249 230.665 4
    endloop
  endfacet
  facet normal 0 0 1
    outer loop
      vertex 151.9 236.63 4
      vertex 145.935 230.979 4
      vertex 146.102 230.832 4
    endloop
  endfacet
  facet normal 0 0 1
    outer loop
      vertex 151.9 236.63 4
      vertex 145.75 231.102 4
      vertex 145.935 230.979 4
    endloop
  endfacet
  facet normal 0 0 1
    outer loop
      vertex 151.9 236.63 4
      vertex 145.551 231.201 4
      vertex 145.75 231.102 4
    endloop
  endfacet
  facet normal 0 0 1
    outer loop
      vertex 151.9 236.63 4
      vertex 145.34 231.272 4
      vertex 145.551 231.201 4
    endloop
  endfacet
  facet normal 0 0 1
    outer loop
      vertex 151.9 236.63 4
      vertex 145.122 231.315 4
      vertex 145.34 231.272 4
    endloop
  endfacet
  facet normal 0 0 1
    outer loop
      vertex 151.9 236.63 4
      vertex 144.9 231.33 4
      vertex 145.122 231.315 4
    endloop
  endfacet
  facet normal 0 0 1
    outer loop
      vertex 151.9 236.63 4
      vertex 144.678 231.315 4
      vertex 144.9 231.33 4
    endloop
  endfacet
  facet normal 0 0 1
    outer loop
      vertex 151.9 236.63 4
      vertex 144.46 231.272 4
      vertex 144.678 231.315 4
    endloop
  endfacet
  facet normal 0 0 1
    outer loop
      vertex 151.9 236.63 4
      vertex 144.249 231.201 4
      vertex 144.46 231.272 4
    endloop
  endfacet
  facet normal 0 0 1
    outer loop
      vertex 151.9 236.63 4
      vertex 144.05 231.102 4
      vertex 144.249 231.201 4
    endloop
  endfacet
  facet normal 0 0 1
    outer loop
      vertex 103 226.63 4
      vertex 144.05 231.102 4
      vertex 151.9 236.63 4
    endloop
  endfacet
  facet normal 0 0 1
    outer loop
      vertex 145.122 48.6855 4
      vertex 122.916 92.2652 4
      vertex 144.9 48.7 4
    endloop
  endfacet
  facet normal 0 0 1
    outer loop
      vertex 103 226.63 4
      vertex 143.2 229.63 4
      vertex 143.215 229.852 4
    endloop
  endfacet
  facet normal -0 0 1
    outer loop
      vertex 121.255 89.849 4
      vertex 144.9 48.7 4
      vertex 122.916 92.2652 4
    endloop
  endfacet
  facet normal 0 0 1
    outer loop
      vertex 151.9 236.63 4
      vertex 131.643 128.619 4
      vertex 131.873 125.696 4
    endloop
  endfacet
  facet normal 0 0 1
    outer loop
      vertex 151.9 236.63 4
      vertex 131.261 131.525 4
      vertex 131.643 128.619 4
    endloop
  endfacet
  facet normal 0 0 1
    outer loop
      vertex 151.9 236.63 4
      vertex 130.726 134.408 4
      vertex 131.261 131.525 4
    endloop
  endfacet
  facet normal 0 0 1
    outer loop
      vertex 146.372 228.78 4
      vertex 130.042 137.259 4
      vertex 130.726 134.408 4
    endloop
  endfacet
  facet normal 0 0 1
    outer loop
      vertex 146.249 228.595 4
      vertex 129.209 140.07 4
      vertex 130.042 137.259 4
    endloop
  endfacet
  facet normal 0 0 1
    outer loop
      vertex 146.102 228.428 4
      vertex 128.23 142.834 4
      vertex 129.209 140.07 4
    endloop
  endfacet
  facet normal 0 0 1
    outer loop
      vertex 146.102 228.428 4
      vertex 127.109 145.542 4
      vertex 128.23 142.834 4
    endloop
  endfacet
  facet normal 0 0 1
    outer loop
      vertex 145.935 228.281 4
      vertex 125.846 148.188 4
      vertex 127.109 145.542 4
    endloop
  endfacet
  facet normal 0 0 1
    outer loop
      vertex 103 226.63 4
      vertex 143.215 229.852 4
      vertex 143.258 230.07 4
    endloop
  endfacet
  facet normal 0 0 1
    outer loop
      vertex 145.75 228.158 4
      vertex 124.447 150.765 4
      vertex 125.846 148.188 4
    endloop
  endfacet
  facet normal 0 0 1
    outer loop
      vertex 145.551 228.059 4
      vertex 122.916 153.265 4
      vertex 124.447 150.765 4
    endloop
  endfacet
  facet normal 0 0 1
    outer loop
      vertex 145.551 228.059 4
      vertex 121.255 155.681 4
      vertex 122.916 153.265 4
    endloop
  endfacet
  facet normal 0 0 1
    outer loop
      vertex 145.34 227.988 4
      vertex 119.47 158.007 4
      vertex 121.255 155.681 4
    endloop
  endfacet
  facet normal 0 0 1
    outer loop
      vertex 145.122 227.945 4
      vertex 117.566 160.236 4
      vertex 119.47 158.007 4
    endloop
  endfacet
  facet normal 0 0 1
    outer loop
      vertex 103 226.63 4
      vertex 143.258 230.07 4
      vertex 143.329 230.281 4
    endloop
  endfacet
  facet normal 0 0 1
    outer loop
      vertex 144.9 227.93 4
      vertex 115.548 162.363 4
      vertex 117.566 160.236 4
    endloop
  endfacet
  facet normal 0 0 1
    outer loop
      vertex 144.678 227.945 4
      vertex 113.421 164.381 4
      vertex 115.548 162.363 4
    endloop
  endfacet
  facet normal 0 0 1
    outer loop
      vertex 144.678 227.945 4
      vertex 103 180.765 4
      vertex 113.421 164.381 4
    endloop
  endfacet
  facet normal 0 0 1
    outer loop
      vertex 103 226.63 4
      vertex 143.329 230.281 4
      vertex 143.428 230.48 4
    endloop
  endfacet
  facet normal 0 0 1
    outer loop
      vertex 113.421 164.381 4
      vertex 103 180.765 4
      vertex 111.192 166.285 4
    endloop
  endfacet
  facet normal 0 0 1
    outer loop
      vertex 111.192 166.285 4
      vertex 103 180.765 4
      vertex 108.866 168.07 4
    endloop
  endfacet
  facet normal 0 0 1
    outer loop
      vertex 108.866 168.07 4
      vertex 103 180.765 4
      vertex 106.45 169.731 4
    endloop
  endfacet
  facet normal 0 0 1
    outer loop
      vertex 143.865 228.281 4
      vertex 103 226.63 4
      vertex 103 180.765 4
    endloop
  endfacet
  facet normal 0 0 1
    outer loop
      vertex 143.551 230.665 4
      vertex 103 226.63 4
      vertex 143.428 230.48 4
    endloop
  endfacet
  facet normal 0 0 1
    outer loop
      vertex 143.698 230.832 4
      vertex 103 226.63 4
      vertex 143.551 230.665 4
    endloop
  endfacet
  facet normal 0 0 1
    outer loop
      vertex 143.865 230.979 4
      vertex 103 226.63 4
      vertex 143.698 230.832 4
    endloop
  endfacet
  facet normal 0 0 1
    outer loop
      vertex 144.05 231.102 4
      vertex 103 226.63 4
      vertex 143.865 230.979 4
    endloop
  endfacet
  facet normal 0 0 1
    outer loop
      vertex 151.9 236.63 4
      vertex 99 226.63 4
      vertex 103 226.63 4
    endloop
  endfacet
  facet normal 0 0 1
    outer loop
      vertex 95 180.765 4
      vertex 99 180.765 4
      vertex 99 226.63 4
    endloop
  endfacet
  facet normal 0 -0 1
    outer loop
      vertex 96.0186 175.046 4
      vertex 99 180.765 4
      vertex 95 180.765 4
    endloop
  endfacet
  facet normal 0 0 1
    outer loop
      vertex 95 180.765 4
      vertex 99 226.63 4
      vertex 95 226.63 4
    endloop
  endfacet
  facet normal 0 0 1
    outer loop
      vertex 151.9 236.63 4
      vertex 95 226.63 4
      vertex 99 226.63 4
    endloop
  endfacet
  facet normal 0 0 1
    outer loop
      vertex 151.9 236.63 4
      vertex 91 226.63 4
      vertex 95 226.63 4
    endloop
  endfacet
  facet normal 0 0 1
    outer loop
      vertex 87 180.765 4
      vertex 91 180.765 4
      vertex 91 226.63 4
    endloop
  endfacet
  facet normal 0 -0 1
    outer loop
      vertex 87.5931 177.541 4
      vertex 91 180.765 4
      vertex 87 180.765 4
    endloop
  endfacet
  facet normal 0 0 1
    outer loop
      vertex 87 180.765 4
      vertex 91 226.63 4
      vertex 87 226.63 4
    endloop
  endfacet
  facet normal 0 0 1
    outer loop
      vertex 151.9 236.63 4
      vertex 87 226.63 4
      vertex 91 226.63 4
    endloop
  endfacet
  facet normal 0 0 1
    outer loop
      vertex 151.9 236.63 4
      vertex 83 226.63 4
      vertex 87 226.63 4
    endloop
  endfacet
  facet normal 0 0 1
    outer loop
      vertex 79 180.765 4
      vertex 83 180.765 4
      vertex 83 226.63 4
    endloop
  endfacet
  facet normal 0 0 1
    outer loop
      vertex 79 180.765 4
      vertex 83 226.63 4
      vertex 79 226.63 4
    endloop
  endfacet
  facet normal 0 0 1
    outer loop
      vertex 151.9 236.63 4
      vertex 79 226.63 4
      vertex 83 226.63 4
    endloop
  endfacet
  facet normal 0 0 1
    outer loop
      vertex 151.9 236.63 4
      vertex 75 226.63 4
      vertex 79 226.63 4
    endloop
  endfacet
  facet normal 0 0 1
    outer loop
      vertex 71 180.765 4
      vertex 75 180.765 4
      vertex 75 226.63 4
    endloop
  endfacet
  facet normal 0 0 1
    outer loop
      vertex 71 180.765 4
      vertex 75 226.63 4
      vertex 71 226.63 4
    endloop
  endfacet
  facet normal -0 0 1
    outer loop
      vertex 0 236.63 4
      vertex 75 226.63 4
      vertex 151.9 236.63 4
    endloop
  endfacet
  facet normal 0 0 1
    outer loop
      vertex 75 226.63 4
      vertex 0 236.63 4
      vertex 71 226.63 4
    endloop
  endfacet
  facet normal 0 0 1
    outer loop
      vertex 63 180.765 4
      vertex 67 180.765 4
      vertex 67 226.63 4
    endloop
  endfacet
  facet normal 0 0 1
    outer loop
      vertex 63 180.765 4
      vertex 67 226.63 4
      vertex 63 226.63 4
    endloop
  endfacet
  facet normal 0 0 1
    outer loop
      vertex 71 226.63 4
      vertex 0 236.63 4
      vertex 67 226.63 4
    endloop
  endfacet
  facet normal 0 0 1
    outer loop
      vertex 67 226.63 4
      vertex 0 236.63 4
      vertex 63 226.63 4
    endloop
  endfacet
  facet normal 0 0 1
    outer loop
      vertex 55 180.765 4
      vertex 59 180.765 4
      vertex 59 226.63 4
    endloop
  endfacet
  facet normal 0 0 1
    outer loop
      vertex 59 180.765 4
      vertex 55 180.765 4
      vertex 58.6451 176.024 4
    endloop
  endfacet
  facet normal 0 0 1
    outer loop
      vertex 55 180.765 4
      vertex 59 226.63 4
      vertex 55 226.63 4
    endloop
  endfacet
  facet normal 0 0 1
    outer loop
      vertex 63 226.63 4
      vertex 0 236.63 4
      vertex 59 226.63 4
    endloop
  endfacet
  facet normal 0 0 1
    outer loop
      vertex 59 226.63 4
      vertex 0 236.63 4
      vertex 55 226.63 4
    endloop
  endfacet
  facet normal 0 0 1
    outer loop
      vertex 47 180.765 4
      vertex 51 180.765 4
      vertex 51 226.63 4
    endloop
  endfacet
  facet normal 0 0 1
    outer loop
      vertex 51 180.765 4
      vertex 47 180.765 4
      vertex 50.5265 172.661 4
    endloop
  endfacet
  facet normal 0 0 1
    outer loop
      vertex 47 180.765 4
      vertex 51 226.63 4
      vertex 47 226.63 4
    endloop
  endfacet
  facet normal 0 0 1
    outer loop
      vertex 55 226.63 4
      vertex 0 236.63 4
      vertex 51 226.63 4
    endloop
  endfacet
  facet normal 0 0 1
    outer loop
      vertex 51 226.63 4
      vertex 0 236.63 4
      vertex 47 226.63 4
    endloop
  endfacet
  facet normal 0 0 1
    outer loop
      vertex 39 180.765 4
      vertex 43 180.765 4
      vertex 43 226.63 4
    endloop
  endfacet
  facet normal 0 0 1
    outer loop
      vertex 39 180.765 4
      vertex 43 226.63 4
      vertex 39 226.63 4
    endloop
  endfacet
  facet normal 0 0 1
    outer loop
      vertex 47 226.63 4
      vertex 0 236.63 4
      vertex 43 226.63 4
    endloop
  endfacet
  facet normal 0 0 1
    outer loop
      vertex 43 226.63 4
      vertex 0 236.63 4
      vertex 39 226.63 4
    endloop
  endfacet
  facet normal 0 0 1
    outer loop
      vertex 31 180.765 4
      vertex 35 180.765 4
      vertex 35 226.63 4
    endloop
  endfacet
  facet normal 0 0 1
    outer loop
      vertex 35 180.765 4
      vertex 31 180.765 4
      vertex 34.3339 160.236 4
    endloop
  endfacet
  facet normal 0 0 1
    outer loop
      vertex 31 180.765 4
      vertex 35 226.63 4
      vertex 31 226.63 4
    endloop
  endfacet
  facet normal 0 0 1
    outer loop
      vertex 39 226.63 4
      vertex 0 236.63 4
      vertex 35 226.63 4
    endloop
  endfacet
  facet normal 0 0 1
    outer loop
      vertex 35 226.63 4
      vertex 0 236.63 4
      vertex 31 226.63 4
    endloop
  endfacet
  facet normal 0 0 1
    outer loop
      vertex 23 180.765 4
      vertex 27 180.765 4
      vertex 27 226.63 4
    endloop
  endfacet
  facet normal 0 0 1
    outer loop
      vertex 27 180.765 4
      vertex 23 180.765 4
      vertex 26.0536 148.188 4
    endloop
  endfacet
  facet normal -0 0 1
    outer loop
      vertex 19 180.765 4
      vertex 26.0536 148.188 4
      vertex 23 180.765 4
    endloop
  endfacet
  facet normal 0 0 1
    outer loop
      vertex 23 180.765 4
      vertex 27 226.63 4
      vertex 23 226.63 4
    endloop
  endfacet
  facet normal 0 0 1
    outer loop
      vertex 31 226.63 4
      vertex 0 236.63 4
      vertex 27 226.63 4
    endloop
  endfacet
  facet normal -0 -0 1
    outer loop
      vertex 7.85 231.102 4
      vertex 27 226.63 4
      vertex 0 236.63 4
    endloop
  endfacet
  facet normal 0 0 1
    outer loop
      vertex 19 226.63 4
      vertex 15 226.63 4
      vertex 19 180.765 4
    endloop
  endfacet
  facet normal 0 0 1
    outer loop
      vertex 27 226.63 4
      vertex 7.85 231.102 4
      vertex 23 226.63 4
    endloop
  endfacet
  facet normal -0 -0 1
    outer loop
      vertex 8.20208 230.832 4
      vertex 19 226.63 4
      vertex 8.03489 230.979 4
    endloop
  endfacet
  facet normal -0 0 1
    outer loop
      vertex 8.68546 229.408 4
      vertex 11 226.63 4
      vertex 8.7 229.63 4
    endloop
  endfacet
  facet normal -0 -0 1
    outer loop
      vertex 8.57059 230.281 4
      vertex 15 226.63 4
      vertex 8.47224 230.48 4
    endloop
  endfacet
  facet normal 0 0 1
    outer loop
      vertex 11 226.63 4
      vertex 8.68546 229.852 4
      vertex 8.7 229.63 4
    endloop
  endfacet
  facet normal 0 0 1
    outer loop
      vertex 15 226.63 4
      vertex 8.68546 229.852 4
      vertex 11 226.63 4
    endloop
  endfacet
  facet normal -0 -0 1
    outer loop
      vertex 8.68546 229.852 4
      vertex 15 226.63 4
      vertex 8.64207 230.07 4
    endloop
  endfacet
  facet normal -0 -0 1
    outer loop
      vertex 8.64207 230.07 4
      vertex 15 226.63 4
      vertex 8.57059 230.281 4
    endloop
  endfacet
  facet normal 0 0 1
    outer loop
      vertex 15 226.63 4
      vertex 8.3487 230.665 4
      vertex 8.47224 230.48 4
    endloop
  endfacet
  facet normal 0 0 1
    outer loop
      vertex 19 226.63 4
      vertex 8.3487 230.665 4
      vertex 15 226.63 4
    endloop
  endfacet
  facet normal -0 -0 1
    outer loop
      vertex 8.3487 230.665 4
      vertex 19 226.63 4
      vertex 8.20208 230.832 4
    endloop
  endfacet
  facet normal 0 0 1
    outer loop
      vertex 23 226.63 4
      vertex 8.03489 230.979 4
      vertex 19 226.63 4
    endloop
  endfacet
  facet normal -0 -0 1
    outer loop
      vertex 8.03489 230.979 4
      vertex 23 226.63 4
      vertex 7.85 231.102 4
    endloop
  endfacet
  facet normal 0 0 1
    outer loop
      vertex 7.85 231.102 4
      vertex 0 236.63 4
      vertex 7.65056 231.201 4
    endloop
  endfacet
  facet normal 0 0 1
    outer loop
      vertex 7.65056 231.201 4
      vertex 0 236.63 4
      vertex 7.43999 231.272 4
    endloop
  endfacet
  facet normal 0 0 1
    outer loop
      vertex 7.43999 231.272 4
      vertex 0 236.63 4
      vertex 7.22189 231.315 4
    endloop
  endfacet
  facet normal 0 0 1
    outer loop
      vertex 5.35793 47.44 4
      vertex 0 40 4
      vertex 5.31454 47.2219 4
    endloop
  endfacet
  facet normal 0 0 1
    outer loop
      vertex 5.31454 229.852 4
      vertex 0 236.63 4
      vertex 5.3 229.63 4
    endloop
  endfacet
  facet normal 0 0 1
    outer loop
      vertex 5.35793 230.07 4
      vertex 0 236.63 4
      vertex 5.31454 229.852 4
    endloop
  endfacet
  facet normal 0 0 1
    outer loop
      vertex 5.4294 230.281 4
      vertex 0 236.63 4
      vertex 5.35793 230.07 4
    endloop
  endfacet
  facet normal 0 0 1
    outer loop
      vertex 5.52776 230.48 4
      vertex 0 236.63 4
      vertex 5.4294 230.281 4
    endloop
  endfacet
  facet normal 0 0 1
    outer loop
      vertex 5.6513 230.665 4
      vertex 0 236.63 4
      vertex 5.52776 230.48 4
    endloop
  endfacet
  facet normal 0 0 1
    outer loop
      vertex 5.79792 230.832 4
      vertex 0 236.63 4
      vertex 5.6513 230.665 4
    endloop
  endfacet
  facet normal 0 0 1
    outer loop
      vertex 5.96511 230.979 4
      vertex 0 236.63 4
      vertex 5.79792 230.832 4
    endloop
  endfacet
  facet normal 0 0 1
    outer loop
      vertex 6.15 231.102 4
      vertex 0 236.63 4
      vertex 5.96511 230.979 4
    endloop
  endfacet
  facet normal 0 0 1
    outer loop
      vertex 6.34944 231.201 4
      vertex 0 236.63 4
      vertex 6.15 231.102 4
    endloop
  endfacet
  facet normal 0 0 1
    outer loop
      vertex 6.56001 231.272 4
      vertex 0 236.63 4
      vertex 6.34944 231.201 4
    endloop
  endfacet
  facet normal 0 0 1
    outer loop
      vertex 6.7781 231.315 4
      vertex 0 236.63 4
      vertex 6.56001 231.272 4
    endloop
  endfacet
  facet normal 0 0 1
    outer loop
      vertex 7 231.33 4
      vertex 0 236.63 4
      vertex 6.7781 231.315 4
    endloop
  endfacet
  facet normal 0 0 1
    outer loop
      vertex 7.22189 231.315 4
      vertex 0 236.63 4
      vertex 7 231.33 4
    endloop
  endfacet
  facet normal 0 0 1
    outer loop
      vertex 146.542 229.19 4
      vertex 151.9 236.63 4
      vertex 146.585 229.408 4
    endloop
  endfacet
  facet normal -0 0 1
    outer loop
      vertex 146.585 46.7781 4
      vertex 151.9 40 4
      vertex 146.6 47 4
    endloop
  endfacet
  facet normal -0 0 1
    outer loop
      vertex 146.542 46.56 4
      vertex 151.9 40 4
      vertex 146.585 46.7781 4
    endloop
  endfacet
  facet normal -0 0 1
    outer loop
      vertex 146.471 46.3494 4
      vertex 151.9 40 4
      vertex 146.542 46.56 4
    endloop
  endfacet
  facet normal -0 0 1
    outer loop
      vertex 146.372 46.15 4
      vertex 151.9 40 4
      vertex 146.471 46.3494 4
    endloop
  endfacet
  facet normal -0 0 1
    outer loop
      vertex 146.249 45.9651 4
      vertex 151.9 40 4
      vertex 146.372 46.15 4
    endloop
  endfacet
  facet normal -0 0 1
    outer loop
      vertex 146.102 45.7979 4
      vertex 151.9 40 4
      vertex 146.249 45.9651 4
    endloop
  endfacet
  facet normal -0 0 1
    outer loop
      vertex 145.935 45.6513 4
      vertex 151.9 40 4
      vertex 146.102 45.7979 4
    endloop
  endfacet
  facet normal -0 0 1
    outer loop
      vertex 145.75 45.5278 4
      vertex 151.9 40 4
      vertex 145.935 45.6513 4
    endloop
  endfacet
  facet normal -0 0 1
    outer loop
      vertex 145.551 45.4294 4
      vertex 151.9 40 4
      vertex 145.75 45.5278 4
    endloop
  endfacet
  facet normal -0 0 1
    outer loop
      vertex 145.34 45.3579 4
      vertex 151.9 40 4
      vertex 145.551 45.4294 4
    endloop
  endfacet
  facet normal -0 0 1
    outer loop
      vertex 145.122 45.3145 4
      vertex 151.9 40 4
      vertex 145.34 45.3579 4
    endloop
  endfacet
  facet normal -0 0 1
    outer loop
      vertex 144.9 45.3 4
      vertex 151.9 40 4
      vertex 145.122 45.3145 4
    endloop
  endfacet
  facet normal 0 0 1
    outer loop
      vertex 144.678 45.3145 4
      vertex 151.9 40 4
      vertex 144.9 45.3 4
    endloop
  endfacet
  facet normal 0 0 1
    outer loop
      vertex 144.46 45.3579 4
      vertex 151.9 40 4
      vertex 144.678 45.3145 4
    endloop
  endfacet
  facet normal 0 0 1
    outer loop
      vertex 144.249 45.4294 4
      vertex 151.9 40 4
      vertex 144.46 45.3579 4
    endloop
  endfacet
  facet normal 0 0 1
    outer loop
      vertex 144.05 45.5278 4
      vertex 151.9 40 4
      vertex 144.249 45.4294 4
    endloop
  endfacet
  facet normal 0 0 1
    outer loop
      vertex 7.85 45.5278 4
      vertex 144.05 45.5278 4
      vertex 143.865 45.6513 4
    endloop
  endfacet
  facet normal 0 0 1
    outer loop
      vertex 144.9 48.7 4
      vertex 121.255 89.849 4
      vertex 144.678 48.6855 4
    endloop
  endfacet
  facet normal -0 0 1
    outer loop
      vertex 119.47 87.5231 4
      vertex 144.678 48.6855 4
      vertex 121.255 89.849 4
    endloop
  endfacet
  facet normal 0 0 1
    outer loop
      vertex 144.678 48.6855 4
      vertex 119.47 87.5231 4
      vertex 144.46 48.6421 4
    endloop
  endfacet
  facet normal 0 0 1
    outer loop
      vertex 144.46 48.6421 4
      vertex 119.47 87.5231 4
      vertex 144.249 48.5706 4
    endloop
  endfacet
  facet normal -0 0 1
    outer loop
      vertex 117.566 85.2937 4
      vertex 144.249 48.5706 4
      vertex 119.47 87.5231 4
    endloop
  endfacet
  facet normal 0 0 1
    outer loop
      vertex 144.249 48.5706 4
      vertex 117.566 85.2937 4
      vertex 144.05 48.4722 4
    endloop
  endfacet
  facet normal -0 0 1
    outer loop
      vertex 115.548 83.167 4
      vertex 144.05 48.4722 4
      vertex 117.566 85.2937 4
    endloop
  endfacet
  facet normal 0 0 1
    outer loop
      vertex 144.05 48.4722 4
      vertex 115.548 83.167 4
      vertex 143.865 48.3487 4
    endloop
  endfacet
  facet normal -0 0 1
    outer loop
      vertex 113.421 81.1489 4
      vertex 143.865 48.3487 4
      vertex 115.548 83.167 4
    endloop
  endfacet
  facet normal 0 0 1
    outer loop
      vertex 143.865 48.3487 4
      vertex 113.421 81.1489 4
      vertex 143.698 48.2021 4
    endloop
  endfacet
  facet normal -0 0 1
    outer loop
      vertex 111.192 79.2448 4
      vertex 143.698 48.2021 4
      vertex 113.421 81.1489 4
    endloop
  endfacet
  facet normal 0 0 1
    outer loop
      vertex 143.698 48.2021 4
      vertex 111.192 79.2448 4
      vertex 143.551 48.0349 4
    endloop
  endfacet
  facet normal 0 0 1
    outer loop
      vertex 143.551 48.0349 4
      vertex 111.192 79.2448 4
      vertex 143.428 47.85 4
    endloop
  endfacet
  facet normal -0 0 1
    outer loop
      vertex 108.866 77.46 4
      vertex 143.428 47.85 4
      vertex 111.192 79.2448 4
    endloop
  endfacet
  facet normal 0 0 1
    outer loop
      vertex 143.428 47.85 4
      vertex 108.866 77.46 4
      vertex 143.329 47.6506 4
    endloop
  endfacet
  facet normal -0 0 1
    outer loop
      vertex 106.45 75.7994 4
      vertex 143.329 47.6506 4
      vertex 108.866 77.46 4
    endloop
  endfacet
  facet normal 0 0 1
    outer loop
      vertex 143.329 47.6506 4
      vertex 106.45 75.7994 4
      vertex 143.258 47.44 4
    endloop
  endfacet
  facet normal -0 0 1
    outer loop
      vertex 103.95 74.2676 4
      vertex 143.258 47.44 4
      vertex 106.45 75.7994 4
    endloop
  endfacet
  facet normal 0 0 1
    outer loop
      vertex 143.258 47.44 4
      vertex 103.95 74.2676 4
      vertex 143.215 47.2219 4
    endloop
  endfacet
  facet normal -0 0 1
    outer loop
      vertex 101.373 72.8686 4
      vertex 143.215 47.2219 4
      vertex 103.95 74.2676 4
    endloop
  endfacet
  facet normal 0 0 1
    outer loop
      vertex 143.215 47.2219 4
      vertex 101.373 72.8686 4
      vertex 143.2 47 4
    endloop
  endfacet
  facet normal 0 0 1
    outer loop
      vertex 143.2 47 4
      vertex 101.373 72.8686 4
      vertex 143.215 46.7781 4
    endloop
  endfacet
  facet normal -0 0 1
    outer loop
      vertex 98.7272 71.6065 4
      vertex 143.215 46.7781 4
      vertex 101.373 72.8686 4
    endloop
  endfacet
  facet normal 0 0 1
    outer loop
      vertex 143.215 46.7781 4
      vertex 98.7272 71.6065 4
      vertex 143.258 46.56 4
    endloop
  endfacet
  facet normal -0 0 1
    outer loop
      vertex 96.0186 70.4845 4
      vertex 143.258 46.56 4
      vertex 98.7272 71.6065 4
    endloop
  endfacet
  facet normal 0 0 1
    outer loop
      vertex 143.258 46.56 4
      vertex 96.0186 70.4845 4
      vertex 143.329 46.3494 4
    endloop
  endfacet
  facet normal -0 0 1
    outer loop
      vertex 93.255 69.5058 4
      vertex 143.329 46.3494 4
      vertex 96.0186 70.4845 4
    endloop
  endfacet
  facet normal -0 0 1
    outer loop
      vertex 90.4439 68.6732 4
      vertex 143.329 46.3494 4
      vertex 93.255 69.5058 4
    endloop
  endfacet
  facet normal 0 0 1
    outer loop
      vertex 143.329 46.3494 4
      vertex 90.4439 68.6732 4
      vertex 143.428 46.15 4
    endloop
  endfacet
  facet normal -0 0 1
    outer loop
      vertex 87.5931 67.9887 4
      vertex 143.428 46.15 4
      vertex 90.4439 68.6732 4
    endloop
  endfacet
  facet normal 0 0 1
    outer loop
      vertex 143.428 46.15 4
      vertex 87.5931 67.9887 4
      vertex 143.551 45.9651 4
    endloop
  endfacet
  facet normal -0 0 1
    outer loop
      vertex 84.7103 67.4545 4
      vertex 143.551 45.9651 4
      vertex 87.5931 67.9887 4
    endloop
  endfacet
  facet normal 0 0 1
    outer loop
      vertex 143.551 45.9651 4
      vertex 84.7103 67.4545 4
      vertex 143.698 45.7979 4
    endloop
  endfacet
  facet normal -0 0 1
    outer loop
      vertex 81.8036 67.0718 4
      vertex 143.698 45.7979 4
      vertex 84.7103 67.4545 4
    endloop
  endfacet
  facet normal 0 0 1
    outer loop
      vertex 143.698 45.7979 4
      vertex 81.8036 67.0718 4
      vertex 143.865 45.6513 4
    endloop
  endfacet
  facet normal -0 0 1
    outer loop
      vertex 78.8808 66.8417 4
      vertex 143.865 45.6513 4
      vertex 81.8036 67.0718 4
    endloop
  endfacet
  facet normal -0 0 1
    outer loop
      vertex 75.95 66.765 4
      vertex 143.865 45.6513 4
      vertex 78.8808 66.8417 4
    endloop
  endfacet
  facet normal 0 0 1
    outer loop
      vertex 8.03489 45.6513 4
      vertex 143.865 45.6513 4
      vertex 75.95 66.765 4
    endloop
  endfacet
  facet normal 0 0 1
    outer loop
      vertex 8.03489 45.6513 4
      vertex 75.95 66.765 4
      vertex 73.0192 66.8417 4
    endloop
  endfacet
  facet normal 0 0 1
    outer loop
      vertex 8.03489 45.6513 4
      vertex 73.0192 66.8417 4
      vertex 70.0964 67.0718 4
    endloop
  endfacet
  facet normal 0 0 1
    outer loop
      vertex 8.20208 45.7979 4
      vertex 70.0964 67.0718 4
      vertex 67.1897 67.4545 4
    endloop
  endfacet
  facet normal 0 0 1
    outer loop
      vertex 8.3487 45.9651 4
      vertex 67.1897 67.4545 4
      vertex 64.3069 67.9887 4
    endloop
  endfacet
  facet normal 0 0 1
    outer loop
      vertex 8.47224 46.15 4
      vertex 64.3069 67.9887 4
      vertex 61.4561 68.6732 4
    endloop
  endfacet
  facet normal 0 0 1
    outer loop
      vertex 8.57059 46.3494 4
      vertex 61.4561 68.6732 4
      vertex 58.6451 69.5058 4
    endloop
  endfacet
  facet normal 0 0 1
    outer loop
      vertex 15 180.765 4
      vertex 19 180.765 4
      vertex 15 226.63 4
    endloop
  endfacet
  facet normal 0 0 1
    outer loop
      vertex 19 180.765 4
      vertex 15 180.765 4
      vertex 19.95 122.765 4
    endloop
  endfacet
  facet normal -0 0 1
    outer loop
      vertex 11 180.765 4
      vertex 19.95 122.765 4
      vertex 15 180.765 4
    endloop
  endfacet
  facet normal 0 0 1
    outer loop
      vertex 8.7 47 4
      vertex 19.95 122.765 4
      vertex 11 180.765 4
    endloop
  endfacet
  facet normal 0 0 1
    outer loop
      vertex 19.95 122.765 4
      vertex 8.7 47 4
      vertex 20.0267 119.834 4
    endloop
  endfacet
  facet normal 0 0 1
    outer loop
      vertex 20.0267 119.834 4
      vertex 8.7 47 4
      vertex 20.2568 116.911 4
    endloop
  endfacet
  facet normal -0 0 1
    outer loop
      vertex 8.64207 229.19 4
      vertex 11 226.63 4
      vertex 8.68546 229.408 4
    endloop
  endfacet
  facet normal 0 0 1
    outer loop
      vertex 20.2568 116.911 4
      vertex 8.7 47 4
      vertex 20.6395 114.005 4
    endloop
  endfacet
  facet normal 0 0 1
    outer loop
      vertex 8.7 47 4
      vertex 21.1737 111.122 4
      vertex 20.6395 114.005 4
    endloop
  endfacet
  facet normal 0 0 1
    outer loop
      vertex 8.7 47 4
      vertex 21.8582 108.271 4
      vertex 21.1737 111.122 4
    endloop
  endfacet
  facet normal 0 0 1
    outer loop
      vertex 8.7 47 4
      vertex 22.6908 105.46 4
      vertex 21.8582 108.271 4
    endloop
  endfacet
  facet normal 0 0 1
    outer loop
      vertex 8.7 47 4
      vertex 23.6695 102.696 4
      vertex 22.6908 105.46 4
    endloop
  endfacet
  facet normal 0 0 1
    outer loop
      vertex 8.7 47 4
      vertex 24.7915 99.9877 4
      vertex 23.6695 102.696 4
    endloop
  endfacet
  facet normal 0 0 1
    outer loop
      vertex 8.7 47 4
      vertex 26.0536 97.3415 4
      vertex 24.7915 99.9877 4
    endloop
  endfacet
  facet normal 0 0 1
    outer loop
      vertex 8.7 47 4
      vertex 27.4526 94.765 4
      vertex 26.0536 97.3415 4
    endloop
  endfacet
  facet normal 0 0 1
    outer loop
      vertex 8.7 47 4
      vertex 28.9844 92.2652 4
      vertex 27.4526 94.765 4
    endloop
  endfacet
  facet normal 0 0 1
    outer loop
      vertex 8.7 47 4
      vertex 30.645 89.849 4
      vertex 28.9844 92.2652 4
    endloop
  endfacet
  facet normal 0 0 1
    outer loop
      vertex 8.7 47 4
      vertex 32.4298 87.5231 4
      vertex 30.645 89.849 4
    endloop
  endfacet
  facet normal 0 0 1
    outer loop
      vertex 8.7 47 4
      vertex 34.3339 85.2937 4
      vertex 32.4298 87.5231 4
    endloop
  endfacet
  facet normal 0 0 1
    outer loop
      vertex 8.7 47 4
      vertex 36.352 83.167 4
      vertex 34.3339 85.2937 4
    endloop
  endfacet
  facet normal 0 0 1
    outer loop
      vertex 8.7 47 4
      vertex 38.4787 81.1489 4
      vertex 36.352 83.167 4
    endloop
  endfacet
  facet normal 0 0 1
    outer loop
      vertex 8.7 47 4
      vertex 40.7081 79.2448 4
      vertex 38.4787 81.1489 4
    endloop
  endfacet
  facet normal 0 0 1
    outer loop
      vertex 8.7 47 4
      vertex 43.034 77.46 4
      vertex 40.7081 79.2448 4
    endloop
  endfacet
  facet normal 0 0 1
    outer loop
      vertex 8.7 47 4
      vertex 45.4502 75.7994 4
      vertex 43.034 77.46 4
    endloop
  endfacet
  facet normal 0 0 1
    outer loop
      vertex 8.7 47 4
      vertex 47.95 74.2676 4
      vertex 45.4502 75.7994 4
    endloop
  endfacet
  facet normal 0 0 1
    outer loop
      vertex 8.7 47 4
      vertex 50.5265 72.8686 4
      vertex 47.95 74.2676 4
    endloop
  endfacet
  facet normal 0 0 1
    outer loop
      vertex 8.7 47 4
      vertex 53.1727 71.6065 4
      vertex 50.5265 72.8686 4
    endloop
  endfacet
  facet normal 0 0 1
    outer loop
      vertex 8.68546 46.7781 4
      vertex 53.1727 71.6065 4
      vertex 8.7 47 4
    endloop
  endfacet
  facet normal 0 0 1
    outer loop
      vertex 53.1727 71.6065 4
      vertex 8.68546 46.7781 4
      vertex 55.8814 70.4845 4
    endloop
  endfacet
  facet normal 0 0 1
    outer loop
      vertex 8.64207 46.56 4
      vertex 55.8814 70.4845 4
      vertex 8.68546 46.7781 4
    endloop
  endfacet
  facet normal 0 0 1
    outer loop
      vertex 55.8814 70.4845 4
      vertex 8.64207 46.56 4
      vertex 58.6451 69.5058 4
    endloop
  endfacet
  facet normal 0 0 1
    outer loop
      vertex 8.57059 46.3494 4
      vertex 58.6451 69.5058 4
      vertex 8.64207 46.56 4
    endloop
  endfacet
  facet normal 0 0 1
    outer loop
      vertex 61.4561 68.6732 4
      vertex 8.57059 46.3494 4
      vertex 8.47224 46.15 4
    endloop
  endfacet
  facet normal 0 0 1
    outer loop
      vertex 64.3069 67.9887 4
      vertex 8.47224 46.15 4
      vertex 8.3487 45.9651 4
    endloop
  endfacet
  facet normal 0 0 1
    outer loop
      vertex 67.1897 67.4545 4
      vertex 8.3487 45.9651 4
      vertex 8.20208 45.7979 4
    endloop
  endfacet
  facet normal 0 0 1
    outer loop
      vertex 70.0964 67.0718 4
      vertex 8.20208 45.7979 4
      vertex 8.03489 45.6513 4
    endloop
  endfacet
  facet normal 0 0 1
    outer loop
      vertex 7.85 45.5278 4
      vertex 143.865 45.6513 4
      vertex 8.03489 45.6513 4
    endloop
  endfacet
  facet normal 0 0 1
    outer loop
      vertex 144.05 45.5278 4
      vertex 7.85 45.5278 4
      vertex 151.9 40 4
    endloop
  endfacet
  facet normal 0 0 1
    outer loop
      vertex 0 40 4
      vertex 7.85 45.5278 4
      vertex 7.65056 45.4294 4
    endloop
  endfacet
  facet normal 0 0 1
    outer loop
      vertex 0 40 4
      vertex 7.65056 45.4294 4
      vertex 7.43999 45.3579 4
    endloop
  endfacet
  facet normal 0 0 1
    outer loop
      vertex 0 40 4
      vertex 7.43999 45.3579 4
      vertex 7.22189 45.3145 4
    endloop
  endfacet
  facet normal 0 0 1
    outer loop
      vertex 0 40 4
      vertex 7.22189 45.3145 4
      vertex 7 45.3 4
    endloop
  endfacet
  facet normal 0 0 1
    outer loop
      vertex 7.85 45.5278 4
      vertex 0 40 4
      vertex 151.9 40 4
    endloop
  endfacet
  facet normal 0 0 1
    outer loop
      vertex 6.7781 45.3145 4
      vertex 0 40 4
      vertex 7 45.3 4
    endloop
  endfacet
  facet normal 0 0 1
    outer loop
      vertex 6.56001 45.3579 4
      vertex 0 40 4
      vertex 6.7781 45.3145 4
    endloop
  endfacet
  facet normal 0 0 1
    outer loop
      vertex 6.34944 45.4294 4
      vertex 0 40 4
      vertex 6.56001 45.3579 4
    endloop
  endfacet
  facet normal 0 0 1
    outer loop
      vertex 6.15 45.5278 4
      vertex 0 40 4
      vertex 6.34944 45.4294 4
    endloop
  endfacet
  facet normal 0 0 1
    outer loop
      vertex 5.96511 45.6513 4
      vertex 0 40 4
      vertex 6.15 45.5278 4
    endloop
  endfacet
  facet normal 0 0 1
    outer loop
      vertex 5.79792 45.7979 4
      vertex 0 40 4
      vertex 5.96511 45.6513 4
    endloop
  endfacet
  facet normal 0 0 1
    outer loop
      vertex 5.6513 45.9651 4
      vertex 0 40 4
      vertex 5.79792 45.7979 4
    endloop
  endfacet
  facet normal 0 0 1
    outer loop
      vertex 5.52776 46.15 4
      vertex 0 40 4
      vertex 5.6513 45.9651 4
    endloop
  endfacet
  facet normal 0 0 1
    outer loop
      vertex 5.4294 46.3494 4
      vertex 0 40 4
      vertex 5.52776 46.15 4
    endloop
  endfacet
  facet normal 0 0 1
    outer loop
      vertex 5.35793 46.56 4
      vertex 0 40 4
      vertex 5.4294 46.3494 4
    endloop
  endfacet
  facet normal 0 0 1
    outer loop
      vertex 5.31454 46.7781 4
      vertex 0 40 4
      vertex 5.35793 46.56 4
    endloop
  endfacet
  facet normal 0 0 1
    outer loop
      vertex 5.3 47 4
      vertex 0 40 4
      vertex 5.31454 46.7781 4
    endloop
  endfacet
  facet normal 0 0 1
    outer loop
      vertex 5.31454 47.2219 4
      vertex 0 40 4
      vertex 5.3 47 4
    endloop
  endfacet
  facet normal 0 0 1
    outer loop
      vertex 106.45 169.731 4
      vertex 103 180.765 4
      vertex 103.95 171.262 4
    endloop
  endfacet
  facet normal 0 0 1
    outer loop
      vertex 103 180.765 4
      vertex 101.373 172.661 4
      vertex 103.95 171.262 4
    endloop
  endfacet
  facet normal 0 0 1
    outer loop
      vertex 98.7272 173.924 4
      vertex 103 180.765 4
      vertex 99 180.765 4
    endloop
  endfacet
  facet normal 0 0 1
    outer loop
      vertex 103 180.765 4
      vertex 98.7272 173.924 4
      vertex 101.373 172.661 4
    endloop
  endfacet
  facet normal 0 0 1
    outer loop
      vertex 99 180.765 4
      vertex 96.0186 175.046 4
      vertex 98.7272 173.924 4
    endloop
  endfacet
  facet normal 0 0 1
    outer loop
      vertex 95 180.765 4
      vertex 93.255 176.024 4
      vertex 96.0186 175.046 4
    endloop
  endfacet
  facet normal -0 0 1
    outer loop
      vertex 91 180.765 4
      vertex 93.255 176.024 4
      vertex 95 180.765 4
    endloop
  endfacet
  facet normal 0 0 1
    outer loop
      vertex 93.255 176.024 4
      vertex 91 180.765 4
      vertex 90.4439 176.857 4
    endloop
  endfacet
  facet normal 0 0 1
    outer loop
      vertex 91 180.765 4
      vertex 87.5931 177.541 4
      vertex 90.4439 176.857 4
    endloop
  endfacet
  facet normal 0 0 1
    outer loop
      vertex 87 180.765 4
      vertex 84.7103 178.076 4
      vertex 87.5931 177.541 4
    endloop
  endfacet
  facet normal -0 0 1
    outer loop
      vertex 83 180.765 4
      vertex 84.7103 178.076 4
      vertex 87 180.765 4
    endloop
  endfacet
  facet normal 0 0 1
    outer loop
      vertex 84.7103 178.076 4
      vertex 83 180.765 4
      vertex 81.8036 178.458 4
    endloop
  endfacet
  facet normal 0 0 1
    outer loop
      vertex 83 180.765 4
      vertex 79 180.765 4
      vertex 81.8036 178.458 4
    endloop
  endfacet
  facet normal 0 0 1
    outer loop
      vertex 79 180.765 4
      vertex 78.8808 178.688 4
      vertex 81.8036 178.458 4
    endloop
  endfacet
  facet normal 0 0 1
    outer loop
      vertex 79 180.765 4
      vertex 75.95 178.765 4
      vertex 78.8808 178.688 4
    endloop
  endfacet
  facet normal -0 0 1
    outer loop
      vertex 75 180.765 4
      vertex 75.95 178.765 4
      vertex 79 180.765 4
    endloop
  endfacet
  facet normal 0 0 1
    outer loop
      vertex 75.95 178.765 4
      vertex 75 180.765 4
      vertex 73.0192 178.688 4
    endloop
  endfacet
  facet normal 0 0 1
    outer loop
      vertex 75 180.765 4
      vertex 71 180.765 4
      vertex 73.0192 178.688 4
    endloop
  endfacet
  facet normal 0 0 1
    outer loop
      vertex 71 180.765 4
      vertex 70.0964 178.458 4
      vertex 73.0192 178.688 4
    endloop
  endfacet
  facet normal -0 0 1
    outer loop
      vertex 67 180.765 4
      vertex 70.0964 178.458 4
      vertex 71 180.765 4
    endloop
  endfacet
  facet normal 0 0 1
    outer loop
      vertex 70.0964 178.458 4
      vertex 67 180.765 4
      vertex 67.1897 178.076 4
    endloop
  endfacet
  facet normal 0 0 1
    outer loop
      vertex 67.1897 178.076 4
      vertex 67 180.765 4
      vertex 64.3069 177.541 4
    endloop
  endfacet
  facet normal 0 0 1
    outer loop
      vertex 67 180.765 4
      vertex 63 180.765 4
      vertex 64.3069 177.541 4
    endloop
  endfacet
  facet normal 0 0 1
    outer loop
      vertex 63 180.765 4
      vertex 61.4561 176.857 4
      vertex 64.3069 177.541 4
    endloop
  endfacet
  facet normal -0 0 1
    outer loop
      vertex 59 180.765 4
      vertex 61.4561 176.857 4
      vertex 63 180.765 4
    endloop
  endfacet
  facet normal 0 0 1
    outer loop
      vertex 61.4561 176.857 4
      vertex 59 180.765 4
      vertex 58.6451 176.024 4
    endloop
  endfacet
  facet normal 0 0 1
    outer loop
      vertex 58.6451 176.024 4
      vertex 55 180.765 4
      vertex 55.8814 175.046 4
    endloop
  endfacet
  facet normal 0 0 1
    outer loop
      vertex 55 180.765 4
      vertex 53.1727 173.924 4
      vertex 55.8814 175.046 4
    endloop
  endfacet
  facet normal -0 0 1
    outer loop
      vertex 51 180.765 4
      vertex 53.1727 173.924 4
      vertex 55 180.765 4
    endloop
  endfacet
  facet normal 0 0 1
    outer loop
      vertex 53.1727 173.924 4
      vertex 51 180.765 4
      vertex 50.5265 172.661 4
    endloop
  endfacet
  facet normal 0 0 1
    outer loop
      vertex 50.5265 172.661 4
      vertex 47 180.765 4
      vertex 47.95 171.262 4
    endloop
  endfacet
  facet normal -0 0 1
    outer loop
      vertex 43 180.765 4
      vertex 47.95 171.262 4
      vertex 47 180.765 4
    endloop
  endfacet
  facet normal 0 0 1
    outer loop
      vertex 47.95 171.262 4
      vertex 43 180.765 4
      vertex 45.4502 169.731 4
    endloop
  endfacet
  facet normal 0 0 1
    outer loop
      vertex 45.4502 169.731 4
      vertex 43 180.765 4
      vertex 43.034 168.07 4
    endloop
  endfacet
  facet normal 0 0 1
    outer loop
      vertex 43.034 168.07 4
      vertex 43 180.765 4
      vertex 40.7081 166.285 4
    endloop
  endfacet
  facet normal 0 0 1
    outer loop
      vertex 43 180.765 4
      vertex 39 180.765 4
      vertex 40.7081 166.285 4
    endloop
  endfacet
  facet normal -0 0 1
    outer loop
      vertex 35 180.765 4
      vertex 40.7081 166.285 4
      vertex 39 180.765 4
    endloop
  endfacet
  facet normal 0 0 1
    outer loop
      vertex 40.7081 166.285 4
      vertex 35 180.765 4
      vertex 38.4787 164.381 4
    endloop
  endfacet
  facet normal 0 0 1
    outer loop
      vertex 38.4787 164.381 4
      vertex 35 180.765 4
      vertex 36.352 162.363 4
    endloop
  endfacet
  facet normal 0 0 1
    outer loop
      vertex 36.352 162.363 4
      vertex 35 180.765 4
      vertex 34.3339 160.236 4
    endloop
  endfacet
  facet normal -0 0 1
    outer loop
      vertex 27 180.765 4
      vertex 34.3339 160.236 4
      vertex 31 180.765 4
    endloop
  endfacet
  facet normal 0 0 1
    outer loop
      vertex 34.3339 160.236 4
      vertex 27 180.765 4
      vertex 32.4298 158.007 4
    endloop
  endfacet
  facet normal 0 0 1
    outer loop
      vertex 32.4298 158.007 4
      vertex 27 180.765 4
      vertex 30.645 155.681 4
    endloop
  endfacet
  facet normal 0 0 1
    outer loop
      vertex 30.645 155.681 4
      vertex 27 180.765 4
      vertex 28.9844 153.265 4
    endloop
  endfacet
  facet normal 0 0 1
    outer loop
      vertex 28.9844 153.265 4
      vertex 27 180.765 4
      vertex 27.4526 150.765 4
    endloop
  endfacet
  facet normal 0 0 1
    outer loop
      vertex 27.4526 150.765 4
      vertex 27 180.765 4
      vertex 26.0536 148.188 4
    endloop
  endfacet
  facet normal 0 0 1
    outer loop
      vertex 26.0536 148.188 4
      vertex 19 180.765 4
      vertex 24.7915 145.542 4
    endloop
  endfacet
  facet normal 0 0 1
    outer loop
      vertex 24.7915 145.542 4
      vertex 19 180.765 4
      vertex 23.6695 142.834 4
    endloop
  endfacet
  facet normal 0 0 1
    outer loop
      vertex 23.6695 142.834 4
      vertex 19 180.765 4
      vertex 22.6908 140.07 4
    endloop
  endfacet
  facet normal 0 0 1
    outer loop
      vertex 22.6908 140.07 4
      vertex 19 180.765 4
      vertex 21.8582 137.259 4
    endloop
  endfacet
  facet normal 0 0 1
    outer loop
      vertex 21.8582 137.259 4
      vertex 19 180.765 4
      vertex 21.1737 134.408 4
    endloop
  endfacet
  facet normal 0 0 1
    outer loop
      vertex 21.1737 134.408 4
      vertex 19 180.765 4
      vertex 20.6395 131.525 4
    endloop
  endfacet
  facet normal 0 0 1
    outer loop
      vertex 20.6395 131.525 4
      vertex 19 180.765 4
      vertex 20.2568 128.619 4
    endloop
  endfacet
  facet normal 0 0 1
    outer loop
      vertex 20.0267 125.696 4
      vertex 19 180.765 4
      vertex 19.95 122.765 4
    endloop
  endfacet
  facet normal 0 0 1
    outer loop
      vertex 20.2568 128.619 4
      vertex 19 180.765 4
      vertex 20.0267 125.696 4
    endloop
  endfacet
  facet normal 0 0 1
    outer loop
      vertex 110.95 122.765 4
      vertex 122.45 122.765 4
      vertex 122.386 125.199 4
    endloop
  endfacet
  facet normal -0 0 1
    outer loop
      vertex 110.651 127.333 4
      vertex 122.386 125.199 4
      vertex 122.195 127.626 4
    endloop
  endfacet
  facet normal 0 0 1
    outer loop
      vertex 122.45 122.765 4
      vertex 110.95 122.765 4
      vertex 122.386 120.331 4
    endloop
  endfacet
  facet normal 0 0 1
    outer loop
      vertex 110.651 127.333 4
      vertex 122.195 127.626 4
      vertex 121.878 130.039 4
    endloop
  endfacet
  facet normal 0 0 1
    outer loop
      vertex 110.651 118.197 4
      vertex 122.386 120.331 4
      vertex 110.95 122.765 4
    endloop
  endfacet
  facet normal 0 0 1
    outer loop
      vertex 110.651 127.333 4
      vertex 121.878 130.039 4
      vertex 121.434 132.433 4
    endloop
  endfacet
  facet normal 0 0 1
    outer loop
      vertex 122.386 120.331 4
      vertex 110.651 118.197 4
      vertex 122.195 117.904 4
    endloop
  endfacet
  facet normal 0 0 1
    outer loop
      vertex 109.757 131.824 4
      vertex 121.434 132.433 4
      vertex 120.866 134.8 4
    endloop
  endfacet
  facet normal 0 0 1
    outer loop
      vertex 122.195 117.904 4
      vertex 110.651 118.197 4
      vertex 121.878 115.491 4
    endloop
  endfacet
  facet normal 0 0 1
    outer loop
      vertex 109.757 131.824 4
      vertex 120.866 134.8 4
      vertex 120.174 137.134 4
    endloop
  endfacet
  facet normal 0 0 1
    outer loop
      vertex 121.878 115.491 4
      vertex 110.651 118.197 4
      vertex 121.434 113.097 4
    endloop
  endfacet
  facet normal 0 0 1
    outer loop
      vertex 108.286 136.159 4
      vertex 120.174 137.134 4
      vertex 119.361 139.429 4
    endloop
  endfacet
  facet normal -0 0 1
    outer loop
      vertex 109.757 113.706 4
      vertex 121.434 113.097 4
      vertex 110.651 118.197 4
    endloop
  endfacet
  facet normal 0 0 1
    outer loop
      vertex 108.286 136.159 4
      vertex 119.361 139.429 4
      vertex 118.43 141.678 4
    endloop
  endfacet
  facet normal 0 0 1
    outer loop
      vertex 121.434 113.097 4
      vertex 109.757 113.706 4
      vertex 120.866 110.73 4
    endloop
  endfacet
  facet normal 0 0 1
    outer loop
      vertex 108.286 136.159 4
      vertex 118.43 141.678 4
      vertex 117.382 143.876 4
    endloop
  endfacet
  facet normal 0 0 1
    outer loop
      vertex 120.866 110.73 4
      vertex 109.757 113.706 4
      vertex 120.174 108.396 4
    endloop
  endfacet
  facet normal 0 0 1
    outer loop
      vertex 106.261 140.265 4
      vertex 117.382 143.876 4
      vertex 116.22 146.015 4
    endloop
  endfacet
  facet normal -0 0 1
    outer loop
      vertex 108.286 109.371 4
      vertex 120.174 108.396 4
      vertex 109.757 113.706 4
    endloop
  endfacet
  facet normal 0 0 1
    outer loop
      vertex 106.261 140.265 4
      vertex 116.22 146.015 4
      vertex 114.948 148.091 4
    endloop
  endfacet
  facet normal 0 0 1
    outer loop
      vertex 120.174 108.396 4
      vertex 108.286 109.371 4
      vertex 119.361 106.101 4
    endloop
  endfacet
  facet normal 0 0 1
    outer loop
      vertex 103.717 144.072 4
      vertex 114.948 148.091 4
      vertex 113.569 150.097 4
    endloop
  endfacet
  facet normal 0 0 1
    outer loop
      vertex 119.361 106.101 4
      vertex 108.286 109.371 4
      vertex 118.43 103.852 4
    endloop
  endfacet
  facet normal 0 0 1
    outer loop
      vertex 103.717 144.072 4
      vertex 113.569 150.097 4
      vertex 112.087 152.028 4
    endloop
  endfacet
  facet normal 0 0 1
    outer loop
      vertex 118.43 103.852 4
      vertex 108.286 109.371 4
      vertex 117.382 101.654 4
    endloop
  endfacet
  facet normal -0 0 1
    outer loop
      vertex 106.261 105.265 4
      vertex 117.382 101.654 4
      vertex 108.286 109.371 4
    endloop
  endfacet
  facet normal 0 0 1
    outer loop
      vertex 122.386 125.199 4
      vertex 110.651 127.333 4
      vertex 110.95 122.765 4
    endloop
  endfacet
  facet normal 0 0 1
    outer loop
      vertex 103.717 144.072 4
      vertex 112.087 152.028 4
      vertex 110.506 153.88 4
    endloop
  endfacet
  facet normal 0 0 1
    outer loop
      vertex 121.434 132.433 4
      vertex 109.757 131.824 4
      vertex 110.651 127.333 4
    endloop
  endfacet
  facet normal 0 0 1
    outer loop
      vertex 100.699 147.514 4
      vertex 110.506 153.88 4
      vertex 108.83 155.645 4
    endloop
  endfacet
  facet normal 0 0 1
    outer loop
      vertex 120.174 137.134 4
      vertex 108.286 136.159 4
      vertex 109.757 131.824 4
    endloop
  endfacet
  facet normal 0 0 1
    outer loop
      vertex 100.699 147.514 4
      vertex 108.83 155.645 4
      vertex 107.065 157.321 4
    endloop
  endfacet
  facet normal 0 0 1
    outer loop
      vertex 117.382 143.876 4
      vertex 106.261 140.265 4
      vertex 108.286 136.159 4
    endloop
  endfacet
  facet normal 0 0 1
    outer loop
      vertex 97.2567 150.532 4
      vertex 107.065 157.321 4
      vertex 105.213 158.902 4
    endloop
  endfacet
  facet normal 0 0 1
    outer loop
      vertex 114.948 148.091 4
      vertex 103.717 144.072 4
      vertex 106.261 140.265 4
    endloop
  endfacet
  facet normal 0 0 1
    outer loop
      vertex 97.2567 150.532 4
      vertex 105.213 158.902 4
      vertex 103.282 160.384 4
    endloop
  endfacet
  facet normal 0 0 1
    outer loop
      vertex 97.2567 150.532 4
      vertex 103.282 160.384 4
      vertex 101.276 161.763 4
    endloop
  endfacet
  facet normal 0 0 1
    outer loop
      vertex 110.506 153.88 4
      vertex 100.699 147.514 4
      vertex 103.717 144.072 4
    endloop
  endfacet
  facet normal 0 0 1
    outer loop
      vertex 93.45 153.076 4
      vertex 101.276 161.763 4
      vertex 99.2 163.035 4
    endloop
  endfacet
  facet normal 0 0 1
    outer loop
      vertex 107.065 157.321 4
      vertex 97.2567 150.532 4
      vertex 100.699 147.514 4
    endloop
  endfacet
  facet normal 0 0 1
    outer loop
      vertex 93.45 153.076 4
      vertex 99.2 163.035 4
      vertex 97.0606 164.197 4
    endloop
  endfacet
  facet normal 0 0 1
    outer loop
      vertex 89.3439 155.101 4
      vertex 97.0606 164.197 4
      vertex 94.8633 165.245 4
    endloop
  endfacet
  facet normal 0 0 1
    outer loop
      vertex 101.276 161.763 4
      vertex 93.45 153.076 4
      vertex 97.2567 150.532 4
    endloop
  endfacet
  facet normal 0 0 1
    outer loop
      vertex 89.3439 155.101 4
      vertex 94.8633 165.245 4
      vertex 92.6141 166.176 4
    endloop
  endfacet
  facet normal 0 0 1
    outer loop
      vertex 89.3439 155.101 4
      vertex 92.6141 166.176 4
      vertex 90.3193 166.989 4
    endloop
  endfacet
  facet normal 0 0 1
    outer loop
      vertex 97.0606 164.197 4
      vertex 89.3439 155.101 4
      vertex 93.45 153.076 4
    endloop
  endfacet
  facet normal 0 0 1
    outer loop
      vertex 85.0087 156.572 4
      vertex 90.3193 166.989 4
      vertex 87.9851 167.681 4
    endloop
  endfacet
  facet normal 0 0 1
    outer loop
      vertex 85.0087 156.572 4
      vertex 87.9851 167.681 4
      vertex 85.6179 168.249 4
    endloop
  endfacet
  facet normal 0 0 1
    outer loop
      vertex 90.3193 166.989 4
      vertex 85.0087 156.572 4
      vertex 89.3439 155.101 4
    endloop
  endfacet
  facet normal 0 0 1
    outer loop
      vertex 80.5184 157.466 4
      vertex 85.6179 168.249 4
      vertex 83.2242 168.693 4
    endloop
  endfacet
  facet normal 0 0 1
    outer loop
      vertex 80.5184 157.466 4
      vertex 83.2242 168.693 4
      vertex 80.8106 169.01 4
    endloop
  endfacet
  facet normal 0 0 1
    outer loop
      vertex 85.6179 168.249 4
      vertex 80.5184 157.466 4
      vertex 85.0087 156.572 4
    endloop
  endfacet
  facet normal 0 0 1
    outer loop
      vertex 78.3836 169.201 4
      vertex 80.5184 157.466 4
      vertex 80.8106 169.01 4
    endloop
  endfacet
  facet normal 0 0 1
    outer loop
      vertex 75.95 157.765 4
      vertex 78.3836 169.201 4
      vertex 75.95 169.265 4
    endloop
  endfacet
  facet normal 0 0 1
    outer loop
      vertex 78.3836 169.201 4
      vertex 75.95 157.765 4
      vertex 80.5184 157.466 4
    endloop
  endfacet
  facet normal 0 0 1
    outer loop
      vertex 75.95 169.265 4
      vertex 75.5584 157.739 4
      vertex 75.95 157.765 4
    endloop
  endfacet
  facet normal -0 0 1
    outer loop
      vertex 73.5164 169.201 4
      vertex 75.5584 157.739 4
      vertex 75.95 169.265 4
    endloop
  endfacet
  facet normal 0 0 1
    outer loop
      vertex 75.5584 157.739 4
      vertex 73.5164 169.201 4
      vertex 75.1735 157.663 4
    endloop
  endfacet
  facet normal 0 0 1
    outer loop
      vertex 75.1735 157.663 4
      vertex 73.5164 169.201 4
      vertex 74.8019 157.537 4
    endloop
  endfacet
  facet normal -0 0 1
    outer loop
      vertex 71.0894 169.01 4
      vertex 74.8019 157.537 4
      vertex 73.5164 169.201 4
    endloop
  endfacet
  facet normal 0 0 1
    outer loop
      vertex 74.8019 157.537 4
      vertex 71.0894 169.01 4
      vertex 74.45 157.363 4
    endloop
  endfacet
  facet normal 0 0 1
    outer loop
      vertex 74.45 157.363 4
      vertex 71.0894 169.01 4
      vertex 74.1237 157.145 4
    endloop
  endfacet
  facet normal -0 0 1
    outer loop
      vertex 68.6758 168.693 4
      vertex 74.1237 157.145 4
      vertex 71.0894 169.01 4
    endloop
  endfacet
  facet normal 0 0 1
    outer loop
      vertex 74.1237 157.145 4
      vertex 68.6758 168.693 4
      vertex 73.8287 156.886 4
    endloop
  endfacet
  facet normal -0 0 1
    outer loop
      vertex 66.2821 168.249 4
      vertex 73.8287 156.886 4
      vertex 68.6758 168.693 4
    endloop
  endfacet
  facet normal 0 0 1
    outer loop
      vertex 73.8287 156.886 4
      vertex 66.2821 168.249 4
      vertex 73.5699 156.591 4
    endloop
  endfacet
  facet normal 0 0 1
    outer loop
      vertex 73.5699 156.591 4
      vertex 66.2821 168.249 4
      vertex 73.3519 156.265 4
    endloop
  endfacet
  facet normal -0 0 1
    outer loop
      vertex 63.9149 167.681 4
      vertex 73.3519 156.265 4
      vertex 66.2821 168.249 4
    endloop
  endfacet
  facet normal 0 0 1
    outer loop
      vertex 73.3519 156.265 4
      vertex 63.9149 167.681 4
      vertex 73.1784 155.913 4
    endloop
  endfacet
  facet normal -0 0 1
    outer loop
      vertex 61.5807 166.989 4
      vertex 73.1784 155.913 4
      vertex 63.9149 167.681 4
    endloop
  endfacet
  facet normal 0 0 1
    outer loop
      vertex 73.1784 155.913 4
      vertex 61.5807 166.989 4
      vertex 73.0522 155.541 4
    endloop
  endfacet
  facet normal -0 0 1
    outer loop
      vertex 59.2859 166.176 4
      vertex 73.0522 155.541 4
      vertex 61.5807 166.989 4
    endloop
  endfacet
  facet normal 0 0 1
    outer loop
      vertex 72.95 154.765 4
      vertex 69.2207 147.879 4
      vertex 72.5563 148.543 4
    endloop
  endfacet
  facet normal 0 0 1
    outer loop
      vertex 73.0522 155.541 4
      vertex 59.2859 166.176 4
      vertex 72.9757 155.157 4
    endloop
  endfacet
  facet normal 0 -0 1
    outer loop
      vertex 66.0002 146.786 4
      vertex 72.9757 155.157 4
      vertex 59.2859 166.176 4
    endloop
  endfacet
  facet normal 0 0 1
    outer loop
      vertex 72.95 154.765 4
      vertex 66.0002 146.786 4
      vertex 69.2207 147.879 4
    endloop
  endfacet
  facet normal 0 0 1
    outer loop
      vertex 72.9757 155.157 4
      vertex 66.0002 146.786 4
      vertex 72.95 154.765 4
    endloop
  endfacet
  facet normal -0 0 1
    outer loop
      vertex 57.0367 165.245 4
      vertex 66.0002 146.786 4
      vertex 59.2859 166.176 4
    endloop
  endfacet
  facet normal -0 0 1
    outer loop
      vertex 54.8394 164.197 4
      vertex 66.0002 146.786 4
      vertex 57.0367 165.245 4
    endloop
  endfacet
  facet normal 0 0 1
    outer loop
      vertex 66.0002 146.786 4
      vertex 54.8394 164.197 4
      vertex 62.95 145.282 4
    endloop
  endfacet
  facet normal -0 0 1
    outer loop
      vertex 52.7 163.035 4
      vertex 62.95 145.282 4
      vertex 54.8394 164.197 4
    endloop
  endfacet
  facet normal -0 0 1
    outer loop
      vertex 50.6243 161.763 4
      vertex 62.95 145.282 4
      vertex 52.7 163.035 4
    endloop
  endfacet
  facet normal 0 0 1
    outer loop
      vertex 62.95 145.282 4
      vertex 50.6243 161.763 4
      vertex 60.1222 143.392 4
    endloop
  endfacet
  facet normal -0 0 1
    outer loop
      vertex 48.618 160.384 4
      vertex 60.1222 143.392 4
      vertex 50.6243 161.763 4
    endloop
  endfacet
  facet normal -0 0 1
    outer loop
      vertex 46.6866 158.902 4
      vertex 60.1222 143.392 4
      vertex 48.618 160.384 4
    endloop
  endfacet
  facet normal -0 0 1
    outer loop
      vertex 44.8354 157.321 4
      vertex 60.1222 143.392 4
      vertex 46.6866 158.902 4
    endloop
  endfacet
  facet normal 0 0 1
    outer loop
      vertex 60.1222 143.392 4
      vertex 44.8354 157.321 4
      vertex 57.5652 141.15 4
    endloop
  endfacet
  facet normal -0 0 1
    outer loop
      vertex 43.0695 155.645 4
      vertex 57.5652 141.15 4
      vertex 44.8354 157.321 4
    endloop
  endfacet
  facet normal -0 0 1
    outer loop
      vertex 41.3938 153.88 4
      vertex 57.5652 141.15 4
      vertex 43.0695 155.645 4
    endloop
  endfacet
  facet normal 0 0 1
    outer loop
      vertex 57.5652 141.15 4
      vertex 41.3938 153.88 4
      vertex 55.3228 138.593 4
    endloop
  endfacet
  facet normal -0 0 1
    outer loop
      vertex 39.8127 152.028 4
      vertex 55.3228 138.593 4
      vertex 41.3938 153.88 4
    endloop
  endfacet
  facet normal 0 0 1
    outer loop
      vertex 117.382 101.654 4
      vertex 106.261 105.265 4
      vertex 116.22 99.515 4
    endloop
  endfacet
  facet normal 0 0 1
    outer loop
      vertex 116.22 99.515 4
      vertex 106.261 105.265 4
      vertex 114.948 97.4393 4
    endloop
  endfacet
  facet normal -0 0 1
    outer loop
      vertex 103.717 101.458 4
      vertex 114.948 97.4393 4
      vertex 106.261 105.265 4
    endloop
  endfacet
  facet normal 0 0 1
    outer loop
      vertex 114.948 97.4393 4
      vertex 103.717 101.458 4
      vertex 113.569 95.433 4
    endloop
  endfacet
  facet normal 0 0 1
    outer loop
      vertex 113.569 95.433 4
      vertex 103.717 101.458 4
      vertex 112.087 93.5016 4
    endloop
  endfacet
  facet normal 0 0 1
    outer loop
      vertex 112.087 93.5016 4
      vertex 103.717 101.458 4
      vertex 110.506 91.6504 4
    endloop
  endfacet
  facet normal -0 0 1
    outer loop
      vertex 100.699 98.0163 4
      vertex 110.506 91.6504 4
      vertex 103.717 101.458 4
    endloop
  endfacet
  facet normal 0 0 1
    outer loop
      vertex 110.506 91.6504 4
      vertex 100.699 98.0163 4
      vertex 108.83 89.8845 4
    endloop
  endfacet
  facet normal 0 0 1
    outer loop
      vertex 108.83 89.8845 4
      vertex 100.699 98.0163 4
      vertex 107.065 88.2088 4
    endloop
  endfacet
  facet normal -0 0 1
    outer loop
      vertex 97.2567 94.9976 4
      vertex 107.065 88.2088 4
      vertex 100.699 98.0163 4
    endloop
  endfacet
  facet normal 0 0 1
    outer loop
      vertex 107.065 88.2088 4
      vertex 97.2567 94.9976 4
      vertex 105.213 86.6277 4
    endloop
  endfacet
  facet normal 0 0 1
    outer loop
      vertex 105.213 86.6277 4
      vertex 97.2567 94.9976 4
      vertex 103.282 85.1457 4
    endloop
  endfacet
  facet normal 0 0 1
    outer loop
      vertex 103.282 85.1457 4
      vertex 97.2567 94.9976 4
      vertex 101.276 83.7668 4
    endloop
  endfacet
  facet normal -0 0 1
    outer loop
      vertex 93.45 92.4541 4
      vertex 101.276 83.7668 4
      vertex 97.2567 94.9976 4
    endloop
  endfacet
  facet normal 0 0 1
    outer loop
      vertex 101.276 83.7668 4
      vertex 93.45 92.4541 4
      vertex 99.2 82.4948 4
    endloop
  endfacet
  facet normal 0 0 1
    outer loop
      vertex 99.2 82.4948 4
      vertex 93.45 92.4541 4
      vertex 97.0606 81.3332 4
    endloop
  endfacet
  facet normal -0 0 1
    outer loop
      vertex 89.3439 90.4292 4
      vertex 97.0606 81.3332 4
      vertex 93.45 92.4541 4
    endloop
  endfacet
  facet normal 0 0 1
    outer loop
      vertex 97.0606 81.3332 4
      vertex 89.3439 90.4292 4
      vertex 94.8633 80.2851 4
    endloop
  endfacet
  facet normal 0 0 1
    outer loop
      vertex 94.8633 80.2851 4
      vertex 89.3439 90.4292 4
      vertex 92.6141 79.3535 4
    endloop
  endfacet
  facet normal 0 0 1
    outer loop
      vertex 92.6141 79.3535 4
      vertex 89.3439 90.4292 4
      vertex 90.3193 78.5409 4
    endloop
  endfacet
  facet normal -0 0 1
    outer loop
      vertex 85.0087 88.9576 4
      vertex 90.3193 78.5409 4
      vertex 89.3439 90.4292 4
    endloop
  endfacet
  facet normal 0 0 1
    outer loop
      vertex 90.3193 78.5409 4
      vertex 85.0087 88.9576 4
      vertex 87.9851 77.8494 4
    endloop
  endfacet
  facet normal 0 0 1
    outer loop
      vertex 87.9851 77.8494 4
      vertex 85.0087 88.9576 4
      vertex 85.6179 77.2811 4
    endloop
  endfacet
  facet normal -0 0 1
    outer loop
      vertex 80.5184 88.0644 4
      vertex 85.6179 77.2811 4
      vertex 85.0087 88.9576 4
    endloop
  endfacet
  facet normal 0 0 1
    outer loop
      vertex 85.6179 77.2811 4
      vertex 80.5184 88.0644 4
      vertex 83.2242 76.8375 4
    endloop
  endfacet
  facet normal 0 0 1
    outer loop
      vertex 83.2242 76.8375 4
      vertex 80.5184 88.0644 4
      vertex 80.8106 76.5197 4
    endloop
  endfacet
  facet normal 0 0 1
    outer loop
      vertex 80.5184 88.0644 4
      vertex 78.3836 76.3287 4
      vertex 80.8106 76.5197 4
    endloop
  endfacet
  facet normal -0 0 1
    outer loop
      vertex 75.95 87.765 4
      vertex 78.3836 76.3287 4
      vertex 80.5184 88.0644 4
    endloop
  endfacet
  facet normal 0 0 1
    outer loop
      vertex 75.95 87.765 4
      vertex 75.95 76.265 4
      vertex 78.3836 76.3287 4
    endloop
  endfacet
  facet normal 0 0 1
    outer loop
      vertex 75.5584 87.7907 4
      vertex 75.95 76.265 4
      vertex 75.95 87.765 4
    endloop
  endfacet
  facet normal 0 0 1
    outer loop
      vertex 73.5164 76.3287 4
      vertex 75.5584 87.7907 4
      vertex 75.1735 87.8672 4
    endloop
  endfacet
  facet normal 0 0 1
    outer loop
      vertex 73.5164 76.3287 4
      vertex 75.1735 87.8672 4
      vertex 74.8019 87.9934 4
    endloop
  endfacet
  facet normal 0 0 1
    outer loop
      vertex 71.0894 76.5197 4
      vertex 74.8019 87.9934 4
      vertex 74.45 88.1669 4
    endloop
  endfacet
  facet normal 0 0 1
    outer loop
      vertex 71.0894 76.5197 4
      vertex 74.45 88.1669 4
      vertex 74.1237 88.3849 4
    endloop
  endfacet
  facet normal 0 0 1
    outer loop
      vertex 68.6758 76.8375 4
      vertex 74.1237 88.3849 4
      vertex 73.8287 88.6437 4
    endloop
  endfacet
  facet normal 0 0 1
    outer loop
      vertex 66.2821 77.2811 4
      vertex 73.8287 88.6437 4
      vertex 73.5699 88.9387 4
    endloop
  endfacet
  facet normal 0 0 1
    outer loop
      vertex 75.5584 87.7907 4
      vertex 73.5164 76.3287 4
      vertex 75.95 76.265 4
    endloop
  endfacet
  facet normal 0 0 1
    outer loop
      vertex 66.2821 77.2811 4
      vertex 73.5699 88.9387 4
      vertex 73.3519 89.265 4
    endloop
  endfacet
  facet normal 0 0 1
    outer loop
      vertex 63.9149 77.8494 4
      vertex 73.3519 89.265 4
      vertex 73.1784 89.617 4
    endloop
  endfacet
  facet normal 0 0 1
    outer loop
      vertex 61.5807 78.5409 4
      vertex 73.1784 89.617 4
      vertex 73.0522 89.9885 4
    endloop
  endfacet
  facet normal 0 0 1
    outer loop
      vertex 59.2859 79.3535 4
      vertex 73.0522 89.9885 4
      vertex 72.9757 90.3734 4
    endloop
  endfacet
  facet normal 0 0 1
    outer loop
      vertex 66.0002 98.7441 4
      vertex 72.9757 90.3734 4
      vertex 72.95 90.765 4
    endloop
  endfacet
  facet normal 0 0 1
    outer loop
      vertex 72.9757 91.1566 4
      vertex 69.2207 97.6509 4
      vertex 72.95 90.765 4
    endloop
  endfacet
  facet normal 0 0 1
    outer loop
      vertex 74.8019 87.9934 4
      vertex 71.0894 76.5197 4
      vertex 73.5164 76.3287 4
    endloop
  endfacet
  facet normal 0 0 1
    outer loop
      vertex 66.0002 98.7441 4
      vertex 72.95 90.765 4
      vertex 69.2207 97.6509 4
    endloop
  endfacet
  facet normal 0 0 1
    outer loop
      vertex 74.1237 88.3849 4
      vertex 68.6758 76.8375 4
      vertex 71.0894 76.5197 4
    endloop
  endfacet
  facet normal 0 0 1
    outer loop
      vertex 73.8287 88.6437 4
      vertex 66.2821 77.2811 4
      vertex 68.6758 76.8375 4
    endloop
  endfacet
  facet normal 0 0 1
    outer loop
      vertex 72.9757 90.3734 4
      vertex 66.0002 98.7441 4
      vertex 59.2859 79.3535 4
    endloop
  endfacet
  facet normal 0 0 1
    outer loop
      vertex 73.3519 89.265 4
      vertex 63.9149 77.8494 4
      vertex 66.2821 77.2811 4
    endloop
  endfacet
  facet normal 0 0 1
    outer loop
      vertex 54.8394 81.3332 4
      vertex 66.0002 98.7441 4
      vertex 62.95 100.248 4
    endloop
  endfacet
  facet normal 0 0 1
    outer loop
      vertex 73.1784 89.617 4
      vertex 61.5807 78.5409 4
      vertex 63.9149 77.8494 4
    endloop
  endfacet
  facet normal 0 0 1
    outer loop
      vertex 50.6243 83.7668 4
      vertex 62.95 100.248 4
      vertex 60.1222 102.138 4
    endloop
  endfacet
  facet normal 0 0 1
    outer loop
      vertex 73.0522 89.9885 4
      vertex 59.2859 79.3535 4
      vertex 61.5807 78.5409 4
    endloop
  endfacet
  facet normal 0 0 1
    outer loop
      vertex 44.8354 88.2088 4
      vertex 60.1222 102.138 4
      vertex 57.5652 104.38 4
    endloop
  endfacet
  facet normal 0 0 1
    outer loop
      vertex 66.0002 98.7441 4
      vertex 57.0367 80.2851 4
      vertex 59.2859 79.3535 4
    endloop
  endfacet
  facet normal 0 0 1
    outer loop
      vertex 41.3938 91.6504 4
      vertex 57.5652 104.38 4
      vertex 55.3228 106.937 4
    endloop
  endfacet
  facet normal 0 0 1
    outer loop
      vertex 66.0002 98.7441 4
      vertex 54.8394 81.3332 4
      vertex 57.0367 80.2851 4
    endloop
  endfacet
  facet normal 0 0 1
    outer loop
      vertex 36.9518 97.4393 4
      vertex 55.3228 106.937 4
      vertex 53.4333 109.765 4
    endloop
  endfacet
  facet normal 0 0 1
    outer loop
      vertex 62.95 100.248 4
      vertex 52.7 82.4948 4
      vertex 54.8394 81.3332 4
    endloop
  endfacet
  facet normal 0 0 1
    outer loop
      vertex 34.5182 101.654 4
      vertex 53.4333 109.765 4
      vertex 51.9291 112.815 4
    endloop
  endfacet
  facet normal 0 0 1
    outer loop
      vertex 31.7259 108.396 4
      vertex 51.9291 112.815 4
      vertex 50.8359 116.036 4
    endloop
  endfacet
  facet normal 0 0 1
    outer loop
      vertex 62.95 100.248 4
      vertex 50.6243 83.7668 4
      vertex 52.7 82.4948 4
    endloop
  endfacet
  facet normal 0 0 1
    outer loop
      vertex 30.4661 113.097 4
      vertex 50.8359 116.036 4
      vertex 50.1724 119.371 4
    endloop
  endfacet
  facet normal -0 0 1
    outer loop
      vertex 29.5137 120.331 4
      vertex 50.1724 119.371 4
      vertex 49.95 122.765 4
    endloop
  endfacet
  facet normal -0 0 1
    outer loop
      vertex 38.3307 150.097 4
      vertex 55.3228 138.593 4
      vertex 39.8127 152.028 4
    endloop
  endfacet
  facet normal 0 0 1
    outer loop
      vertex 60.1222 102.138 4
      vertex 48.618 85.1457 4
      vertex 50.6243 83.7668 4
    endloop
  endfacet
  facet normal -0 0 1
    outer loop
      vertex 36.9518 148.091 4
      vertex 55.3228 138.593 4
      vertex 38.3307 150.097 4
    endloop
  endfacet
  facet normal 0 0 1
    outer loop
      vertex 60.1222 102.138 4
      vertex 46.6866 86.6277 4
      vertex 48.618 85.1457 4
    endloop
  endfacet
  facet normal 0 0 1
    outer loop
      vertex 55.3228 138.593 4
      vertex 36.9518 148.091 4
      vertex 53.4333 135.765 4
    endloop
  endfacet
  facet normal 0 0 1
    outer loop
      vertex 60.1222 102.138 4
      vertex 44.8354 88.2088 4
      vertex 46.6866 86.6277 4
    endloop
  endfacet
  facet normal -0 0 1
    outer loop
      vertex 35.6798 146.015 4
      vertex 53.4333 135.765 4
      vertex 36.9518 148.091 4
    endloop
  endfacet
  facet normal 0 0 1
    outer loop
      vertex 57.5652 104.38 4
      vertex 43.0695 89.8845 4
      vertex 44.8354 88.2088 4
    endloop
  endfacet
  facet normal -0 0 1
    outer loop
      vertex 34.5182 143.876 4
      vertex 53.4333 135.765 4
      vertex 35.6798 146.015 4
    endloop
  endfacet
  facet normal 0 0 1
    outer loop
      vertex 57.5652 104.38 4
      vertex 41.3938 91.6504 4
      vertex 43.0695 89.8845 4
    endloop
  endfacet
  facet normal 0 0 1
    outer loop
      vertex 53.4333 135.765 4
      vertex 34.5182 143.876 4
      vertex 51.9291 132.715 4
    endloop
  endfacet
  facet normal 0 0 1
    outer loop
      vertex 55.3228 106.937 4
      vertex 39.8127 93.5016 4
      vertex 41.3938 91.6504 4
    endloop
  endfacet
  facet normal -0 0 1
    outer loop
      vertex 33.4701 141.678 4
      vertex 51.9291 132.715 4
      vertex 34.5182 143.876 4
    endloop
  endfacet
  facet normal 0 0 1
    outer loop
      vertex 55.3228 106.937 4
      vertex 38.3307 95.433 4
      vertex 39.8127 93.5016 4
    endloop
  endfacet
  facet normal -0 0 1
    outer loop
      vertex 32.5385 139.429 4
      vertex 51.9291 132.715 4
      vertex 33.4701 141.678 4
    endloop
  endfacet
  facet normal 0 0 1
    outer loop
      vertex 55.3228 106.937 4
      vertex 36.9518 97.4393 4
      vertex 38.3307 95.433 4
    endloop
  endfacet
  facet normal -0 0 1
    outer loop
      vertex 31.7259 137.134 4
      vertex 51.9291 132.715 4
      vertex 32.5385 139.429 4
    endloop
  endfacet
  facet normal 0 0 1
    outer loop
      vertex 53.4333 109.765 4
      vertex 35.6798 99.515 4
      vertex 36.9518 97.4393 4
    endloop
  endfacet
  facet normal 0 0 1
    outer loop
      vertex 51.9291 132.715 4
      vertex 31.7259 137.134 4
      vertex 50.8359 129.494 4
    endloop
  endfacet
  facet normal 0 0 1
    outer loop
      vertex 53.4333 109.765 4
      vertex 34.5182 101.654 4
      vertex 35.6798 99.515 4
    endloop
  endfacet
  facet normal -0 0 1
    outer loop
      vertex 31.0345 134.8 4
      vertex 50.8359 129.494 4
      vertex 31.7259 137.134 4
    endloop
  endfacet
  facet normal 0 0 1
    outer loop
      vertex 51.9291 112.815 4
      vertex 33.4701 103.852 4
      vertex 34.5182 101.654 4
    endloop
  endfacet
  facet normal -0 0 1
    outer loop
      vertex 30.4661 132.433 4
      vertex 50.8359 129.494 4
      vertex 31.0345 134.8 4
    endloop
  endfacet
  facet normal 0 0 1
    outer loop
      vertex 51.9291 112.815 4
      vertex 32.5385 106.101 4
      vertex 33.4701 103.852 4
    endloop
  endfacet
  facet normal 0 0 1
    outer loop
      vertex 50.8359 129.494 4
      vertex 30.4661 132.433 4
      vertex 50.1724 126.159 4
    endloop
  endfacet
  facet normal 0 0 1
    outer loop
      vertex 51.9291 112.815 4
      vertex 31.7259 108.396 4
      vertex 32.5385 106.101 4
    endloop
  endfacet
  facet normal -0 0 1
    outer loop
      vertex 30.0225 130.039 4
      vertex 50.1724 126.159 4
      vertex 30.4661 132.433 4
    endloop
  endfacet
  facet normal 0 0 1
    outer loop
      vertex 50.8359 116.036 4
      vertex 31.0345 110.73 4
      vertex 31.7259 108.396 4
    endloop
  endfacet
  facet normal -0 0 1
    outer loop
      vertex 29.7047 127.626 4
      vertex 50.1724 126.159 4
      vertex 30.0225 130.039 4
    endloop
  endfacet
  facet normal 0 0 1
    outer loop
      vertex 50.8359 116.036 4
      vertex 30.4661 113.097 4
      vertex 31.0345 110.73 4
    endloop
  endfacet
  facet normal 0 0 1
    outer loop
      vertex 29.5137 125.199 4
      vertex 50.1724 126.159 4
      vertex 29.7047 127.626 4
    endloop
  endfacet
  facet normal 0 0 1
    outer loop
      vertex 50.1724 119.371 4
      vertex 30.0225 115.491 4
      vertex 30.4661 113.097 4
    endloop
  endfacet
  facet normal 0 0 1
    outer loop
      vertex 50.1724 126.159 4
      vertex 29.5137 125.199 4
      vertex 49.95 122.765 4
    endloop
  endfacet
  facet normal 0 0 1
    outer loop
      vertex 50.1724 119.371 4
      vertex 29.7047 117.904 4
      vertex 30.0225 115.491 4
    endloop
  endfacet
  facet normal 0 0 1
    outer loop
      vertex 29.45 122.765 4
      vertex 49.95 122.765 4
      vertex 29.5137 125.199 4
    endloop
  endfacet
  facet normal 0 0 1
    outer loop
      vertex 50.1724 119.371 4
      vertex 29.5137 120.331 4
      vertex 29.7047 117.904 4
    endloop
  endfacet
  facet normal 0 0 1
    outer loop
      vertex 49.95 122.765 4
      vertex 29.45 122.765 4
      vertex 29.5137 120.331 4
    endloop
  endfacet
  facet normal 0 0 1
    outer loop
      vertex 90.45 97.6503 4
      vertex 81.8987 103.548 4
      vertex 81.95 102.765 4
    endloop
  endfacet
  facet normal 0 0 1
    outer loop
      vertex 84.064 114.651 4
      vertex 81.7456 104.318 4
      vertex 81.8987 103.548 4
    endloop
  endfacet
  facet normal 0 0 1
    outer loop
      vertex 80.7101 106.418 4
      vertex 82.9355 113.661 4
      vertex 81.6875 112.827 4
    endloop
  endfacet
  facet normal 0 0 1
    outer loop
      vertex 84.064 114.651 4
      vertex 81.4933 105.061 4
      vertex 81.7456 104.318 4
    endloop
  endfacet
  facet normal 0 0 1
    outer loop
      vertex 82.9355 113.661 4
      vertex 81.1461 105.765 4
      vertex 81.4933 105.061 4
    endloop
  endfacet
  facet normal 0 0 1
    outer loop
      vertex 82.9355 113.661 4
      vertex 80.7101 106.418 4
      vertex 81.1461 105.765 4
    endloop
  endfacet
  facet normal 0 0 1
    outer loop
      vertex 80.1926 107.008 4
      vertex 81.6875 112.827 4
      vertex 80.3413 112.163 4
    endloop
  endfacet
  facet normal 0 0 1
    outer loop
      vertex 81.6875 112.827 4
      vertex 80.1926 107.008 4
      vertex 80.7101 106.418 4
    endloop
  endfacet
  facet normal 0 0 1
    outer loop
      vertex 80.3413 112.163 4
      vertex 79.6026 107.525 4
      vertex 80.1926 107.008 4
    endloop
  endfacet
  facet normal 0 0 1
    outer loop
      vertex 80.3413 112.163 4
      vertex 78.95 107.961 4
      vertex 79.6026 107.525 4
    endloop
  endfacet
  facet normal -0 0 1
    outer loop
      vertex 78.9199 111.681 4
      vertex 78.95 107.961 4
      vertex 80.3413 112.163 4
    endloop
  endfacet
  facet normal 0 0 1
    outer loop
      vertex 78.9199 111.681 4
      vertex 78.2461 108.308 4
      vertex 78.95 107.961 4
    endloop
  endfacet
  facet normal -0 0 1
    outer loop
      vertex 77.4478 111.388 4
      vertex 78.2461 108.308 4
      vertex 78.9199 111.681 4
    endloop
  endfacet
  facet normal 0 0 1
    outer loop
      vertex 78.2461 108.308 4
      vertex 77.4478 111.388 4
      vertex 77.5029 108.561 4
    endloop
  endfacet
  facet normal 0 0 1
    outer loop
      vertex 77.4478 111.388 4
      vertex 76.7332 108.714 4
      vertex 77.5029 108.561 4
    endloop
  endfacet
  facet normal -0 0 1
    outer loop
      vertex 75.95 111.29 4
      vertex 76.7332 108.714 4
      vertex 77.4478 111.388 4
    endloop
  endfacet
  facet normal 0 0 1
    outer loop
      vertex 75.95 111.29 4
      vertex 75.95 108.765 4
      vertex 76.7332 108.714 4
    endloop
  endfacet
  facet normal 0 0 1
    outer loop
      vertex 74.4522 111.388 4
      vertex 75.95 108.765 4
      vertex 75.95 111.29 4
    endloop
  endfacet
  facet normal 0 0 1
    outer loop
      vertex 74.4522 111.388 4
      vertex 74.1226 108.885 4
      vertex 75.95 108.765 4
    endloop
  endfacet
  facet normal 0 0 1
    outer loop
      vertex 72.98 111.681 4
      vertex 74.1226 108.885 4
      vertex 74.4522 111.388 4
    endloop
  endfacet
  facet normal 0 0 1
    outer loop
      vertex 72.98 111.681 4
      vertex 72.3265 109.242 4
      vertex 74.1226 108.885 4
    endloop
  endfacet
  facet normal 0 0 1
    outer loop
      vertex 71.5587 112.163 4
      vertex 72.3265 109.242 4
      vertex 72.98 111.681 4
    endloop
  endfacet
  facet normal 0 0 1
    outer loop
      vertex 71.5587 112.163 4
      vertex 70.5924 109.831 4
      vertex 72.3265 109.242 4
    endloop
  endfacet
  facet normal 0 0 1
    outer loop
      vertex 70.2125 112.827 4
      vertex 70.5924 109.831 4
      vertex 71.5587 112.163 4
    endloop
  endfacet
  facet normal 0 0 1
    outer loop
      vertex 68.95 110.641 4
      vertex 70.2125 112.827 4
      vertex 68.9645 113.661 4
    endloop
  endfacet
  facet normal 0 0 1
    outer loop
      vertex 70.2125 112.827 4
      vertex 68.95 110.641 4
      vertex 70.5924 109.831 4
    endloop
  endfacet
  facet normal 0 0 1
    outer loop
      vertex 67.4273 111.658 4
      vertex 68.9645 113.661 4
      vertex 67.836 114.651 4
    endloop
  endfacet
  facet normal 0 0 1
    outer loop
      vertex 68.9645 113.661 4
      vertex 67.4273 111.658 4
      vertex 68.95 110.641 4
    endloop
  endfacet
  facet normal 0 0 1
    outer loop
      vertex 66.0505 112.866 4
      vertex 67.836 114.651 4
      vertex 66.8463 115.779 4
    endloop
  endfacet
  facet normal 0 0 1
    outer loop
      vertex 67.836 114.651 4
      vertex 66.0505 112.866 4
      vertex 67.4273 111.658 4
    endloop
  endfacet
  facet normal 0 0 1
    outer loop
      vertex 64.8431 114.242 4
      vertex 66.8463 115.779 4
      vertex 66.0124 117.028 4
    endloop
  endfacet
  facet normal 0 0 1
    outer loop
      vertex 63.8256 115.765 4
      vertex 66.0124 117.028 4
      vertex 65.3485 118.374 4
    endloop
  endfacet
  facet normal 0 0 1
    outer loop
      vertex 63.0157 117.407 4
      vertex 65.3485 118.374 4
      vertex 64.866 119.795 4
    endloop
  endfacet
  facet normal 0 0 1
    outer loop
      vertex 66.8463 115.779 4
      vertex 64.8431 114.242 4
      vertex 66.0505 112.866 4
    endloop
  endfacet
  facet normal 0 0 1
    outer loop
      vertex 62.427 119.142 4
      vertex 64.866 119.795 4
      vertex 64.5732 121.267 4
    endloop
  endfacet
  facet normal 0 0 1
    outer loop
      vertex 62.0698 120.938 4
      vertex 64.5732 121.267 4
      vertex 64.475 122.765 4
    endloop
  endfacet
  facet normal 0 0 1
    outer loop
      vertex 64.866 125.735 4
      vertex 62.427 126.388 4
      vertex 64.5732 124.263 4
    endloop
  endfacet
  facet normal 0 0 1
    outer loop
      vertex 66.0124 117.028 4
      vertex 63.8256 115.765 4
      vertex 64.8431 114.242 4
    endloop
  endfacet
  facet normal -0 0 1
    outer loop
      vertex 62.0698 124.592 4
      vertex 64.5732 124.263 4
      vertex 62.427 126.388 4
    endloop
  endfacet
  facet normal 0 0 1
    outer loop
      vertex 65.3485 118.374 4
      vertex 63.0157 117.407 4
      vertex 63.8256 115.765 4
    endloop
  endfacet
  facet normal 0 0 1
    outer loop
      vertex 64.5732 124.263 4
      vertex 62.0698 124.592 4
      vertex 64.475 122.765 4
    endloop
  endfacet
  facet normal 0 0 1
    outer loop
      vertex 64.866 119.795 4
      vertex 62.427 119.142 4
      vertex 63.0157 117.407 4
    endloop
  endfacet
  facet normal 0 0 1
    outer loop
      vertex 61.95 122.765 4
      vertex 64.475 122.765 4
      vertex 62.0698 124.592 4
    endloop
  endfacet
  facet normal 0 0 1
    outer loop
      vertex 64.5732 121.267 4
      vertex 62.0698 120.938 4
      vertex 62.427 119.142 4
    endloop
  endfacet
  facet normal 0 0 1
    outer loop
      vertex 64.475 122.765 4
      vertex 61.95 122.765 4
      vertex 62.0698 120.938 4
    endloop
  endfacet
  facet normal 0 0 1
    outer loop
      vertex 87.425 122.765 4
      vertex 104.95 122.765 4
      vertex 104.702 126.55 4
    endloop
  endfacet
  facet normal 0 0 1
    outer loop
      vertex 87.3268 124.263 4
      vertex 104.702 126.55 4
      vertex 103.962 130.271 4
    endloop
  endfacet
  facet normal 0 0 1
    outer loop
      vertex 104.95 122.765 4
      vertex 87.425 122.765 4
      vertex 104.702 118.98 4
    endloop
  endfacet
  facet normal 0 0 1
    outer loop
      vertex 87.034 125.735 4
      vertex 103.962 130.271 4
      vertex 102.743 133.863 4
    endloop
  endfacet
  facet normal -0 0 1
    outer loop
      vertex 87.3268 121.267 4
      vertex 104.702 118.98 4
      vertex 87.425 122.765 4
    endloop
  endfacet
  facet normal 0 0 1
    outer loop
      vertex 86.5515 127.156 4
      vertex 102.743 133.863 4
      vertex 101.065 137.265 4
    endloop
  endfacet
  facet normal 0 0 1
    outer loop
      vertex 104.702 118.98 4
      vertex 87.3268 121.267 4
      vertex 103.962 115.259 4
    endloop
  endfacet
  facet normal 0 0 1
    outer loop
      vertex 85.8876 128.503 4
      vertex 101.065 137.265 4
      vertex 98.9572 140.419 4
    endloop
  endfacet
  facet normal -0 0 1
    outer loop
      vertex 87.034 119.795 4
      vertex 103.962 115.259 4
      vertex 87.3268 121.267 4
    endloop
  endfacet
  facet normal 0 0 1
    outer loop
      vertex 85.0537 129.751 4
      vertex 98.9572 140.419 4
      vertex 96.4561 143.271 4
    endloop
  endfacet
  facet normal 0 0 1
    outer loop
      vertex 103.962 115.259 4
      vertex 87.034 119.795 4
      vertex 102.743 111.667 4
    endloop
  endfacet
  facet normal 0 0 1
    outer loop
      vertex 81.7456 141.212 4
      vertex 96.4561 143.271 4
      vertex 93.6041 145.772 4
    endloop
  endfacet
  facet normal -0 0 1
    outer loop
      vertex 86.5515 118.374 4
      vertex 102.743 111.667 4
      vertex 87.034 119.795 4
    endloop
  endfacet
  facet normal 0 0 1
    outer loop
      vertex 81.8987 141.982 4
      vertex 93.6041 145.772 4
      vertex 90.45 147.88 4
    endloop
  endfacet
  facet normal 0 0 1
    outer loop
      vertex 102.743 111.667 4
      vertex 86.5515 118.374 4
      vertex 101.065 108.265 4
    endloop
  endfacet
  facet normal -0 0 1
    outer loop
      vertex 85.8876 117.028 4
      vertex 101.065 108.265 4
      vertex 86.5515 118.374 4
    endloop
  endfacet
  facet normal 0 0 1
    outer loop
      vertex 104.702 126.55 4
      vertex 87.3268 124.263 4
      vertex 87.425 122.765 4
    endloop
  endfacet
  facet normal 0 0 1
    outer loop
      vertex 81.8987 143.548 4
      vertex 90.45 147.88 4
      vertex 87.0478 149.558 4
    endloop
  endfacet
  facet normal 0 0 1
    outer loop
      vertex 103.962 130.271 4
      vertex 87.034 125.735 4
      vertex 87.3268 124.263 4
    endloop
  endfacet
  facet normal 0 0 1
    outer loop
      vertex 102.743 133.863 4
      vertex 86.5515 127.156 4
      vertex 87.034 125.735 4
    endloop
  endfacet
  facet normal 0 0 1
    outer loop
      vertex 101.065 137.265 4
      vertex 85.8876 128.503 4
      vertex 86.5515 127.156 4
    endloop
  endfacet
  facet normal 0 0 1
    outer loop
      vertex 98.9572 140.419 4
      vertex 85.0537 129.751 4
      vertex 85.8876 128.503 4
    endloop
  endfacet
  facet normal 0 0 1
    outer loop
      vertex 96.4561 143.271 4
      vertex 81.7456 141.212 4
      vertex 81.4933 140.469 4
    endloop
  endfacet
  facet normal 0 0 1
    outer loop
      vertex 81.1461 145.765 4
      vertex 87.0478 149.558 4
      vertex 83.4557 150.777 4
    endloop
  endfacet
  facet normal 0 0 1
    outer loop
      vertex 90.45 147.88 4
      vertex 81.95 142.765 4
      vertex 81.8987 141.982 4
    endloop
  endfacet
  facet normal 0 0 1
    outer loop
      vertex 93.6041 145.772 4
      vertex 81.8987 141.982 4
      vertex 81.7456 141.212 4
    endloop
  endfacet
  facet normal 0 0 1
    outer loop
      vertex 90.45 147.88 4
      vertex 81.8987 143.548 4
      vertex 81.95 142.765 4
    endloop
  endfacet
  facet normal 0 0 1
    outer loop
      vertex 87.0478 149.558 4
      vertex 81.7456 144.318 4
      vertex 81.8987 143.548 4
    endloop
  endfacet
  facet normal 0 0 1
    outer loop
      vertex 87.0478 149.558 4
      vertex 81.4933 145.061 4
      vertex 81.7456 144.318 4
    endloop
  endfacet
  facet normal 0 0 1
    outer loop
      vertex 87.0478 149.558 4
      vertex 81.1461 145.765 4
      vertex 81.4933 145.061 4
    endloop
  endfacet
  facet normal 0 0 1
    outer loop
      vertex 83.4557 150.777 4
      vertex 80.7101 146.418 4
      vertex 81.1461 145.765 4
    endloop
  endfacet
  facet normal 0 0 1
    outer loop
      vertex 83.4557 150.777 4
      vertex 80.1926 147.008 4
      vertex 80.7101 146.418 4
    endloop
  endfacet
  facet normal 0 0 1
    outer loop
      vertex 79.6026 147.525 4
      vertex 83.4557 150.777 4
      vertex 79.7353 151.517 4
    endloop
  endfacet
  facet normal 0 0 1
    outer loop
      vertex 83.4557 150.777 4
      vertex 79.6026 147.525 4
      vertex 80.1926 147.008 4
    endloop
  endfacet
  facet normal 0 0 1
    outer loop
      vertex 79.7353 151.517 4
      vertex 78.95 147.961 4
      vertex 79.6026 147.525 4
    endloop
  endfacet
  facet normal 0 0 1
    outer loop
      vertex 79.7353 151.517 4
      vertex 78.2461 148.308 4
      vertex 78.95 147.961 4
    endloop
  endfacet
  facet normal 0 0 1
    outer loop
      vertex 79.7353 151.517 4
      vertex 77.5029 148.561 4
      vertex 78.2461 148.308 4
    endloop
  endfacet
  facet normal 0 0 1
    outer loop
      vertex 75.95 151.765 4
      vertex 77.5029 148.561 4
      vertex 79.7353 151.517 4
    endloop
  endfacet
  facet normal 0 0 1
    outer loop
      vertex 77.5029 148.561 4
      vertex 75.95 151.765 4
      vertex 76.7332 148.714 4
    endloop
  endfacet
  facet normal 0 0 1
    outer loop
      vertex 75.95 151.765 4
      vertex 75.95 148.765 4
      vertex 76.7332 148.714 4
    endloop
  endfacet
  facet normal 0 0 1
    outer loop
      vertex 75.5584 151.791 4
      vertex 75.95 148.765 4
      vertex 75.95 151.765 4
    endloop
  endfacet
  facet normal 0 0 1
    outer loop
      vertex 75.1735 151.867 4
      vertex 75.95 148.765 4
      vertex 75.5584 151.791 4
    endloop
  endfacet
  facet normal 0 0 1
    outer loop
      vertex 74.8019 151.993 4
      vertex 75.95 148.765 4
      vertex 75.1735 151.867 4
    endloop
  endfacet
  facet normal 0 0 1
    outer loop
      vertex 72.5563 148.543 4
      vertex 74.8019 151.993 4
      vertex 74.45 152.167 4
    endloop
  endfacet
  facet normal 0 0 1
    outer loop
      vertex 72.5563 148.543 4
      vertex 74.45 152.167 4
      vertex 74.1237 152.385 4
    endloop
  endfacet
  facet normal 0 0 1
    outer loop
      vertex 72.5563 148.543 4
      vertex 74.1237 152.385 4
      vertex 73.8287 152.644 4
    endloop
  endfacet
  facet normal 0 0 1
    outer loop
      vertex 72.5563 148.543 4
      vertex 73.8287 152.644 4
      vertex 73.5699 152.939 4
    endloop
  endfacet
  facet normal 0 0 1
    outer loop
      vertex 72.5563 148.543 4
      vertex 73.5699 152.939 4
      vertex 73.3519 153.265 4
    endloop
  endfacet
  facet normal 0 0 1
    outer loop
      vertex 74.8019 151.993 4
      vertex 72.5563 148.543 4
      vertex 75.95 148.765 4
    endloop
  endfacet
  facet normal 0 0 1
    outer loop
      vertex 73.1784 153.617 4
      vertex 72.5563 148.543 4
      vertex 73.3519 153.265 4
    endloop
  endfacet
  facet normal 0 0 1
    outer loop
      vertex 73.0522 153.989 4
      vertex 72.5563 148.543 4
      vertex 73.1784 153.617 4
    endloop
  endfacet
  facet normal 0 0 1
    outer loop
      vertex 72.9757 154.373 4
      vertex 72.5563 148.543 4
      vertex 73.0522 153.989 4
    endloop
  endfacet
  facet normal 0 0 1
    outer loop
      vertex 72.5563 148.543 4
      vertex 72.9757 154.373 4
      vertex 72.95 154.765 4
    endloop
  endfacet
  facet normal 0 0 1
    outer loop
      vertex 101.065 108.265 4
      vertex 85.8876 117.028 4
      vertex 98.9572 105.111 4
    endloop
  endfacet
  facet normal -0 0 1
    outer loop
      vertex 85.0537 115.779 4
      vertex 98.9572 105.111 4
      vertex 85.8876 117.028 4
    endloop
  endfacet
  facet normal 0 0 1
    outer loop
      vertex 98.9572 105.111 4
      vertex 85.0537 115.779 4
      vertex 96.4561 102.259 4
    endloop
  endfacet
  facet normal -0 0 1
    outer loop
      vertex 84.064 114.651 4
      vertex 96.4561 102.259 4
      vertex 85.0537 115.779 4
    endloop
  endfacet
  facet normal -0 0 1
    outer loop
      vertex 81.8987 103.548 4
      vertex 96.4561 102.259 4
      vertex 84.064 114.651 4
    endloop
  endfacet
  facet normal 0 0 1
    outer loop
      vertex 81.8987 103.548 4
      vertex 93.6041 99.7578 4
      vertex 96.4561 102.259 4
    endloop
  endfacet
  facet normal 0 0 1
    outer loop
      vertex 81.8987 103.548 4
      vertex 90.45 97.6503 4
      vertex 93.6041 99.7578 4
    endloop
  endfacet
  facet normal -0 0 1
    outer loop
      vertex 81.8987 101.982 4
      vertex 90.45 97.6503 4
      vertex 81.95 102.765 4
    endloop
  endfacet
  facet normal 0 0 1
    outer loop
      vertex 81.4933 105.061 4
      vertex 84.064 114.651 4
      vertex 82.9355 113.661 4
    endloop
  endfacet
  facet normal 0 0 1
    outer loop
      vertex 90.45 97.6503 4
      vertex 81.8987 101.982 4
      vertex 87.0478 95.9725 4
    endloop
  endfacet
  facet normal -0 0 1
    outer loop
      vertex 81.7456 101.212 4
      vertex 87.0478 95.9725 4
      vertex 81.8987 101.982 4
    endloop
  endfacet
  facet normal -0 0 1
    outer loop
      vertex 81.4933 100.469 4
      vertex 87.0478 95.9725 4
      vertex 81.7456 101.212 4
    endloop
  endfacet
  facet normal -0 0 1
    outer loop
      vertex 81.1461 99.765 4
      vertex 87.0478 95.9725 4
      vertex 81.4933 100.469 4
    endloop
  endfacet
  facet normal 0 0 1
    outer loop
      vertex 87.0478 95.9725 4
      vertex 81.1461 99.765 4
      vertex 83.4557 94.7532 4
    endloop
  endfacet
  facet normal -0 0 1
    outer loop
      vertex 80.7101 99.1124 4
      vertex 83.4557 94.7532 4
      vertex 81.1461 99.765 4
    endloop
  endfacet
  facet normal -0 0 1
    outer loop
      vertex 80.1926 98.5224 4
      vertex 83.4557 94.7532 4
      vertex 80.7101 99.1124 4
    endloop
  endfacet
  facet normal -0 0 1
    outer loop
      vertex 79.6026 98.0049 4
      vertex 83.4557 94.7532 4
      vertex 80.1926 98.5224 4
    endloop
  endfacet
  facet normal 0 0 1
    outer loop
      vertex 83.4557 94.7532 4
      vertex 79.6026 98.0049 4
      vertex 79.7353 94.0131 4
    endloop
  endfacet
  facet normal -0 0 1
    outer loop
      vertex 78.95 97.5688 4
      vertex 79.7353 94.0131 4
      vertex 79.6026 98.0049 4
    endloop
  endfacet
  facet normal -0 0 1
    outer loop
      vertex 78.2461 97.2217 4
      vertex 79.7353 94.0131 4
      vertex 78.95 97.5688 4
    endloop
  endfacet
  facet normal -0 0 1
    outer loop
      vertex 77.5029 96.9694 4
      vertex 79.7353 94.0131 4
      vertex 78.2461 97.2217 4
    endloop
  endfacet
  facet normal 0 0 1
    outer loop
      vertex 75.95 93.765 4
      vertex 77.5029 96.9694 4
      vertex 76.7332 96.8163 4
    endloop
  endfacet
  facet normal 0 0 1
    outer loop
      vertex 75.95 93.765 4
      vertex 76.7332 96.8163 4
      vertex 75.95 96.765 4
    endloop
  endfacet
  facet normal 0 0 1
    outer loop
      vertex 77.5029 96.9694 4
      vertex 75.95 93.765 4
      vertex 79.7353 94.0131 4
    endloop
  endfacet
  facet normal 0 0 1
    outer loop
      vertex 75.95 96.765 4
      vertex 75.5584 93.7393 4
      vertex 75.95 93.765 4
    endloop
  endfacet
  facet normal 0 0 1
    outer loop
      vertex 75.95 96.765 4
      vertex 75.1735 93.6628 4
      vertex 75.5584 93.7393 4
    endloop
  endfacet
  facet normal 0 0 1
    outer loop
      vertex 75.95 96.765 4
      vertex 74.8019 93.5366 4
      vertex 75.1735 93.6628 4
    endloop
  endfacet
  facet normal 0 0 1
    outer loop
      vertex 72.5563 96.9874 4
      vertex 74.8019 93.5366 4
      vertex 75.95 96.765 4
    endloop
  endfacet
  facet normal 0 0 1
    outer loop
      vertex 74.8019 93.5366 4
      vertex 72.5563 96.9874 4
      vertex 74.45 93.3631 4
    endloop
  endfacet
  facet normal 0 0 1
    outer loop
      vertex 74.45 93.3631 4
      vertex 72.5563 96.9874 4
      vertex 74.1237 93.1451 4
    endloop
  endfacet
  facet normal 0 0 1
    outer loop
      vertex 74.1237 93.1451 4
      vertex 72.5563 96.9874 4
      vertex 73.8287 92.8863 4
    endloop
  endfacet
  facet normal 0 0 1
    outer loop
      vertex 73.8287 92.8863 4
      vertex 72.5563 96.9874 4
      vertex 73.5699 92.5913 4
    endloop
  endfacet
  facet normal 0 0 1
    outer loop
      vertex 73.0522 91.5415 4
      vertex 69.2207 97.6509 4
      vertex 72.9757 91.1566 4
    endloop
  endfacet
  facet normal 0 0 1
    outer loop
      vertex 73.1784 91.913 4
      vertex 69.2207 97.6509 4
      vertex 73.0522 91.5415 4
    endloop
  endfacet
  facet normal 0 0 1
    outer loop
      vertex 73.3519 92.265 4
      vertex 69.2207 97.6509 4
      vertex 73.1784 91.913 4
    endloop
  endfacet
  facet normal 0 0 1
    outer loop
      vertex 69.2207 97.6509 4
      vertex 73.3519 92.265 4
      vertex 72.5563 96.9874 4
    endloop
  endfacet
  facet normal 0 0 1
    outer loop
      vertex 73.5699 92.5913 4
      vertex 72.5563 96.9874 4
      vertex 73.3519 92.265 4
    endloop
  endfacet
  facet normal 0 0 1
    outer loop
      vertex 96.4561 143.271 4
      vertex 84.064 130.879 4
      vertex 85.0537 129.751 4
    endloop
  endfacet
  facet normal 0 0 1
    outer loop
      vertex 96.4561 143.271 4
      vertex 81.4933 140.469 4
      vertex 84.064 130.879 4
    endloop
  endfacet
  facet normal 0 0 1
    outer loop
      vertex 84.064 130.879 4
      vertex 81.4933 140.469 4
      vertex 82.9355 131.869 4
    endloop
  endfacet
  facet normal -0 0 1
    outer loop
      vertex 81.1461 139.765 4
      vertex 82.9355 131.869 4
      vertex 81.4933 140.469 4
    endloop
  endfacet
  facet normal -0 0 1
    outer loop
      vertex 80.7101 139.112 4
      vertex 82.9355 131.869 4
      vertex 81.1461 139.765 4
    endloop
  endfacet
  facet normal 0 0 1
    outer loop
      vertex 82.9355 131.869 4
      vertex 80.7101 139.112 4
      vertex 81.6875 132.703 4
    endloop
  endfacet
  facet normal -0 0 1
    outer loop
      vertex 80.1926 138.522 4
      vertex 81.6875 132.703 4
      vertex 80.7101 139.112 4
    endloop
  endfacet
  facet normal 0 0 1
    outer loop
      vertex 81.6875 132.703 4
      vertex 80.1926 138.522 4
      vertex 80.3413 133.367 4
    endloop
  endfacet
  facet normal -0 0 1
    outer loop
      vertex 79.6026 138.005 4
      vertex 80.3413 133.367 4
      vertex 80.1926 138.522 4
    endloop
  endfacet
  facet normal -0 0 1
    outer loop
      vertex 78.95 137.569 4
      vertex 80.3413 133.367 4
      vertex 79.6026 138.005 4
    endloop
  endfacet
  facet normal 0 0 1
    outer loop
      vertex 78.95 137.569 4
      vertex 78.9199 133.849 4
      vertex 80.3413 133.367 4
    endloop
  endfacet
  facet normal -0 0 1
    outer loop
      vertex 78.2461 137.222 4
      vertex 78.9199 133.849 4
      vertex 78.95 137.569 4
    endloop
  endfacet
  facet normal 0 0 1
    outer loop
      vertex 77.4478 134.142 4
      vertex 78.2461 137.222 4
      vertex 77.5029 136.969 4
    endloop
  endfacet
  facet normal 0 0 1
    outer loop
      vertex 78.2461 137.222 4
      vertex 77.4478 134.142 4
      vertex 78.9199 133.849 4
    endloop
  endfacet
  facet normal -0 0 1
    outer loop
      vertex 76.7332 136.816 4
      vertex 77.4478 134.142 4
      vertex 77.5029 136.969 4
    endloop
  endfacet
  facet normal 0 0 1
    outer loop
      vertex 75.95 134.24 4
      vertex 76.7332 136.816 4
      vertex 75.95 136.765 4
    endloop
  endfacet
  facet normal 0 0 1
    outer loop
      vertex 76.7332 136.816 4
      vertex 75.95 134.24 4
      vertex 77.4478 134.142 4
    endloop
  endfacet
  facet normal 0 0 1
    outer loop
      vertex 75.95 136.765 4
      vertex 74.4522 134.142 4
      vertex 75.95 134.24 4
    endloop
  endfacet
  facet normal -0 0 1
    outer loop
      vertex 74.1226 136.645 4
      vertex 74.4522 134.142 4
      vertex 75.95 136.765 4
    endloop
  endfacet
  facet normal 0 0 1
    outer loop
      vertex 74.1226 136.645 4
      vertex 72.98 133.849 4
      vertex 74.4522 134.142 4
    endloop
  endfacet
  facet normal -0 0 1
    outer loop
      vertex 72.3265 136.288 4
      vertex 72.98 133.849 4
      vertex 74.1226 136.645 4
    endloop
  endfacet
  facet normal 0 0 1
    outer loop
      vertex 72.3265 136.288 4
      vertex 71.5587 133.367 4
      vertex 72.98 133.849 4
    endloop
  endfacet
  facet normal -0 0 1
    outer loop
      vertex 70.5924 135.699 4
      vertex 71.5587 133.367 4
      vertex 72.3265 136.288 4
    endloop
  endfacet
  facet normal 0 0 1
    outer loop
      vertex 70.5924 135.699 4
      vertex 70.2125 132.703 4
      vertex 71.5587 133.367 4
    endloop
  endfacet
  facet normal -0 0 1
    outer loop
      vertex 68.95 134.889 4
      vertex 70.2125 132.703 4
      vertex 70.5924 135.699 4
    endloop
  endfacet
  facet normal 0 0 1
    outer loop
      vertex 70.2125 132.703 4
      vertex 68.95 134.889 4
      vertex 68.9645 131.869 4
    endloop
  endfacet
  facet normal -0 0 1
    outer loop
      vertex 67.4273 133.872 4
      vertex 68.9645 131.869 4
      vertex 68.95 134.889 4
    endloop
  endfacet
  facet normal 0 0 1
    outer loop
      vertex 68.9645 131.869 4
      vertex 67.4273 133.872 4
      vertex 67.836 130.879 4
    endloop
  endfacet
  facet normal -0 0 1
    outer loop
      vertex 66.0505 132.664 4
      vertex 67.836 130.879 4
      vertex 67.4273 133.872 4
    endloop
  endfacet
  facet normal 0 0 1
    outer loop
      vertex 67.836 130.879 4
      vertex 66.0505 132.664 4
      vertex 66.8463 129.751 4
    endloop
  endfacet
  facet normal -0 0 1
    outer loop
      vertex 64.8431 131.288 4
      vertex 66.8463 129.751 4
      vertex 66.0505 132.664 4
    endloop
  endfacet
  facet normal 0 0 1
    outer loop
      vertex 66.8463 129.751 4
      vertex 64.8431 131.288 4
      vertex 66.0124 128.503 4
    endloop
  endfacet
  facet normal -0 0 1
    outer loop
      vertex 63.8256 129.765 4
      vertex 66.0124 128.503 4
      vertex 64.8431 131.288 4
    endloop
  endfacet
  facet normal 0 0 1
    outer loop
      vertex 66.0124 128.503 4
      vertex 63.8256 129.765 4
      vertex 65.3485 127.156 4
    endloop
  endfacet
  facet normal -0 0 1
    outer loop
      vertex 63.0157 128.123 4
      vertex 65.3485 127.156 4
      vertex 63.8256 129.765 4
    endloop
  endfacet
  facet normal 0 0 1
    outer loop
      vertex 65.3485 127.156 4
      vertex 63.0157 128.123 4
      vertex 64.866 125.735 4
    endloop
  endfacet
  facet normal -0 0 1
    outer loop
      vertex 62.427 126.388 4
      vertex 64.866 125.735 4
      vertex 63.0157 128.123 4
    endloop
  endfacet
  facet normal 1 -0 0
    outer loop
      vertex 151.9 40 4
      vertex 151.9 236.63 0
      vertex 151.9 236.63 4
    endloop
  endfacet
  facet normal 1 0 0
    outer loop
      vertex 151.9 236.63 0
      vertex 151.9 40 4
      vertex 151.9 40 0
    endloop
  endfacet
  facet normal 0 0 1
    outer loop
      vertex 65.635 113.339 0
      vertex 64.8431 114.242 0
      vertex 65.635 110.2 0
    endloop
  endfacet
  facet normal 0 0 1
    outer loop
      vertex 78.95 107.961 0
      vertex 79.7452 107.4 0
      vertex 79.6026 107.525 0
    endloop
  endfacet
  facet normal 0 0 1
    outer loop
      vertex 78.2461 108.308 0
      vertex 79.7452 107.4 0
      vertex 78.95 107.961 0
    endloop
  endfacet
  facet normal 0 0 1
    outer loop
      vertex 77.5029 108.561 0
      vertex 79.7452 107.4 0
      vertex 78.2461 108.308 0
    endloop
  endfacet
  facet normal 0 0 1
    outer loop
      vertex 76.7332 108.714 0
      vertex 79.7452 107.4 0
      vertex 77.5029 108.561 0
    endloop
  endfacet
  facet normal 0 0 1
    outer loop
      vertex 75.95 108.765 0
      vertex 79.7452 107.4 0
      vertex 76.7332 108.714 0
    endloop
  endfacet
  facet normal 0 0 1
    outer loop
      vertex 74.1226 108.885 0
      vertex 79.7452 107.4 0
      vertex 75.95 108.765 0
    endloop
  endfacet
  facet normal 0 0 1
    outer loop
      vertex 62.835 107.4 0
      vertex 74.1226 108.885 0
      vertex 72.3265 109.242 0
    endloop
  endfacet
  facet normal 0 0 1
    outer loop
      vertex 62.835 107.4 0
      vertex 69.8435 110.2 0
      vertex 65.635 110.2 0
    endloop
  endfacet
  facet normal 0 0 1
    outer loop
      vertex 69.8435 110.2 0
      vertex 62.835 107.4 0
      vertex 70.5924 109.831 0
    endloop
  endfacet
  facet normal 0 0 1
    outer loop
      vertex 70.5924 109.831 0
      vertex 62.835 107.4 0
      vertex 72.3265 109.242 0
    endloop
  endfacet
  facet normal 0 0 1
    outer loop
      vertex 62.835 107.4 0
      vertex 64.8431 114.242 0
      vertex 63.8256 115.765 0
    endloop
  endfacet
  facet normal 0 0 1
    outer loop
      vertex 62.835 107.4 0
      vertex 63.8256 115.765 0
      vertex 63.0157 117.407 0
    endloop
  endfacet
  facet normal 0 0 1
    outer loop
      vertex 74.1226 108.885 0
      vertex 62.835 107.4 0
      vertex 79.7452 107.4 0
    endloop
  endfacet
  facet normal 0 0 1
    outer loop
      vertex 64.8431 114.242 0
      vertex 62.835 107.4 0
      vertex 65.635 110.2 0
    endloop
  endfacet
  facet normal 0 0 1
    outer loop
      vertex 62.835 107.4 0
      vertex 63.0157 117.407 0
      vertex 62.835 117.94 0
    endloop
  endfacet
  facet normal 0 0 1
    outer loop
      vertex 79.7452 138.13 0
      vertex 78.95 137.569 0
      vertex 79.6026 138.005 0
    endloop
  endfacet
  facet normal 0 0 1
    outer loop
      vertex 79.7452 138.13 0
      vertex 78.2461 137.222 0
      vertex 78.95 137.569 0
    endloop
  endfacet
  facet normal 0 0 1
    outer loop
      vertex 79.7452 138.13 0
      vertex 77.5029 136.969 0
      vertex 78.2461 137.222 0
    endloop
  endfacet
  facet normal 0 0 1
    outer loop
      vertex 79.7452 138.13 0
      vertex 76.7332 136.816 0
      vertex 77.5029 136.969 0
    endloop
  endfacet
  facet normal 0 0 1
    outer loop
      vertex 79.7452 138.13 0
      vertex 75.95 136.765 0
      vertex 76.7332 136.816 0
    endloop
  endfacet
  facet normal 0 0 1
    outer loop
      vertex 79.7452 138.13 0
      vertex 74.1226 136.645 0
      vertex 75.95 136.765 0
    endloop
  endfacet
  facet normal -0 0 1
    outer loop
      vertex 62.835 138.13 0
      vertex 74.1226 136.645 0
      vertex 79.7452 138.13 0
    endloop
  endfacet
  facet normal 0 0 1
    outer loop
      vertex 62.835 138.13 0
      vertex 69.8435 135.33 0
      vertex 70.5924 135.699 0
    endloop
  endfacet
  facet normal 0 0 1
    outer loop
      vertex 62.835 138.13 0
      vertex 70.5924 135.699 0
      vertex 72.3265 136.288 0
    endloop
  endfacet
  facet normal 0 0 1
    outer loop
      vertex 74.1226 136.645 0
      vertex 62.835 138.13 0
      vertex 72.3265 136.288 0
    endloop
  endfacet
  facet normal 0 0 1
    outer loop
      vertex 65.635 135.33 0
      vertex 64.8431 131.288 0
      vertex 65.635 132.191 0
    endloop
  endfacet
  facet normal 0 0 1
    outer loop
      vertex 62.835 138.13 0
      vertex 64.8431 131.288 0
      vertex 65.635 135.33 0
    endloop
  endfacet
  facet normal 0 0 1
    outer loop
      vertex 64.8431 131.288 0
      vertex 62.835 138.13 0
      vertex 63.8256 129.765 0
    endloop
  endfacet
  facet normal 0 0 1
    outer loop
      vertex 69.8435 135.33 0
      vertex 62.835 138.13 0
      vertex 65.635 135.33 0
    endloop
  endfacet
  facet normal 0 0 1
    outer loop
      vertex 63.8256 129.765 0
      vertex 62.835 138.13 0
      vertex 63.0157 128.123 0
    endloop
  endfacet
  facet normal 0 0 1
    outer loop
      vertex 63.0157 128.123 0
      vertex 62.835 138.13 0
      vertex 62.835 127.59 0
    endloop
  endfacet
  facet normal 0 0 -1
    outer loop
      vertex 111.265 110.2 0
      vertex 87.425 122.765 0
      vertex 111.265 135.33 0
    endloop
  endfacet
  facet normal 0 0 -1
    outer loop
      vertex 111.265 110.2 0
      vertex 87.3268 121.267 0
      vertex 87.425 122.765 0
    endloop
  endfacet
  facet normal 0 0 -1
    outer loop
      vertex 111.265 110.2 0
      vertex 87.034 119.795 0
      vertex 87.3268 121.267 0
    endloop
  endfacet
  facet normal 0 0 -1
    outer loop
      vertex 111.265 110.2 0
      vertex 86.5515 118.374 0
      vertex 87.034 119.795 0
    endloop
  endfacet
  facet normal 0 0 -1
    outer loop
      vertex 111.265 110.2 0
      vertex 85.8876 117.028 0
      vertex 86.5515 118.374 0
    endloop
  endfacet
  facet normal 0 0 -1
    outer loop
      vertex 111.265 110.2 0
      vertex 85.0537 115.779 0
      vertex 85.8876 117.028 0
    endloop
  endfacet
  facet normal 0 0 -1
    outer loop
      vertex 111.265 110.2 0
      vertex 84.064 114.651 0
      vertex 85.0537 115.779 0
    endloop
  endfacet
  facet normal 0 0 -1
    outer loop
      vertex 111.265 110.2 0
      vertex 82.9355 113.661 0
      vertex 84.064 114.651 0
    endloop
  endfacet
  facet normal 0 0 -1
    outer loop
      vertex 111.265 110.2 0
      vertex 81.6875 112.827 0
      vertex 82.9355 113.661 0
    endloop
  endfacet
  facet normal 0 0 -1
    outer loop
      vertex 111.265 110.2 0
      vertex 80.3413 112.163 0
      vertex 81.6875 112.827 0
    endloop
  endfacet
  facet normal 0 0 -1
    outer loop
      vertex 111.265 110.2 0
      vertex 78.9199 111.681 0
      vertex 80.3413 112.163 0
    endloop
  endfacet
  facet normal 0 0 -1
    outer loop
      vertex 111.265 110.2 0
      vertex 77.4478 111.388 0
      vertex 78.9199 111.681 0
    endloop
  endfacet
  facet normal 0 0 -1
    outer loop
      vertex 69.8435 110.2 0
      vertex 77.4478 111.388 0
      vertex 111.265 110.2 0
    endloop
  endfacet
  facet normal 0 0 -1
    outer loop
      vertex 77.4478 111.388 0
      vertex 69.8435 110.2 0
      vertex 75.95 111.29 0
    endloop
  endfacet
  facet normal 0 0 -1
    outer loop
      vertex 69.8435 110.2 0
      vertex 74.4522 111.388 0
      vertex 75.95 111.29 0
    endloop
  endfacet
  facet normal 0 0 -1
    outer loop
      vertex 69.8435 110.2 0
      vertex 72.98 111.681 0
      vertex 74.4522 111.388 0
    endloop
  endfacet
  facet normal 0 0 -1
    outer loop
      vertex 69.8435 110.2 0
      vertex 71.5587 112.163 0
      vertex 72.98 111.681 0
    endloop
  endfacet
  facet normal 0 0 -1
    outer loop
      vertex 69.8435 110.2 0
      vertex 70.2125 112.827 0
      vertex 71.5587 112.163 0
    endloop
  endfacet
  facet normal 0 0 -1
    outer loop
      vertex 68.95 110.641 0
      vertex 70.2125 112.827 0
      vertex 69.8435 110.2 0
    endloop
  endfacet
  facet normal -0 0 -1
    outer loop
      vertex 70.2125 112.827 0
      vertex 68.95 110.641 0
      vertex 68.9645 113.661 0
    endloop
  endfacet
  facet normal 0 0 -1
    outer loop
      vertex 67.4273 111.658 0
      vertex 68.9645 113.661 0
      vertex 68.95 110.641 0
    endloop
  endfacet
  facet normal -0 0 -1
    outer loop
      vertex 68.9645 113.661 0
      vertex 67.4273 111.658 0
      vertex 67.836 114.651 0
    endloop
  endfacet
  facet normal 0 0 -1
    outer loop
      vertex 66.0505 112.866 0
      vertex 67.836 114.651 0
      vertex 67.4273 111.658 0
    endloop
  endfacet
  facet normal 0 0 -1
    outer loop
      vertex 65.635 113.339 0
      vertex 67.836 114.651 0
      vertex 66.0505 112.866 0
    endloop
  endfacet
  facet normal -0 0 -1
    outer loop
      vertex 67.836 114.651 0
      vertex 65.635 113.339 0
      vertex 66.8463 115.779 0
    endloop
  endfacet
  facet normal -0 0 -1
    outer loop
      vertex 66.8463 115.779 0
      vertex 65.635 113.339 0
      vertex 66.0124 117.028 0
    endloop
  endfacet
  facet normal -0 0 -1
    outer loop
      vertex 66.0124 117.028 0
      vertex 65.635 113.339 0
      vertex 65.635 117.793 0
    endloop
  endfacet
  facet normal 0 0 -1
    outer loop
      vertex 87.3268 124.263 0
      vertex 111.265 135.33 0
      vertex 87.425 122.765 0
    endloop
  endfacet
  facet normal 0 0 -1
    outer loop
      vertex 87.034 125.735 0
      vertex 111.265 135.33 0
      vertex 87.3268 124.263 0
    endloop
  endfacet
  facet normal 0 0 -1
    outer loop
      vertex 86.5515 127.156 0
      vertex 111.265 135.33 0
      vertex 87.034 125.735 0
    endloop
  endfacet
  facet normal 0 0 -1
    outer loop
      vertex 85.8876 128.503 0
      vertex 111.265 135.33 0
      vertex 86.5515 127.156 0
    endloop
  endfacet
  facet normal 0 0 -1
    outer loop
      vertex 85.0537 129.751 0
      vertex 111.265 135.33 0
      vertex 85.8876 128.503 0
    endloop
  endfacet
  facet normal 0 0 -1
    outer loop
      vertex 84.064 130.879 0
      vertex 111.265 135.33 0
      vertex 85.0537 129.751 0
    endloop
  endfacet
  facet normal 0 0 -1
    outer loop
      vertex 82.9355 131.869 0
      vertex 111.265 135.33 0
      vertex 84.064 130.879 0
    endloop
  endfacet
  facet normal 0 0 -1
    outer loop
      vertex 81.6875 132.703 0
      vertex 111.265 135.33 0
      vertex 82.9355 131.869 0
    endloop
  endfacet
  facet normal 0 0 -1
    outer loop
      vertex 80.3413 133.367 0
      vertex 111.265 135.33 0
      vertex 81.6875 132.703 0
    endloop
  endfacet
  facet normal 0 0 -1
    outer loop
      vertex 78.9199 133.849 0
      vertex 111.265 135.33 0
      vertex 80.3413 133.367 0
    endloop
  endfacet
  facet normal 0 0 -1
    outer loop
      vertex 77.4478 134.142 0
      vertex 111.265 135.33 0
      vertex 78.9199 133.849 0
    endloop
  endfacet
  facet normal 0 0 -1
    outer loop
      vertex 69.8435 135.33 0
      vertex 77.4478 134.142 0
      vertex 75.95 134.24 0
    endloop
  endfacet
  facet normal 0 0 -1
    outer loop
      vertex 77.4478 134.142 0
      vertex 69.8435 135.33 0
      vertex 111.265 135.33 0
    endloop
  endfacet
  facet normal 0 0 -1
    outer loop
      vertex 74.4522 134.142 0
      vertex 69.8435 135.33 0
      vertex 75.95 134.24 0
    endloop
  endfacet
  facet normal 0 0 -1
    outer loop
      vertex 72.98 133.849 0
      vertex 69.8435 135.33 0
      vertex 74.4522 134.142 0
    endloop
  endfacet
  facet normal 0 0 -1
    outer loop
      vertex 71.5587 133.367 0
      vertex 69.8435 135.33 0
      vertex 72.98 133.849 0
    endloop
  endfacet
  facet normal 0 0 -1
    outer loop
      vertex 70.2125 132.703 0
      vertex 69.8435 135.33 0
      vertex 71.5587 133.367 0
    endloop
  endfacet
  facet normal 0 0 -1
    outer loop
      vertex 68.95 134.889 0
      vertex 70.2125 132.703 0
      vertex 68.9645 131.869 0
    endloop
  endfacet
  facet normal 0 0 -1
    outer loop
      vertex 70.2125 132.703 0
      vertex 68.95 134.889 0
      vertex 69.8435 135.33 0
    endloop
  endfacet
  facet normal 0 0 -1
    outer loop
      vertex 67.4273 133.872 0
      vertex 68.9645 131.869 0
      vertex 67.836 130.879 0
    endloop
  endfacet
  facet normal 0 0 -1
    outer loop
      vertex 68.9645 131.869 0
      vertex 67.4273 133.872 0
      vertex 68.95 134.889 0
    endloop
  endfacet
  facet normal 0 0 -1
    outer loop
      vertex 65.635 132.191 0
      vertex 67.836 130.879 0
      vertex 66.8463 129.751 0
    endloop
  endfacet
  facet normal 0 0 -1
    outer loop
      vertex 67.836 130.879 0
      vertex 66.0505 132.664 0
      vertex 67.4273 133.872 0
    endloop
  endfacet
  facet normal 0 0 -1
    outer loop
      vertex 65.635 132.191 0
      vertex 66.8463 129.751 0
      vertex 66.0124 128.503 0
    endloop
  endfacet
  facet normal 0 0 -1
    outer loop
      vertex 65.635 132.191 0
      vertex 66.0124 128.503 0
      vertex 65.635 127.737 0
    endloop
  endfacet
  facet normal 0 0 -1
    outer loop
      vertex 67.836 130.879 0
      vertex 65.635 132.191 0
      vertex 66.0505 132.664 0
    endloop
  endfacet
  facet normal 0 0 -1
    outer loop
      vertex 7.85 48.4722 0
      vertex 57.5652 104.38 0
      vertex 8.03489 48.3487 0
    endloop
  endfacet
  facet normal 0 0 -1
    outer loop
      vertex 11 180.765 0
      vertex 8.68546 229.408 0
      vertex 8.7 229.63 0
    endloop
  endfacet
  facet normal -0 0 -1
    outer loop
      vertex 57.5652 104.38 0
      vertex 7.85 48.4722 0
      vertex 55.3228 106.937 0
    endloop
  endfacet
  facet normal 0 0 -1
    outer loop
      vertex 11 180.765 0
      vertex 8.64207 229.19 0
      vertex 8.68546 229.408 0
    endloop
  endfacet
  facet normal 0 0 -1
    outer loop
      vertex 7.65056 48.5706 0
      vertex 55.3228 106.937 0
      vertex 7.85 48.4722 0
    endloop
  endfacet
  facet normal 0 0 -1
    outer loop
      vertex 11 180.765 0
      vertex 8.57059 228.979 0
      vertex 8.64207 229.19 0
    endloop
  endfacet
  facet normal -0 0 -1
    outer loop
      vertex 55.3228 106.937 0
      vertex 7.65056 48.5706 0
      vertex 53.4333 109.765 0
    endloop
  endfacet
  facet normal 0 0 -1
    outer loop
      vertex 11 180.765 0
      vertex 8.47224 228.78 0
      vertex 8.57059 228.979 0
    endloop
  endfacet
  facet normal 0 0 -1
    outer loop
      vertex 7.43999 48.6421 0
      vertex 53.4333 109.765 0
      vertex 7.65056 48.5706 0
    endloop
  endfacet
  facet normal 0 0 -1
    outer loop
      vertex 11 180.765 0
      vertex 8.3487 228.595 0
      vertex 8.47224 228.78 0
    endloop
  endfacet
  facet normal 0 0 -1
    outer loop
      vertex 7.22189 48.6855 0
      vertex 53.4333 109.765 0
      vertex 7.43999 48.6421 0
    endloop
  endfacet
  facet normal 0 0 -1
    outer loop
      vertex 11 180.765 0
      vertex 8.20208 228.428 0
      vertex 8.3487 228.595 0
    endloop
  endfacet
  facet normal -0 0 -1
    outer loop
      vertex 53.4333 109.765 0
      vertex 7.22189 48.6855 0
      vertex 51.9291 112.815 0
    endloop
  endfacet
  facet normal 0 0 -1
    outer loop
      vertex 11 180.765 0
      vertex 8.03489 228.281 0
      vertex 8.20208 228.428 0
    endloop
  endfacet
  facet normal 0 0 -1
    outer loop
      vertex 7 48.7 0
      vertex 51.9291 112.815 0
      vertex 7.22189 48.6855 0
    endloop
  endfacet
  facet normal 0 0 -1
    outer loop
      vertex 11 180.765 0
      vertex 7.85 228.158 0
      vertex 8.03489 228.281 0
    endloop
  endfacet
  facet normal -0 0 -1
    outer loop
      vertex 51.9291 112.815 0
      vertex 7 48.7 0
      vertex 50.8359 116.036 0
    endloop
  endfacet
  facet normal 0 0 -1
    outer loop
      vertex 11 180.765 0
      vertex 7.65056 228.059 0
      vertex 7.85 228.158 0
    endloop
  endfacet
  facet normal 0 0 -1
    outer loop
      vertex 6.7781 48.6855 0
      vertex 50.8359 116.036 0
      vertex 7 48.7 0
    endloop
  endfacet
  facet normal 0 0 -1
    outer loop
      vertex 11 180.765 0
      vertex 7.43999 227.988 0
      vertex 7.65056 228.059 0
    endloop
  endfacet
  facet normal 0 0 -1
    outer loop
      vertex 6.56001 48.6421 0
      vertex 50.8359 116.036 0
      vertex 6.7781 48.6855 0
    endloop
  endfacet
  facet normal 0 0 -1
    outer loop
      vertex 11 180.765 0
      vertex 7.22189 227.945 0
      vertex 7.43999 227.988 0
    endloop
  endfacet
  facet normal -0 0 -1
    outer loop
      vertex 50.8359 116.036 0
      vertex 6.56001 48.6421 0
      vertex 50.1724 119.371 0
    endloop
  endfacet
  facet normal 0 0 -1
    outer loop
      vertex 11 180.765 0
      vertex 7 227.93 0
      vertex 7.22189 227.945 0
    endloop
  endfacet
  facet normal 0 0 -1
    outer loop
      vertex 6.34944 48.5706 0
      vertex 50.1724 119.371 0
      vertex 6.56001 48.6421 0
    endloop
  endfacet
  facet normal 0 0 -1
    outer loop
      vertex 11 180.765 0
      vertex 6.7781 227.945 0
      vertex 7 227.93 0
    endloop
  endfacet
  facet normal -0 0 -1
    outer loop
      vertex 50.1724 119.371 0
      vertex 6.34944 48.5706 0
      vertex 11 180.765 0
    endloop
  endfacet
  facet normal 0 0 -1
    outer loop
      vertex 11 180.765 0
      vertex 6.56001 227.988 0
      vertex 6.7781 227.945 0
    endloop
  endfacet
  facet normal 0 0 -1
    outer loop
      vertex 6.15 48.4722 0
      vertex 11 180.765 0
      vertex 6.34944 48.5706 0
    endloop
  endfacet
  facet normal 0 0 -1
    outer loop
      vertex 11 180.765 0
      vertex 6.34944 228.059 0
      vertex 6.56001 227.988 0
    endloop
  endfacet
  facet normal 0 0 -1
    outer loop
      vertex 5.96511 48.3487 0
      vertex 11 180.765 0
      vertex 6.15 48.4722 0
    endloop
  endfacet
  facet normal 0 0 -1
    outer loop
      vertex 11 180.765 0
      vertex 6.15 228.158 0
      vertex 6.34944 228.059 0
    endloop
  endfacet
  facet normal 0 0 -1
    outer loop
      vertex 5.79792 48.2021 0
      vertex 11 180.765 0
      vertex 5.96511 48.3487 0
    endloop
  endfacet
  facet normal 0 0 -1
    outer loop
      vertex 11 180.765 0
      vertex 5.96511 228.281 0
      vertex 6.15 228.158 0
    endloop
  endfacet
  facet normal 0 0 -1
    outer loop
      vertex 5.6513 48.0349 0
      vertex 11 180.765 0
      vertex 5.79792 48.2021 0
    endloop
  endfacet
  facet normal 0 0 -1
    outer loop
      vertex 11 180.765 0
      vertex 5.79792 228.428 0
      vertex 5.96511 228.281 0
    endloop
  endfacet
  facet normal 0 0 -1
    outer loop
      vertex 5.52776 47.85 0
      vertex 11 180.765 0
      vertex 5.6513 48.0349 0
    endloop
  endfacet
  facet normal 0 0 -1
    outer loop
      vertex 11 180.765 0
      vertex 5.6513 228.595 0
      vertex 5.79792 228.428 0
    endloop
  endfacet
  facet normal 0 0 -1
    outer loop
      vertex 0 40 0
      vertex 11 180.765 0
      vertex 5.52776 47.85 0
    endloop
  endfacet
  facet normal 0 0 -1
    outer loop
      vertex 11 180.765 0
      vertex 5.52776 228.78 0
      vertex 5.6513 228.595 0
    endloop
  endfacet
  facet normal 0 0 -1
    outer loop
      vertex 0 40 0
      vertex 5.52776 47.85 0
      vertex 5.4294 47.6506 0
    endloop
  endfacet
  facet normal 0 0 -1
    outer loop
      vertex 0 236.63 0
      vertex 11 180.765 0
      vertex 0 40 0
    endloop
  endfacet
  facet normal 0 0 -1
    outer loop
      vertex 0 40 0
      vertex 5.4294 47.6506 0
      vertex 5.35793 47.44 0
    endloop
  endfacet
  facet normal 0 0 -1
    outer loop
      vertex 11 180.765 0
      vertex 0 236.63 0
      vertex 5.52776 228.78 0
    endloop
  endfacet
  facet normal 0 0 -1
    outer loop
      vertex 0 40 0
      vertex 5.35793 47.44 0
      vertex 5.31454 47.2219 0
    endloop
  endfacet
  facet normal 0 0 -1
    outer loop
      vertex 5.52776 228.78 0
      vertex 0 236.63 0
      vertex 5.4294 228.979 0
    endloop
  endfacet
  facet normal 0 0 -1
    outer loop
      vertex 0 40 0
      vertex 5.31454 47.2219 0
      vertex 5.3 47 0
    endloop
  endfacet
  facet normal 0 0 -1
    outer loop
      vertex 5.4294 228.979 0
      vertex 0 236.63 0
      vertex 5.35793 229.19 0
    endloop
  endfacet
  facet normal 0 0 -1
    outer loop
      vertex 47 180.765 0
      vertex 55.3228 138.593 0
      vertex 53.4333 135.765 0
    endloop
  endfacet
  facet normal 0 0 -1
    outer loop
      vertex 47 180.765 0
      vertex 53.4333 135.765 0
      vertex 51.9291 132.715 0
    endloop
  endfacet
  facet normal 0 0 -1
    outer loop
      vertex 55.3228 138.593 0
      vertex 51 180.765 0
      vertex 55 180.765 0
    endloop
  endfacet
  facet normal 0 0 -1
    outer loop
      vertex 55.3228 138.593 0
      vertex 47 180.765 0
      vertex 51 180.765 0
    endloop
  endfacet
  facet normal 0 0 -1
    outer loop
      vertex 47 180.765 0
      vertex 51.9291 132.715 0
      vertex 50.8359 129.494 0
    endloop
  endfacet
  facet normal 0 0 -1
    outer loop
      vertex 55 180.765 0
      vertex 66.0002 146.786 0
      vertex 62.95 145.282 0
    endloop
  endfacet
  facet normal 0 0 -1
    outer loop
      vertex 55 180.765 0
      vertex 62.95 145.282 0
      vertex 60.1222 143.392 0
    endloop
  endfacet
  facet normal 0 0 -1
    outer loop
      vertex 66.0002 146.786 0
      vertex 59 180.765 0
      vertex 63 180.765 0
    endloop
  endfacet
  facet normal 0 0 -1
    outer loop
      vertex 66.0002 146.786 0
      vertex 55 180.765 0
      vertex 59 180.765 0
    endloop
  endfacet
  facet normal 0 0 -1
    outer loop
      vertex 55 180.765 0
      vertex 60.1222 143.392 0
      vertex 57.5652 141.15 0
    endloop
  endfacet
  facet normal 0 0 -1
    outer loop
      vertex 67 180.765 0
      vertex 72.5563 148.543 0
      vertex 69.2207 147.879 0
    endloop
  endfacet
  facet normal 0 0 -1
    outer loop
      vertex 72.5563 148.543 0
      vertex 67 180.765 0
      vertex 71 180.765 0
    endloop
  endfacet
  facet normal 0 0 -1
    outer loop
      vertex 69.2207 147.879 0
      vertex 63 180.765 0
      vertex 67 180.765 0
    endloop
  endfacet
  facet normal 0 0 -1
    outer loop
      vertex 63 180.765 0
      vertex 69.2207 147.879 0
      vertex 66.0002 146.786 0
    endloop
  endfacet
  facet normal -0 0 -1
    outer loop
      vertex 87 180.765 0
      vertex 78.2461 148.308 0
      vertex 83 180.765 0
    endloop
  endfacet
  facet normal 0 0 -1
    outer loop
      vertex 77.5029 148.561 0
      vertex 83 180.765 0
      vertex 78.2461 148.308 0
    endloop
  endfacet
  facet normal -0 0 -1
    outer loop
      vertex 83 180.765 0
      vertex 77.5029 148.561 0
      vertex 79 180.765 0
    endloop
  endfacet
  facet normal 0 0 -1
    outer loop
      vertex 76.7332 148.714 0
      vertex 79 180.765 0
      vertex 77.5029 148.561 0
    endloop
  endfacet
  facet normal 0 0 -1
    outer loop
      vertex 75.95 148.765 0
      vertex 79 180.765 0
      vertex 76.7332 148.714 0
    endloop
  endfacet
  facet normal 0 0 -1
    outer loop
      vertex 75.95 148.765 0
      vertex 75 180.765 0
      vertex 79 180.765 0
    endloop
  endfacet
  facet normal 0 0 -1
    outer loop
      vertex 71 180.765 0
      vertex 75 180.765 0
      vertex 72.5563 148.543 0
    endloop
  endfacet
  facet normal 0 0 -1
    outer loop
      vertex 72.5563 148.543 0
      vertex 75 180.765 0
      vertex 75.95 148.765 0
    endloop
  endfacet
  facet normal 0 0 -1
    outer loop
      vertex 81.1461 145.765 0
      vertex 103 180.765 0
      vertex 114.065 138.13 0
    endloop
  endfacet
  facet normal 0 0 -1
    outer loop
      vertex 99 180.765 0
      vertex 95 180.765 0
      vertex 99 226.63 0
    endloop
  endfacet
  facet normal -0 0 -1
    outer loop
      vertex 103 180.765 0
      vertex 81.1461 145.765 0
      vertex 99 180.765 0
    endloop
  endfacet
  facet normal 0 0 -1
    outer loop
      vertex 80.7101 146.418 0
      vertex 99 180.765 0
      vertex 81.1461 145.765 0
    endloop
  endfacet
  facet normal 0 0 -1
    outer loop
      vertex 91 180.765 0
      vertex 87 180.765 0
      vertex 91 226.63 0
    endloop
  endfacet
  facet normal -0 0 -1
    outer loop
      vertex 99 180.765 0
      vertex 80.7101 146.418 0
      vertex 95 180.765 0
    endloop
  endfacet
  facet normal -0 0 -1
    outer loop
      vertex 95 180.765 0
      vertex 80.1926 147.008 0
      vertex 91 180.765 0
    endloop
  endfacet
  facet normal 0 0 -1
    outer loop
      vertex 81.7456 144.318 0
      vertex 114.065 138.13 0
      vertex 81.8987 143.548 0
    endloop
  endfacet
  facet normal 0 0 -1
    outer loop
      vertex 81.8987 143.548 0
      vertex 114.065 138.13 0
      vertex 81.95 142.765 0
    endloop
  endfacet
  facet normal 0 0 -1
    outer loop
      vertex 114.065 138.13 0
      vertex 81.8987 141.982 0
      vertex 81.95 142.765 0
    endloop
  endfacet
  facet normal 0 0 -1
    outer loop
      vertex 114.065 138.13 0
      vertex 81.7456 141.212 0
      vertex 81.8987 141.982 0
    endloop
  endfacet
  facet normal 0 0 -1
    outer loop
      vertex 114.065 138.13 0
      vertex 81.4933 140.469 0
      vertex 81.7456 141.212 0
    endloop
  endfacet
  facet normal 0 0 -1
    outer loop
      vertex 114.065 138.13 0
      vertex 81.1461 139.765 0
      vertex 81.4933 140.469 0
    endloop
  endfacet
  facet normal 0 0 -1
    outer loop
      vertex 114.065 138.13 0
      vertex 80.7101 139.112 0
      vertex 81.1461 139.765 0
    endloop
  endfacet
  facet normal 0 0 -1
    outer loop
      vertex 114.065 138.13 0
      vertex 80.1926 138.522 0
      vertex 80.7101 139.112 0
    endloop
  endfacet
  facet normal 0 -0 -1
    outer loop
      vertex 80.1926 138.522 0
      vertex 114.065 138.13 0
      vertex 79.7452 138.13 0
    endloop
  endfacet
  facet normal 0 0 -1
    outer loop
      vertex 146.471 47.6506 0
      vertex 151.9 40 0
      vertex 146.542 47.44 0
    endloop
  endfacet
  facet normal 0 0 -1
    outer loop
      vertex 151.9 236.63 0
      vertex 146.585 229.408 0
      vertex 146.6 229.63 0
    endloop
  endfacet
  facet normal 0 0 -1
    outer loop
      vertex 146.372 47.85 0
      vertex 151.9 40 0
      vertex 146.471 47.6506 0
    endloop
  endfacet
  facet normal 0 0 -1
    outer loop
      vertex 151.9 236.63 0
      vertex 146.542 229.19 0
      vertex 146.585 229.408 0
    endloop
  endfacet
  facet normal 0 0 -1
    outer loop
      vertex 151.9 40 0
      vertex 146.372 47.85 0
      vertex 151.9 236.63 0
    endloop
  endfacet
  facet normal 0 0 -1
    outer loop
      vertex 151.9 236.63 0
      vertex 146.471 228.979 0
      vertex 146.542 229.19 0
    endloop
  endfacet
  facet normal 0 0 -1
    outer loop
      vertex 146.372 228.78 0
      vertex 151.9 236.63 0
      vertex 146.372 47.85 0
    endloop
  endfacet
  facet normal 0 0 -1
    outer loop
      vertex 151.9 236.63 0
      vertex 146.372 228.78 0
      vertex 146.471 228.979 0
    endloop
  endfacet
  facet normal 0 0 -1
    outer loop
      vertex 146.249 48.0349 0
      vertex 146.372 228.78 0
      vertex 146.372 47.85 0
    endloop
  endfacet
  facet normal 0 0 -1
    outer loop
      vertex 146.249 48.0349 0
      vertex 146.249 228.595 0
      vertex 146.372 228.78 0
    endloop
  endfacet
  facet normal 0 0 -1
    outer loop
      vertex 114.065 138.13 0
      vertex 146.249 48.0349 0
      vertex 146.102 48.2021 0
    endloop
  endfacet
  facet normal 0 0 -1
    outer loop
      vertex 146.249 48.0349 0
      vertex 114.065 138.13 0
      vertex 146.249 228.595 0
    endloop
  endfacet
  facet normal 0 0 -1
    outer loop
      vertex 114.065 107.4 0
      vertex 146.102 48.2021 0
      vertex 145.935 48.3487 0
    endloop
  endfacet
  facet normal 0 0 -1
    outer loop
      vertex 146.249 228.595 0
      vertex 114.065 138.13 0
      vertex 146.102 228.428 0
    endloop
  endfacet
  facet normal 0 0 -1
    outer loop
      vertex 114.065 107.4 0
      vertex 145.935 48.3487 0
      vertex 145.75 48.4722 0
    endloop
  endfacet
  facet normal 0 0 -1
    outer loop
      vertex 146.102 228.428 0
      vertex 114.065 138.13 0
      vertex 145.935 228.281 0
    endloop
  endfacet
  facet normal 0 0 -1
    outer loop
      vertex 114.065 107.4 0
      vertex 145.75 48.4722 0
      vertex 145.551 48.5706 0
    endloop
  endfacet
  facet normal 0 0 -1
    outer loop
      vertex 145.935 228.281 0
      vertex 114.065 138.13 0
      vertex 145.75 228.158 0
    endloop
  endfacet
  facet normal 0 0 -1
    outer loop
      vertex 114.065 107.4 0
      vertex 145.551 48.5706 0
      vertex 145.34 48.6421 0
    endloop
  endfacet
  facet normal 0 0 -1
    outer loop
      vertex 145.75 228.158 0
      vertex 114.065 138.13 0
      vertex 145.551 228.059 0
    endloop
  endfacet
  facet normal 0 0 -1
    outer loop
      vertex 114.065 107.4 0
      vertex 145.34 48.6421 0
      vertex 145.122 48.6855 0
    endloop
  endfacet
  facet normal 0 0 -1
    outer loop
      vertex 145.551 228.059 0
      vertex 114.065 138.13 0
      vertex 145.34 227.988 0
    endloop
  endfacet
  facet normal 0 0 -1
    outer loop
      vertex 114.065 107.4 0
      vertex 145.122 48.6855 0
      vertex 144.9 48.7 0
    endloop
  endfacet
  facet normal 0 0 -1
    outer loop
      vertex 103 180.765 0
      vertex 145.34 227.988 0
      vertex 114.065 138.13 0
    endloop
  endfacet
  facet normal 0 0 -1
    outer loop
      vertex 114.065 107.4 0
      vertex 144.9 48.7 0
      vertex 144.678 48.6855 0
    endloop
  endfacet
  facet normal 0 0 -1
    outer loop
      vertex 145.34 227.988 0
      vertex 103 180.765 0
      vertex 145.122 227.945 0
    endloop
  endfacet
  facet normal 0 0 -1
    outer loop
      vertex 114.065 107.4 0
      vertex 144.678 48.6855 0
      vertex 144.46 48.6421 0
    endloop
  endfacet
  facet normal 0 0 -1
    outer loop
      vertex 145.122 227.945 0
      vertex 103 180.765 0
      vertex 144.9 227.93 0
    endloop
  endfacet
  facet normal 0 0 -1
    outer loop
      vertex 114.065 107.4 0
      vertex 144.46 48.6421 0
      vertex 144.249 48.5706 0
    endloop
  endfacet
  facet normal -0 0 -1
    outer loop
      vertex 144.9 227.93 0
      vertex 103 180.765 0
      vertex 144.678 227.945 0
    endloop
  endfacet
  facet normal 0 0 -1
    outer loop
      vertex 114.065 107.4 0
      vertex 144.249 48.5706 0
      vertex 144.05 48.4722 0
    endloop
  endfacet
  facet normal -0 0 -1
    outer loop
      vertex 144.678 227.945 0
      vertex 103 180.765 0
      vertex 144.46 227.988 0
    endloop
  endfacet
  facet normal 0 0 -1
    outer loop
      vertex 114.065 107.4 0
      vertex 144.05 48.4722 0
      vertex 143.865 48.3487 0
    endloop
  endfacet
  facet normal -0 0 -1
    outer loop
      vertex 144.46 227.988 0
      vertex 103 180.765 0
      vertex 144.249 228.059 0
    endloop
  endfacet
  facet normal 0 0 -1
    outer loop
      vertex 114.065 107.4 0
      vertex 143.865 48.3487 0
      vertex 143.698 48.2021 0
    endloop
  endfacet
  facet normal -0 0 -1
    outer loop
      vertex 144.249 228.059 0
      vertex 103 180.765 0
      vertex 144.05 228.158 0
    endloop
  endfacet
  facet normal 0 0 -1
    outer loop
      vertex 114.065 107.4 0
      vertex 143.698 48.2021 0
      vertex 143.551 48.0349 0
    endloop
  endfacet
  facet normal -0 0 -1
    outer loop
      vertex 144.05 228.158 0
      vertex 103 180.765 0
      vertex 143.865 228.281 0
    endloop
  endfacet
  facet normal 0 0 -1
    outer loop
      vertex 114.065 107.4 0
      vertex 143.551 48.0349 0
      vertex 143.428 47.85 0
    endloop
  endfacet
  facet normal 0 0 -1
    outer loop
      vertex 103 226.63 0
      vertex 143.865 228.281 0
      vertex 103 180.765 0
    endloop
  endfacet
  facet normal 0 0 -1
    outer loop
      vertex 79.6026 98.0049 0
      vertex 143.428 47.85 0
      vertex 143.329 47.6506 0
    endloop
  endfacet
  facet normal -0 0 -1
    outer loop
      vertex 143.865 228.281 0
      vertex 103 226.63 0
      vertex 143.698 228.428 0
    endloop
  endfacet
  facet normal 0 0 -1
    outer loop
      vertex 78.95 97.5688 0
      vertex 143.329 47.6506 0
      vertex 143.258 47.44 0
    endloop
  endfacet
  facet normal -0 0 -1
    outer loop
      vertex 143.698 228.428 0
      vertex 103 226.63 0
      vertex 143.551 228.595 0
    endloop
  endfacet
  facet normal 0 0 -1
    outer loop
      vertex 78.95 97.5688 0
      vertex 143.258 47.44 0
      vertex 143.215 47.2219 0
    endloop
  endfacet
  facet normal -0 0 -1
    outer loop
      vertex 143.551 228.595 0
      vertex 103 226.63 0
      vertex 143.428 228.78 0
    endloop
  endfacet
  facet normal 0 0 -1
    outer loop
      vertex 78.2461 97.2217 0
      vertex 143.215 47.2219 0
      vertex 143.2 47 0
    endloop
  endfacet
  facet normal -0 0 -1
    outer loop
      vertex 143.428 228.78 0
      vertex 103 226.63 0
      vertex 143.329 228.979 0
    endloop
  endfacet
  facet normal 0 0 -1
    outer loop
      vertex 146.585 47.2219 0
      vertex 151.9 40 0
      vertex 146.6 47 0
    endloop
  endfacet
  facet normal 0 0 -1
    outer loop
      vertex 151.9 40 0
      vertex 146.585 46.7781 0
      vertex 146.6 47 0
    endloop
  endfacet
  facet normal 0 0 -1
    outer loop
      vertex 151.9 40 0
      vertex 146.542 46.56 0
      vertex 146.585 46.7781 0
    endloop
  endfacet
  facet normal 0 0 -1
    outer loop
      vertex 151.9 40 0
      vertex 146.471 46.3494 0
      vertex 146.542 46.56 0
    endloop
  endfacet
  facet normal 0 0 -1
    outer loop
      vertex 151.9 40 0
      vertex 146.372 46.15 0
      vertex 146.471 46.3494 0
    endloop
  endfacet
  facet normal 0 0 -1
    outer loop
      vertex 151.9 40 0
      vertex 146.249 45.9651 0
      vertex 146.372 46.15 0
    endloop
  endfacet
  facet normal 0 0 -1
    outer loop
      vertex 151.9 40 0
      vertex 146.102 45.7979 0
      vertex 146.249 45.9651 0
    endloop
  endfacet
  facet normal 0 0 -1
    outer loop
      vertex 151.9 40 0
      vertex 145.935 45.6513 0
      vertex 146.102 45.7979 0
    endloop
  endfacet
  facet normal 0 0 -1
    outer loop
      vertex 151.9 40 0
      vertex 145.75 45.5278 0
      vertex 145.935 45.6513 0
    endloop
  endfacet
  facet normal 0 0 -1
    outer loop
      vertex 151.9 40 0
      vertex 145.551 45.4294 0
      vertex 145.75 45.5278 0
    endloop
  endfacet
  facet normal 0 0 -1
    outer loop
      vertex 151.9 40 0
      vertex 145.34 45.3579 0
      vertex 145.551 45.4294 0
    endloop
  endfacet
  facet normal 0 0 -1
    outer loop
      vertex 151.9 40 0
      vertex 145.122 45.3145 0
      vertex 145.34 45.3579 0
    endloop
  endfacet
  facet normal 0 0 -1
    outer loop
      vertex 151.9 40 0
      vertex 144.9 45.3 0
      vertex 145.122 45.3145 0
    endloop
  endfacet
  facet normal 0 0 -1
    outer loop
      vertex 151.9 40 0
      vertex 144.678 45.3145 0
      vertex 144.9 45.3 0
    endloop
  endfacet
  facet normal 0 0 -1
    outer loop
      vertex 151.9 40 0
      vertex 144.46 45.3579 0
      vertex 144.678 45.3145 0
    endloop
  endfacet
  facet normal 0 0 -1
    outer loop
      vertex 151.9 40 0
      vertex 144.249 45.4294 0
      vertex 144.46 45.3579 0
    endloop
  endfacet
  facet normal 0 0 -1
    outer loop
      vertex 151.9 40 0
      vertex 144.05 45.5278 0
      vertex 144.249 45.4294 0
    endloop
  endfacet
  facet normal 0 0 -1
    outer loop
      vertex 7.85 45.5278 0
      vertex 144.05 45.5278 0
      vertex 151.9 40 0
    endloop
  endfacet
  facet normal 0 0 -1
    outer loop
      vertex 146.102 48.2021 0
      vertex 114.065 107.4 0
      vertex 114.065 138.13 0
    endloop
  endfacet
  facet normal 0 0 -1
    outer loop
      vertex 77.5029 96.9694 0
      vertex 143.2 47 0
      vertex 143.215 46.7781 0
    endloop
  endfacet
  facet normal 0 0 -1
    outer loop
      vertex 76.7332 96.8163 0
      vertex 143.215 46.7781 0
      vertex 143.258 46.56 0
    endloop
  endfacet
  facet normal 0 0 -1
    outer loop
      vertex 8.64207 46.56 0
      vertex 143.258 46.56 0
      vertex 143.329 46.3494 0
    endloop
  endfacet
  facet normal 0 0 -1
    outer loop
      vertex 143.428 47.85 0
      vertex 79.6026 98.0049 0
      vertex 114.065 107.4 0
    endloop
  endfacet
  facet normal 0 0 -1
    outer loop
      vertex 8.57059 46.3494 0
      vertex 143.329 46.3494 0
      vertex 143.428 46.15 0
    endloop
  endfacet
  facet normal 0 0 -1
    outer loop
      vertex 8.47224 46.15 0
      vertex 143.428 46.15 0
      vertex 143.551 45.9651 0
    endloop
  endfacet
  facet normal 0 0 -1
    outer loop
      vertex 8.3487 45.9651 0
      vertex 143.551 45.9651 0
      vertex 143.698 45.7979 0
    endloop
  endfacet
  facet normal 0 0 -1
    outer loop
      vertex 114.065 107.4 0
      vertex 81.8987 101.982 0
      vertex 81.95 102.765 0
    endloop
  endfacet
  facet normal 0 0 -1
    outer loop
      vertex 114.065 107.4 0
      vertex 81.7456 101.212 0
      vertex 81.8987 101.982 0
    endloop
  endfacet
  facet normal 0 0 -1
    outer loop
      vertex 114.065 107.4 0
      vertex 81.4933 100.469 0
      vertex 81.7456 101.212 0
    endloop
  endfacet
  facet normal 0 0 -1
    outer loop
      vertex 114.065 107.4 0
      vertex 81.1461 99.765 0
      vertex 81.4933 100.469 0
    endloop
  endfacet
  facet normal 0 0 -1
    outer loop
      vertex 8.20208 45.7979 0
      vertex 143.698 45.7979 0
      vertex 143.865 45.6513 0
    endloop
  endfacet
  facet normal 0 0 -1
    outer loop
      vertex 114.065 107.4 0
      vertex 80.7101 99.1124 0
      vertex 81.1461 99.765 0
    endloop
  endfacet
  facet normal 0 0 -1
    outer loop
      vertex 114.065 107.4 0
      vertex 80.1926 98.5224 0
      vertex 80.7101 99.1124 0
    endloop
  endfacet
  facet normal 0 0 -1
    outer loop
      vertex 114.065 107.4 0
      vertex 79.6026 98.0049 0
      vertex 80.1926 98.5224 0
    endloop
  endfacet
  facet normal 0 0 -1
    outer loop
      vertex 143.329 47.6506 0
      vertex 78.95 97.5688 0
      vertex 79.6026 98.0049 0
    endloop
  endfacet
  facet normal 0 0 -1
    outer loop
      vertex 143.215 47.2219 0
      vertex 78.2461 97.2217 0
      vertex 78.95 97.5688 0
    endloop
  endfacet
  facet normal 0 0 -1
    outer loop
      vertex 143.2 47 0
      vertex 77.5029 96.9694 0
      vertex 78.2461 97.2217 0
    endloop
  endfacet
  facet normal 0 0 -1
    outer loop
      vertex 143.215 46.7781 0
      vertex 76.7332 96.8163 0
      vertex 77.5029 96.9694 0
    endloop
  endfacet
  facet normal 0 0 -1
    outer loop
      vertex 143.258 46.56 0
      vertex 75.95 96.765 0
      vertex 76.7332 96.8163 0
    endloop
  endfacet
  facet normal 0 0 -1
    outer loop
      vertex 143.258 46.56 0
      vertex 8.64207 46.56 0
      vertex 75.95 96.765 0
    endloop
  endfacet
  facet normal -0 0 -1
    outer loop
      vertex 75.95 96.765 0
      vertex 8.64207 46.56 0
      vertex 72.5563 96.9874 0
    endloop
  endfacet
  facet normal 0 0 -1
    outer loop
      vertex 144.05 45.5278 0
      vertex 7.85 45.5278 0
      vertex 143.865 45.6513 0
    endloop
  endfacet
  facet normal 0 -0 -1
    outer loop
      vertex 8.68546 46.7781 0
      vertex 72.5563 96.9874 0
      vertex 8.64207 46.56 0
    endloop
  endfacet
  facet normal 0 -0 -1
    outer loop
      vertex 8.7 47 0
      vertex 72.5563 96.9874 0
      vertex 8.68546 46.7781 0
    endloop
  endfacet
  facet normal -0 0 -1
    outer loop
      vertex 72.5563 96.9874 0
      vertex 8.7 47 0
      vertex 69.2207 97.6509 0
    endloop
  endfacet
  facet normal 0 0 -1
    outer loop
      vertex 50.8359 129.494 0
      vertex 43 180.765 0
      vertex 47 180.765 0
    endloop
  endfacet
  facet normal 0 0 -1
    outer loop
      vertex 11 180.765 0
      vertex 49.95 122.765 0
      vertex 50.1724 119.371 0
    endloop
  endfacet
  facet normal 0 0 -1
    outer loop
      vertex 43 180.765 0
      vertex 39 180.765 0
      vertex 43 226.63 0
    endloop
  endfacet
  facet normal 0 0 -1
    outer loop
      vertex 50.1724 126.159 0
      vertex 39 180.765 0
      vertex 43 180.765 0
    endloop
  endfacet
  facet normal 0 0 -1
    outer loop
      vertex 50.1724 126.159 0
      vertex 35 180.765 0
      vertex 39 180.765 0
    endloop
  endfacet
  facet normal 0 0 -1
    outer loop
      vertex 8.20208 48.2021 0
      vertex 60.1222 102.138 0
      vertex 8.3487 48.0349 0
    endloop
  endfacet
  facet normal 0 0 -1
    outer loop
      vertex 35 180.765 0
      vertex 31 180.765 0
      vertex 35 226.63 0
    endloop
  endfacet
  facet normal 0 0 -1
    outer loop
      vertex 50.1724 126.159 0
      vertex 31 180.765 0
      vertex 35 180.765 0
    endloop
  endfacet
  facet normal 0 0 -1
    outer loop
      vertex 50.1724 126.159 0
      vertex 27 180.765 0
      vertex 31 180.765 0
    endloop
  endfacet
  facet normal 0 0 -1
    outer loop
      vertex 8.3487 48.0349 0
      vertex 60.1222 102.138 0
      vertex 8.47224 47.85 0
    endloop
  endfacet
  facet normal 0 0 -1
    outer loop
      vertex 27 180.765 0
      vertex 23 180.765 0
      vertex 27 226.63 0
    endloop
  endfacet
  facet normal 0 0 -1
    outer loop
      vertex 50.1724 126.159 0
      vertex 23 180.765 0
      vertex 27 180.765 0
    endloop
  endfacet
  facet normal 0 0 -1
    outer loop
      vertex 50.1724 126.159 0
      vertex 19 180.765 0
      vertex 23 180.765 0
    endloop
  endfacet
  facet normal 0 0 -1
    outer loop
      vertex 19 180.765 0
      vertex 15 180.765 0
      vertex 19 226.63 0
    endloop
  endfacet
  facet normal 0 0 -1
    outer loop
      vertex 50.1724 126.159 0
      vertex 15 180.765 0
      vertex 19 180.765 0
    endloop
  endfacet
  facet normal -0 0 -1
    outer loop
      vertex 62.95 100.248 0
      vertex 8.47224 47.85 0
      vertex 60.1222 102.138 0
    endloop
  endfacet
  facet normal 0 0 -1
    outer loop
      vertex 50.1724 126.159 0
      vertex 11 180.765 0
      vertex 15 180.765 0
    endloop
  endfacet
  facet normal 0 0 -1
    outer loop
      vertex 8.03489 48.3487 0
      vertex 57.5652 104.38 0
      vertex 8.20208 48.2021 0
    endloop
  endfacet
  facet normal -0 0 -1
    outer loop
      vertex 60.1222 102.138 0
      vertex 8.20208 48.2021 0
      vertex 57.5652 104.38 0
    endloop
  endfacet
  facet normal 0 0 -1
    outer loop
      vertex 8.47224 47.85 0
      vertex 62.95 100.248 0
      vertex 8.57059 47.6506 0
    endloop
  endfacet
  facet normal -0 0 -1
    outer loop
      vertex 66.0002 98.7441 0
      vertex 8.57059 47.6506 0
      vertex 62.95 100.248 0
    endloop
  endfacet
  facet normal 0 0 -1
    outer loop
      vertex 8.57059 47.6506 0
      vertex 66.0002 98.7441 0
      vertex 8.64207 47.44 0
    endloop
  endfacet
  facet normal -0 0 -1
    outer loop
      vertex 69.2207 97.6509 0
      vertex 8.68546 47.2219 0
      vertex 66.0002 98.7441 0
    endloop
  endfacet
  facet normal 0 0 -1
    outer loop
      vertex 8.64207 47.44 0
      vertex 66.0002 98.7441 0
      vertex 8.68546 47.2219 0
    endloop
  endfacet
  facet normal 0 0 -1
    outer loop
      vertex 8.68546 47.2219 0
      vertex 69.2207 97.6509 0
      vertex 8.7 47 0
    endloop
  endfacet
  facet normal 0 0 -1
    outer loop
      vertex 143.329 46.3494 0
      vertex 8.57059 46.3494 0
      vertex 8.64207 46.56 0
    endloop
  endfacet
  facet normal 0 0 -1
    outer loop
      vertex 143.428 46.15 0
      vertex 8.47224 46.15 0
      vertex 8.57059 46.3494 0
    endloop
  endfacet
  facet normal 0 0 -1
    outer loop
      vertex 143.551 45.9651 0
      vertex 8.3487 45.9651 0
      vertex 8.47224 46.15 0
    endloop
  endfacet
  facet normal 0 0 -1
    outer loop
      vertex 143.698 45.7979 0
      vertex 8.20208 45.7979 0
      vertex 8.3487 45.9651 0
    endloop
  endfacet
  facet normal 0 0 -1
    outer loop
      vertex 143.865 45.6513 0
      vertex 8.03489 45.6513 0
      vertex 8.20208 45.7979 0
    endloop
  endfacet
  facet normal -0 0 -1
    outer loop
      vertex 143.865 45.6513 0
      vertex 7.85 45.5278 0
      vertex 8.03489 45.6513 0
    endloop
  endfacet
  facet normal 0 0 -1
    outer loop
      vertex 0 40 0
      vertex 7.85 45.5278 0
      vertex 151.9 40 0
    endloop
  endfacet
  facet normal 0 0 -1
    outer loop
      vertex 7.85 45.5278 0
      vertex 0 40 0
      vertex 7.65056 45.4294 0
    endloop
  endfacet
  facet normal 0 0 -1
    outer loop
      vertex 7.65056 45.4294 0
      vertex 0 40 0
      vertex 7.43999 45.3579 0
    endloop
  endfacet
  facet normal 0 0 -1
    outer loop
      vertex 7.43999 45.3579 0
      vertex 0 40 0
      vertex 7.22189 45.3145 0
    endloop
  endfacet
  facet normal 0 0 -1
    outer loop
      vertex 5.35793 229.19 0
      vertex 0 236.63 0
      vertex 5.31454 229.408 0
    endloop
  endfacet
  facet normal -0 0 -1
    outer loop
      vertex 5.31454 46.7781 0
      vertex 0 40 0
      vertex 5.3 47 0
    endloop
  endfacet
  facet normal -0 0 -1
    outer loop
      vertex 5.35793 46.56 0
      vertex 0 40 0
      vertex 5.31454 46.7781 0
    endloop
  endfacet
  facet normal -0 0 -1
    outer loop
      vertex 5.4294 46.3494 0
      vertex 0 40 0
      vertex 5.35793 46.56 0
    endloop
  endfacet
  facet normal -0 0 -1
    outer loop
      vertex 5.52776 46.15 0
      vertex 0 40 0
      vertex 5.4294 46.3494 0
    endloop
  endfacet
  facet normal -0 0 -1
    outer loop
      vertex 5.6513 45.9651 0
      vertex 0 40 0
      vertex 5.52776 46.15 0
    endloop
  endfacet
  facet normal -0 0 -1
    outer loop
      vertex 5.79792 45.7979 0
      vertex 0 40 0
      vertex 5.6513 45.9651 0
    endloop
  endfacet
  facet normal -0 0 -1
    outer loop
      vertex 5.96511 45.6513 0
      vertex 0 40 0
      vertex 5.79792 45.7979 0
    endloop
  endfacet
  facet normal -0 0 -1
    outer loop
      vertex 6.15 45.5278 0
      vertex 0 40 0
      vertex 5.96511 45.6513 0
    endloop
  endfacet
  facet normal -0 0 -1
    outer loop
      vertex 6.34944 45.4294 0
      vertex 0 40 0
      vertex 6.15 45.5278 0
    endloop
  endfacet
  facet normal -0 0 -1
    outer loop
      vertex 6.56001 45.3579 0
      vertex 0 40 0
      vertex 6.34944 45.4294 0
    endloop
  endfacet
  facet normal -0 0 -1
    outer loop
      vertex 6.7781 45.3145 0
      vertex 0 40 0
      vertex 6.56001 45.3579 0
    endloop
  endfacet
  facet normal -0 0 -1
    outer loop
      vertex 7 45.3 0
      vertex 0 40 0
      vertex 6.7781 45.3145 0
    endloop
  endfacet
  facet normal 0 0 -1
    outer loop
      vertex 7.22189 45.3145 0
      vertex 0 40 0
      vertex 7 45.3 0
    endloop
  endfacet
  facet normal 0 0 -1
    outer loop
      vertex 146.542 47.44 0
      vertex 151.9 40 0
      vertex 146.585 47.2219 0
    endloop
  endfacet
  facet normal 0 0 -1
    outer loop
      vertex 146.585 229.852 0
      vertex 151.9 236.63 0
      vertex 146.6 229.63 0
    endloop
  endfacet
  facet normal 0 0 -1
    outer loop
      vertex 146.542 230.07 0
      vertex 151.9 236.63 0
      vertex 146.585 229.852 0
    endloop
  endfacet
  facet normal 0 0 -1
    outer loop
      vertex 146.471 230.281 0
      vertex 151.9 236.63 0
      vertex 146.542 230.07 0
    endloop
  endfacet
  facet normal 0 0 -1
    outer loop
      vertex 146.372 230.48 0
      vertex 151.9 236.63 0
      vertex 146.471 230.281 0
    endloop
  endfacet
  facet normal 0 0 -1
    outer loop
      vertex 146.249 230.665 0
      vertex 151.9 236.63 0
      vertex 146.372 230.48 0
    endloop
  endfacet
  facet normal 0 0 -1
    outer loop
      vertex 146.102 230.832 0
      vertex 151.9 236.63 0
      vertex 146.249 230.665 0
    endloop
  endfacet
  facet normal 0 0 -1
    outer loop
      vertex 145.935 230.979 0
      vertex 151.9 236.63 0
      vertex 146.102 230.832 0
    endloop
  endfacet
  facet normal 0 0 -1
    outer loop
      vertex 145.75 231.102 0
      vertex 151.9 236.63 0
      vertex 145.935 230.979 0
    endloop
  endfacet
  facet normal 0 0 -1
    outer loop
      vertex 145.551 231.201 0
      vertex 151.9 236.63 0
      vertex 145.75 231.102 0
    endloop
  endfacet
  facet normal 0 0 -1
    outer loop
      vertex 145.34 231.272 0
      vertex 151.9 236.63 0
      vertex 145.551 231.201 0
    endloop
  endfacet
  facet normal 0 0 -1
    outer loop
      vertex 145.122 231.315 0
      vertex 151.9 236.63 0
      vertex 145.34 231.272 0
    endloop
  endfacet
  facet normal 0 0 -1
    outer loop
      vertex 144.9 231.33 0
      vertex 151.9 236.63 0
      vertex 145.122 231.315 0
    endloop
  endfacet
  facet normal 0 0 -1
    outer loop
      vertex 144.678 231.315 0
      vertex 151.9 236.63 0
      vertex 144.9 231.33 0
    endloop
  endfacet
  facet normal 0 0 -1
    outer loop
      vertex 144.46 231.272 0
      vertex 151.9 236.63 0
      vertex 144.678 231.315 0
    endloop
  endfacet
  facet normal 0 0 -1
    outer loop
      vertex 144.249 231.201 0
      vertex 151.9 236.63 0
      vertex 144.46 231.272 0
    endloop
  endfacet
  facet normal 0 0 -1
    outer loop
      vertex 144.05 231.102 0
      vertex 151.9 236.63 0
      vertex 144.249 231.201 0
    endloop
  endfacet
  facet normal 0 0 -1
    outer loop
      vertex 103 226.63 0
      vertex 144.05 231.102 0
      vertex 143.865 230.979 0
    endloop
  endfacet
  facet normal -0 0 -1
    outer loop
      vertex 143.329 228.979 0
      vertex 103 226.63 0
      vertex 143.258 229.19 0
    endloop
  endfacet
  facet normal -0 0 -1
    outer loop
      vertex 143.258 229.19 0
      vertex 103 226.63 0
      vertex 143.215 229.408 0
    endloop
  endfacet
  facet normal -0 0 -1
    outer loop
      vertex 143.215 229.408 0
      vertex 103 226.63 0
      vertex 143.2 229.63 0
    endloop
  endfacet
  facet normal -0 0 -1
    outer loop
      vertex 143.2 229.63 0
      vertex 103 226.63 0
      vertex 143.215 229.852 0
    endloop
  endfacet
  facet normal -0 0 -1
    outer loop
      vertex 143.215 229.852 0
      vertex 103 226.63 0
      vertex 143.258 230.07 0
    endloop
  endfacet
  facet normal -0 0 -1
    outer loop
      vertex 143.258 230.07 0
      vertex 103 226.63 0
      vertex 143.329 230.281 0
    endloop
  endfacet
  facet normal -0 0 -1
    outer loop
      vertex 143.329 230.281 0
      vertex 103 226.63 0
      vertex 143.428 230.48 0
    endloop
  endfacet
  facet normal -0 0 -1
    outer loop
      vertex 143.428 230.48 0
      vertex 103 226.63 0
      vertex 143.551 230.665 0
    endloop
  endfacet
  facet normal 0 0 -1
    outer loop
      vertex 103 226.63 0
      vertex 143.698 230.832 0
      vertex 143.551 230.665 0
    endloop
  endfacet
  facet normal 0 0 -1
    outer loop
      vertex 103 226.63 0
      vertex 143.865 230.979 0
      vertex 143.698 230.832 0
    endloop
  endfacet
  facet normal -0 0 -1
    outer loop
      vertex 144.05 231.102 0
      vertex 103 226.63 0
      vertex 151.9 236.63 0
    endloop
  endfacet
  facet normal 0 0 -1
    outer loop
      vertex 99 226.63 0
      vertex 151.9 236.63 0
      vertex 103 226.63 0
    endloop
  endfacet
  facet normal 0 0 -1
    outer loop
      vertex 95 226.63 0
      vertex 99 226.63 0
      vertex 95 180.765 0
    endloop
  endfacet
  facet normal 0 0 -1
    outer loop
      vertex 95 226.63 0
      vertex 151.9 236.63 0
      vertex 99 226.63 0
    endloop
  endfacet
  facet normal 0 0 -1
    outer loop
      vertex 91 226.63 0
      vertex 151.9 236.63 0
      vertex 95 226.63 0
    endloop
  endfacet
  facet normal 0 0 -1
    outer loop
      vertex 87 226.63 0
      vertex 91 226.63 0
      vertex 87 180.765 0
    endloop
  endfacet
  facet normal 0 0 -1
    outer loop
      vertex 87 226.63 0
      vertex 151.9 236.63 0
      vertex 91 226.63 0
    endloop
  endfacet
  facet normal 0 0 -1
    outer loop
      vertex 83 226.63 0
      vertex 151.9 236.63 0
      vertex 87 226.63 0
    endloop
  endfacet
  facet normal 0 0 -1
    outer loop
      vertex 81.4933 145.061 0
      vertex 114.065 138.13 0
      vertex 81.7456 144.318 0
    endloop
  endfacet
  facet normal 0 0 -1
    outer loop
      vertex 81.1461 145.765 0
      vertex 114.065 138.13 0
      vertex 81.4933 145.061 0
    endloop
  endfacet
  facet normal 0 0 -1
    outer loop
      vertex 80.1926 147.008 0
      vertex 95 180.765 0
      vertex 80.7101 146.418 0
    endloop
  endfacet
  facet normal 0 0 -1
    outer loop
      vertex 79.6026 147.525 0
      vertex 91 180.765 0
      vertex 80.1926 147.008 0
    endloop
  endfacet
  facet normal 0 0 -1
    outer loop
      vertex 78.95 147.961 0
      vertex 91 180.765 0
      vertex 79.6026 147.525 0
    endloop
  endfacet
  facet normal -0 0 -1
    outer loop
      vertex 91 180.765 0
      vertex 78.95 147.961 0
      vertex 87 180.765 0
    endloop
  endfacet
  facet normal 0 0 -1
    outer loop
      vertex 78.2461 148.308 0
      vertex 87 180.765 0
      vertex 78.95 147.961 0
    endloop
  endfacet
  facet normal 0 0 -1
    outer loop
      vertex 83 180.765 0
      vertex 79 180.765 0
      vertex 83 226.63 0
    endloop
  endfacet
  facet normal 0 0 -1
    outer loop
      vertex 79 226.63 0
      vertex 83 226.63 0
      vertex 79 180.765 0
    endloop
  endfacet
  facet normal 0 0 -1
    outer loop
      vertex 79 226.63 0
      vertex 151.9 236.63 0
      vertex 83 226.63 0
    endloop
  endfacet
  facet normal 0 0 -1
    outer loop
      vertex 75 226.63 0
      vertex 151.9 236.63 0
      vertex 79 226.63 0
    endloop
  endfacet
  facet normal 0 0 -1
    outer loop
      vertex 75 180.765 0
      vertex 71 180.765 0
      vertex 75 226.63 0
    endloop
  endfacet
  facet normal 0 0 -1
    outer loop
      vertex 71 226.63 0
      vertex 75 226.63 0
      vertex 71 180.765 0
    endloop
  endfacet
  facet normal 0 0 -1
    outer loop
      vertex 0 236.63 0
      vertex 75 226.63 0
      vertex 71 226.63 0
    endloop
  endfacet
  facet normal 0 0 -1
    outer loop
      vertex 0 236.63 0
      vertex 71 226.63 0
      vertex 67 226.63 0
    endloop
  endfacet
  facet normal 0 0 -1
    outer loop
      vertex 67 180.765 0
      vertex 63 180.765 0
      vertex 67 226.63 0
    endloop
  endfacet
  facet normal 0 0 -1
    outer loop
      vertex 63 226.63 0
      vertex 67 226.63 0
      vertex 63 180.765 0
    endloop
  endfacet
  facet normal 0 0 -1
    outer loop
      vertex 0 236.63 0
      vertex 67 226.63 0
      vertex 63 226.63 0
    endloop
  endfacet
  facet normal 0 0 -1
    outer loop
      vertex 0 236.63 0
      vertex 63 226.63 0
      vertex 59 226.63 0
    endloop
  endfacet
  facet normal 0 0 -1
    outer loop
      vertex 55 180.765 0
      vertex 57.5652 141.15 0
      vertex 55.3228 138.593 0
    endloop
  endfacet
  facet normal 0 0 -1
    outer loop
      vertex 59 180.765 0
      vertex 55 180.765 0
      vertex 59 226.63 0
    endloop
  endfacet
  facet normal 0 0 -1
    outer loop
      vertex 55 226.63 0
      vertex 59 226.63 0
      vertex 55 180.765 0
    endloop
  endfacet
  facet normal 0 0 -1
    outer loop
      vertex 0 236.63 0
      vertex 59 226.63 0
      vertex 55 226.63 0
    endloop
  endfacet
  facet normal 0 0 -1
    outer loop
      vertex 0 236.63 0
      vertex 55 226.63 0
      vertex 51 226.63 0
    endloop
  endfacet
  facet normal 0 0 -1
    outer loop
      vertex 43 180.765 0
      vertex 50.8359 129.494 0
      vertex 50.1724 126.159 0
    endloop
  endfacet
  facet normal 0 0 -1
    outer loop
      vertex 11 180.765 0
      vertex 50.1724 126.159 0
      vertex 49.95 122.765 0
    endloop
  endfacet
  facet normal 0 0 -1
    outer loop
      vertex 51 180.765 0
      vertex 47 180.765 0
      vertex 51 226.63 0
    endloop
  endfacet
  facet normal 0 0 -1
    outer loop
      vertex 47 226.63 0
      vertex 51 226.63 0
      vertex 47 180.765 0
    endloop
  endfacet
  facet normal 0 0 -1
    outer loop
      vertex 0 236.63 0
      vertex 51 226.63 0
      vertex 47 226.63 0
    endloop
  endfacet
  facet normal 0 0 -1
    outer loop
      vertex 0 236.63 0
      vertex 47 226.63 0
      vertex 43 226.63 0
    endloop
  endfacet
  facet normal 0 0 -1
    outer loop
      vertex 39 226.63 0
      vertex 43 226.63 0
      vertex 39 180.765 0
    endloop
  endfacet
  facet normal 0 0 -1
    outer loop
      vertex 0 236.63 0
      vertex 43 226.63 0
      vertex 39 226.63 0
    endloop
  endfacet
  facet normal 0 0 -1
    outer loop
      vertex 0 236.63 0
      vertex 39 226.63 0
      vertex 35 226.63 0
    endloop
  endfacet
  facet normal 0 0 -1
    outer loop
      vertex 31 226.63 0
      vertex 35 226.63 0
      vertex 31 180.765 0
    endloop
  endfacet
  facet normal 0 0 -1
    outer loop
      vertex 0 236.63 0
      vertex 35 226.63 0
      vertex 31 226.63 0
    endloop
  endfacet
  facet normal 0 0 -1
    outer loop
      vertex 0 236.63 0
      vertex 31 226.63 0
      vertex 27 226.63 0
    endloop
  endfacet
  facet normal 0 0 -1
    outer loop
      vertex 23 226.63 0
      vertex 27 226.63 0
      vertex 23 180.765 0
    endloop
  endfacet
  facet normal 0 0 -1
    outer loop
      vertex 7.85 231.102 0
      vertex 27 226.63 0
      vertex 23 226.63 0
    endloop
  endfacet
  facet normal 0 0 -1
    outer loop
      vertex 8.03489 230.979 0
      vertex 23 226.63 0
      vertex 19 226.63 0
    endloop
  endfacet
  facet normal 0 0 -1
    outer loop
      vertex 15 226.63 0
      vertex 19 226.63 0
      vertex 15 180.765 0
    endloop
  endfacet
  facet normal 0 0 -1
    outer loop
      vertex 8.3487 230.665 0
      vertex 19 226.63 0
      vertex 15 226.63 0
    endloop
  endfacet
  facet normal 0 0 -1
    outer loop
      vertex 8.68546 229.852 0
      vertex 15 226.63 0
      vertex 11 226.63 0
    endloop
  endfacet
  facet normal 0 0 -1
    outer loop
      vertex 11 180.765 0
      vertex 8.7 229.63 0
      vertex 11 226.63 0
    endloop
  endfacet
  facet normal 0 0 -1
    outer loop
      vertex 8.68546 229.852 0
      vertex 11 226.63 0
      vertex 8.7 229.63 0
    endloop
  endfacet
  facet normal 0 0 -1
    outer loop
      vertex 15 226.63 0
      vertex 8.68546 229.852 0
      vertex 8.64207 230.07 0
    endloop
  endfacet
  facet normal 0 0 -1
    outer loop
      vertex 15 226.63 0
      vertex 8.64207 230.07 0
      vertex 8.57059 230.281 0
    endloop
  endfacet
  facet normal 0 0 -1
    outer loop
      vertex 15 226.63 0
      vertex 8.57059 230.281 0
      vertex 8.47224 230.48 0
    endloop
  endfacet
  facet normal 0 0 -1
    outer loop
      vertex 8.3487 230.665 0
      vertex 15 226.63 0
      vertex 8.47224 230.48 0
    endloop
  endfacet
  facet normal 0 0 -1
    outer loop
      vertex 19 226.63 0
      vertex 8.3487 230.665 0
      vertex 8.20208 230.832 0
    endloop
  endfacet
  facet normal 0 0 -1
    outer loop
      vertex 19 226.63 0
      vertex 8.20208 230.832 0
      vertex 8.03489 230.979 0
    endloop
  endfacet
  facet normal 0 0 -1
    outer loop
      vertex 23 226.63 0
      vertex 8.03489 230.979 0
      vertex 7.85 231.102 0
    endloop
  endfacet
  facet normal 0 0 -1
    outer loop
      vertex 27 226.63 0
      vertex 7.85 231.102 0
      vertex 0 236.63 0
    endloop
  endfacet
  facet normal 0 0 -1
    outer loop
      vertex 0 236.63 0
      vertex 7.85 231.102 0
      vertex 7.65056 231.201 0
    endloop
  endfacet
  facet normal 0 0 -1
    outer loop
      vertex 0 236.63 0
      vertex 7.65056 231.201 0
      vertex 7.43999 231.272 0
    endloop
  endfacet
  facet normal 0 0 -1
    outer loop
      vertex 0 236.63 0
      vertex 7.43999 231.272 0
      vertex 7.22189 231.315 0
    endloop
  endfacet
  facet normal 0 0 -1
    outer loop
      vertex 0 236.63 0
      vertex 7.22189 231.315 0
      vertex 7 231.33 0
    endloop
  endfacet
  facet normal 0 0 -1
    outer loop
      vertex 75 226.63 0
      vertex 0 236.63 0
      vertex 151.9 236.63 0
    endloop
  endfacet
  facet normal 0 0 -1
    outer loop
      vertex 6.7781 231.315 0
      vertex 0 236.63 0
      vertex 7 231.33 0
    endloop
  endfacet
  facet normal 0 0 -1
    outer loop
      vertex 6.56001 231.272 0
      vertex 0 236.63 0
      vertex 6.7781 231.315 0
    endloop
  endfacet
  facet normal 0 0 -1
    outer loop
      vertex 6.34944 231.201 0
      vertex 0 236.63 0
      vertex 6.56001 231.272 0
    endloop
  endfacet
  facet normal 0 0 -1
    outer loop
      vertex 6.15 231.102 0
      vertex 0 236.63 0
      vertex 6.34944 231.201 0
    endloop
  endfacet
  facet normal 0 0 -1
    outer loop
      vertex 5.96511 230.979 0
      vertex 0 236.63 0
      vertex 6.15 231.102 0
    endloop
  endfacet
  facet normal 0 0 -1
    outer loop
      vertex 5.79792 230.832 0
      vertex 0 236.63 0
      vertex 5.96511 230.979 0
    endloop
  endfacet
  facet normal 0 0 -1
    outer loop
      vertex 5.6513 230.665 0
      vertex 0 236.63 0
      vertex 5.79792 230.832 0
    endloop
  endfacet
  facet normal 0 0 -1
    outer loop
      vertex 5.52776 230.48 0
      vertex 0 236.63 0
      vertex 5.6513 230.665 0
    endloop
  endfacet
  facet normal 0 0 -1
    outer loop
      vertex 5.4294 230.281 0
      vertex 0 236.63 0
      vertex 5.52776 230.48 0
    endloop
  endfacet
  facet normal 0 0 -1
    outer loop
      vertex 5.35793 230.07 0
      vertex 0 236.63 0
      vertex 5.4294 230.281 0
    endloop
  endfacet
  facet normal 0 0 -1
    outer loop
      vertex 5.31454 229.852 0
      vertex 0 236.63 0
      vertex 5.35793 230.07 0
    endloop
  endfacet
  facet normal 0 0 -1
    outer loop
      vertex 5.3 229.63 0
      vertex 0 236.63 0
      vertex 5.31454 229.852 0
    endloop
  endfacet
  facet normal 0 0 -1
    outer loop
      vertex 5.31454 229.408 0
      vertex 0 236.63 0
      vertex 5.3 229.63 0
    endloop
  endfacet
  facet normal 0 0 -1
    outer loop
      vertex 81.8987 103.548 0
      vertex 114.065 107.4 0
      vertex 81.95 102.765 0
    endloop
  endfacet
  facet normal 0 0 -1
    outer loop
      vertex 81.7456 104.318 0
      vertex 114.065 107.4 0
      vertex 81.8987 103.548 0
    endloop
  endfacet
  facet normal 0 0 -1
    outer loop
      vertex 81.4933 105.061 0
      vertex 114.065 107.4 0
      vertex 81.7456 104.318 0
    endloop
  endfacet
  facet normal 0 0 -1
    outer loop
      vertex 81.1461 105.765 0
      vertex 114.065 107.4 0
      vertex 81.4933 105.061 0
    endloop
  endfacet
  facet normal 0 0 -1
    outer loop
      vertex 80.7101 106.418 0
      vertex 114.065 107.4 0
      vertex 81.1461 105.765 0
    endloop
  endfacet
  facet normal 0 0 -1
    outer loop
      vertex 80.1926 107.008 0
      vertex 114.065 107.4 0
      vertex 80.7101 106.418 0
    endloop
  endfacet
  facet normal -0 0 -1
    outer loop
      vertex 114.065 107.4 0
      vertex 80.1926 107.008 0
      vertex 79.7452 107.4 0
    endloop
  endfacet
  facet normal 0 0 -1
    outer loop
      vertex 62.0698 120.938 0
      vertex 62.835 117.94 0
      vertex 62.427 119.142 0
    endloop
  endfacet
  facet normal 0 0 -1
    outer loop
      vertex 62.835 117.94 0
      vertex 62.0698 120.938 0
      vertex 62.835 127.59 0
    endloop
  endfacet
  facet normal 0 0 -1
    outer loop
      vertex 62.0698 124.592 0
      vertex 62.835 127.59 0
      vertex 62.0698 120.938 0
    endloop
  endfacet
  facet normal 0 0 -1
    outer loop
      vertex 62.835 127.59 0
      vertex 62.0698 124.592 0
      vertex 62.427 126.388 0
    endloop
  endfacet
  facet normal 0 -0 -1
    outer loop
      vertex 62.0698 124.592 0
      vertex 62.0698 120.938 0
      vertex 61.95 122.765 0
    endloop
  endfacet
  facet normal 0 0 1
    outer loop
      vertex 64.866 125.735 0
      vertex 65.635 127.737 0
      vertex 65.3485 127.156 0
    endloop
  endfacet
  facet normal 0 0 1
    outer loop
      vertex 65.635 127.737 0
      vertex 64.866 125.735 0
      vertex 65.635 117.793 0
    endloop
  endfacet
  facet normal -0 0 1
    outer loop
      vertex 64.866 119.795 0
      vertex 65.635 117.793 0
      vertex 64.866 125.735 0
    endloop
  endfacet
  facet normal 0 0 1
    outer loop
      vertex 65.635 117.793 0
      vertex 64.866 119.795 0
      vertex 65.3485 118.374 0
    endloop
  endfacet
  facet normal -0 0 1
    outer loop
      vertex 64.5732 124.263 0
      vertex 64.866 119.795 0
      vertex 64.866 125.735 0
    endloop
  endfacet
  facet normal 0 0 1
    outer loop
      vertex 64.5732 124.263 0
      vertex 64.5732 121.267 0
      vertex 64.866 119.795 0
    endloop
  endfacet
  facet normal 0 -0 1
    outer loop
      vertex 64.5732 121.267 0
      vertex 64.5732 124.263 0
      vertex 64.475 122.765 0
    endloop
  endfacet
  facet normal 0 -1 0
    outer loop
      vertex 0 40 0
      vertex 151.9 40 4
      vertex 0 40 4
    endloop
  endfacet
  facet normal 0 -1 -0
    outer loop
      vertex 151.9 40 4
      vertex 0 40 0
      vertex 151.9 40 0
    endloop
  endfacet
  facet normal 0 1 -0
    outer loop
      vertex 151.9 236.63 0
      vertex 0 236.63 4
      vertex 151.9 236.63 4
    endloop
  endfacet
  facet normal 0 1 0
    outer loop
      vertex 0 236.63 4
      vertex 151.9 236.63 0
      vertex 0 236.63 0
    endloop
  endfacet
  facet normal -0.99786 -0.0653848 0
    outer loop
      vertex 8.7 47 0
      vertex 8.68546 47.2219 4
      vertex 8.68546 47.2219 0
    endloop
  endfacet
  facet normal -0.99786 -0.0653848 0
    outer loop
      vertex 8.68546 47.2219 4
      vertex 8.7 47 0
      vertex 8.7 47 4
    endloop
  endfacet
  facet normal 0.0652057 -0.997872 0
    outer loop
      vertex 6.7781 48.6855 0
      vertex 7 48.7 4
      vertex 6.7781 48.6855 4
    endloop
  endfacet
  facet normal 0.0652057 -0.997872 0
    outer loop
      vertex 7 48.7 4
      vertex 6.7781 48.6855 0
      vertex 7 48.7 0
    endloop
  endfacet
  facet normal -0.0652086 0.997872 0
    outer loop
      vertex 7.22189 45.3145 0
      vertex 7 45.3 4
      vertex 7.22189 45.3145 4
    endloop
  endfacet
  facet normal -0.0652086 0.997872 0
    outer loop
      vertex 7 45.3 4
      vertex 7.22189 45.3145 0
      vertex 7 45.3 0
    endloop
  endfacet
  facet normal -0.659291 -0.751888 0
    outer loop
      vertex 8.03489 48.3487 0
      vertex 8.20208 48.2021 4
      vertex 8.03489 48.3487 4
    endloop
  endfacet
  facet normal -0.659291 -0.751888 -0
    outer loop
      vertex 8.20208 48.2021 4
      vertex 8.03489 48.3487 0
      vertex 8.20208 48.2021 0
    endloop
  endfacet
  facet normal 0.751863 -0.659319 0
    outer loop
      vertex 5.6513 48.0349 4
      vertex 5.79792 48.2021 0
      vertex 5.79792 48.2021 4
    endloop
  endfacet
  facet normal 0.751863 -0.659319 0
    outer loop
      vertex 5.79792 48.2021 0
      vertex 5.6513 48.0349 4
      vertex 5.6513 48.0349 0
    endloop
  endfacet
  facet normal 0.442459 -0.896789 0
    outer loop
      vertex 6.15 48.4722 0
      vertex 6.34944 48.5706 4
      vertex 6.15 48.4722 4
    endloop
  endfacet
  facet normal 0.442459 -0.896789 0
    outer loop
      vertex 6.34944 48.5706 4
      vertex 6.15 48.4722 0
      vertex 6.34944 48.5706 0
    endloop
  endfacet
  facet normal -0.896843 -0.442349 0
    outer loop
      vertex 8.57059 47.6506 0
      vertex 8.47224 47.85 4
      vertex 8.47224 47.85 0
    endloop
  endfacet
  facet normal -0.896843 -0.442349 0
    outer loop
      vertex 8.47224 47.85 4
      vertex 8.57059 47.6506 0
      vertex 8.57059 47.6506 4
    endloop
  endfacet
  facet normal -0.980779 -0.195122 0
    outer loop
      vertex 8.68546 47.2219 0
      vertex 8.64207 47.44 4
      vertex 8.64207 47.44 0
    endloop
  endfacet
  facet normal -0.980779 -0.195122 0
    outer loop
      vertex 8.64207 47.44 4
      vertex 8.68546 47.2219 0
      vertex 8.68546 47.2219 4
    endloop
  endfacet
  facet normal -0.831483 -0.555551 0
    outer loop
      vertex 8.47224 47.85 0
      vertex 8.3487 48.0349 4
      vertex 8.3487 48.0349 0
    endloop
  endfacet
  facet normal -0.831483 -0.555551 0
    outer loop
      vertex 8.3487 48.0349 4
      vertex 8.47224 47.85 0
      vertex 8.47224 47.85 4
    endloop
  endfacet
  facet normal -0.321525 -0.946901 0
    outer loop
      vertex 7.43999 48.6421 0
      vertex 7.65056 48.5706 4
      vertex 7.43999 48.6421 4
    endloop
  endfacet
  facet normal -0.321525 -0.946901 -0
    outer loop
      vertex 7.65056 48.5706 4
      vertex 7.43999 48.6421 0
      vertex 7.65056 48.5706 0
    endloop
  endfacet
  facet normal -0.442459 -0.896789 0
    outer loop
      vertex 7.65056 48.5706 0
      vertex 7.85 48.4722 4
      vertex 7.65056 48.5706 4
    endloop
  endfacet
  facet normal -0.442459 -0.896789 -0
    outer loop
      vertex 7.85 48.4722 4
      vertex 7.65056 48.5706 0
      vertex 7.85 48.4722 0
    endloop
  endfacet
  facet normal 0.946956 -0.321363 0
    outer loop
      vertex 5.35793 47.44 4
      vertex 5.4294 47.6506 0
      vertex 5.4294 47.6506 4
    endloop
  endfacet
  facet normal 0.946956 -0.321363 0
    outer loop
      vertex 5.4294 47.6506 0
      vertex 5.35793 47.44 4
      vertex 5.35793 47.44 0
    endloop
  endfacet
  facet normal 0.555447 -0.831552 0
    outer loop
      vertex 5.96511 48.3487 0
      vertex 6.15 48.4722 4
      vertex 5.96511 48.3487 4
    endloop
  endfacet
  facet normal 0.555447 -0.831552 0
    outer loop
      vertex 6.15 48.4722 4
      vertex 5.96511 48.3487 0
      vertex 6.15 48.4722 0
    endloop
  endfacet
  facet normal 0.195173 -0.980769 0
    outer loop
      vertex 6.56001 48.6421 0
      vertex 6.7781 48.6855 4
      vertex 6.56001 48.6421 4
    endloop
  endfacet
  facet normal 0.195173 -0.980769 0
    outer loop
      vertex 6.7781 48.6855 4
      vertex 6.56001 48.6421 0
      vertex 6.7781 48.6855 0
    endloop
  endfacet
  facet normal -0.195165 0.98077 0
    outer loop
      vertex 7.43999 45.3579 0
      vertex 7.22189 45.3145 4
      vertex 7.43999 45.3579 4
    endloop
  endfacet
  facet normal -0.195165 0.98077 0
    outer loop
      vertex 7.22189 45.3145 4
      vertex 7.43999 45.3579 0
      vertex 7.22189 45.3145 0
    endloop
  endfacet
  facet normal -0.442459 0.896789 0
    outer loop
      vertex 7.85 45.5278 0
      vertex 7.65056 45.4294 4
      vertex 7.85 45.5278 4
    endloop
  endfacet
  facet normal -0.442459 0.896789 0
    outer loop
      vertex 7.65056 45.4294 4
      vertex 7.85 45.5278 0
      vertex 7.65056 45.4294 0
    endloop
  endfacet
  facet normal -0.946943 -0.321403 0
    outer loop
      vertex 8.64207 47.44 0
      vertex 8.57059 47.6506 4
      vertex 8.57059 47.6506 0
    endloop
  endfacet
  facet normal -0.946943 -0.321403 0
    outer loop
      vertex 8.57059 47.6506 4
      vertex 8.64207 47.44 0
      vertex 8.64207 47.44 4
    endloop
  endfacet
  facet normal -0.751863 -0.659319 0
    outer loop
      vertex 8.3487 48.0349 0
      vertex 8.20208 48.2021 4
      vertex 8.20208 48.2021 0
    endloop
  endfacet
  facet normal -0.751863 -0.659319 0
    outer loop
      vertex 8.20208 48.2021 4
      vertex 8.3487 48.0349 0
      vertex 8.3487 48.0349 4
    endloop
  endfacet
  facet normal -0.195165 -0.98077 0
    outer loop
      vertex 7.22189 48.6855 0
      vertex 7.43999 48.6421 4
      vertex 7.22189 48.6855 4
    endloop
  endfacet
  facet normal -0.195165 -0.98077 -0
    outer loop
      vertex 7.43999 48.6421 4
      vertex 7.22189 48.6855 0
      vertex 7.43999 48.6421 0
    endloop
  endfacet
  facet normal -0.0652086 -0.997872 0
    outer loop
      vertex 7 48.7 0
      vertex 7.22189 48.6855 4
      vertex 7 48.7 4
    endloop
  endfacet
  facet normal -0.0652086 -0.997872 -0
    outer loop
      vertex 7.22189 48.6855 4
      vertex 7 48.7 0
      vertex 7.22189 48.6855 0
    endloop
  endfacet
  facet normal -0.555447 -0.831552 0
    outer loop
      vertex 7.85 48.4722 0
      vertex 8.03489 48.3487 4
      vertex 7.85 48.4722 4
    endloop
  endfacet
  facet normal -0.555447 -0.831552 -0
    outer loop
      vertex 8.03489 48.3487 4
      vertex 7.85 48.4722 0
      vertex 8.03489 48.3487 0
    endloop
  endfacet
  facet normal 0.896825 -0.442386 0
    outer loop
      vertex 5.4294 47.6506 4
      vertex 5.52776 47.85 0
      vertex 5.52776 47.85 4
    endloop
  endfacet
  facet normal 0.896825 -0.442386 0
    outer loop
      vertex 5.52776 47.85 0
      vertex 5.4294 47.6506 4
      vertex 5.4294 47.6506 0
    endloop
  endfacet
  facet normal 0.831483 -0.555551 0
    outer loop
      vertex 5.52776 47.85 4
      vertex 5.6513 48.0349 0
      vertex 5.6513 48.0349 4
    endloop
  endfacet
  facet normal 0.831483 -0.555551 0
    outer loop
      vertex 5.6513 48.0349 0
      vertex 5.52776 47.85 4
      vertex 5.52776 47.85 0
    endloop
  endfacet
  facet normal 0.980779 -0.195122 0
    outer loop
      vertex 5.31454 47.2219 4
      vertex 5.35793 47.44 0
      vertex 5.35793 47.44 4
    endloop
  endfacet
  facet normal 0.980779 -0.195122 0
    outer loop
      vertex 5.35793 47.44 0
      vertex 5.31454 47.2219 4
      vertex 5.31454 47.2219 0
    endloop
  endfacet
  facet normal 0.99786 -0.0653848 0
    outer loop
      vertex 5.3 47 4
      vertex 5.31454 47.2219 0
      vertex 5.31454 47.2219 4
    endloop
  endfacet
  facet normal 0.99786 -0.0653848 0
    outer loop
      vertex 5.31454 47.2219 0
      vertex 5.3 47 4
      vertex 5.3 47 0
    endloop
  endfacet
  facet normal 0.99786 0.0653848 0
    outer loop
      vertex 5.31454 46.7781 4
      vertex 5.3 47 0
      vertex 5.3 47 4
    endloop
  endfacet
  facet normal 0.99786 0.0653848 0
    outer loop
      vertex 5.3 47 0
      vertex 5.31454 46.7781 4
      vertex 5.31454 46.7781 0
    endloop
  endfacet
  facet normal 0.659291 -0.751888 0
    outer loop
      vertex 5.79792 48.2021 0
      vertex 5.96511 48.3487 4
      vertex 5.79792 48.2021 4
    endloop
  endfacet
  facet normal 0.659291 -0.751888 0
    outer loop
      vertex 5.96511 48.3487 4
      vertex 5.79792 48.2021 0
      vertex 5.96511 48.3487 0
    endloop
  endfacet
  facet normal 0.321525 -0.946901 0
    outer loop
      vertex 6.34944 48.5706 0
      vertex 6.56001 48.6421 4
      vertex 6.34944 48.5706 4
    endloop
  endfacet
  facet normal 0.321525 -0.946901 0
    outer loop
      vertex 6.56001 48.6421 4
      vertex 6.34944 48.5706 0
      vertex 6.56001 48.6421 0
    endloop
  endfacet
  facet normal -0.99786 0.0653848 0
    outer loop
      vertex 8.68546 46.7781 0
      vertex 8.7 47 4
      vertex 8.7 47 0
    endloop
  endfacet
  facet normal -0.99786 0.0653848 0
    outer loop
      vertex 8.7 47 4
      vertex 8.68546 46.7781 0
      vertex 8.68546 46.7781 4
    endloop
  endfacet
  facet normal -0.946943 0.321403 0
    outer loop
      vertex 8.57059 46.3494 0
      vertex 8.64207 46.56 4
      vertex 8.64207 46.56 0
    endloop
  endfacet
  facet normal -0.946943 0.321403 0
    outer loop
      vertex 8.64207 46.56 4
      vertex 8.57059 46.3494 0
      vertex 8.57059 46.3494 4
    endloop
  endfacet
  facet normal -0.980779 0.195122 0
    outer loop
      vertex 8.64207 46.56 0
      vertex 8.68546 46.7781 4
      vertex 8.68546 46.7781 0
    endloop
  endfacet
  facet normal -0.980779 0.195122 0
    outer loop
      vertex 8.68546 46.7781 4
      vertex 8.64207 46.56 0
      vertex 8.64207 46.56 4
    endloop
  endfacet
  facet normal 0.555447 0.831552 -0
    outer loop
      vertex 6.15 45.5278 0
      vertex 5.96511 45.6513 4
      vertex 6.15 45.5278 4
    endloop
  endfacet
  facet normal 0.555447 0.831552 0
    outer loop
      vertex 5.96511 45.6513 4
      vertex 6.15 45.5278 0
      vertex 5.96511 45.6513 0
    endloop
  endfacet
  facet normal 0.831483 0.555551 0
    outer loop
      vertex 5.6513 45.9651 4
      vertex 5.52776 46.15 0
      vertex 5.52776 46.15 4
    endloop
  endfacet
  facet normal 0.831483 0.555551 0
    outer loop
      vertex 5.52776 46.15 0
      vertex 5.6513 45.9651 4
      vertex 5.6513 45.9651 0
    endloop
  endfacet
  facet normal 0.751863 0.659319 0
    outer loop
      vertex 5.79792 45.7979 4
      vertex 5.6513 45.9651 0
      vertex 5.6513 45.9651 4
    endloop
  endfacet
  facet normal 0.751863 0.659319 0
    outer loop
      vertex 5.6513 45.9651 0
      vertex 5.79792 45.7979 4
      vertex 5.79792 45.7979 0
    endloop
  endfacet
  facet normal -0.555447 0.831552 0
    outer loop
      vertex 8.03489 45.6513 0
      vertex 7.85 45.5278 4
      vertex 8.03489 45.6513 4
    endloop
  endfacet
  facet normal -0.555447 0.831552 0
    outer loop
      vertex 7.85 45.5278 4
      vertex 8.03489 45.6513 0
      vertex 7.85 45.5278 0
    endloop
  endfacet
  facet normal 0.195173 0.980769 -0
    outer loop
      vertex 6.7781 45.3145 0
      vertex 6.56001 45.3579 4
      vertex 6.7781 45.3145 4
    endloop
  endfacet
  facet normal 0.195173 0.980769 0
    outer loop
      vertex 6.56001 45.3579 4
      vertex 6.7781 45.3145 0
      vertex 6.56001 45.3579 0
    endloop
  endfacet
  facet normal 0.659291 0.751888 -0
    outer loop
      vertex 5.96511 45.6513 0
      vertex 5.79792 45.7979 4
      vertex 5.96511 45.6513 4
    endloop
  endfacet
  facet normal 0.659291 0.751888 0
    outer loop
      vertex 5.79792 45.7979 4
      vertex 5.96511 45.6513 0
      vertex 5.79792 45.7979 0
    endloop
  endfacet
  facet normal 0.946956 0.321363 0
    outer loop
      vertex 5.4294 46.3494 4
      vertex 5.35793 46.56 0
      vertex 5.35793 46.56 4
    endloop
  endfacet
  facet normal 0.946956 0.321363 0
    outer loop
      vertex 5.35793 46.56 0
      vertex 5.4294 46.3494 4
      vertex 5.4294 46.3494 0
    endloop
  endfacet
  facet normal 0.980779 0.195122 0
    outer loop
      vertex 5.35793 46.56 4
      vertex 5.31454 46.7781 0
      vertex 5.31454 46.7781 4
    endloop
  endfacet
  facet normal 0.980779 0.195122 0
    outer loop
      vertex 5.31454 46.7781 0
      vertex 5.35793 46.56 4
      vertex 5.35793 46.56 0
    endloop
  endfacet
  facet normal 0.896825 0.442386 0
    outer loop
      vertex 5.52776 46.15 4
      vertex 5.4294 46.3494 0
      vertex 5.4294 46.3494 4
    endloop
  endfacet
  facet normal 0.896825 0.442386 0
    outer loop
      vertex 5.4294 46.3494 0
      vertex 5.52776 46.15 4
      vertex 5.52776 46.15 0
    endloop
  endfacet
  facet normal -0.659291 0.751888 0
    outer loop
      vertex 8.20208 45.7979 0
      vertex 8.03489 45.6513 4
      vertex 8.20208 45.7979 4
    endloop
  endfacet
  facet normal -0.659291 0.751888 0
    outer loop
      vertex 8.03489 45.6513 4
      vertex 8.20208 45.7979 0
      vertex 8.03489 45.6513 0
    endloop
  endfacet
  facet normal -0.321525 0.946901 0
    outer loop
      vertex 7.65056 45.4294 0
      vertex 7.43999 45.3579 4
      vertex 7.65056 45.4294 4
    endloop
  endfacet
  facet normal -0.321525 0.946901 0
    outer loop
      vertex 7.43999 45.3579 4
      vertex 7.65056 45.4294 0
      vertex 7.43999 45.3579 0
    endloop
  endfacet
  facet normal -0.896843 0.442349 0
    outer loop
      vertex 8.47224 46.15 0
      vertex 8.57059 46.3494 4
      vertex 8.57059 46.3494 0
    endloop
  endfacet
  facet normal -0.896843 0.442349 0
    outer loop
      vertex 8.57059 46.3494 4
      vertex 8.47224 46.15 0
      vertex 8.47224 46.15 4
    endloop
  endfacet
  facet normal -0.831483 0.555551 0
    outer loop
      vertex 8.3487 45.9651 0
      vertex 8.47224 46.15 4
      vertex 8.47224 46.15 0
    endloop
  endfacet
  facet normal -0.831483 0.555551 0
    outer loop
      vertex 8.47224 46.15 4
      vertex 8.3487 45.9651 0
      vertex 8.3487 45.9651 4
    endloop
  endfacet
  facet normal 0.0652057 0.997872 -0
    outer loop
      vertex 7 45.3 0
      vertex 6.7781 45.3145 4
      vertex 7 45.3 4
    endloop
  endfacet
  facet normal 0.0652057 0.997872 0
    outer loop
      vertex 6.7781 45.3145 4
      vertex 7 45.3 0
      vertex 6.7781 45.3145 0
    endloop
  endfacet
  facet normal 0.442459 0.896789 -0
    outer loop
      vertex 6.34944 45.4294 0
      vertex 6.15 45.5278 4
      vertex 6.34944 45.4294 4
    endloop
  endfacet
  facet normal 0.442459 0.896789 0
    outer loop
      vertex 6.15 45.5278 4
      vertex 6.34944 45.4294 0
      vertex 6.15 45.5278 0
    endloop
  endfacet
  facet normal 0.321525 0.946901 -0
    outer loop
      vertex 6.56001 45.3579 0
      vertex 6.34944 45.4294 4
      vertex 6.56001 45.3579 4
    endloop
  endfacet
  facet normal 0.321525 0.946901 0
    outer loop
      vertex 6.34944 45.4294 4
      vertex 6.56001 45.3579 0
      vertex 6.34944 45.4294 0
    endloop
  endfacet
  facet normal -0.751863 0.659319 0
    outer loop
      vertex 8.20208 45.7979 0
      vertex 8.3487 45.9651 4
      vertex 8.3487 45.9651 0
    endloop
  endfacet
  facet normal -0.751863 0.659319 0
    outer loop
      vertex 8.3487 45.9651 4
      vertex 8.20208 45.7979 0
      vertex 8.20208 45.7979 4
    endloop
  endfacet
  facet normal -0.997862 -0.0653555 0
    outer loop
      vertex 8.7 229.63 0
      vertex 8.68546 229.852 4
      vertex 8.68546 229.852 0
    endloop
  endfacet
  facet normal -0.997862 -0.0653555 0
    outer loop
      vertex 8.68546 229.852 4
      vertex 8.7 229.63 0
      vertex 8.7 229.63 4
    endloop
  endfacet
  facet normal 0.997862 -0.0653555 0
    outer loop
      vertex 5.3 229.63 4
      vertex 5.31454 229.852 0
      vertex 5.31454 229.852 4
    endloop
  endfacet
  facet normal 0.997862 -0.0653555 0
    outer loop
      vertex 5.31454 229.852 0
      vertex 5.3 229.63 4
      vertex 5.3 229.63 0
    endloop
  endfacet
  facet normal -0.0674471 -0.997723 0
    outer loop
      vertex 7 231.33 0
      vertex 7.22189 231.315 4
      vertex 7 231.33 4
    endloop
  endfacet
  facet normal -0.0674471 -0.997723 -0
    outer loop
      vertex 7.22189 231.315 4
      vertex 7 231.33 0
      vertex 7.22189 231.315 0
    endloop
  endfacet
  facet normal -0.0674471 0.997723 0
    outer loop
      vertex 7.22189 227.945 0
      vertex 7 227.93 4
      vertex 7.22189 227.945 4
    endloop
  endfacet
  facet normal -0.0674471 0.997723 0
    outer loop
      vertex 7 227.93 4
      vertex 7.22189 227.945 0
      vertex 7 227.93 0
    endloop
  endfacet
  facet normal -0.751472 0.659765 0
    outer loop
      vertex 8.20208 228.428 0
      vertex 8.3487 228.595 4
      vertex 8.3487 228.595 0
    endloop
  endfacet
  facet normal -0.751472 0.659765 0
    outer loop
      vertex 8.3487 228.595 4
      vertex 8.20208 228.428 0
      vertex 8.20208 228.428 4
    endloop
  endfacet
  facet normal -0.660306 -0.750997 0
    outer loop
      vertex 8.03489 230.979 0
      vertex 8.20208 230.832 4
      vertex 8.03489 230.979 4
    endloop
  endfacet
  facet normal -0.660306 -0.750997 -0
    outer loop
      vertex 8.20208 230.832 4
      vertex 8.03489 230.979 0
      vertex 8.20208 230.832 0
    endloop
  endfacet
  facet normal 0.660306 -0.750997 0
    outer loop
      vertex 5.79792 230.832 0
      vertex 5.96511 230.979 4
      vertex 5.79792 230.832 4
    endloop
  endfacet
  facet normal 0.660306 -0.750997 0
    outer loop
      vertex 5.96511 230.979 4
      vertex 5.79792 230.832 0
      vertex 5.96511 230.979 0
    endloop
  endfacet
  facet normal 0.319506 -0.947584 0
    outer loop
      vertex 6.34944 231.201 0
      vertex 6.56001 231.272 4
      vertex 6.34944 231.201 4
    endloop
  endfacet
  facet normal 0.319506 -0.947584 0
    outer loop
      vertex 6.56001 231.272 4
      vertex 6.34944 231.201 0
      vertex 6.56001 231.272 0
    endloop
  endfacet
  facet normal -0.89649 -0.443064 0
    outer loop
      vertex 8.57059 230.281 0
      vertex 8.47224 230.48 4
      vertex 8.47224 230.48 0
    endloop
  endfacet
  facet normal -0.89649 -0.443064 0
    outer loop
      vertex 8.47224 230.48 4
      vertex 8.57059 230.281 0
      vertex 8.57059 230.281 4
    endloop
  endfacet
  facet normal -0.980762 -0.195208 0
    outer loop
      vertex 8.68546 229.852 0
      vertex 8.64207 230.07 4
      vertex 8.64207 230.07 0
    endloop
  endfacet
  facet normal -0.980762 -0.195208 0
    outer loop
      vertex 8.64207 230.07 4
      vertex 8.68546 229.852 0
      vertex 8.68546 229.852 4
    endloop
  endfacet
  facet normal -0.831621 -0.555343 0
    outer loop
      vertex 8.47224 230.48 0
      vertex 8.3487 230.665 4
      vertex 8.3487 230.665 0
    endloop
  endfacet
  facet normal -0.831621 -0.555343 0
    outer loop
      vertex 8.3487 230.665 4
      vertex 8.47224 230.48 0
      vertex 8.47224 230.48 4
    endloop
  endfacet
  facet normal -0.319506 -0.947584 0
    outer loop
      vertex 7.43999 231.272 0
      vertex 7.65056 231.201 4
      vertex 7.43999 231.272 4
    endloop
  endfacet
  facet normal -0.319506 -0.947584 -0
    outer loop
      vertex 7.65056 231.201 4
      vertex 7.43999 231.272 0
      vertex 7.65056 231.201 0
    endloop
  endfacet
  facet normal -0.193434 -0.981113 0
    outer loop
      vertex 7.22189 231.315 0
      vertex 7.43999 231.272 4
      vertex 7.22189 231.315 4
    endloop
  endfacet
  facet normal -0.193434 -0.981113 -0
    outer loop
      vertex 7.43999 231.272 4
      vertex 7.22189 231.315 0
      vertex 7.43999 231.272 0
    endloop
  endfacet
  facet normal -0.444625 -0.895717 0
    outer loop
      vertex 7.65056 231.201 0
      vertex 7.85 231.102 4
      vertex 7.65056 231.201 4
    endloop
  endfacet
  facet normal -0.444625 -0.895717 -0
    outer loop
      vertex 7.85 231.102 4
      vertex 7.65056 231.201 0
      vertex 7.85 231.102 0
    endloop
  endfacet
  facet normal 0.831621 -0.555343 0
    outer loop
      vertex 5.52776 230.48 4
      vertex 5.6513 230.665 0
      vertex 5.6513 230.665 4
    endloop
  endfacet
  facet normal 0.831621 -0.555343 0
    outer loop
      vertex 5.6513 230.665 0
      vertex 5.52776 230.48 4
      vertex 5.52776 230.48 0
    endloop
  endfacet
  facet normal 0.751472 -0.659765 0
    outer loop
      vertex 5.6513 230.665 4
      vertex 5.79792 230.832 0
      vertex 5.79792 230.832 4
    endloop
  endfacet
  facet normal 0.751472 -0.659765 0
    outer loop
      vertex 5.79792 230.832 0
      vertex 5.6513 230.665 4
      vertex 5.6513 230.665 0
    endloop
  endfacet
  facet normal 0.947141 -0.320816 0
    outer loop
      vertex 5.35793 230.07 4
      vertex 5.4294 230.281 0
      vertex 5.4294 230.281 4
    endloop
  endfacet
  facet normal 0.947141 -0.320816 0
    outer loop
      vertex 5.4294 230.281 0
      vertex 5.35793 230.07 4
      vertex 5.35793 230.07 0
    endloop
  endfacet
  facet normal 0.553889 -0.83259 0
    outer loop
      vertex 5.96511 230.979 0
      vertex 6.15 231.102 4
      vertex 5.96511 230.979 4
    endloop
  endfacet
  facet normal 0.553889 -0.83259 0
    outer loop
      vertex 6.15 231.102 4
      vertex 5.96511 230.979 0
      vertex 6.15 231.102 0
    endloop
  endfacet
  facet normal 0.193442 -0.981112 0
    outer loop
      vertex 6.56001 231.272 0
      vertex 6.7781 231.315 4
      vertex 6.56001 231.272 4
    endloop
  endfacet
  facet normal 0.193442 -0.981112 0
    outer loop
      vertex 6.7781 231.315 4
      vertex 6.56001 231.272 0
      vertex 6.7781 231.315 0
    endloop
  endfacet
  facet normal -0.193434 0.981113 0
    outer loop
      vertex 7.43999 227.988 0
      vertex 7.22189 227.945 4
      vertex 7.43999 227.988 4
    endloop
  endfacet
  facet normal -0.193434 0.981113 0
    outer loop
      vertex 7.22189 227.945 4
      vertex 7.43999 227.988 0
      vertex 7.22189 227.945 0
    endloop
  endfacet
  facet normal -0.947128 -0.320856 0
    outer loop
      vertex 8.64207 230.07 0
      vertex 8.57059 230.281 4
      vertex 8.57059 230.281 0
    endloop
  endfacet
  facet normal -0.947128 -0.320856 0
    outer loop
      vertex 8.57059 230.281 4
      vertex 8.64207 230.07 0
      vertex 8.64207 230.07 4
    endloop
  endfacet
  facet normal -0.751472 -0.659765 0
    outer loop
      vertex 8.3487 230.665 0
      vertex 8.20208 230.832 4
      vertex 8.20208 230.832 0
    endloop
  endfacet
  facet normal -0.751472 -0.659765 0
    outer loop
      vertex 8.20208 230.832 4
      vertex 8.3487 230.665 0
      vertex 8.3487 230.665 4
    endloop
  endfacet
  facet normal -0.553889 -0.83259 0
    outer loop
      vertex 7.85 231.102 0
      vertex 8.03489 230.979 4
      vertex 7.85 231.102 4
    endloop
  endfacet
  facet normal -0.553889 -0.83259 -0
    outer loop
      vertex 8.03489 230.979 4
      vertex 7.85 231.102 0
      vertex 8.03489 230.979 0
    endloop
  endfacet
  facet normal 0.896472 -0.4431 0
    outer loop
      vertex 5.4294 230.281 4
      vertex 5.52776 230.48 0
      vertex 5.52776 230.48 4
    endloop
  endfacet
  facet normal 0.896472 -0.4431 0
    outer loop
      vertex 5.52776 230.48 0
      vertex 5.4294 230.281 4
      vertex 5.4294 230.281 0
    endloop
  endfacet
  facet normal 0.980762 -0.195208 0
    outer loop
      vertex 5.31454 229.852 4
      vertex 5.35793 230.07 0
      vertex 5.35793 230.07 4
    endloop
  endfacet
  facet normal 0.980762 -0.195208 0
    outer loop
      vertex 5.35793 230.07 0
      vertex 5.31454 229.852 4
      vertex 5.31454 229.852 0
    endloop
  endfacet
  facet normal 0.0674441 -0.997723 0
    outer loop
      vertex 6.7781 231.315 0
      vertex 7 231.33 4
      vertex 6.7781 231.315 4
    endloop
  endfacet
  facet normal 0.0674441 -0.997723 0
    outer loop
      vertex 7 231.33 4
      vertex 6.7781 231.315 0
      vertex 7 231.33 0
    endloop
  endfacet
  facet normal -0.997862 0.0653555 0
    outer loop
      vertex 8.68546 229.408 0
      vertex 8.7 229.63 4
      vertex 8.7 229.63 0
    endloop
  endfacet
  facet normal -0.997862 0.0653555 0
    outer loop
      vertex 8.7 229.63 4
      vertex 8.68546 229.408 0
      vertex 8.68546 229.408 4
    endloop
  endfacet
  facet normal -0.947128 0.320856 0
    outer loop
      vertex 8.57059 228.979 0
      vertex 8.64207 229.19 4
      vertex 8.64207 229.19 0
    endloop
  endfacet
  facet normal -0.947128 0.320856 0
    outer loop
      vertex 8.64207 229.19 4
      vertex 8.57059 228.979 0
      vertex 8.57059 228.979 4
    endloop
  endfacet
  facet normal -0.980762 0.195208 0
    outer loop
      vertex 8.64207 229.19 0
      vertex 8.68546 229.408 4
      vertex 8.68546 229.408 0
    endloop
  endfacet
  facet normal -0.980762 0.195208 0
    outer loop
      vertex 8.68546 229.408 4
      vertex 8.64207 229.19 0
      vertex 8.64207 229.19 4
    endloop
  endfacet
  facet normal -0.553889 0.83259 0
    outer loop
      vertex 8.03489 228.281 0
      vertex 7.85 228.158 4
      vertex 8.03489 228.281 4
    endloop
  endfacet
  facet normal -0.553889 0.83259 0
    outer loop
      vertex 7.85 228.158 4
      vertex 8.03489 228.281 0
      vertex 7.85 228.158 0
    endloop
  endfacet
  facet normal -0.444625 0.895717 0
    outer loop
      vertex 7.85 228.158 0
      vertex 7.65056 228.059 4
      vertex 7.85 228.158 4
    endloop
  endfacet
  facet normal -0.444625 0.895717 0
    outer loop
      vertex 7.65056 228.059 4
      vertex 7.85 228.158 0
      vertex 7.65056 228.059 0
    endloop
  endfacet
  facet normal 0.444625 -0.895717 0
    outer loop
      vertex 6.15 231.102 0
      vertex 6.34944 231.201 4
      vertex 6.15 231.102 4
    endloop
  endfacet
  facet normal 0.444625 -0.895717 0
    outer loop
      vertex 6.34944 231.201 4
      vertex 6.15 231.102 0
      vertex 6.34944 231.201 0
    endloop
  endfacet
  facet normal 0.319506 0.947584 -0
    outer loop
      vertex 6.56001 227.988 0
      vertex 6.34944 228.059 4
      vertex 6.56001 227.988 4
    endloop
  endfacet
  facet normal 0.319506 0.947584 0
    outer loop
      vertex 6.34944 228.059 4
      vertex 6.56001 227.988 0
      vertex 6.34944 228.059 0
    endloop
  endfacet
  facet normal 0.751472 0.659765 0
    outer loop
      vertex 5.79792 228.428 4
      vertex 5.6513 228.595 0
      vertex 5.6513 228.595 4
    endloop
  endfacet
  facet normal 0.751472 0.659765 0
    outer loop
      vertex 5.6513 228.595 0
      vertex 5.79792 228.428 4
      vertex 5.79792 228.428 0
    endloop
  endfacet
  facet normal 0.947141 0.320816 0
    outer loop
      vertex 5.4294 228.979 4
      vertex 5.35793 229.19 0
      vertex 5.35793 229.19 4
    endloop
  endfacet
  facet normal 0.947141 0.320816 0
    outer loop
      vertex 5.35793 229.19 0
      vertex 5.4294 228.979 4
      vertex 5.4294 228.979 0
    endloop
  endfacet
  facet normal -0.660306 0.750997 0
    outer loop
      vertex 8.20208 228.428 0
      vertex 8.03489 228.281 4
      vertex 8.20208 228.428 4
    endloop
  endfacet
  facet normal -0.660306 0.750997 0
    outer loop
      vertex 8.03489 228.281 4
      vertex 8.20208 228.428 0
      vertex 8.03489 228.281 0
    endloop
  endfacet
  facet normal -0.319506 0.947584 0
    outer loop
      vertex 7.65056 228.059 0
      vertex 7.43999 227.988 4
      vertex 7.65056 228.059 4
    endloop
  endfacet
  facet normal -0.319506 0.947584 0
    outer loop
      vertex 7.43999 227.988 4
      vertex 7.65056 228.059 0
      vertex 7.43999 227.988 0
    endloop
  endfacet
  facet normal -0.89649 0.443064 0
    outer loop
      vertex 8.47224 228.78 0
      vertex 8.57059 228.979 4
      vertex 8.57059 228.979 0
    endloop
  endfacet
  facet normal -0.89649 0.443064 0
    outer loop
      vertex 8.57059 228.979 4
      vertex 8.47224 228.78 0
      vertex 8.47224 228.78 4
    endloop
  endfacet
  facet normal -0.831621 0.555343 0
    outer loop
      vertex 8.3487 228.595 0
      vertex 8.47224 228.78 4
      vertex 8.47224 228.78 0
    endloop
  endfacet
  facet normal -0.831621 0.555343 0
    outer loop
      vertex 8.47224 228.78 4
      vertex 8.3487 228.595 0
      vertex 8.3487 228.595 4
    endloop
  endfacet
  facet normal 0.553889 0.83259 -0
    outer loop
      vertex 6.15 228.158 0
      vertex 5.96511 228.281 4
      vertex 6.15 228.158 4
    endloop
  endfacet
  facet normal 0.553889 0.83259 0
    outer loop
      vertex 5.96511 228.281 4
      vertex 6.15 228.158 0
      vertex 5.96511 228.281 0
    endloop
  endfacet
  facet normal 0.193442 0.981112 -0
    outer loop
      vertex 6.7781 227.945 0
      vertex 6.56001 227.988 4
      vertex 6.7781 227.945 4
    endloop
  endfacet
  facet normal 0.193442 0.981112 0
    outer loop
      vertex 6.56001 227.988 4
      vertex 6.7781 227.945 0
      vertex 6.56001 227.988 0
    endloop
  endfacet
  facet normal 0.660306 0.750997 -0
    outer loop
      vertex 5.96511 228.281 0
      vertex 5.79792 228.428 4
      vertex 5.96511 228.281 4
    endloop
  endfacet
  facet normal 0.660306 0.750997 0
    outer loop
      vertex 5.79792 228.428 4
      vertex 5.96511 228.281 0
      vertex 5.79792 228.428 0
    endloop
  endfacet
  facet normal 0.896472 0.4431 0
    outer loop
      vertex 5.52776 228.78 4
      vertex 5.4294 228.979 0
      vertex 5.4294 228.979 4
    endloop
  endfacet
  facet normal 0.896472 0.4431 0
    outer loop
      vertex 5.4294 228.979 0
      vertex 5.52776 228.78 4
      vertex 5.52776 228.78 0
    endloop
  endfacet
  facet normal 0.980762 0.195208 0
    outer loop
      vertex 5.35793 229.19 4
      vertex 5.31454 229.408 0
      vertex 5.31454 229.408 4
    endloop
  endfacet
  facet normal 0.980762 0.195208 0
    outer loop
      vertex 5.31454 229.408 0
      vertex 5.35793 229.19 4
      vertex 5.35793 229.19 0
    endloop
  endfacet
  facet normal 0.997862 0.0653555 0
    outer loop
      vertex 5.31454 229.408 4
      vertex 5.3 229.63 0
      vertex 5.3 229.63 4
    endloop
  endfacet
  facet normal 0.997862 0.0653555 0
    outer loop
      vertex 5.3 229.63 0
      vertex 5.31454 229.408 4
      vertex 5.31454 229.408 0
    endloop
  endfacet
  facet normal 0.0674441 0.997723 -0
    outer loop
      vertex 7 227.93 0
      vertex 6.7781 227.945 4
      vertex 7 227.93 4
    endloop
  endfacet
  facet normal 0.0674441 0.997723 0
    outer loop
      vertex 6.7781 227.945 4
      vertex 7 227.93 0
      vertex 6.7781 227.945 0
    endloop
  endfacet
  facet normal 0.831621 0.555343 0
    outer loop
      vertex 5.6513 228.595 4
      vertex 5.52776 228.78 0
      vertex 5.52776 228.78 4
    endloop
  endfacet
  facet normal 0.831621 0.555343 0
    outer loop
      vertex 5.52776 228.78 0
      vertex 5.6513 228.595 4
      vertex 5.6513 228.595 0
    endloop
  endfacet
  facet normal 0.444625 0.895717 -0
    outer loop
      vertex 6.34944 228.059 0
      vertex 6.15 228.158 4
      vertex 6.34944 228.059 4
    endloop
  endfacet
  facet normal 0.444625 0.895717 0
    outer loop
      vertex 6.15 228.158 4
      vertex 6.34944 228.059 0
      vertex 6.15 228.158 0
    endloop
  endfacet
  facet normal -0.997723 -0.0674441 0
    outer loop
      vertex 146.6 47 0
      vertex 146.585 47.2219 4
      vertex 146.585 47.2219 0
    endloop
  endfacet
  facet normal -0.997723 -0.0674441 0
    outer loop
      vertex 146.585 47.2219 4
      vertex 146.6 47 0
      vertex 146.6 47 4
    endloop
  endfacet
  facet normal 0.0651764 -0.997874 0
    outer loop
      vertex 144.678 48.6855 0
      vertex 144.9 48.7 4
      vertex 144.678 48.6855 4
    endloop
  endfacet
  facet normal 0.0651764 -0.997874 0
    outer loop
      vertex 144.9 48.7 4
      vertex 144.678 48.6855 0
      vertex 144.9 48.7 0
    endloop
  endfacet
  facet normal -0.0651764 0.997874 0
    outer loop
      vertex 145.122 45.3145 0
      vertex 144.9 45.3 4
      vertex 145.122 45.3145 4
    endloop
  endfacet
  facet normal -0.0651764 0.997874 0
    outer loop
      vertex 144.9 45.3 4
      vertex 145.122 45.3145 0
      vertex 144.9 45.3 0
    endloop
  endfacet
  facet normal -0.659714 -0.751516 0
    outer loop
      vertex 145.935 48.3487 0
      vertex 146.102 48.2021 4
      vertex 145.935 48.3487 4
    endloop
  endfacet
  facet normal -0.659714 -0.751516 -0
    outer loop
      vertex 146.102 48.2021 4
      vertex 145.935 48.3487 0
      vertex 146.102 48.2021 0
    endloop
  endfacet
  facet normal 0.751016 -0.660284 0
    outer loop
      vertex 143.551 48.0349 4
      vertex 143.698 48.2021 0
      vertex 143.698 48.2021 4
    endloop
  endfacet
  facet normal 0.751016 -0.660284 0
    outer loop
      vertex 143.698 48.2021 0
      vertex 143.551 48.0349 4
      vertex 143.551 48.0349 0
    endloop
  endfacet
  facet normal 0.443245 -0.8964 0
    outer loop
      vertex 144.05 48.4722 0
      vertex 144.249 48.5706 4
      vertex 144.05 48.4722 4
    endloop
  endfacet
  facet normal 0.443245 -0.8964 0
    outer loop
      vertex 144.249 48.5706 4
      vertex 144.05 48.4722 0
      vertex 144.249 48.5706 0
    endloop
  endfacet
  facet normal -0.832604 0.553869 0
    outer loop
      vertex 146.249 45.9651 0
      vertex 146.372 46.15 4
      vertex 146.372 46.15 0
    endloop
  endfacet
  facet normal -0.832604 0.553869 0
    outer loop
      vertex 146.372 46.15 4
      vertex 146.249 45.9651 0
      vertex 146.249 45.9651 4
    endloop
  endfacet
  facet normal -0.895681 -0.444696 0
    outer loop
      vertex 146.471 47.6506 0
      vertex 146.372 47.85 4
      vertex 146.372 47.85 0
    endloop
  endfacet
  facet normal -0.895681 -0.444696 0
    outer loop
      vertex 146.372 47.85 4
      vertex 146.471 47.6506 0
      vertex 146.471 47.6506 4
    endloop
  endfacet
  facet normal -0.981113 -0.193434 0
    outer loop
      vertex 146.585 47.2219 0
      vertex 146.542 47.44 4
      vertex 146.542 47.44 0
    endloop
  endfacet
  facet normal -0.981113 -0.193434 0
    outer loop
      vertex 146.542 47.44 4
      vertex 146.585 47.2219 0
      vertex 146.585 47.2219 4
    endloop
  endfacet
  facet normal -0.320937 -0.947101 0
    outer loop
      vertex 145.34 48.6421 0
      vertex 145.551 48.5706 4
      vertex 145.34 48.6421 4
    endloop
  endfacet
  facet normal -0.320937 -0.947101 -0
    outer loop
      vertex 145.551 48.5706 4
      vertex 145.34 48.6421 0
      vertex 145.551 48.5706 0
    endloop
  endfacet
  facet normal -0.443245 -0.8964 0
    outer loop
      vertex 145.551 48.5706 0
      vertex 145.75 48.4722 4
      vertex 145.551 48.5706 4
    endloop
  endfacet
  facet normal -0.443245 -0.8964 -0
    outer loop
      vertex 145.75 48.4722 4
      vertex 145.551 48.5706 0
      vertex 145.75 48.4722 0
    endloop
  endfacet
  facet normal 0.947598 -0.319466 0
    outer loop
      vertex 143.258 47.44 4
      vertex 143.329 47.6506 0
      vertex 143.329 47.6506 4
    endloop
  endfacet
  facet normal 0.947598 -0.319466 0
    outer loop
      vertex 143.329 47.6506 0
      vertex 143.258 47.44 4
      vertex 143.258 47.44 0
    endloop
  endfacet
  facet normal 0.981113 -0.193434 0
    outer loop
      vertex 143.215 47.2219 4
      vertex 143.258 47.44 0
      vertex 143.258 47.44 4
    endloop
  endfacet
  facet normal 0.981113 -0.193434 0
    outer loop
      vertex 143.258 47.44 0
      vertex 143.215 47.2219 4
      vertex 143.215 47.2219 0
    endloop
  endfacet
  facet normal 0.555219 -0.831704 0
    outer loop
      vertex 143.865 48.3487 0
      vertex 144.05 48.4722 4
      vertex 143.865 48.3487 4
    endloop
  endfacet
  facet normal 0.555219 -0.831704 0
    outer loop
      vertex 144.05 48.4722 4
      vertex 143.865 48.3487 0
      vertex 144.05 48.4722 0
    endloop
  endfacet
  facet normal 0.195251 -0.980753 0
    outer loop
      vertex 144.46 48.6421 0
      vertex 144.678 48.6855 4
      vertex 144.46 48.6421 4
    endloop
  endfacet
  facet normal 0.195251 -0.980753 0
    outer loop
      vertex 144.678 48.6855 4
      vertex 144.46 48.6421 0
      vertex 144.678 48.6855 0
    endloop
  endfacet
  facet normal -0.981113 0.193434 0
    outer loop
      vertex 146.542 46.56 0
      vertex 146.585 46.7781 4
      vertex 146.585 46.7781 0
    endloop
  endfacet
  facet normal -0.981113 0.193434 0
    outer loop
      vertex 146.585 46.7781 4
      vertex 146.542 46.56 0
      vertex 146.542 46.56 4
    endloop
  endfacet
  facet normal -0.195251 0.980753 0
    outer loop
      vertex 145.34 45.3579 0
      vertex 145.122 45.3145 4
      vertex 145.34 45.3579 4
    endloop
  endfacet
  facet normal -0.195251 0.980753 0
    outer loop
      vertex 145.122 45.3145 4
      vertex 145.34 45.3579 0
      vertex 145.122 45.3145 0
    endloop
  endfacet
  facet normal -0.443245 0.8964 0
    outer loop
      vertex 145.75 45.5278 0
      vertex 145.551 45.4294 4
      vertex 145.75 45.5278 4
    endloop
  endfacet
  facet normal -0.443245 0.8964 0
    outer loop
      vertex 145.551 45.4294 4
      vertex 145.75 45.5278 0
      vertex 145.551 45.4294 0
    endloop
  endfacet
  facet normal -0.947598 -0.319466 0
    outer loop
      vertex 146.542 47.44 0
      vertex 146.471 47.6506 4
      vertex 146.471 47.6506 0
    endloop
  endfacet
  facet normal -0.947598 -0.319466 0
    outer loop
      vertex 146.471 47.6506 4
      vertex 146.542 47.44 0
      vertex 146.542 47.44 4
    endloop
  endfacet
  facet normal -0.751016 -0.660284 0
    outer loop
      vertex 146.249 48.0349 0
      vertex 146.102 48.2021 4
      vertex 146.102 48.2021 0
    endloop
  endfacet
  facet normal -0.751016 -0.660284 0
    outer loop
      vertex 146.102 48.2021 4
      vertex 146.249 48.0349 0
      vertex 146.249 48.0349 4
    endloop
  endfacet
  facet normal -0.832604 -0.553869 0
    outer loop
      vertex 146.372 47.85 0
      vertex 146.249 48.0349 4
      vertex 146.249 48.0349 0
    endloop
  endfacet
  facet normal -0.832604 -0.553869 0
    outer loop
      vertex 146.249 48.0349 4
      vertex 146.372 47.85 0
      vertex 146.372 47.85 4
    endloop
  endfacet
  facet normal -0.195251 -0.980753 0
    outer loop
      vertex 145.122 48.6855 0
      vertex 145.34 48.6421 4
      vertex 145.122 48.6855 4
    endloop
  endfacet
  facet normal -0.195251 -0.980753 -0
    outer loop
      vertex 145.34 48.6421 4
      vertex 145.122 48.6855 0
      vertex 145.34 48.6421 0
    endloop
  endfacet
  facet normal -0.0651764 -0.997874 0
    outer loop
      vertex 144.9 48.7 0
      vertex 145.122 48.6855 4
      vertex 144.9 48.7 4
    endloop
  endfacet
  facet normal -0.0651764 -0.997874 -0
    outer loop
      vertex 145.122 48.6855 4
      vertex 144.9 48.7 0
      vertex 145.122 48.6855 0
    endloop
  endfacet
  facet normal -0.555219 -0.831704 0
    outer loop
      vertex 145.75 48.4722 0
      vertex 145.935 48.3487 4
      vertex 145.75 48.4722 4
    endloop
  endfacet
  facet normal -0.555219 -0.831704 -0
    outer loop
      vertex 145.935 48.3487 4
      vertex 145.75 48.4722 0
      vertex 145.935 48.3487 0
    endloop
  endfacet
  facet normal 0.895681 -0.444696 0
    outer loop
      vertex 143.329 47.6506 4
      vertex 143.428 47.85 0
      vertex 143.428 47.85 4
    endloop
  endfacet
  facet normal 0.895681 -0.444696 0
    outer loop
      vertex 143.428 47.85 0
      vertex 143.329 47.6506 4
      vertex 143.329 47.6506 0
    endloop
  endfacet
  facet normal 0.832604 -0.553869 0
    outer loop
      vertex 143.428 47.85 4
      vertex 143.551 48.0349 0
      vertex 143.551 48.0349 4
    endloop
  endfacet
  facet normal 0.832604 -0.553869 0
    outer loop
      vertex 143.551 48.0349 0
      vertex 143.428 47.85 4
      vertex 143.428 47.85 0
    endloop
  endfacet
  facet normal 0.997723 -0.0674441 0
    outer loop
      vertex 143.2 47 4
      vertex 143.215 47.2219 0
      vertex 143.215 47.2219 4
    endloop
  endfacet
  facet normal 0.997723 -0.0674441 0
    outer loop
      vertex 143.215 47.2219 0
      vertex 143.2 47 4
      vertex 143.2 47 0
    endloop
  endfacet
  facet normal 0.659714 -0.751516 0
    outer loop
      vertex 143.698 48.2021 0
      vertex 143.865 48.3487 4
      vertex 143.698 48.2021 4
    endloop
  endfacet
  facet normal 0.659714 -0.751516 0
    outer loop
      vertex 143.865 48.3487 4
      vertex 143.698 48.2021 0
      vertex 143.865 48.3487 0
    endloop
  endfacet
  facet normal 0.320937 -0.947101 0
    outer loop
      vertex 144.249 48.5706 0
      vertex 144.46 48.6421 4
      vertex 144.249 48.5706 4
    endloop
  endfacet
  facet normal 0.320937 -0.947101 0
    outer loop
      vertex 144.46 48.6421 4
      vertex 144.249 48.5706 0
      vertex 144.46 48.6421 0
    endloop
  endfacet
  facet normal -0.997723 0.0674441 0
    outer loop
      vertex 146.585 46.7781 0
      vertex 146.6 47 4
      vertex 146.6 47 0
    endloop
  endfacet
  facet normal -0.997723 0.0674441 0
    outer loop
      vertex 146.6 47 4
      vertex 146.585 46.7781 0
      vertex 146.585 46.7781 4
    endloop
  endfacet
  facet normal -0.751016 0.660284 0
    outer loop
      vertex 146.102 45.7979 0
      vertex 146.249 45.9651 4
      vertex 146.249 45.9651 0
    endloop
  endfacet
  facet normal -0.751016 0.660284 0
    outer loop
      vertex 146.249 45.9651 4
      vertex 146.102 45.7979 0
      vertex 146.102 45.7979 4
    endloop
  endfacet
  facet normal 0.555219 0.831704 -0
    outer loop
      vertex 144.05 45.5278 0
      vertex 143.865 45.6513 4
      vertex 144.05 45.5278 4
    endloop
  endfacet
  facet normal 0.555219 0.831704 0
    outer loop
      vertex 143.865 45.6513 4
      vertex 144.05 45.5278 0
      vertex 143.865 45.6513 0
    endloop
  endfacet
  facet normal 0.832604 0.553869 0
    outer loop
      vertex 143.551 45.9651 4
      vertex 143.428 46.15 0
      vertex 143.428 46.15 4
    endloop
  endfacet
  facet normal 0.832604 0.553869 0
    outer loop
      vertex 143.428 46.15 0
      vertex 143.551 45.9651 4
      vertex 143.551 45.9651 0
    endloop
  endfacet
  facet normal 0.751016 0.660284 0
    outer loop
      vertex 143.698 45.7979 4
      vertex 143.551 45.9651 0
      vertex 143.551 45.9651 4
    endloop
  endfacet
  facet normal 0.751016 0.660284 0
    outer loop
      vertex 143.551 45.9651 0
      vertex 143.698 45.7979 4
      vertex 143.698 45.7979 0
    endloop
  endfacet
  facet normal 0.997723 0.0674441 0
    outer loop
      vertex 143.215 46.7781 4
      vertex 143.2 47 0
      vertex 143.2 47 4
    endloop
  endfacet
  facet normal 0.997723 0.0674441 0
    outer loop
      vertex 143.2 47 0
      vertex 143.215 46.7781 4
      vertex 143.215 46.7781 0
    endloop
  endfacet
  facet normal -0.555219 0.831704 0
    outer loop
      vertex 145.935 45.6513 0
      vertex 145.75 45.5278 4
      vertex 145.935 45.6513 4
    endloop
  endfacet
  facet normal -0.555219 0.831704 0
    outer loop
      vertex 145.75 45.5278 4
      vertex 145.935 45.6513 0
      vertex 145.75 45.5278 0
    endloop
  endfacet
  facet normal -0.659714 0.751516 0
    outer loop
      vertex 146.102 45.7979 0
      vertex 145.935 45.6513 4
      vertex 146.102 45.7979 4
    endloop
  endfacet
  facet normal -0.659714 0.751516 0
    outer loop
      vertex 145.935 45.6513 4
      vertex 146.102 45.7979 0
      vertex 145.935 45.6513 0
    endloop
  endfacet
  facet normal -0.895681 0.444696 0
    outer loop
      vertex 146.372 46.15 0
      vertex 146.471 46.3494 4
      vertex 146.471 46.3494 0
    endloop
  endfacet
  facet normal -0.895681 0.444696 0
    outer loop
      vertex 146.471 46.3494 4
      vertex 146.372 46.15 0
      vertex 146.372 46.15 4
    endloop
  endfacet
  facet normal 0.195251 0.980753 -0
    outer loop
      vertex 144.678 45.3145 0
      vertex 144.46 45.3579 4
      vertex 144.678 45.3145 4
    endloop
  endfacet
  facet normal 0.195251 0.980753 0
    outer loop
      vertex 144.46 45.3579 4
      vertex 144.678 45.3145 0
      vertex 144.46 45.3579 0
    endloop
  endfacet
  facet normal 0.659714 0.751516 -0
    outer loop
      vertex 143.865 45.6513 0
      vertex 143.698 45.7979 4
      vertex 143.865 45.6513 4
    endloop
  endfacet
  facet normal 0.659714 0.751516 0
    outer loop
      vertex 143.698 45.7979 4
      vertex 143.865 45.6513 0
      vertex 143.698 45.7979 0
    endloop
  endfacet
  facet normal 0.895681 0.444696 0
    outer loop
      vertex 143.428 46.15 4
      vertex 143.329 46.3494 0
      vertex 143.329 46.3494 4
    endloop
  endfacet
  facet normal 0.895681 0.444696 0
    outer loop
      vertex 143.329 46.3494 0
      vertex 143.428 46.15 4
      vertex 143.428 46.15 0
    endloop
  endfacet
  facet normal -0.320937 0.947101 0
    outer loop
      vertex 145.551 45.4294 0
      vertex 145.34 45.3579 4
      vertex 145.551 45.4294 4
    endloop
  endfacet
  facet normal -0.320937 0.947101 0
    outer loop
      vertex 145.34 45.3579 4
      vertex 145.551 45.4294 0
      vertex 145.34 45.3579 0
    endloop
  endfacet
  facet normal -0.947598 0.319466 0
    outer loop
      vertex 146.471 46.3494 0
      vertex 146.542 46.56 4
      vertex 146.542 46.56 0
    endloop
  endfacet
  facet normal -0.947598 0.319466 0
    outer loop
      vertex 146.542 46.56 4
      vertex 146.471 46.3494 0
      vertex 146.471 46.3494 4
    endloop
  endfacet
  facet normal 0.0651764 0.997874 -0
    outer loop
      vertex 144.9 45.3 0
      vertex 144.678 45.3145 4
      vertex 144.9 45.3 4
    endloop
  endfacet
  facet normal 0.0651764 0.997874 0
    outer loop
      vertex 144.678 45.3145 4
      vertex 144.9 45.3 0
      vertex 144.678 45.3145 0
    endloop
  endfacet
  facet normal 0.320937 0.947101 -0
    outer loop
      vertex 144.46 45.3579 0
      vertex 144.249 45.4294 4
      vertex 144.46 45.3579 4
    endloop
  endfacet
  facet normal 0.320937 0.947101 0
    outer loop
      vertex 144.249 45.4294 4
      vertex 144.46 45.3579 0
      vertex 144.249 45.4294 0
    endloop
  endfacet
  facet normal 0.947598 0.319466 0
    outer loop
      vertex 143.329 46.3494 4
      vertex 143.258 46.56 0
      vertex 143.258 46.56 4
    endloop
  endfacet
  facet normal 0.947598 0.319466 0
    outer loop
      vertex 143.258 46.56 0
      vertex 143.329 46.3494 4
      vertex 143.329 46.3494 0
    endloop
  endfacet
  facet normal 0.981113 0.193434 0
    outer loop
      vertex 143.258 46.56 4
      vertex 143.215 46.7781 0
      vertex 143.215 46.7781 4
    endloop
  endfacet
  facet normal 0.981113 0.193434 0
    outer loop
      vertex 143.215 46.7781 0
      vertex 143.258 46.56 4
      vertex 143.258 46.56 0
    endloop
  endfacet
  facet normal 0.443245 0.8964 -0
    outer loop
      vertex 144.249 45.4294 0
      vertex 144.05 45.5278 4
      vertex 144.249 45.4294 4
    endloop
  endfacet
  facet normal 0.443245 0.8964 0
    outer loop
      vertex 144.05 45.5278 4
      vertex 144.249 45.4294 0
      vertex 144.05 45.5278 0
    endloop
  endfacet
  facet normal -0.997725 -0.0674139 0
    outer loop
      vertex 146.6 229.63 0
      vertex 146.585 229.852 4
      vertex 146.585 229.852 0
    endloop
  endfacet
  facet normal -0.997725 -0.0674139 0
    outer loop
      vertex 146.585 229.852 4
      vertex 146.6 229.63 0
      vertex 146.6 229.63 4
    endloop
  endfacet
  facet normal 0.997725 -0.0674139 0
    outer loop
      vertex 143.2 229.63 4
      vertex 143.215 229.852 0
      vertex 143.215 229.852 4
    endloop
  endfacet
  facet normal 0.997725 -0.0674139 0
    outer loop
      vertex 143.215 229.852 0
      vertex 143.2 229.63 4
      vertex 143.2 229.63 0
    endloop
  endfacet
  facet normal -0.0674139 -0.997725 0
    outer loop
      vertex 144.9 231.33 0
      vertex 145.122 231.315 4
      vertex 144.9 231.33 4
    endloop
  endfacet
  facet normal -0.0674139 -0.997725 -0
    outer loop
      vertex 145.122 231.315 4
      vertex 144.9 231.33 0
      vertex 145.122 231.315 0
    endloop
  endfacet
  facet normal -0.660729 -0.750624 0
    outer loop
      vertex 145.935 230.979 0
      vertex 146.102 230.832 4
      vertex 145.935 230.979 4
    endloop
  endfacet
  facet normal -0.660729 -0.750624 -0
    outer loop
      vertex 146.102 230.832 4
      vertex 145.935 230.979 0
      vertex 146.102 230.832 0
    endloop
  endfacet
  facet normal 0.660729 -0.750624 0
    outer loop
      vertex 143.698 230.832 0
      vertex 143.865 230.979 4
      vertex 143.698 230.832 4
    endloop
  endfacet
  facet normal 0.660729 -0.750624 0
    outer loop
      vertex 143.865 230.979 4
      vertex 143.698 230.832 0
      vertex 143.865 230.979 0
    endloop
  endfacet
  facet normal 0.318922 -0.947781 0
    outer loop
      vertex 144.249 231.201 0
      vertex 144.46 231.272 4
      vertex 144.249 231.201 4
    endloop
  endfacet
  facet normal 0.318922 -0.947781 0
    outer loop
      vertex 144.46 231.272 4
      vertex 144.249 231.201 0
      vertex 144.46 231.272 0
    endloop
  endfacet
  facet normal -0.895325 -0.445413 0
    outer loop
      vertex 146.471 230.281 0
      vertex 146.372 230.48 4
      vertex 146.372 230.48 0
    endloop
  endfacet
  facet normal -0.895325 -0.445413 0
    outer loop
      vertex 146.372 230.48 4
      vertex 146.471 230.281 0
      vertex 146.471 230.281 4
    endloop
  endfacet
  facet normal -0.981097 -0.193519 0
    outer loop
      vertex 146.585 229.852 0
      vertex 146.542 230.07 4
      vertex 146.542 230.07 0
    endloop
  endfacet
  facet normal -0.981097 -0.193519 0
    outer loop
      vertex 146.542 230.07 4
      vertex 146.585 229.852 0
      vertex 146.585 229.852 4
    endloop
  endfacet
  facet normal -0.318922 -0.947781 0
    outer loop
      vertex 145.34 231.272 0
      vertex 145.551 231.201 4
      vertex 145.34 231.272 4
    endloop
  endfacet
  facet normal -0.318922 -0.947781 -0
    outer loop
      vertex 145.551 231.201 4
      vertex 145.34 231.272 0
      vertex 145.551 231.201 0
    endloop
  endfacet
  facet normal -0.193519 -0.981097 0
    outer loop
      vertex 145.122 231.315 0
      vertex 145.34 231.272 4
      vertex 145.122 231.315 4
    endloop
  endfacet
  facet normal -0.193519 -0.981097 -0
    outer loop
      vertex 145.34 231.272 4
      vertex 145.122 231.315 0
      vertex 145.34 231.272 0
    endloop
  endfacet
  facet normal -0.553661 -0.832742 0
    outer loop
      vertex 145.75 231.102 0
      vertex 145.935 230.979 4
      vertex 145.75 231.102 4
    endloop
  endfacet
  facet normal -0.553661 -0.832742 -0
    outer loop
      vertex 145.935 230.979 4
      vertex 145.75 231.102 0
      vertex 145.935 230.979 0
    endloop
  endfacet
  facet normal 0.832742 -0.553661 0
    outer loop
      vertex 143.428 230.48 4
      vertex 143.551 230.665 0
      vertex 143.551 230.665 4
    endloop
  endfacet
  facet normal 0.832742 -0.553661 0
    outer loop
      vertex 143.551 230.665 0
      vertex 143.428 230.48 4
      vertex 143.428 230.48 0
    endloop
  endfacet
  facet normal 0.750624 -0.660729 0
    outer loop
      vertex 143.551 230.665 4
      vertex 143.698 230.832 0
      vertex 143.698 230.832 4
    endloop
  endfacet
  facet normal 0.750624 -0.660729 0
    outer loop
      vertex 143.698 230.832 0
      vertex 143.551 230.665 4
      vertex 143.551 230.665 0
    endloop
  endfacet
  facet normal 0.981097 -0.193519 0
    outer loop
      vertex 143.215 229.852 4
      vertex 143.258 230.07 0
      vertex 143.258 230.07 4
    endloop
  endfacet
  facet normal 0.981097 -0.193519 0
    outer loop
      vertex 143.258 230.07 0
      vertex 143.215 229.852 4
      vertex 143.215 229.852 0
    endloop
  endfacet
  facet normal 0.553661 -0.832742 0
    outer loop
      vertex 143.865 230.979 0
      vertex 144.05 231.102 4
      vertex 143.865 230.979 4
    endloop
  endfacet
  facet normal 0.553661 -0.832742 0
    outer loop
      vertex 144.05 231.102 4
      vertex 143.865 230.979 0
      vertex 144.05 231.102 0
    endloop
  endfacet
  facet normal 0.0674139 -0.997725 0
    outer loop
      vertex 144.678 231.315 0
      vertex 144.9 231.33 4
      vertex 144.678 231.315 4
    endloop
  endfacet
  facet normal 0.0674139 -0.997725 0
    outer loop
      vertex 144.9 231.33 4
      vertex 144.678 231.315 0
      vertex 144.9 231.33 0
    endloop
  endfacet
  facet normal 0.193519 0.981097 -0
    outer loop
      vertex 144.678 227.945 0
      vertex 144.46 227.988 4
      vertex 144.678 227.945 4
    endloop
  endfacet
  facet normal 0.193519 0.981097 0
    outer loop
      vertex 144.46 227.988 4
      vertex 144.678 227.945 0
      vertex 144.46 227.988 0
    endloop
  endfacet
  facet normal -0.193519 0.981097 0
    outer loop
      vertex 145.34 227.988 0
      vertex 145.122 227.945 4
      vertex 145.34 227.988 4
    endloop
  endfacet
  facet normal -0.193519 0.981097 0
    outer loop
      vertex 145.122 227.945 4
      vertex 145.34 227.988 0
      vertex 145.122 227.945 0
    endloop
  endfacet
  facet normal -0.947781 -0.318922 0
    outer loop
      vertex 146.542 230.07 0
      vertex 146.471 230.281 4
      vertex 146.471 230.281 0
    endloop
  endfacet
  facet normal -0.947781 -0.318922 0
    outer loop
      vertex 146.471 230.281 4
      vertex 146.542 230.07 0
      vertex 146.542 230.07 4
    endloop
  endfacet
  facet normal -0.750624 -0.660729 0
    outer loop
      vertex 146.249 230.665 0
      vertex 146.102 230.832 4
      vertex 146.102 230.832 0
    endloop
  endfacet
  facet normal -0.750624 -0.660729 0
    outer loop
      vertex 146.102 230.832 4
      vertex 146.249 230.665 0
      vertex 146.249 230.665 4
    endloop
  endfacet
  facet normal -0.832742 -0.553661 0
    outer loop
      vertex 146.372 230.48 0
      vertex 146.249 230.665 4
      vertex 146.249 230.665 0
    endloop
  endfacet
  facet normal -0.832742 -0.553661 0
    outer loop
      vertex 146.249 230.665 4
      vertex 146.372 230.48 0
      vertex 146.372 230.48 4
    endloop
  endfacet
  facet normal -0.445413 -0.895325 0
    outer loop
      vertex 145.551 231.201 0
      vertex 145.75 231.102 4
      vertex 145.551 231.201 4
    endloop
  endfacet
  facet normal -0.445413 -0.895325 -0
    outer loop
      vertex 145.75 231.102 4
      vertex 145.551 231.201 0
      vertex 145.75 231.102 0
    endloop
  endfacet
  facet normal 0.895325 -0.445413 0
    outer loop
      vertex 143.329 230.281 4
      vertex 143.428 230.48 0
      vertex 143.428 230.48 4
    endloop
  endfacet
  facet normal 0.895325 -0.445413 0
    outer loop
      vertex 143.428 230.48 0
      vertex 143.329 230.281 4
      vertex 143.329 230.281 0
    endloop
  endfacet
  facet normal 0.193519 -0.981097 0
    outer loop
      vertex 144.46 231.272 0
      vertex 144.678 231.315 4
      vertex 144.46 231.272 4
    endloop
  endfacet
  facet normal 0.193519 -0.981097 0
    outer loop
      vertex 144.678 231.315 4
      vertex 144.46 231.272 0
      vertex 144.678 231.315 0
    endloop
  endfacet
  facet normal -0.997725 0.0674139 0
    outer loop
      vertex 146.585 229.408 0
      vertex 146.6 229.63 4
      vertex 146.6 229.63 0
    endloop
  endfacet
  facet normal -0.997725 0.0674139 0
    outer loop
      vertex 146.6 229.63 4
      vertex 146.585 229.408 0
      vertex 146.585 229.408 4
    endloop
  endfacet
  facet normal -0.981097 0.193519 0
    outer loop
      vertex 146.542 229.19 0
      vertex 146.585 229.408 4
      vertex 146.585 229.408 0
    endloop
  endfacet
  facet normal -0.981097 0.193519 0
    outer loop
      vertex 146.585 229.408 4
      vertex 146.542 229.19 0
      vertex 146.542 229.19 4
    endloop
  endfacet
  facet normal -0.553661 0.832742 0
    outer loop
      vertex 145.935 228.281 0
      vertex 145.75 228.158 4
      vertex 145.935 228.281 4
    endloop
  endfacet
  facet normal -0.553661 0.832742 0
    outer loop
      vertex 145.75 228.158 4
      vertex 145.935 228.281 0
      vertex 145.75 228.158 0
    endloop
  endfacet
  facet normal 0.0674139 0.997725 -0
    outer loop
      vertex 144.9 227.93 0
      vertex 144.678 227.945 4
      vertex 144.9 227.93 4
    endloop
  endfacet
  facet normal 0.0674139 0.997725 0
    outer loop
      vertex 144.678 227.945 4
      vertex 144.9 227.93 0
      vertex 144.678 227.945 0
    endloop
  endfacet
  facet normal 0.997725 0.0674139 0
    outer loop
      vertex 143.215 229.408 4
      vertex 143.2 229.63 0
      vertex 143.2 229.63 4
    endloop
  endfacet
  facet normal 0.997725 0.0674139 0
    outer loop
      vertex 143.2 229.63 0
      vertex 143.215 229.408 4
      vertex 143.215 229.408 0
    endloop
  endfacet
  facet normal 0.947781 0.318922 0
    outer loop
      vertex 143.329 228.979 4
      vertex 143.258 229.19 0
      vertex 143.258 229.19 4
    endloop
  endfacet
  facet normal 0.947781 0.318922 0
    outer loop
      vertex 143.258 229.19 0
      vertex 143.329 228.979 4
      vertex 143.329 228.979 0
    endloop
  endfacet
  facet normal -0.445413 0.895325 0
    outer loop
      vertex 145.75 228.158 0
      vertex 145.551 228.059 4
      vertex 145.75 228.158 4
    endloop
  endfacet
  facet normal -0.445413 0.895325 0
    outer loop
      vertex 145.551 228.059 4
      vertex 145.75 228.158 0
      vertex 145.551 228.059 0
    endloop
  endfacet
  facet normal -0.318922 0.947781 0
    outer loop
      vertex 145.551 228.059 0
      vertex 145.34 227.988 4
      vertex 145.551 228.059 4
    endloop
  endfacet
  facet normal -0.318922 0.947781 0
    outer loop
      vertex 145.34 227.988 4
      vertex 145.551 228.059 0
      vertex 145.34 227.988 0
    endloop
  endfacet
  facet normal 0.947781 -0.318922 0
    outer loop
      vertex 143.258 230.07 4
      vertex 143.329 230.281 0
      vertex 143.329 230.281 4
    endloop
  endfacet
  facet normal 0.947781 -0.318922 0
    outer loop
      vertex 143.329 230.281 0
      vertex 143.258 230.07 4
      vertex 143.258 230.07 0
    endloop
  endfacet
  facet normal 0.445413 -0.895325 0
    outer loop
      vertex 144.05 231.102 0
      vertex 144.249 231.201 4
      vertex 144.05 231.102 4
    endloop
  endfacet
  facet normal 0.445413 -0.895325 0
    outer loop
      vertex 144.249 231.201 4
      vertex 144.05 231.102 0
      vertex 144.249 231.201 0
    endloop
  endfacet
  facet normal -0.947781 0.318922 0
    outer loop
      vertex 146.471 228.979 0
      vertex 146.542 229.19 4
      vertex 146.542 229.19 0
    endloop
  endfacet
  facet normal -0.947781 0.318922 0
    outer loop
      vertex 146.542 229.19 4
      vertex 146.471 228.979 0
      vertex 146.471 228.979 4
    endloop
  endfacet
  facet normal -0.832742 0.553661 0
    outer loop
      vertex 146.249 228.595 0
      vertex 146.372 228.78 4
      vertex 146.372 228.78 0
    endloop
  endfacet
  facet normal -0.832742 0.553661 0
    outer loop
      vertex 146.372 228.78 4
      vertex 146.249 228.595 0
      vertex 146.249 228.595 4
    endloop
  endfacet
  facet normal -0.660729 0.750624 0
    outer loop
      vertex 146.102 228.428 0
      vertex 145.935 228.281 4
      vertex 146.102 228.428 4
    endloop
  endfacet
  facet normal -0.660729 0.750624 0
    outer loop
      vertex 145.935 228.281 4
      vertex 146.102 228.428 0
      vertex 145.935 228.281 0
    endloop
  endfacet
  facet normal -0.895325 0.445413 0
    outer loop
      vertex 146.372 228.78 0
      vertex 146.471 228.979 4
      vertex 146.471 228.979 0
    endloop
  endfacet
  facet normal -0.895325 0.445413 0
    outer loop
      vertex 146.471 228.979 4
      vertex 146.372 228.78 0
      vertex 146.372 228.78 4
    endloop
  endfacet
  facet normal 0.318922 0.947781 -0
    outer loop
      vertex 144.46 227.988 0
      vertex 144.249 228.059 4
      vertex 144.46 227.988 4
    endloop
  endfacet
  facet normal 0.318922 0.947781 0
    outer loop
      vertex 144.249 228.059 4
      vertex 144.46 227.988 0
      vertex 144.249 228.059 0
    endloop
  endfacet
  facet normal 0.750624 0.660729 0
    outer loop
      vertex 143.698 228.428 4
      vertex 143.551 228.595 0
      vertex 143.551 228.595 4
    endloop
  endfacet
  facet normal 0.750624 0.660729 0
    outer loop
      vertex 143.551 228.595 0
      vertex 143.698 228.428 4
      vertex 143.698 228.428 0
    endloop
  endfacet
  facet normal 0.981097 0.193519 0
    outer loop
      vertex 143.258 229.19 4
      vertex 143.215 229.408 0
      vertex 143.215 229.408 4
    endloop
  endfacet
  facet normal 0.981097 0.193519 0
    outer loop
      vertex 143.215 229.408 0
      vertex 143.258 229.19 4
      vertex 143.258 229.19 0
    endloop
  endfacet
  facet normal -0.0674139 0.997725 0
    outer loop
      vertex 145.122 227.945 0
      vertex 144.9 227.93 4
      vertex 145.122 227.945 4
    endloop
  endfacet
  facet normal -0.0674139 0.997725 0
    outer loop
      vertex 144.9 227.93 4
      vertex 145.122 227.945 0
      vertex 144.9 227.93 0
    endloop
  endfacet
  facet normal 0.553661 0.832742 -0
    outer loop
      vertex 144.05 228.158 0
      vertex 143.865 228.281 4
      vertex 144.05 228.158 4
    endloop
  endfacet
  facet normal 0.553661 0.832742 0
    outer loop
      vertex 143.865 228.281 4
      vertex 144.05 228.158 0
      vertex 143.865 228.281 0
    endloop
  endfacet
  facet normal 0.660729 0.750624 -0
    outer loop
      vertex 143.865 228.281 0
      vertex 143.698 228.428 4
      vertex 143.865 228.281 4
    endloop
  endfacet
  facet normal 0.660729 0.750624 0
    outer loop
      vertex 143.698 228.428 4
      vertex 143.865 228.281 0
      vertex 143.698 228.428 0
    endloop
  endfacet
  facet normal 0.895325 0.445413 0
    outer loop
      vertex 143.428 228.78 4
      vertex 143.329 228.979 0
      vertex 143.329 228.979 4
    endloop
  endfacet
  facet normal 0.895325 0.445413 0
    outer loop
      vertex 143.329 228.979 0
      vertex 143.428 228.78 4
      vertex 143.428 228.78 0
    endloop
  endfacet
  facet normal -0.750624 0.660729 0
    outer loop
      vertex 146.102 228.428 0
      vertex 146.249 228.595 4
      vertex 146.249 228.595 0
    endloop
  endfacet
  facet normal -0.750624 0.660729 0
    outer loop
      vertex 146.249 228.595 4
      vertex 146.102 228.428 0
      vertex 146.102 228.428 4
    endloop
  endfacet
  facet normal 0.445413 0.895325 -0
    outer loop
      vertex 144.249 228.059 0
      vertex 144.05 228.158 4
      vertex 144.249 228.059 4
    endloop
  endfacet
  facet normal 0.445413 0.895325 0
    outer loop
      vertex 144.05 228.158 4
      vertex 144.249 228.059 0
      vertex 144.05 228.158 0
    endloop
  endfacet
  facet normal 0.832742 0.553661 0
    outer loop
      vertex 143.551 228.595 4
      vertex 143.428 228.78 0
      vertex 143.428 228.78 4
    endloop
  endfacet
  facet normal 0.832742 0.553661 0
    outer loop
      vertex 143.428 228.78 0
      vertex 143.551 228.595 4
      vertex 143.551 228.595 0
    endloop
  endfacet
  facet normal -0.322259 -0.946652 0
    outer loop
      vertex 77.5029 148.561 0
      vertex 78.2461 148.308 4
      vertex 77.5029 148.561 4
    endloop
  endfacet
  facet normal -0.322259 -0.946652 -0
    outer loop
      vertex 78.2461 148.308 4
      vertex 77.5029 148.561 0
      vertex 78.2461 148.308 0
    endloop
  endfacet
  facet normal -0.980801 -0.195014 0
    outer loop
      vertex 81.8987 143.548 0
      vertex 81.7456 144.318 4
      vertex 81.7456 144.318 0
    endloop
  endfacet
  facet normal -0.980801 -0.195014 0
    outer loop
      vertex 81.7456 144.318 4
      vertex 81.8987 143.548 0
      vertex 81.8987 143.548 4
    endloop
  endfacet
  facet normal -0.0649798 0.997887 0
    outer loop
      vertex 76.7332 136.816 0
      vertex 75.95 136.765 4
      vertex 76.7332 136.816 4
    endloop
  endfacet
  facet normal -0.0649798 0.997887 0
    outer loop
      vertex 75.95 136.765 4
      vertex 76.7332 136.816 0
      vertex 75.95 136.765 0
    endloop
  endfacet
  facet normal -0.0649798 -0.997887 0
    outer loop
      vertex 75.95 148.765 0
      vertex 76.7332 148.714 4
      vertex 75.95 148.765 4
    endloop
  endfacet
  facet normal -0.0649798 -0.997887 -0
    outer loop
      vertex 76.7332 148.714 4
      vertex 75.95 148.765 0
      vertex 76.7332 148.714 0
    endloop
  endfacet
  facet normal -0.555523 0.831501 0
    outer loop
      vertex 79.6026 138.005 0
      vertex 78.95 137.569 4
      vertex 79.6026 138.005 4
    endloop
  endfacet
  facet normal -0.555523 0.831501 0
    outer loop
      vertex 78.95 137.569 4
      vertex 79.6026 138.005 0
      vertex 78.95 137.569 0
    endloop
  endfacet
  facet normal -0.89686 -0.442315 0
    outer loop
      vertex 81.4933 145.061 0
      vertex 81.1461 145.765 4
      vertex 81.1461 145.765 0
    endloop
  endfacet
  facet normal -0.89686 -0.442315 0
    outer loop
      vertex 81.1461 145.765 4
      vertex 81.4933 145.061 0
      vertex 81.4933 145.061 4
    endloop
  endfacet
  facet normal -0.194964 -0.98081 0
    outer loop
      vertex 76.7332 148.714 0
      vertex 77.5029 148.561 4
      vertex 76.7332 148.714 4
    endloop
  endfacet
  facet normal -0.194964 -0.98081 -0
    outer loop
      vertex 77.5029 148.561 4
      vertex 76.7332 148.714 0
      vertex 77.5029 148.561 0
    endloop
  endfacet
  facet normal -0.659046 -0.752103 0
    outer loop
      vertex 79.6026 147.525 0
      vertex 80.1926 147.008 4
      vertex 79.6026 147.525 4
    endloop
  endfacet
  facet normal -0.659046 -0.752103 -0
    outer loop
      vertex 80.1926 147.008 4
      vertex 79.6026 147.525 0
      vertex 80.1926 147.008 0
    endloop
  endfacet
  facet normal -0.44216 -0.896936 0
    outer loop
      vertex 78.2461 148.308 0
      vertex 78.95 147.961 4
      vertex 78.2461 148.308 4
    endloop
  endfacet
  facet normal -0.44216 -0.896936 -0
    outer loop
      vertex 78.95 147.961 4
      vertex 78.2461 148.308 0
      vertex 78.95 147.961 0
    endloop
  endfacet
  facet normal -0.555523 -0.831501 0
    outer loop
      vertex 78.95 147.961 0
      vertex 79.6026 147.525 4
      vertex 78.95 147.961 4
    endloop
  endfacet
  facet normal -0.555523 -0.831501 -0
    outer loop
      vertex 79.6026 147.525 4
      vertex 78.95 147.961 0
      vertex 79.6026 147.525 0
    endloop
  endfacet
  facet normal -0.997861 -0.0653771 0
    outer loop
      vertex 81.95 142.765 0
      vertex 81.8987 143.548 4
      vertex 81.8987 143.548 0
    endloop
  endfacet
  facet normal -0.997861 -0.0653771 0
    outer loop
      vertex 81.8987 143.548 4
      vertex 81.95 142.765 0
      vertex 81.95 142.765 4
    endloop
  endfacet
  facet normal -0.194964 0.98081 0
    outer loop
      vertex 77.5029 136.969 0
      vertex 76.7332 136.816 4
      vertex 77.5029 136.969 4
    endloop
  endfacet
  facet normal -0.194964 0.98081 0
    outer loop
      vertex 76.7332 136.816 4
      vertex 77.5029 136.969 0
      vertex 76.7332 136.816 0
    endloop
  endfacet
  facet normal -0.44216 0.896936 0
    outer loop
      vertex 78.95 137.569 0
      vertex 78.2461 137.222 4
      vertex 78.95 137.569 4
    endloop
  endfacet
  facet normal -0.44216 0.896936 0
    outer loop
      vertex 78.2461 137.222 4
      vertex 78.95 137.569 0
      vertex 78.2461 137.222 0
    endloop
  endfacet
  facet normal -0.946897 -0.321537 0
    outer loop
      vertex 81.7456 144.318 0
      vertex 81.4933 145.061 4
      vertex 81.4933 145.061 0
    endloop
  endfacet
  facet normal -0.946897 -0.321537 0
    outer loop
      vertex 81.4933 145.061 4
      vertex 81.7456 144.318 0
      vertex 81.7456 144.318 4
    endloop
  endfacet
  facet normal -0.751787 -0.659406 0
    outer loop
      vertex 80.7101 146.418 0
      vertex 80.1926 147.008 4
      vertex 80.1926 147.008 0
    endloop
  endfacet
  facet normal -0.751787 -0.659406 0
    outer loop
      vertex 80.1926 147.008 4
      vertex 80.7101 146.418 0
      vertex 80.7101 146.418 4
    endloop
  endfacet
  facet normal -0.831658 -0.555288 0
    outer loop
      vertex 81.1461 145.765 0
      vertex 80.7101 146.418 4
      vertex 80.7101 146.418 0
    endloop
  endfacet
  facet normal -0.831658 -0.555288 0
    outer loop
      vertex 80.7101 146.418 4
      vertex 81.1461 145.765 0
      vertex 81.1461 145.765 4
    endloop
  endfacet
  facet normal -0.946897 0.321537 0
    outer loop
      vertex 81.4933 140.469 0
      vertex 81.7456 141.212 4
      vertex 81.7456 141.212 0
    endloop
  endfacet
  facet normal -0.946897 0.321537 0
    outer loop
      vertex 81.7456 141.212 4
      vertex 81.4933 140.469 0
      vertex 81.4933 140.469 4
    endloop
  endfacet
  facet normal -0.980801 0.195014 0
    outer loop
      vertex 81.7456 141.212 0
      vertex 81.8987 141.982 4
      vertex 81.8987 141.982 0
    endloop
  endfacet
  facet normal -0.980801 0.195014 0
    outer loop
      vertex 81.8987 141.982 4
      vertex 81.7456 141.212 0
      vertex 81.7456 141.212 4
    endloop
  endfacet
  facet normal -0.659004 0.752139 0
    outer loop
      vertex 79.7452 138.13 0
      vertex 80.1926 138.522 4
      vertex 80.1926 138.522 0
    endloop
  endfacet
  facet normal -0.659046 0.752103 8.22214e-06
    outer loop
      vertex 80.1926 138.522 4
      vertex 79.7452 138.13 0
      vertex 79.6026 138.005 4
    endloop
  endfacet
  facet normal -0.659176 0.751988 0
    outer loop
      vertex 79.6026 138.005 4
      vertex 79.7452 138.13 0
      vertex 79.6026 138.005 0
    endloop
  endfacet
  facet normal -0.751787 0.659406 0
    outer loop
      vertex 80.1926 138.522 0
      vertex 80.7101 139.112 4
      vertex 80.7101 139.112 0
    endloop
  endfacet
  facet normal -0.751787 0.659406 0
    outer loop
      vertex 80.7101 139.112 4
      vertex 80.1926 138.522 0
      vertex 80.1926 138.522 4
    endloop
  endfacet
  facet normal -0.322259 0.946652 0
    outer loop
      vertex 78.2461 137.222 0
      vertex 77.5029 136.969 4
      vertex 78.2461 137.222 4
    endloop
  endfacet
  facet normal -0.322259 0.946652 0
    outer loop
      vertex 77.5029 136.969 4
      vertex 78.2461 137.222 0
      vertex 77.5029 136.969 0
    endloop
  endfacet
  facet normal -0.997861 0.0653771 0
    outer loop
      vertex 81.8987 141.982 0
      vertex 81.95 142.765 4
      vertex 81.95 142.765 0
    endloop
  endfacet
  facet normal -0.997861 0.0653771 0
    outer loop
      vertex 81.95 142.765 4
      vertex 81.8987 141.982 0
      vertex 81.8987 141.982 4
    endloop
  endfacet
  facet normal -0.89686 0.442315 0
    outer loop
      vertex 81.1461 139.765 0
      vertex 81.4933 140.469 4
      vertex 81.4933 140.469 0
    endloop
  endfacet
  facet normal -0.89686 0.442315 0
    outer loop
      vertex 81.4933 140.469 4
      vertex 81.1461 139.765 0
      vertex 81.1461 139.765 4
    endloop
  endfacet
  facet normal -0.831658 0.555288 0
    outer loop
      vertex 80.7101 139.112 0
      vertex 81.1461 139.765 4
      vertex 81.1461 139.765 0
    endloop
  endfacet
  facet normal -0.831658 0.555288 0
    outer loop
      vertex 81.1461 139.765 4
      vertex 80.7101 139.112 0
      vertex 80.7101 139.112 4
    endloop
  endfacet
  facet normal -0.0653605 0.997862 0
    outer loop
      vertex 76.7332 96.8163 0
      vertex 75.95 96.765 4
      vertex 76.7332 96.8163 4
    endloop
  endfacet
  facet normal -0.0653605 0.997862 0
    outer loop
      vertex 75.95 96.765 4
      vertex 76.7332 96.8163 0
      vertex 75.95 96.765 0
    endloop
  endfacet
  facet normal -0.997861 -0.0653771 0
    outer loop
      vertex 81.95 102.765 0
      vertex 81.8987 103.548 4
      vertex 81.8987 103.548 0
    endloop
  endfacet
  facet normal -0.997861 -0.0653771 0
    outer loop
      vertex 81.8987 103.548 4
      vertex 81.95 102.765 0
      vertex 81.95 102.765 4
    endloop
  endfacet
  facet normal -0.659176 -0.751988 0
    outer loop
      vertex 79.7452 107.4 0
      vertex 79.6026 107.525 4
      vertex 79.6026 107.525 0
    endloop
  endfacet
  facet normal -0.659046 -0.752103 8.22214e-06
    outer loop
      vertex 79.6026 107.525 4
      vertex 79.7452 107.4 0
      vertex 80.1926 107.008 4
    endloop
  endfacet
  facet normal -0.659004 -0.752139 -0
    outer loop
      vertex 80.1926 107.008 4
      vertex 79.7452 107.4 0
      vertex 80.1926 107.008 0
    endloop
  endfacet
  facet normal -0.89686 -0.442315 0
    outer loop
      vertex 81.4933 105.061 0
      vertex 81.1461 105.765 4
      vertex 81.1461 105.765 0
    endloop
  endfacet
  facet normal -0.89686 -0.442315 0
    outer loop
      vertex 81.1461 105.765 4
      vertex 81.4933 105.061 0
      vertex 81.4933 105.061 4
    endloop
  endfacet
  facet normal -0.946897 0.321537 0
    outer loop
      vertex 81.4933 100.469 0
      vertex 81.7456 101.212 4
      vertex 81.7456 101.212 0
    endloop
  endfacet
  facet normal -0.946897 0.321537 0
    outer loop
      vertex 81.7456 101.212 4
      vertex 81.4933 100.469 0
      vertex 81.4933 100.469 4
    endloop
  endfacet
  facet normal -0.831501 0.555523 0
    outer loop
      vertex 80.7101 99.1124 0
      vertex 81.1461 99.765 4
      vertex 81.1461 99.765 0
    endloop
  endfacet
  facet normal -0.831501 0.555523 0
    outer loop
      vertex 81.1461 99.765 4
      vertex 80.7101 99.1124 0
      vertex 80.7101 99.1124 4
    endloop
  endfacet
  facet normal -0.44216 -0.896936 0
    outer loop
      vertex 78.2461 108.308 0
      vertex 78.95 107.961 4
      vertex 78.2461 108.308 4
    endloop
  endfacet
  facet normal -0.44216 -0.896936 -0
    outer loop
      vertex 78.95 107.961 4
      vertex 78.2461 108.308 0
      vertex 78.95 107.961 0
    endloop
  endfacet
  facet normal -0.555523 -0.831501 0
    outer loop
      vertex 78.95 107.961 0
      vertex 79.6026 107.525 4
      vertex 78.95 107.961 4
    endloop
  endfacet
  facet normal -0.555523 -0.831501 -0
    outer loop
      vertex 79.6026 107.525 4
      vertex 78.95 107.961 0
      vertex 79.6026 107.525 0
    endloop
  endfacet
  facet normal -0.194964 -0.98081 0
    outer loop
      vertex 76.7332 108.714 0
      vertex 77.5029 108.561 4
      vertex 76.7332 108.714 4
    endloop
  endfacet
  facet normal -0.194964 -0.98081 -0
    outer loop
      vertex 77.5029 108.561 4
      vertex 76.7332 108.714 0
      vertex 77.5029 108.561 0
    endloop
  endfacet
  facet normal -0.751787 -0.659406 0
    outer loop
      vertex 80.7101 106.418 0
      vertex 80.1926 107.008 4
      vertex 80.1926 107.008 0
    endloop
  endfacet
  facet normal -0.751787 -0.659406 0
    outer loop
      vertex 80.1926 107.008 4
      vertex 80.7101 106.418 0
      vertex 80.7101 106.418 4
    endloop
  endfacet
  facet normal -0.980801 -0.195014 0
    outer loop
      vertex 81.8987 103.548 0
      vertex 81.7456 104.318 4
      vertex 81.7456 104.318 0
    endloop
  endfacet
  facet normal -0.980801 -0.195014 0
    outer loop
      vertex 81.7456 104.318 4
      vertex 81.8987 103.548 0
      vertex 81.8987 103.548 4
    endloop
  endfacet
  facet normal -0.195087 0.980786 0
    outer loop
      vertex 77.5029 96.9694 0
      vertex 76.7332 96.8163 4
      vertex 77.5029 96.9694 4
    endloop
  endfacet
  facet normal -0.195087 0.980786 0
    outer loop
      vertex 76.7332 96.8163 4
      vertex 77.5029 96.9694 0
      vertex 76.7332 96.8163 0
    endloop
  endfacet
  facet normal -0.442263 0.896885 0
    outer loop
      vertex 78.95 97.5688 0
      vertex 78.2461 97.2217 4
      vertex 78.95 97.5688 4
    endloop
  endfacet
  facet normal -0.442263 0.896885 0
    outer loop
      vertex 78.2461 97.2217 4
      vertex 78.95 97.5688 0
      vertex 78.2461 97.2217 0
    endloop
  endfacet
  facet normal -0.751787 0.659406 0
    outer loop
      vertex 80.1926 98.5224 0
      vertex 80.7101 99.1124 4
      vertex 80.7101 99.1124 0
    endloop
  endfacet
  facet normal -0.751787 0.659406 0
    outer loop
      vertex 80.7101 99.1124 4
      vertex 80.1926 98.5224 0
      vertex 80.1926 98.5224 4
    endloop
  endfacet
  facet normal -0.555611 0.831442 0
    outer loop
      vertex 79.6026 98.0049 0
      vertex 78.95 97.5688 4
      vertex 79.6026 98.0049 4
    endloop
  endfacet
  facet normal -0.555611 0.831442 0
    outer loop
      vertex 78.95 97.5688 4
      vertex 79.6026 98.0049 0
      vertex 78.95 97.5688 0
    endloop
  endfacet
  facet normal -0.980801 0.195014 0
    outer loop
      vertex 81.7456 101.212 0
      vertex 81.8987 101.982 4
      vertex 81.8987 101.982 0
    endloop
  endfacet
  facet normal -0.980801 0.195014 0
    outer loop
      vertex 81.8987 101.982 4
      vertex 81.7456 101.212 0
      vertex 81.7456 101.212 4
    endloop
  endfacet
  facet normal -0.997861 0.0653771 0
    outer loop
      vertex 81.8987 101.982 0
      vertex 81.95 102.765 4
      vertex 81.95 102.765 0
    endloop
  endfacet
  facet normal -0.997861 0.0653771 0
    outer loop
      vertex 81.95 102.765 4
      vertex 81.8987 101.982 0
      vertex 81.8987 101.982 4
    endloop
  endfacet
  facet normal -0.89686 0.442315 0
    outer loop
      vertex 81.1461 99.765 0
      vertex 81.4933 100.469 4
      vertex 81.4933 100.469 0
    endloop
  endfacet
  facet normal -0.89686 0.442315 0
    outer loop
      vertex 81.4933 100.469 4
      vertex 81.1461 99.765 0
      vertex 81.1461 99.765 4
    endloop
  endfacet
  facet normal -0.322259 -0.946652 0
    outer loop
      vertex 77.5029 108.561 0
      vertex 78.2461 108.308 4
      vertex 77.5029 108.561 4
    endloop
  endfacet
  facet normal -0.322259 -0.946652 -0
    outer loop
      vertex 78.2461 108.308 4
      vertex 77.5029 108.561 0
      vertex 78.2461 108.308 0
    endloop
  endfacet
  facet normal -0.946897 -0.321537 0
    outer loop
      vertex 81.7456 104.318 0
      vertex 81.4933 105.061 4
      vertex 81.4933 105.061 0
    endloop
  endfacet
  facet normal -0.946897 -0.321537 0
    outer loop
      vertex 81.4933 105.061 4
      vertex 81.7456 104.318 0
      vertex 81.7456 104.318 4
    endloop
  endfacet
  facet normal -0.32146 0.946923 0
    outer loop
      vertex 78.2461 97.2217 0
      vertex 77.5029 96.9694 4
      vertex 78.2461 97.2217 4
    endloop
  endfacet
  facet normal -0.32146 0.946923 0
    outer loop
      vertex 77.5029 96.9694 4
      vertex 78.2461 97.2217 0
      vertex 77.5029 96.9694 0
    endloop
  endfacet
  facet normal -0.659406 0.751787 0
    outer loop
      vertex 80.1926 98.5224 0
      vertex 79.6026 98.0049 4
      vertex 80.1926 98.5224 4
    endloop
  endfacet
  facet normal -0.659406 0.751787 0
    outer loop
      vertex 79.6026 98.0049 4
      vertex 80.1926 98.5224 0
      vertex 79.6026 98.0049 0
    endloop
  endfacet
  facet normal -0.0649798 -0.997887 0
    outer loop
      vertex 75.95 108.765 0
      vertex 76.7332 108.714 4
      vertex 75.95 108.765 4
    endloop
  endfacet
  facet normal -0.0649798 -0.997887 -0
    outer loop
      vertex 76.7332 108.714 4
      vertex 75.95 108.765 0
      vertex 76.7332 108.714 0
    endloop
  endfacet
  facet normal -0.831658 -0.555288 0
    outer loop
      vertex 81.1461 105.765 0
      vertex 80.7101 106.418 4
      vertex 80.7101 106.418 0
    endloop
  endfacet
  facet normal -0.831658 -0.555288 0
    outer loop
      vertex 80.7101 106.418 4
      vertex 81.1461 105.765 0
      vertex 81.1461 105.765 4
    endloop
  endfacet
  facet normal 0.0652758 -0.997867 0
    outer loop
      vertex 72.5563 148.543 0
      vertex 75.95 148.765 4
      vertex 72.5563 148.543 4
    endloop
  endfacet
  facet normal 0.0652758 -0.997867 0
    outer loop
      vertex 75.95 148.765 4
      vertex 72.5563 148.543 0
      vertex 75.95 148.765 0
    endloop
  endfacet
  facet normal -0.0655259 0.997851 0
    outer loop
      vertex 75.95 136.765 0
      vertex 74.1226 136.645 4
      vertex 75.95 136.765 4
    endloop
  endfacet
  facet normal -0.0655259 0.997851 0
    outer loop
      vertex 74.1226 136.645 4
      vertex 75.95 136.765 0
      vertex 74.1226 136.645 0
    endloop
  endfacet
  facet normal 0.195234 -0.980757 0
    outer loop
      vertex 69.2207 147.879 0
      vertex 72.5563 148.543 4
      vertex 69.2207 147.879 4
    endloop
  endfacet
  facet normal 0.195234 -0.980757 0
    outer loop
      vertex 72.5563 148.543 4
      vertex 69.2207 147.879 0
      vertex 72.5563 148.543 0
    endloop
  endfacet
  facet normal -0.19495 0.980813 0
    outer loop
      vertex 74.1226 136.645 0
      vertex 72.3265 136.288 4
      vertex 74.1226 136.645 4
    endloop
  endfacet
  facet normal -0.19495 0.980813 0
    outer loop
      vertex 72.3265 136.288 4
      vertex 74.1226 136.645 0
      vertex 72.3265 136.288 0
    endloop
  endfacet
  facet normal 0.321383 -0.946949 0
    outer loop
      vertex 66.0002 146.786 0
      vertex 69.2207 147.879 4
      vertex 66.0002 146.786 4
    endloop
  endfacet
  facet normal 0.321383 -0.946949 0
    outer loop
      vertex 69.2207 147.879 4
      vertex 66.0002 146.786 0
      vertex 69.2207 147.879 0
    endloop
  endfacet
  facet normal -0.321612 0.946872 0
    outer loop
      vertex 72.3265 136.288 0
      vertex 70.5924 135.699 4
      vertex 72.3265 136.288 4
    endloop
  endfacet
  facet normal -0.321612 0.946872 0
    outer loop
      vertex 70.5924 135.699 4
      vertex 72.3265 136.288 0
      vertex 70.5924 135.699 0
    endloop
  endfacet
  facet normal 0.442243 -0.896895 0
    outer loop
      vertex 62.95 145.282 0
      vertex 66.0002 146.786 4
      vertex 62.95 145.282 4
    endloop
  endfacet
  facet normal 0.442243 -0.896895 0
    outer loop
      vertex 66.0002 146.786 4
      vertex 62.95 145.282 0
      vertex 66.0002 146.786 0
    endloop
  endfacet
  facet normal -0.441984 0.897023 0
    outer loop
      vertex 69.8435 135.33 0
      vertex 70.5924 135.699 4
      vertex 70.5924 135.699 0
    endloop
  endfacet
  facet normal -0.442314 0.89686 7.69135e-05
    outer loop
      vertex 70.5924 135.699 4
      vertex 69.8435 135.33 0
      vertex 68.95 134.889 4
    endloop
  endfacet
  facet normal -0.442591 0.896724 0
    outer loop
      vertex 68.95 134.889 4
      vertex 69.8435 135.33 0
      vertex 68.95 134.889 0
    endloop
  endfacet
  facet normal 0.555677 -0.831398 0
    outer loop
      vertex 60.1222 143.392 0
      vertex 62.95 145.282 4
      vertex 60.1222 143.392 4
    endloop
  endfacet
  facet normal 0.555677 -0.831398 0
    outer loop
      vertex 62.95 145.282 4
      vertex 60.1222 143.392 0
      vertex 62.95 145.282 0
    endloop
  endfacet
  facet normal -0.555406 0.831579 0
    outer loop
      vertex 68.95 134.889 0
      vertex 67.4273 133.872 4
      vertex 68.95 134.889 4
    endloop
  endfacet
  facet normal -0.555406 0.831579 0
    outer loop
      vertex 67.4273 133.872 4
      vertex 68.95 134.889 0
      vertex 67.4273 133.872 0
    endloop
  endfacet
  facet normal 0.659275 -0.751902 0
    outer loop
      vertex 57.5652 141.15 0
      vertex 60.1222 143.392 4
      vertex 57.5652 141.15 4
    endloop
  endfacet
  facet normal 0.659275 -0.751902 0
    outer loop
      vertex 60.1222 143.392 4
      vertex 57.5652 141.15 0
      vertex 60.1222 143.392 0
    endloop
  endfacet
  facet normal -0.659524 0.751683 0
    outer loop
      vertex 67.4273 133.872 0
      vertex 66.0505 132.664 4
      vertex 67.4273 133.872 4
    endloop
  endfacet
  facet normal -0.659524 0.751683 0
    outer loop
      vertex 66.0505 132.664 4
      vertex 67.4273 133.872 0
      vertex 66.0505 132.664 0
    endloop
  endfacet
  facet normal 0.751844 -0.659341 0
    outer loop
      vertex 55.3228 138.593 4
      vertex 57.5652 141.15 0
      vertex 57.5652 141.15 4
    endloop
  endfacet
  facet normal 0.751844 -0.659341 0
    outer loop
      vertex 57.5652 141.15 0
      vertex 55.3228 138.593 4
      vertex 55.3228 138.593 0
    endloop
  endfacet
  facet normal -0.751296 0.659965 0
    outer loop
      vertex 65.635 132.191 0
      vertex 66.0505 132.664 4
      vertex 66.0505 132.664 0
    endloop
  endfacet
  facet normal -0.751844 0.659341 0
    outer loop
      vertex 64.8431 131.288 4
      vertex 65.635 132.191 0
      vertex 64.8431 131.288 0
    endloop
  endfacet
  facet normal -0.751656 0.659556 8.57357e-05
    outer loop
      vertex 65.635 132.191 0
      vertex 64.8431 131.288 4
      vertex 66.0505 132.664 4
    endloop
  endfacet
  facet normal 0.831484 -0.555548 0
    outer loop
      vertex 53.4333 135.765 4
      vertex 55.3228 138.593 0
      vertex 55.3228 138.593 4
    endloop
  endfacet
  facet normal 0.831484 -0.555548 0
    outer loop
      vertex 55.3228 138.593 0
      vertex 53.4333 135.765 4
      vertex 53.4333 135.765 0
    endloop
  endfacet
  facet normal -0.831504 0.555519 0
    outer loop
      vertex 63.8256 129.765 0
      vertex 64.8431 131.288 4
      vertex 64.8431 131.288 0
    endloop
  endfacet
  facet normal -0.831504 0.555519 0
    outer loop
      vertex 64.8431 131.288 4
      vertex 63.8256 129.765 0
      vertex 63.8256 129.765 4
    endloop
  endfacet
  facet normal 0.89686 -0.442314 0
    outer loop
      vertex 51.9291 132.715 4
      vertex 53.4333 135.765 0
      vertex 53.4333 135.765 4
    endloop
  endfacet
  facet normal 0.89686 -0.442314 0
    outer loop
      vertex 53.4333 135.765 0
      vertex 51.9291 132.715 4
      vertex 51.9291 132.715 0
    endloop
  endfacet
  facet normal -0.896839 0.442357 0
    outer loop
      vertex 63.0157 128.123 0
      vertex 63.8256 129.765 4
      vertex 63.8256 129.765 0
    endloop
  endfacet
  facet normal -0.896839 0.442357 0
    outer loop
      vertex 63.8256 129.765 4
      vertex 63.0157 128.123 0
      vertex 63.0157 128.123 4
    endloop
  endfacet
  facet normal 0.946946 -0.321391 0
    outer loop
      vertex 50.8359 129.494 4
      vertex 51.9291 132.715 0
      vertex 51.9291 132.715 4
    endloop
  endfacet
  facet normal 0.946946 -0.321391 0
    outer loop
      vertex 51.9291 132.715 0
      vertex 50.8359 129.494 4
      vertex 50.8359 129.494 0
    endloop
  endfacet
  facet normal -0.947054 0.321074 0
    outer loop
      vertex 62.835 127.59 0
      vertex 63.0157 128.123 4
      vertex 63.0157 128.123 0
    endloop
  endfacet
  facet normal -0.946936 0.321422 0
    outer loop
      vertex 62.427 126.388 4
      vertex 62.835 127.59 0
      vertex 62.427 126.388 0
    endloop
  endfacet
  facet normal -0.946972 0.321316 -3.58321e-05
    outer loop
      vertex 62.835 127.59 0
      vertex 62.427 126.388 4
      vertex 63.0157 128.123 4
    endloop
  endfacet
  facet normal 0.980778 -0.195126 0
    outer loop
      vertex 50.1724 126.159 4
      vertex 50.8359 129.494 0
      vertex 50.8359 129.494 4
    endloop
  endfacet
  facet normal 0.980778 -0.195126 0
    outer loop
      vertex 50.8359 129.494 0
      vertex 50.1724 126.159 4
      vertex 50.1724 126.159 0
    endloop
  endfacet
  facet normal -0.98079 0.195066 0
    outer loop
      vertex 62.0698 124.592 0
      vertex 62.427 126.388 4
      vertex 62.427 126.388 0
    endloop
  endfacet
  facet normal -0.98079 0.195066 0
    outer loop
      vertex 62.427 126.388 4
      vertex 62.0698 124.592 0
      vertex 62.0698 124.592 4
    endloop
  endfacet
  facet normal 0.99786 -0.0653872 0
    outer loop
      vertex 49.95 122.765 4
      vertex 50.1724 126.159 0
      vertex 50.1724 126.159 4
    endloop
  endfacet
  facet normal 0.99786 -0.0653872 0
    outer loop
      vertex 50.1724 126.159 0
      vertex 49.95 122.765 4
      vertex 49.95 122.765 0
    endloop
  endfacet
  facet normal -0.997857 0.0654315 0
    outer loop
      vertex 61.95 122.765 0
      vertex 62.0698 124.592 4
      vertex 62.0698 124.592 0
    endloop
  endfacet
  facet normal -0.997857 0.0654315 0
    outer loop
      vertex 62.0698 124.592 4
      vertex 61.95 122.765 0
      vertex 61.95 122.765 4
    endloop
  endfacet
  facet normal 0.99786 0.0653872 0
    outer loop
      vertex 50.1724 119.371 4
      vertex 49.95 122.765 0
      vertex 49.95 122.765 4
    endloop
  endfacet
  facet normal 0.99786 0.0653872 0
    outer loop
      vertex 49.95 122.765 0
      vertex 50.1724 119.371 4
      vertex 50.1724 119.371 0
    endloop
  endfacet
  facet normal -0.997857 -0.0654315 0
    outer loop
      vertex 62.0698 120.938 0
      vertex 61.95 122.765 4
      vertex 61.95 122.765 0
    endloop
  endfacet
  facet normal -0.997857 -0.0654315 0
    outer loop
      vertex 61.95 122.765 4
      vertex 62.0698 120.938 0
      vertex 62.0698 120.938 4
    endloop
  endfacet
  facet normal 0.980778 0.195126 0
    outer loop
      vertex 50.8359 116.036 4
      vertex 50.1724 119.371 0
      vertex 50.1724 119.371 4
    endloop
  endfacet
  facet normal 0.980778 0.195126 0
    outer loop
      vertex 50.1724 119.371 0
      vertex 50.8359 116.036 4
      vertex 50.8359 116.036 0
    endloop
  endfacet
  facet normal -0.98079 -0.195066 0
    outer loop
      vertex 62.427 119.142 0
      vertex 62.0698 120.938 4
      vertex 62.0698 120.938 0
    endloop
  endfacet
  facet normal -0.98079 -0.195066 0
    outer loop
      vertex 62.0698 120.938 4
      vertex 62.427 119.142 0
      vertex 62.427 119.142 4
    endloop
  endfacet
  facet normal 0.946946 0.321391 0
    outer loop
      vertex 51.9291 112.815 4
      vertex 50.8359 116.036 0
      vertex 50.8359 116.036 4
    endloop
  endfacet
  facet normal 0.946946 0.321391 0
    outer loop
      vertex 50.8359 116.036 0
      vertex 51.9291 112.815 4
      vertex 51.9291 112.815 0
    endloop
  endfacet
  facet normal -0.946936 -0.321422 0
    outer loop
      vertex 62.835 117.94 0
      vertex 62.427 119.142 4
      vertex 62.427 119.142 0
    endloop
  endfacet
  facet normal -0.947054 -0.321074 -0
    outer loop
      vertex 63.0157 117.407 4
      vertex 62.835 117.94 0
      vertex 63.0157 117.407 0
    endloop
  endfacet
  facet normal -0.946972 -0.321316 -3.58321e-05
    outer loop
      vertex 62.835 117.94 0
      vertex 63.0157 117.407 4
      vertex 62.427 119.142 4
    endloop
  endfacet
  facet normal 0.89686 0.442314 0
    outer loop
      vertex 53.4333 109.765 4
      vertex 51.9291 112.815 0
      vertex 51.9291 112.815 4
    endloop
  endfacet
  facet normal 0.89686 0.442314 0
    outer loop
      vertex 51.9291 112.815 0
      vertex 53.4333 109.765 4
      vertex 53.4333 109.765 0
    endloop
  endfacet
  facet normal -0.896839 -0.442357 0
    outer loop
      vertex 63.8256 115.765 0
      vertex 63.0157 117.407 4
      vertex 63.0157 117.407 0
    endloop
  endfacet
  facet normal -0.896839 -0.442357 0
    outer loop
      vertex 63.0157 117.407 4
      vertex 63.8256 115.765 0
      vertex 63.8256 115.765 4
    endloop
  endfacet
  facet normal 0.831484 0.555548 0
    outer loop
      vertex 55.3228 106.937 4
      vertex 53.4333 109.765 0
      vertex 53.4333 109.765 4
    endloop
  endfacet
  facet normal 0.831484 0.555548 0
    outer loop
      vertex 53.4333 109.765 0
      vertex 55.3228 106.937 4
      vertex 55.3228 106.937 0
    endloop
  endfacet
  facet normal -0.831504 -0.555519 0
    outer loop
      vertex 64.8431 114.242 0
      vertex 63.8256 115.765 4
      vertex 63.8256 115.765 0
    endloop
  endfacet
  facet normal -0.831504 -0.555519 0
    outer loop
      vertex 63.8256 115.765 4
      vertex 64.8431 114.242 0
      vertex 64.8431 114.242 4
    endloop
  endfacet
  facet normal 0.751844 0.659341 0
    outer loop
      vertex 57.5652 104.38 4
      vertex 55.3228 106.937 0
      vertex 55.3228 106.937 4
    endloop
  endfacet
  facet normal 0.751844 0.659341 0
    outer loop
      vertex 55.3228 106.937 0
      vertex 57.5652 104.38 4
      vertex 57.5652 104.38 0
    endloop
  endfacet
  facet normal -0.751844 -0.659341 0
    outer loop
      vertex 65.635 113.339 0
      vertex 64.8431 114.242 4
      vertex 64.8431 114.242 0
    endloop
  endfacet
  facet normal -0.751296 -0.659965 -0
    outer loop
      vertex 66.0505 112.866 4
      vertex 65.635 113.339 0
      vertex 66.0505 112.866 0
    endloop
  endfacet
  facet normal -0.751656 -0.659556 8.57357e-05
    outer loop
      vertex 65.635 113.339 0
      vertex 66.0505 112.866 4
      vertex 64.8431 114.242 4
    endloop
  endfacet
  facet normal 0.659275 0.751902 -0
    outer loop
      vertex 60.1222 102.138 0
      vertex 57.5652 104.38 4
      vertex 60.1222 102.138 4
    endloop
  endfacet
  facet normal 0.659275 0.751902 0
    outer loop
      vertex 57.5652 104.38 4
      vertex 60.1222 102.138 0
      vertex 57.5652 104.38 0
    endloop
  endfacet
  facet normal -0.659524 -0.751683 0
    outer loop
      vertex 66.0505 112.866 0
      vertex 67.4273 111.658 4
      vertex 66.0505 112.866 4
    endloop
  endfacet
  facet normal -0.659524 -0.751683 -0
    outer loop
      vertex 67.4273 111.658 4
      vertex 66.0505 112.866 0
      vertex 67.4273 111.658 0
    endloop
  endfacet
  facet normal 0.555677 0.831398 -0
    outer loop
      vertex 62.95 100.248 0
      vertex 60.1222 102.138 4
      vertex 62.95 100.248 4
    endloop
  endfacet
  facet normal 0.555677 0.831398 0
    outer loop
      vertex 60.1222 102.138 4
      vertex 62.95 100.248 0
      vertex 60.1222 102.138 0
    endloop
  endfacet
  facet normal -0.555406 -0.831579 0
    outer loop
      vertex 67.4273 111.658 0
      vertex 68.95 110.641 4
      vertex 67.4273 111.658 4
    endloop
  endfacet
  facet normal -0.555406 -0.831579 -0
    outer loop
      vertex 68.95 110.641 4
      vertex 67.4273 111.658 0
      vertex 68.95 110.641 0
    endloop
  endfacet
  facet normal 0.44222 0.896907 -0
    outer loop
      vertex 66.0002 98.7441 0
      vertex 62.95 100.248 4
      vertex 66.0002 98.7441 4
    endloop
  endfacet
  facet normal 0.44222 0.896907 0
    outer loop
      vertex 62.95 100.248 4
      vertex 66.0002 98.7441 0
      vertex 62.95 100.248 0
    endloop
  endfacet
  facet normal -0.442591 -0.896724 0
    outer loop
      vertex 69.8435 110.2 0
      vertex 68.95 110.641 4
      vertex 68.95 110.641 0
    endloop
  endfacet
  facet normal -0.442314 -0.89686 7.69135e-05
    outer loop
      vertex 68.95 110.641 4
      vertex 69.8435 110.2 0
      vertex 70.5924 109.831 4
    endloop
  endfacet
  facet normal -0.441984 -0.897023 -0
    outer loop
      vertex 70.5924 109.831 4
      vertex 69.8435 110.2 0
      vertex 70.5924 109.831 0
    endloop
  endfacet
  facet normal 0.321436 0.946931 -0
    outer loop
      vertex 69.2207 97.6509 0
      vertex 66.0002 98.7441 4
      vertex 69.2207 97.6509 4
    endloop
  endfacet
  facet normal 0.321436 0.946931 0
    outer loop
      vertex 66.0002 98.7441 4
      vertex 69.2207 97.6509 0
      vertex 66.0002 98.7441 0
    endloop
  endfacet
  facet normal -0.321612 -0.946872 0
    outer loop
      vertex 70.5924 109.831 0
      vertex 72.3265 109.242 4
      vertex 70.5924 109.831 4
    endloop
  endfacet
  facet normal -0.321612 -0.946872 -0
    outer loop
      vertex 72.3265 109.242 4
      vertex 70.5924 109.831 0
      vertex 72.3265 109.242 0
    endloop
  endfacet
  facet normal 0.195093 0.980785 -0
    outer loop
      vertex 72.5563 96.9874 0
      vertex 69.2207 97.6509 4
      vertex 72.5563 96.9874 4
    endloop
  endfacet
  facet normal 0.195093 0.980785 0
    outer loop
      vertex 69.2207 97.6509 4
      vertex 72.5563 96.9874 0
      vertex 69.2207 97.6509 0
    endloop
  endfacet
  facet normal -0.19495 -0.980813 0
    outer loop
      vertex 72.3265 109.242 0
      vertex 74.1226 108.885 4
      vertex 72.3265 109.242 4
    endloop
  endfacet
  facet normal -0.19495 -0.980813 -0
    outer loop
      vertex 74.1226 108.885 4
      vertex 72.3265 109.242 0
      vertex 74.1226 108.885 0
    endloop
  endfacet
  facet normal 0.0653929 0.99786 -0
    outer loop
      vertex 75.95 96.765 0
      vertex 72.5563 96.9874 4
      vertex 75.95 96.765 4
    endloop
  endfacet
  facet normal 0.0653929 0.99786 0
    outer loop
      vertex 72.5563 96.9874 4
      vertex 75.95 96.765 0
      vertex 72.5563 96.9874 0
    endloop
  endfacet
  facet normal -0.0655259 -0.997851 0
    outer loop
      vertex 74.1226 108.885 0
      vertex 75.95 108.765 4
      vertex 74.1226 108.885 4
    endloop
  endfacet
  facet normal -0.0655259 -0.997851 -0
    outer loop
      vertex 75.95 108.765 4
      vertex 74.1226 108.885 0
      vertex 75.95 108.765 0
    endloop
  endfacet
  facet normal 0.19494 0.980815 -0
    outer loop
      vertex 75.5584 87.7907 1
      vertex 75.1735 87.8672 4
      vertex 75.5584 87.7907 4
    endloop
  endfacet
  facet normal 0.19494 0.980815 0
    outer loop
      vertex 75.1735 87.8672 4
      vertex 75.5584 87.7907 1
      vertex 75.1735 87.8672 1
    endloop
  endfacet
  facet normal 0.321574 0.946885 -0
    outer loop
      vertex 75.1735 87.8672 1
      vertex 74.8019 87.9934 4
      vertex 75.1735 87.8672 4
    endloop
  endfacet
  facet normal 0.321574 0.946885 0
    outer loop
      vertex 74.8019 87.9934 4
      vertex 75.1735 87.8672 1
      vertex 74.8019 87.9934 1
    endloop
  endfacet
  facet normal 0.751724 -0.659478 0
    outer loop
      vertex 73.5699 92.5913 4
      vertex 73.8287 92.8863 1
      vertex 73.8287 92.8863 4
    endloop
  endfacet
  facet normal 0.751724 -0.659478 0
    outer loop
      vertex 73.8287 92.8863 1
      vertex 73.5699 92.5913 4
      vertex 73.5699 92.5913 1
    endloop
  endfacet
  facet normal 0.0654873 -0.997853 0
    outer loop
      vertex 75.5584 93.7393 1
      vertex 75.95 93.765 4
      vertex 75.5584 93.7393 4
    endloop
  endfacet
  facet normal 0.0654873 -0.997853 0
    outer loop
      vertex 75.95 93.765 4
      vertex 75.5584 93.7393 1
      vertex 75.95 93.765 1
    endloop
  endfacet
  facet normal 0.0654873 0.997853 -0
    outer loop
      vertex 75.95 87.765 1
      vertex 75.5584 87.7907 4
      vertex 75.95 87.765 4
    endloop
  endfacet
  facet normal 0.0654873 0.997853 0
    outer loop
      vertex 75.5584 87.7907 4
      vertex 75.95 87.765 1
      vertex 75.5584 87.7907 1
    endloop
  endfacet
  facet normal 0.19494 -0.980815 0
    outer loop
      vertex 75.1735 93.6628 1
      vertex 75.5584 93.7393 4
      vertex 75.1735 93.6628 4
    endloop
  endfacet
  facet normal 0.19494 -0.980815 0
    outer loop
      vertex 75.5584 93.7393 4
      vertex 75.1735 93.6628 1
      vertex 75.5584 93.7393 1
    endloop
  endfacet
  facet normal 0.555523 -0.831501 0
    outer loop
      vertex 74.1237 93.1451 1
      vertex 74.45 93.3631 4
      vertex 74.1237 93.1451 4
    endloop
  endfacet
  facet normal 0.555523 -0.831501 0
    outer loop
      vertex 74.45 93.3631 4
      vertex 74.1237 93.1451 1
      vertex 74.45 93.3631 1
    endloop
  endfacet
  facet normal 0.980815 0.19494 0
    outer loop
      vertex 73.0522 89.9885 4
      vertex 72.9757 90.3734 1
      vertex 72.9757 90.3734 4
    endloop
  endfacet
  facet normal 0.980815 0.19494 0
    outer loop
      vertex 72.9757 90.3734 1
      vertex 73.0522 89.9885 4
      vertex 73.0522 89.9885 1
    endloop
  endfacet
  facet normal 0.659478 0.751724 -0
    outer loop
      vertex 74.1237 88.3849 1
      vertex 73.8287 88.6437 4
      vertex 74.1237 88.3849 4
    endloop
  endfacet
  facet normal 0.659478 0.751724 0
    outer loop
      vertex 73.8287 88.6437 4
      vertex 74.1237 88.3849 1
      vertex 73.8287 88.6437 1
    endloop
  endfacet
  facet normal 0.442211 0.896911 -0
    outer loop
      vertex 74.8019 87.9934 1
      vertex 74.45 88.1669 4
      vertex 74.8019 87.9934 4
    endloop
  endfacet
  facet normal 0.442211 0.896911 0
    outer loop
      vertex 74.45 88.1669 4
      vertex 74.8019 87.9934 1
      vertex 74.45 88.1669 1
    endloop
  endfacet
  facet normal 0.997853 -0.0654873 0
    outer loop
      vertex 72.95 90.765 4
      vertex 72.9757 91.1566 1
      vertex 72.9757 91.1566 4
    endloop
  endfacet
  facet normal 0.997853 -0.0654873 0
    outer loop
      vertex 72.9757 91.1566 1
      vertex 72.95 90.765 4
      vertex 72.95 90.765 1
    endloop
  endfacet
  facet normal 0.997853 0.0654873 0
    outer loop
      vertex 72.9757 90.3734 4
      vertex 72.95 90.765 1
      vertex 72.95 90.765 4
    endloop
  endfacet
  facet normal 0.997853 0.0654873 0
    outer loop
      vertex 72.95 90.765 1
      vertex 72.9757 90.3734 4
      vertex 72.9757 90.3734 1
    endloop
  endfacet
  facet normal 0 0 1
    outer loop
      vertex 104.95 122.765 1
      vertex 110.95 122.765 1
      vertex 110.651 127.333 1
    endloop
  endfacet
  facet normal 0 0 1
    outer loop
      vertex 104.702 126.55 1
      vertex 110.651 127.333 1
      vertex 109.757 131.824 1
    endloop
  endfacet
  facet normal 0 0 1
    outer loop
      vertex 110.95 122.765 1
      vertex 104.95 122.765 1
      vertex 110.651 118.197 1
    endloop
  endfacet
  facet normal 0 0 1
    outer loop
      vertex 103.962 130.271 1
      vertex 109.757 131.824 1
      vertex 108.286 136.159 1
    endloop
  endfacet
  facet normal -0 0 1
    outer loop
      vertex 104.702 118.98 1
      vertex 110.651 118.197 1
      vertex 104.95 122.765 1
    endloop
  endfacet
  facet normal 0 0 1
    outer loop
      vertex 102.743 133.863 1
      vertex 108.286 136.159 1
      vertex 106.261 140.265 1
    endloop
  endfacet
  facet normal 0 0 1
    outer loop
      vertex 110.651 118.197 1
      vertex 104.702 118.98 1
      vertex 109.757 113.706 1
    endloop
  endfacet
  facet normal -0 0 1
    outer loop
      vertex 103.962 115.259 1
      vertex 109.757 113.706 1
      vertex 104.702 118.98 1
    endloop
  endfacet
  facet normal 0 0 1
    outer loop
      vertex 110.651 127.333 1
      vertex 104.702 126.55 1
      vertex 104.95 122.765 1
    endloop
  endfacet
  facet normal 0 0 1
    outer loop
      vertex 109.757 131.824 1
      vertex 103.962 130.271 1
      vertex 104.702 126.55 1
    endloop
  endfacet
  facet normal 0 0 1
    outer loop
      vertex 101.065 137.265 1
      vertex 106.261 140.265 1
      vertex 103.717 144.072 1
    endloop
  endfacet
  facet normal 0 0 1
    outer loop
      vertex 108.286 136.159 1
      vertex 102.743 133.863 1
      vertex 103.962 130.271 1
    endloop
  endfacet
  facet normal 0 0 1
    outer loop
      vertex 106.261 140.265 1
      vertex 101.065 137.265 1
      vertex 102.743 133.863 1
    endloop
  endfacet
  facet normal 0 0 1
    outer loop
      vertex 98.9572 140.419 1
      vertex 103.717 144.072 1
      vertex 100.699 147.514 1
    endloop
  endfacet
  facet normal 0 0 1
    outer loop
      vertex 103.717 144.072 1
      vertex 98.9572 140.419 1
      vertex 101.065 137.265 1
    endloop
  endfacet
  facet normal 0 0 1
    outer loop
      vertex 96.4561 143.271 1
      vertex 100.699 147.514 1
      vertex 97.2567 150.532 1
    endloop
  endfacet
  facet normal 0 0 1
    outer loop
      vertex 100.699 147.514 1
      vertex 96.4561 143.271 1
      vertex 98.9572 140.419 1
    endloop
  endfacet
  facet normal 0 0 1
    outer loop
      vertex 97.2567 150.532 1
      vertex 93.6041 145.772 1
      vertex 96.4561 143.271 1
    endloop
  endfacet
  facet normal 0 0 1
    outer loop
      vertex 93.45 153.076 1
      vertex 93.6041 145.772 1
      vertex 97.2567 150.532 1
    endloop
  endfacet
  facet normal 0 0 1
    outer loop
      vertex 93.45 153.076 1
      vertex 90.45 147.88 1
      vertex 93.6041 145.772 1
    endloop
  endfacet
  facet normal 0 0 1
    outer loop
      vertex 89.3439 155.101 1
      vertex 90.45 147.88 1
      vertex 93.45 153.076 1
    endloop
  endfacet
  facet normal 0 0 1
    outer loop
      vertex 89.3439 155.101 1
      vertex 87.0478 149.558 1
      vertex 90.45 147.88 1
    endloop
  endfacet
  facet normal 0 0 1
    outer loop
      vertex 85.0087 156.572 1
      vertex 87.0478 149.558 1
      vertex 89.3439 155.101 1
    endloop
  endfacet
  facet normal 0 0 1
    outer loop
      vertex 85.0087 156.572 1
      vertex 83.4557 150.777 1
      vertex 87.0478 149.558 1
    endloop
  endfacet
  facet normal 0 0 1
    outer loop
      vertex 80.5184 157.466 1
      vertex 83.4557 150.777 1
      vertex 85.0087 156.572 1
    endloop
  endfacet
  facet normal 0 0 1
    outer loop
      vertex 80.5184 157.466 1
      vertex 79.7353 151.517 1
      vertex 83.4557 150.777 1
    endloop
  endfacet
  facet normal 0 0 1
    outer loop
      vertex 75.95 157.765 1
      vertex 79.7353 151.517 1
      vertex 80.5184 157.466 1
    endloop
  endfacet
  facet normal 0 0 1
    outer loop
      vertex 75.95 157.765 1
      vertex 75.95 151.765 1
      vertex 79.7353 151.517 1
    endloop
  endfacet
  facet normal -0 0 1
    outer loop
      vertex 75.5584 157.739 1
      vertex 75.95 151.765 1
      vertex 75.95 157.765 1
    endloop
  endfacet
  facet normal 0 0 1
    outer loop
      vertex 75.5584 157.739 1
      vertex 75.5584 151.791 1
      vertex 75.95 151.765 1
    endloop
  endfacet
  facet normal -0 0 1
    outer loop
      vertex 75.1735 157.663 1
      vertex 75.5584 151.791 1
      vertex 75.5584 157.739 1
    endloop
  endfacet
  facet normal 0 0 1
    outer loop
      vertex 75.1735 157.663 1
      vertex 75.1735 151.867 1
      vertex 75.5584 151.791 1
    endloop
  endfacet
  facet normal -0 0 1
    outer loop
      vertex 74.8019 157.537 1
      vertex 75.1735 151.867 1
      vertex 75.1735 157.663 1
    endloop
  endfacet
  facet normal 0 0 1
    outer loop
      vertex 74.8019 157.537 1
      vertex 74.8019 151.993 1
      vertex 75.1735 151.867 1
    endloop
  endfacet
  facet normal -0 0 1
    outer loop
      vertex 74.45 157.363 1
      vertex 74.8019 151.993 1
      vertex 74.8019 157.537 1
    endloop
  endfacet
  facet normal 0 0 1
    outer loop
      vertex 74.45 157.363 1
      vertex 74.45 152.167 1
      vertex 74.8019 151.993 1
    endloop
  endfacet
  facet normal -0 0 1
    outer loop
      vertex 74.1237 157.145 1
      vertex 74.45 152.167 1
      vertex 74.45 157.363 1
    endloop
  endfacet
  facet normal 0 0 1
    outer loop
      vertex 74.1237 157.145 1
      vertex 74.1237 152.385 1
      vertex 74.45 152.167 1
    endloop
  endfacet
  facet normal -0 0 1
    outer loop
      vertex 73.8287 156.886 1
      vertex 74.1237 152.385 1
      vertex 74.1237 157.145 1
    endloop
  endfacet
  facet normal 0 0 1
    outer loop
      vertex 73.8287 156.886 1
      vertex 73.8287 152.644 1
      vertex 74.1237 152.385 1
    endloop
  endfacet
  facet normal -0 0 1
    outer loop
      vertex 73.5699 156.591 1
      vertex 73.8287 152.644 1
      vertex 73.8287 156.886 1
    endloop
  endfacet
  facet normal 0 0 1
    outer loop
      vertex 73.5699 156.591 1
      vertex 73.5699 152.939 1
      vertex 73.8287 152.644 1
    endloop
  endfacet
  facet normal -0 0 1
    outer loop
      vertex 73.3519 156.265 1
      vertex 73.5699 152.939 1
      vertex 73.5699 156.591 1
    endloop
  endfacet
  facet normal 0 0 1
    outer loop
      vertex 73.3519 156.265 1
      vertex 73.3519 153.265 1
      vertex 73.5699 152.939 1
    endloop
  endfacet
  facet normal -0 0 1
    outer loop
      vertex 73.1784 155.913 1
      vertex 73.3519 153.265 1
      vertex 73.3519 156.265 1
    endloop
  endfacet
  facet normal 0 0 1
    outer loop
      vertex 73.1784 155.913 1
      vertex 73.1784 153.617 1
      vertex 73.3519 153.265 1
    endloop
  endfacet
  facet normal -0 0 1
    outer loop
      vertex 73.0522 155.541 1
      vertex 73.1784 153.617 1
      vertex 73.1784 155.913 1
    endloop
  endfacet
  facet normal 0 0 1
    outer loop
      vertex 73.0522 155.541 1
      vertex 73.0522 153.989 1
      vertex 73.1784 153.617 1
    endloop
  endfacet
  facet normal -0 0 1
    outer loop
      vertex 72.9757 155.157 1
      vertex 73.0522 153.989 1
      vertex 73.0522 155.541 1
    endloop
  endfacet
  facet normal 0 0 1
    outer loop
      vertex 72.9757 155.157 1
      vertex 72.9757 154.373 1
      vertex 73.0522 153.989 1
    endloop
  endfacet
  facet normal 0 -0 1
    outer loop
      vertex 72.9757 154.373 1
      vertex 72.9757 155.157 1
      vertex 72.95 154.765 1
    endloop
  endfacet
  facet normal 0 0 1
    outer loop
      vertex 109.757 113.706 1
      vertex 103.962 115.259 1
      vertex 108.286 109.371 1
    endloop
  endfacet
  facet normal -0 0 1
    outer loop
      vertex 102.743 111.667 1
      vertex 108.286 109.371 1
      vertex 103.962 115.259 1
    endloop
  endfacet
  facet normal 0 0 1
    outer loop
      vertex 108.286 109.371 1
      vertex 102.743 111.667 1
      vertex 106.261 105.265 1
    endloop
  endfacet
  facet normal -0 0 1
    outer loop
      vertex 101.065 108.265 1
      vertex 106.261 105.265 1
      vertex 102.743 111.667 1
    endloop
  endfacet
  facet normal 0 0 1
    outer loop
      vertex 106.261 105.265 1
      vertex 101.065 108.265 1
      vertex 103.717 101.458 1
    endloop
  endfacet
  facet normal -0 0 1
    outer loop
      vertex 98.9572 105.111 1
      vertex 103.717 101.458 1
      vertex 101.065 108.265 1
    endloop
  endfacet
  facet normal 0 0 1
    outer loop
      vertex 103.717 101.458 1
      vertex 98.9572 105.111 1
      vertex 100.699 98.0163 1
    endloop
  endfacet
  facet normal -0 0 1
    outer loop
      vertex 96.4561 102.259 1
      vertex 100.699 98.0163 1
      vertex 98.9572 105.111 1
    endloop
  endfacet
  facet normal 0 0 1
    outer loop
      vertex 100.699 98.0163 1
      vertex 96.4561 102.259 1
      vertex 97.2567 94.9976 1
    endloop
  endfacet
  facet normal -0 0 1
    outer loop
      vertex 93.6041 99.7578 1
      vertex 97.2567 94.9976 1
      vertex 96.4561 102.259 1
    endloop
  endfacet
  facet normal 0 0 1
    outer loop
      vertex 93.6041 99.7578 1
      vertex 93.45 92.4541 1
      vertex 97.2567 94.9976 1
    endloop
  endfacet
  facet normal -0 0 1
    outer loop
      vertex 90.45 97.6503 1
      vertex 93.45 92.4541 1
      vertex 93.6041 99.7578 1
    endloop
  endfacet
  facet normal 0 0 1
    outer loop
      vertex 90.45 97.6503 1
      vertex 89.3439 90.4292 1
      vertex 93.45 92.4541 1
    endloop
  endfacet
  facet normal -0 0 1
    outer loop
      vertex 87.0478 95.9725 1
      vertex 89.3439 90.4292 1
      vertex 90.45 97.6503 1
    endloop
  endfacet
  facet normal 0 0 1
    outer loop
      vertex 87.0478 95.9725 1
      vertex 85.0087 88.9576 1
      vertex 89.3439 90.4292 1
    endloop
  endfacet
  facet normal -0 0 1
    outer loop
      vertex 83.4557 94.7532 1
      vertex 85.0087 88.9576 1
      vertex 87.0478 95.9725 1
    endloop
  endfacet
  facet normal 0 0 1
    outer loop
      vertex 83.4557 94.7532 1
      vertex 80.5184 88.0644 1
      vertex 85.0087 88.9576 1
    endloop
  endfacet
  facet normal -0 0 1
    outer loop
      vertex 79.7353 94.0131 1
      vertex 80.5184 88.0644 1
      vertex 83.4557 94.7532 1
    endloop
  endfacet
  facet normal -0 0 1
    outer loop
      vertex 75.95 93.765 1
      vertex 80.5184 88.0644 1
      vertex 79.7353 94.0131 1
    endloop
  endfacet
  facet normal 0 0 1
    outer loop
      vertex 75.95 93.765 1
      vertex 75.95 87.765 1
      vertex 80.5184 88.0644 1
    endloop
  endfacet
  facet normal -0 0 1
    outer loop
      vertex 75.5584 93.7393 1
      vertex 75.95 87.765 1
      vertex 75.95 93.765 1
    endloop
  endfacet
  facet normal 0 0 1
    outer loop
      vertex 75.5584 93.7393 1
      vertex 75.5584 87.7907 1
      vertex 75.95 87.765 1
    endloop
  endfacet
  facet normal -0 0 1
    outer loop
      vertex 75.1735 93.6628 1
      vertex 75.5584 87.7907 1
      vertex 75.5584 93.7393 1
    endloop
  endfacet
  facet normal 0 0 1
    outer loop
      vertex 75.1735 93.6628 1
      vertex 75.1735 87.8672 1
      vertex 75.5584 87.7907 1
    endloop
  endfacet
  facet normal -0 0 1
    outer loop
      vertex 74.8019 93.5366 1
      vertex 75.1735 87.8672 1
      vertex 75.1735 93.6628 1
    endloop
  endfacet
  facet normal 0 0 1
    outer loop
      vertex 74.8019 93.5366 1
      vertex 74.8019 87.9934 1
      vertex 75.1735 87.8672 1
    endloop
  endfacet
  facet normal -0 0 1
    outer loop
      vertex 74.45 93.3631 1
      vertex 74.8019 87.9934 1
      vertex 74.8019 93.5366 1
    endloop
  endfacet
  facet normal 0 0 1
    outer loop
      vertex 74.45 93.3631 1
      vertex 74.45 88.1669 1
      vertex 74.8019 87.9934 1
    endloop
  endfacet
  facet normal -0 0 1
    outer loop
      vertex 74.1237 93.1451 1
      vertex 74.45 88.1669 1
      vertex 74.45 93.3631 1
    endloop
  endfacet
  facet normal 0 0 1
    outer loop
      vertex 74.1237 93.1451 1
      vertex 74.1237 88.3849 1
      vertex 74.45 88.1669 1
    endloop
  endfacet
  facet normal -0 0 1
    outer loop
      vertex 73.8287 92.8863 1
      vertex 74.1237 88.3849 1
      vertex 74.1237 93.1451 1
    endloop
  endfacet
  facet normal 0 0 1
    outer loop
      vertex 73.8287 92.8863 1
      vertex 73.8287 88.6437 1
      vertex 74.1237 88.3849 1
    endloop
  endfacet
  facet normal -0 0 1
    outer loop
      vertex 73.5699 92.5913 1
      vertex 73.8287 88.6437 1
      vertex 73.8287 92.8863 1
    endloop
  endfacet
  facet normal 0 0 1
    outer loop
      vertex 73.5699 92.5913 1
      vertex 73.5699 88.9387 1
      vertex 73.8287 88.6437 1
    endloop
  endfacet
  facet normal -0 0 1
    outer loop
      vertex 73.3519 92.265 1
      vertex 73.5699 88.9387 1
      vertex 73.5699 92.5913 1
    endloop
  endfacet
  facet normal 0 0 1
    outer loop
      vertex 73.3519 92.265 1
      vertex 73.3519 89.265 1
      vertex 73.5699 88.9387 1
    endloop
  endfacet
  facet normal -0 0 1
    outer loop
      vertex 73.1784 91.913 1
      vertex 73.3519 89.265 1
      vertex 73.3519 92.265 1
    endloop
  endfacet
  facet normal 0 0 1
    outer loop
      vertex 73.1784 91.913 1
      vertex 73.1784 89.617 1
      vertex 73.3519 89.265 1
    endloop
  endfacet
  facet normal -0 0 1
    outer loop
      vertex 73.0522 91.5415 1
      vertex 73.1784 89.617 1
      vertex 73.1784 91.913 1
    endloop
  endfacet
  facet normal 0 0 1
    outer loop
      vertex 73.0522 91.5415 1
      vertex 73.0522 89.9885 1
      vertex 73.1784 89.617 1
    endloop
  endfacet
  facet normal -0 0 1
    outer loop
      vertex 72.9757 91.1566 1
      vertex 73.0522 89.9885 1
      vertex 73.0522 91.5415 1
    endloop
  endfacet
  facet normal 0 0 1
    outer loop
      vertex 72.9757 91.1566 1
      vertex 72.9757 90.3734 1
      vertex 73.0522 89.9885 1
    endloop
  endfacet
  facet normal 0 -0 1
    outer loop
      vertex 72.9757 90.3734 1
      vertex 72.9757 91.1566 1
      vertex 72.95 90.765 1
    endloop
  endfacet
  facet normal 0.659478 -0.751724 0
    outer loop
      vertex 73.8287 92.8863 1
      vertex 74.1237 93.1451 4
      vertex 73.8287 92.8863 4
    endloop
  endfacet
  facet normal 0.659478 -0.751724 0
    outer loop
      vertex 74.1237 93.1451 4
      vertex 73.8287 92.8863 1
      vertex 74.1237 93.1451 1
    endloop
  endfacet
  facet normal 0.442211 -0.896911 0
    outer loop
      vertex 74.45 93.3631 1
      vertex 74.8019 93.5366 4
      vertex 74.45 93.3631 4
    endloop
  endfacet
  facet normal 0.442211 -0.896911 0
    outer loop
      vertex 74.8019 93.5366 4
      vertex 74.45 93.3631 1
      vertex 74.8019 93.5366 1
    endloop
  endfacet
  facet normal 0.896961 0.44211 0
    outer loop
      vertex 73.3519 89.265 4
      vertex 73.1784 89.617 1
      vertex 73.1784 89.617 4
    endloop
  endfacet
  facet normal 0.896961 0.44211 0
    outer loop
      vertex 73.1784 89.617 1
      vertex 73.3519 89.265 4
      vertex 73.3519 89.265 1
    endloop
  endfacet
  facet normal 0.946858 0.321651 0
    outer loop
      vertex 73.1784 89.617 4
      vertex 73.0522 89.9885 1
      vertex 73.0522 89.9885 4
    endloop
  endfacet
  facet normal 0.946858 0.321651 0
    outer loop
      vertex 73.0522 89.9885 1
      vertex 73.1784 89.617 4
      vertex 73.1784 89.617 1
    endloop
  endfacet
  facet normal 0.751724 0.659478 0
    outer loop
      vertex 73.8287 88.6437 4
      vertex 73.5699 88.9387 1
      vertex 73.5699 88.9387 4
    endloop
  endfacet
  facet normal 0.751724 0.659478 0
    outer loop
      vertex 73.5699 88.9387 1
      vertex 73.8287 88.6437 4
      vertex 73.8287 88.6437 1
    endloop
  endfacet
  facet normal 0.831501 0.555523 0
    outer loop
      vertex 73.5699 88.9387 4
      vertex 73.3519 89.265 1
      vertex 73.3519 89.265 4
    endloop
  endfacet
  facet normal 0.831501 0.555523 0
    outer loop
      vertex 73.3519 89.265 1
      vertex 73.5699 88.9387 4
      vertex 73.5699 88.9387 1
    endloop
  endfacet
  facet normal 0.555523 0.831501 -0
    outer loop
      vertex 74.45 88.1669 1
      vertex 74.1237 88.3849 4
      vertex 74.45 88.1669 4
    endloop
  endfacet
  facet normal 0.555523 0.831501 0
    outer loop
      vertex 74.1237 88.3849 4
      vertex 74.45 88.1669 1
      vertex 74.1237 88.3849 1
    endloop
  endfacet
  facet normal 0.946858 -0.321651 0
    outer loop
      vertex 73.0522 91.5415 4
      vertex 73.1784 91.913 1
      vertex 73.1784 91.913 4
    endloop
  endfacet
  facet normal 0.946858 -0.321651 0
    outer loop
      vertex 73.1784 91.913 1
      vertex 73.0522 91.5415 4
      vertex 73.0522 91.5415 1
    endloop
  endfacet
  facet normal 0.831501 -0.555523 0
    outer loop
      vertex 73.3519 92.265 4
      vertex 73.5699 92.5913 1
      vertex 73.5699 92.5913 4
    endloop
  endfacet
  facet normal 0.831501 -0.555523 0
    outer loop
      vertex 73.5699 92.5913 1
      vertex 73.3519 92.265 4
      vertex 73.3519 92.265 1
    endloop
  endfacet
  facet normal 0.980815 -0.19494 0
    outer loop
      vertex 72.9757 91.1566 4
      vertex 73.0522 91.5415 1
      vertex 73.0522 91.5415 4
    endloop
  endfacet
  facet normal 0.980815 -0.19494 0
    outer loop
      vertex 73.0522 91.5415 1
      vertex 72.9757 91.1566 4
      vertex 72.9757 91.1566 1
    endloop
  endfacet
  facet normal 0.321574 -0.946885 0
    outer loop
      vertex 74.8019 93.5366 1
      vertex 75.1735 93.6628 4
      vertex 74.8019 93.5366 4
    endloop
  endfacet
  facet normal 0.321574 -0.946885 0
    outer loop
      vertex 75.1735 93.6628 4
      vertex 74.8019 93.5366 1
      vertex 75.1735 93.6628 1
    endloop
  endfacet
  facet normal 0.896961 -0.44211 0
    outer loop
      vertex 73.1784 91.913 4
      vertex 73.3519 92.265 1
      vertex 73.3519 92.265 4
    endloop
  endfacet
  facet normal 0.896961 -0.44211 0
    outer loop
      vertex 73.3519 92.265 1
      vertex 73.1784 91.913 4
      vertex 73.1784 91.913 1
    endloop
  endfacet
  facet normal 0.0662484 -0.997803 0
    outer loop
      vertex 75.5584 157.739 1
      vertex 75.95 157.765 4
      vertex 75.5584 157.739 4
    endloop
  endfacet
  facet normal 0.0662484 -0.997803 0
    outer loop
      vertex 75.95 157.765 4
      vertex 75.5584 157.739 1
      vertex 75.95 157.765 1
    endloop
  endfacet
  facet normal 0.751724 -0.659478 0
    outer loop
      vertex 73.5699 156.591 4
      vertex 73.8287 156.886 1
      vertex 73.8287 156.886 4
    endloop
  endfacet
  facet normal 0.751724 -0.659478 0
    outer loop
      vertex 73.8287 156.886 1
      vertex 73.5699 156.591 4
      vertex 73.5699 156.591 1
    endloop
  endfacet
  facet normal 0.443235 -0.896405 0
    outer loop
      vertex 74.45 157.363 1
      vertex 74.8019 157.537 4
      vertex 74.45 157.363 4
    endloop
  endfacet
  facet normal 0.443235 -0.896405 0
    outer loop
      vertex 74.8019 157.537 4
      vertex 74.45 157.363 1
      vertex 74.8019 157.537 1
    endloop
  endfacet
  facet normal 0.193714 -0.981058 0
    outer loop
      vertex 75.1735 157.663 1
      vertex 75.5584 157.739 4
      vertex 75.1735 157.663 4
    endloop
  endfacet
  facet normal 0.193714 -0.981058 0
    outer loop
      vertex 75.5584 157.739 4
      vertex 75.1735 157.663 1
      vertex 75.5584 157.739 1
    endloop
  endfacet
  facet normal 0.94699 -0.321264 0
    outer loop
      vertex 73.0522 155.541 4
      vertex 73.1784 155.913 1
      vertex 73.1784 155.913 4
    endloop
  endfacet
  facet normal 0.94699 -0.321264 0
    outer loop
      vertex 73.1784 155.913 1
      vertex 73.0522 155.541 4
      vertex 73.0522 155.541 1
    endloop
  endfacet
  facet normal 0.831265 -0.555877 0
    outer loop
      vertex 73.3519 156.265 4
      vertex 73.5699 156.591 1
      vertex 73.5699 156.591 4
    endloop
  endfacet
  facet normal 0.831265 -0.555877 0
    outer loop
      vertex 73.5699 156.591 1
      vertex 73.3519 156.265 4
      vertex 73.3519 156.265 1
    endloop
  endfacet
  facet normal 0.443235 0.896405 -0
    outer loop
      vertex 74.8019 151.993 1
      vertex 74.45 152.167 4
      vertex 74.8019 151.993 4
    endloop
  endfacet
  facet normal 0.443235 0.896405 0
    outer loop
      vertex 74.45 152.167 4
      vertex 74.8019 151.993 1
      vertex 74.45 152.167 1
    endloop
  endfacet
  facet normal 0.555523 0.831501 -0
    outer loop
      vertex 74.45 152.167 1
      vertex 74.1237 152.385 4
      vertex 74.45 152.167 4
    endloop
  endfacet
  facet normal 0.555523 0.831501 0
    outer loop
      vertex 74.1237 152.385 4
      vertex 74.45 152.167 1
      vertex 74.1237 152.385 1
    endloop
  endfacet
  facet normal 0.193714 0.981058 -0
    outer loop
      vertex 75.5584 151.791 1
      vertex 75.1735 151.867 4
      vertex 75.5584 151.791 4
    endloop
  endfacet
  facet normal 0.193714 0.981058 0
    outer loop
      vertex 75.1735 151.867 4
      vertex 75.5584 151.791 1
      vertex 75.1735 151.867 1
    endloop
  endfacet
  facet normal 0.896961 0.44211 0
    outer loop
      vertex 73.3519 153.265 4
      vertex 73.1784 153.617 1
      vertex 73.1784 153.617 4
    endloop
  endfacet
  facet normal 0.896961 0.44211 0
    outer loop
      vertex 73.1784 153.617 1
      vertex 73.3519 153.265 4
      vertex 73.3519 153.265 1
    endloop
  endfacet
  facet normal 0.980728 0.195379 0
    outer loop
      vertex 73.0522 153.989 4
      vertex 72.9757 154.373 1
      vertex 72.9757 154.373 4
    endloop
  endfacet
  facet normal 0.980728 0.195379 0
    outer loop
      vertex 72.9757 154.373 1
      vertex 73.0522 153.989 4
      vertex 73.0522 153.989 1
    endloop
  endfacet
  facet normal 0.321117 -0.94704 0
    outer loop
      vertex 74.8019 157.537 1
      vertex 75.1735 157.663 4
      vertex 74.8019 157.537 4
    endloop
  endfacet
  facet normal 0.321117 -0.94704 0
    outer loop
      vertex 75.1735 157.663 4
      vertex 74.8019 157.537 1
      vertex 75.1735 157.663 1
    endloop
  endfacet
  facet normal 0.659766 -0.751471 0
    outer loop
      vertex 73.8287 156.886 1
      vertex 74.1237 157.145 4
      vertex 73.8287 156.886 4
    endloop
  endfacet
  facet normal 0.659766 -0.751471 0
    outer loop
      vertex 74.1237 157.145 4
      vertex 73.8287 156.886 1
      vertex 74.1237 157.145 1
    endloop
  endfacet
  facet normal 0.555523 -0.831501 0
    outer loop
      vertex 74.1237 157.145 1
      vertex 74.45 157.363 4
      vertex 74.1237 157.145 4
    endloop
  endfacet
  facet normal 0.555523 -0.831501 0
    outer loop
      vertex 74.45 157.363 4
      vertex 74.1237 157.145 1
      vertex 74.45 157.363 1
    endloop
  endfacet
  facet normal 0.980728 -0.195379 0
    outer loop
      vertex 72.9757 155.157 4
      vertex 73.0522 155.541 1
      vertex 73.0522 155.541 4
    endloop
  endfacet
  facet normal 0.980728 -0.195379 0
    outer loop
      vertex 73.0522 155.541 1
      vertex 72.9757 155.157 4
      vertex 72.9757 155.157 1
    endloop
  endfacet
  facet normal 0.997858 -0.0654208 0
    outer loop
      vertex 72.95 154.765 4
      vertex 72.9757 155.157 1
      vertex 72.9757 155.157 4
    endloop
  endfacet
  facet normal 0.997858 -0.0654208 0
    outer loop
      vertex 72.9757 155.157 1
      vertex 72.95 154.765 4
      vertex 72.95 154.765 1
    endloop
  endfacet
  facet normal 0.997858 0.0654208 0
    outer loop
      vertex 72.9757 154.373 4
      vertex 72.95 154.765 1
      vertex 72.95 154.765 4
    endloop
  endfacet
  facet normal 0.997858 0.0654208 0
    outer loop
      vertex 72.95 154.765 1
      vertex 72.9757 154.373 4
      vertex 72.9757 154.373 1
    endloop
  endfacet
  facet normal 0.0662484 0.997803 -0
    outer loop
      vertex 75.95 151.765 1
      vertex 75.5584 151.791 4
      vertex 75.95 151.765 4
    endloop
  endfacet
  facet normal 0.0662484 0.997803 0
    outer loop
      vertex 75.5584 151.791 4
      vertex 75.95 151.765 1
      vertex 75.5584 151.791 1
    endloop
  endfacet
  facet normal 0.659766 0.751471 -0
    outer loop
      vertex 74.1237 152.385 1
      vertex 73.8287 152.644 4
      vertex 74.1237 152.385 4
    endloop
  endfacet
  facet normal 0.659766 0.751471 0
    outer loop
      vertex 73.8287 152.644 4
      vertex 74.1237 152.385 1
      vertex 73.8287 152.644 1
    endloop
  endfacet
  facet normal 0.831265 0.555877 0
    outer loop
      vertex 73.5699 152.939 4
      vertex 73.3519 153.265 1
      vertex 73.3519 153.265 4
    endloop
  endfacet
  facet normal 0.831265 0.555877 0
    outer loop
      vertex 73.3519 153.265 1
      vertex 73.5699 152.939 4
      vertex 73.5699 152.939 1
    endloop
  endfacet
  facet normal 0.751724 0.659478 0
    outer loop
      vertex 73.8287 152.644 4
      vertex 73.5699 152.939 1
      vertex 73.5699 152.939 4
    endloop
  endfacet
  facet normal 0.751724 0.659478 0
    outer loop
      vertex 73.5699 152.939 1
      vertex 73.8287 152.644 4
      vertex 73.8287 152.644 1
    endloop
  endfacet
  facet normal 0.94699 0.321264 0
    outer loop
      vertex 73.1784 153.617 4
      vertex 73.0522 153.989 1
      vertex 73.0522 153.989 4
    endloop
  endfacet
  facet normal 0.94699 0.321264 0
    outer loop
      vertex 73.0522 153.989 1
      vertex 73.1784 153.617 4
      vertex 73.1784 153.617 1
    endloop
  endfacet
  facet normal 0.896961 -0.44211 0
    outer loop
      vertex 73.1784 155.913 4
      vertex 73.3519 156.265 1
      vertex 73.3519 156.265 4
    endloop
  endfacet
  facet normal 0.896961 -0.44211 0
    outer loop
      vertex 73.3519 156.265 1
      vertex 73.1784 155.913 4
      vertex 73.1784 155.913 1
    endloop
  endfacet
  facet normal 0.321117 0.94704 -0
    outer loop
      vertex 75.1735 151.867 1
      vertex 74.8019 151.993 4
      vertex 75.1735 151.867 4
    endloop
  endfacet
  facet normal 0.321117 0.94704 0
    outer loop
      vertex 74.8019 151.993 4
      vertex 75.1735 151.867 1
      vertex 74.8019 151.993 1
    endloop
  endfacet
  facet normal -0.0653969 0.997859 0
    outer loop
      vertex 80.5184 88.0644 1
      vertex 75.95 87.765 4
      vertex 80.5184 88.0644 4
    endloop
  endfacet
  facet normal -0.0653969 0.997859 0
    outer loop
      vertex 75.95 87.765 4
      vertex 80.5184 88.0644 1
      vertex 75.95 87.765 1
    endloop
  endfacet
  facet normal 0.0654027 -0.997859 0
    outer loop
      vertex 75.95 93.765 1
      vertex 79.7353 94.0131 4
      vertex 75.95 93.765 4
    endloop
  endfacet
  facet normal 0.0654027 -0.997859 0
    outer loop
      vertex 79.7353 94.0131 4
      vertex 75.95 93.765 1
      vertex 79.7353 94.0131 1
    endloop
  endfacet
  facet normal -0.195095 0.980784 0
    outer loop
      vertex 85.0087 88.9576 1
      vertex 80.5184 88.0644 4
      vertex 85.0087 88.9576 4
    endloop
  endfacet
  facet normal -0.195095 0.980784 0
    outer loop
      vertex 80.5184 88.0644 4
      vertex 85.0087 88.9576 1
      vertex 80.5184 88.0644 1
    endloop
  endfacet
  facet normal 0.195107 -0.980782 0
    outer loop
      vertex 79.7353 94.0131 1
      vertex 83.4557 94.7532 4
      vertex 79.7353 94.0131 4
    endloop
  endfacet
  facet normal 0.195107 -0.980782 0
    outer loop
      vertex 83.4557 94.7532 4
      vertex 79.7353 94.0131 1
      vertex 83.4557 94.7532 1
    endloop
  endfacet
  facet normal -0.321439 0.94693 0
    outer loop
      vertex 89.3439 90.4292 1
      vertex 85.0087 88.9576 4
      vertex 89.3439 90.4292 4
    endloop
  endfacet
  facet normal -0.321439 0.94693 0
    outer loop
      vertex 85.0087 88.9576 4
      vertex 89.3439 90.4292 1
      vertex 85.0087 88.9576 1
    endloop
  endfacet
  facet normal 0.321427 -0.946934 0
    outer loop
      vertex 83.4557 94.7532 1
      vertex 87.0478 95.9725 4
      vertex 83.4557 94.7532 4
    endloop
  endfacet
  facet normal 0.321427 -0.946934 0
    outer loop
      vertex 87.0478 95.9725 4
      vertex 83.4557 94.7532 1
      vertex 87.0478 95.9725 1
    endloop
  endfacet
  facet normal -0.442288 0.896873 0
    outer loop
      vertex 93.45 92.4541 1
      vertex 89.3439 90.4292 4
      vertex 93.45 92.4541 4
    endloop
  endfacet
  facet normal -0.442288 0.896873 0
    outer loop
      vertex 89.3439 90.4292 4
      vertex 93.45 92.4541 1
      vertex 89.3439 90.4292 1
    endloop
  endfacet
  facet normal 0.442293 -0.896871 0
    outer loop
      vertex 87.0478 95.9725 1
      vertex 90.45 97.6503 4
      vertex 87.0478 95.9725 4
    endloop
  endfacet
  facet normal 0.442293 -0.896871 0
    outer loop
      vertex 90.45 97.6503 4
      vertex 87.0478 95.9725 1
      vertex 90.45 97.6503 1
    endloop
  endfacet
  facet normal -0.555562 0.831475 0
    outer loop
      vertex 97.2567 94.9976 1
      vertex 93.45 92.4541 4
      vertex 97.2567 94.9976 4
    endloop
  endfacet
  facet normal -0.555562 0.831475 0
    outer loop
      vertex 93.45 92.4541 4
      vertex 97.2567 94.9976 1
      vertex 93.45 92.4541 1
    endloop
  endfacet
  facet normal 0.55557 -0.83147 0
    outer loop
      vertex 90.45 97.6503 1
      vertex 93.6041 99.7578 4
      vertex 90.45 97.6503 4
    endloop
  endfacet
  facet normal 0.55557 -0.83147 0
    outer loop
      vertex 93.6041 99.7578 4
      vertex 90.45 97.6503 1
      vertex 93.6041 99.7578 1
    endloop
  endfacet
  facet normal -0.659331 0.751852 0
    outer loop
      vertex 100.699 98.0163 1
      vertex 97.2567 94.9976 4
      vertex 100.699 98.0163 4
    endloop
  endfacet
  facet normal -0.659331 0.751852 0
    outer loop
      vertex 97.2567 94.9976 4
      vertex 100.699 98.0163 1
      vertex 97.2567 94.9976 1
    endloop
  endfacet
  facet normal 0.659355 -0.751832 0
    outer loop
      vertex 93.6041 99.7578 1
      vertex 96.4561 102.259 4
      vertex 93.6041 99.7578 4
    endloop
  endfacet
  facet normal 0.659355 -0.751832 0
    outer loop
      vertex 96.4561 102.259 4
      vertex 93.6041 99.7578 1
      vertex 96.4561 102.259 1
    endloop
  endfacet
  facet normal -0.751871 0.65931 0
    outer loop
      vertex 100.699 98.0163 1
      vertex 103.717 101.458 4
      vertex 103.717 101.458 1
    endloop
  endfacet
  facet normal -0.751871 0.65931 0
    outer loop
      vertex 103.717 101.458 4
      vertex 100.699 98.0163 1
      vertex 100.699 98.0163 4
    endloop
  endfacet
  facet normal 0.751845 -0.65934 0
    outer loop
      vertex 96.4561 102.259 4
      vertex 98.9572 105.111 1
      vertex 98.9572 105.111 4
    endloop
  endfacet
  facet normal 0.751845 -0.65934 0
    outer loop
      vertex 98.9572 105.111 1
      vertex 96.4561 102.259 4
      vertex 96.4561 102.259 1
    endloop
  endfacet
  facet normal -0.831445 0.555607 0
    outer loop
      vertex 103.717 101.458 1
      vertex 106.261 105.265 4
      vertex 106.261 105.265 1
    endloop
  endfacet
  facet normal -0.831445 0.555607 0
    outer loop
      vertex 106.261 105.265 4
      vertex 103.717 101.458 1
      vertex 103.717 101.458 4
    endloop
  endfacet
  facet normal 0.831425 -0.555637 0
    outer loop
      vertex 98.9572 105.111 4
      vertex 101.065 108.265 1
      vertex 101.065 108.265 4
    endloop
  endfacet
  facet normal 0.831425 -0.555637 0
    outer loop
      vertex 101.065 108.265 1
      vertex 98.9572 105.111 4
      vertex 98.9572 105.111 1
    endloop
  endfacet
  facet normal -0.89686 0.442314 0
    outer loop
      vertex 106.261 105.265 1
      vertex 108.286 109.371 4
      vertex 108.286 109.371 1
    endloop
  endfacet
  facet normal -0.89686 0.442314 0
    outer loop
      vertex 108.286 109.371 4
      vertex 106.261 105.265 1
      vertex 106.261 105.265 4
    endloop
  endfacet
  facet normal 0.896839 -0.442356 0
    outer loop
      vertex 101.065 108.265 4
      vertex 102.743 111.667 1
      vertex 102.743 111.667 4
    endloop
  endfacet
  facet normal 0.896839 -0.442356 0
    outer loop
      vertex 102.743 111.667 1
      vertex 101.065 108.265 4
      vertex 101.065 108.265 1
    endloop
  endfacet
  facet normal -0.946966 0.321335 0
    outer loop
      vertex 108.286 109.371 1
      vertex 109.757 113.706 4
      vertex 109.757 113.706 1
    endloop
  endfacet
  facet normal -0.946966 0.321335 0
    outer loop
      vertex 109.757 113.706 4
      vertex 108.286 109.371 1
      vertex 108.286 109.371 4
    endloop
  endfacet
  facet normal 0.946956 -0.321364 0
    outer loop
      vertex 102.743 111.667 4
      vertex 103.962 115.259 1
      vertex 103.962 115.259 4
    endloop
  endfacet
  facet normal 0.946956 -0.321364 0
    outer loop
      vertex 103.962 115.259 1
      vertex 102.743 111.667 4
      vertex 102.743 111.667 1
    endloop
  endfacet
  facet normal -0.980757 0.195234 0
    outer loop
      vertex 109.757 113.706 1
      vertex 110.651 118.197 4
      vertex 110.651 118.197 1
    endloop
  endfacet
  facet normal -0.980757 0.195234 0
    outer loop
      vertex 110.651 118.197 4
      vertex 109.757 113.706 1
      vertex 109.757 113.706 4
    endloop
  endfacet
  facet normal 0.980793 -0.195052 0
    outer loop
      vertex 103.962 115.259 4
      vertex 104.702 118.98 1
      vertex 104.702 118.98 4
    endloop
  endfacet
  facet normal 0.980793 -0.195052 0
    outer loop
      vertex 104.702 118.98 1
      vertex 103.962 115.259 4
      vertex 103.962 115.259 1
    endloop
  endfacet
  facet normal -0.997865 0.0653156 0
    outer loop
      vertex 110.651 118.197 1
      vertex 110.95 122.765 4
      vertex 110.95 122.765 1
    endloop
  endfacet
  facet normal -0.997865 0.0653156 0
    outer loop
      vertex 110.95 122.765 4
      vertex 110.651 118.197 1
      vertex 110.651 118.197 4
    endloop
  endfacet
  facet normal 0.99786 -0.0653816 0
    outer loop
      vertex 104.702 118.98 4
      vertex 104.95 122.765 1
      vertex 104.95 122.765 4
    endloop
  endfacet
  facet normal 0.99786 -0.0653816 0
    outer loop
      vertex 104.95 122.765 1
      vertex 104.702 118.98 4
      vertex 104.702 118.98 1
    endloop
  endfacet
  facet normal -0.997865 -0.0653156 0
    outer loop
      vertex 110.95 122.765 1
      vertex 110.651 127.333 4
      vertex 110.651 127.333 1
    endloop
  endfacet
  facet normal -0.997865 -0.0653156 0
    outer loop
      vertex 110.651 127.333 4
      vertex 110.95 122.765 1
      vertex 110.95 122.765 4
    endloop
  endfacet
  facet normal 0.99786 0.0653816 0
    outer loop
      vertex 104.95 122.765 4
      vertex 104.702 126.55 1
      vertex 104.702 126.55 4
    endloop
  endfacet
  facet normal 0.99786 0.0653816 0
    outer loop
      vertex 104.702 126.55 1
      vertex 104.95 122.765 4
      vertex 104.95 122.765 1
    endloop
  endfacet
  facet normal -0.980757 -0.195234 0
    outer loop
      vertex 110.651 127.333 1
      vertex 109.757 131.824 4
      vertex 109.757 131.824 1
    endloop
  endfacet
  facet normal -0.980757 -0.195234 0
    outer loop
      vertex 109.757 131.824 4
      vertex 110.651 127.333 1
      vertex 110.651 127.333 4
    endloop
  endfacet
  facet normal 0.980793 0.195052 0
    outer loop
      vertex 104.702 126.55 4
      vertex 103.962 130.271 1
      vertex 103.962 130.271 4
    endloop
  endfacet
  facet normal 0.980793 0.195052 0
    outer loop
      vertex 103.962 130.271 1
      vertex 104.702 126.55 4
      vertex 104.702 126.55 1
    endloop
  endfacet
  facet normal -0.946966 -0.321335 0
    outer loop
      vertex 109.757 131.824 1
      vertex 108.286 136.159 4
      vertex 108.286 136.159 1
    endloop
  endfacet
  facet normal -0.946966 -0.321335 0
    outer loop
      vertex 108.286 136.159 4
      vertex 109.757 131.824 1
      vertex 109.757 131.824 4
    endloop
  endfacet
  facet normal 0.946956 0.321364 0
    outer loop
      vertex 103.962 130.271 4
      vertex 102.743 133.863 1
      vertex 102.743 133.863 4
    endloop
  endfacet
  facet normal 0.946956 0.321364 0
    outer loop
      vertex 102.743 133.863 1
      vertex 103.962 130.271 4
      vertex 103.962 130.271 1
    endloop
  endfacet
  facet normal -0.89686 -0.442314 0
    outer loop
      vertex 108.286 136.159 1
      vertex 106.261 140.265 4
      vertex 106.261 140.265 1
    endloop
  endfacet
  facet normal -0.89686 -0.442314 0
    outer loop
      vertex 106.261 140.265 4
      vertex 108.286 136.159 1
      vertex 108.286 136.159 4
    endloop
  endfacet
  facet normal 0.896839 0.442356 0
    outer loop
      vertex 102.743 133.863 4
      vertex 101.065 137.265 1
      vertex 101.065 137.265 4
    endloop
  endfacet
  facet normal 0.896839 0.442356 0
    outer loop
      vertex 101.065 137.265 1
      vertex 102.743 133.863 4
      vertex 102.743 133.863 1
    endloop
  endfacet
  facet normal -0.831445 -0.555607 0
    outer loop
      vertex 106.261 140.265 1
      vertex 103.717 144.072 4
      vertex 103.717 144.072 1
    endloop
  endfacet
  facet normal -0.831445 -0.555607 0
    outer loop
      vertex 103.717 144.072 4
      vertex 106.261 140.265 1
      vertex 106.261 140.265 4
    endloop
  endfacet
  facet normal 0.831425 0.555637 0
    outer loop
      vertex 101.065 137.265 4
      vertex 98.9572 140.419 1
      vertex 98.9572 140.419 4
    endloop
  endfacet
  facet normal 0.831425 0.555637 0
    outer loop
      vertex 98.9572 140.419 1
      vertex 101.065 137.265 4
      vertex 101.065 137.265 1
    endloop
  endfacet
  facet normal -0.7519 -0.659278 0
    outer loop
      vertex 103.717 144.072 1
      vertex 100.699 147.514 4
      vertex 100.699 147.514 1
    endloop
  endfacet
  facet normal -0.7519 -0.659278 0
    outer loop
      vertex 100.699 147.514 4
      vertex 103.717 144.072 1
      vertex 103.717 144.072 4
    endloop
  endfacet
  facet normal 0.751845 0.65934 0
    outer loop
      vertex 98.9572 140.419 4
      vertex 96.4561 143.271 1
      vertex 96.4561 143.271 4
    endloop
  endfacet
  facet normal 0.751845 0.65934 0
    outer loop
      vertex 96.4561 143.271 1
      vertex 98.9572 140.419 4
      vertex 98.9572 140.419 1
    endloop
  endfacet
  facet normal -0.659245 -0.751928 0
    outer loop
      vertex 97.2567 150.532 1
      vertex 100.699 147.514 4
      vertex 97.2567 150.532 4
    endloop
  endfacet
  facet normal -0.659245 -0.751928 -0
    outer loop
      vertex 100.699 147.514 4
      vertex 97.2567 150.532 1
      vertex 100.699 147.514 1
    endloop
  endfacet
  facet normal 0.659325 0.751858 -0
    outer loop
      vertex 96.4561 143.271 1
      vertex 93.6041 145.772 4
      vertex 96.4561 143.271 4
    endloop
  endfacet
  facet normal 0.659325 0.751858 0
    outer loop
      vertex 93.6041 145.772 4
      vertex 96.4561 143.271 1
      vertex 93.6041 145.772 1
    endloop
  endfacet
  facet normal -0.555637 -0.831425 0
    outer loop
      vertex 93.45 153.076 1
      vertex 97.2567 150.532 4
      vertex 93.45 153.076 4
    endloop
  endfacet
  facet normal -0.555637 -0.831425 -0
    outer loop
      vertex 97.2567 150.532 4
      vertex 93.45 153.076 1
      vertex 97.2567 150.532 1
    endloop
  endfacet
  facet normal 0.555661 0.831409 -0
    outer loop
      vertex 93.6041 145.772 1
      vertex 90.45 147.88 4
      vertex 93.6041 145.772 4
    endloop
  endfacet
  facet normal 0.555661 0.831409 0
    outer loop
      vertex 90.45 147.88 4
      vertex 93.6041 145.772 1
      vertex 90.45 147.88 1
    endloop
  endfacet
  facet normal -0.442305 -0.896864 0
    outer loop
      vertex 89.3439 155.101 1
      vertex 93.45 153.076 4
      vertex 89.3439 155.101 4
    endloop
  endfacet
  facet normal -0.442305 -0.896864 -0
    outer loop
      vertex 93.45 153.076 4
      vertex 89.3439 155.101 1
      vertex 93.45 153.076 1
    endloop
  endfacet
  facet normal 0.442335 0.89685 -0
    outer loop
      vertex 90.45 147.88 1
      vertex 87.0478 149.558 4
      vertex 90.45 147.88 4
    endloop
  endfacet
  facet normal 0.442335 0.89685 0
    outer loop
      vertex 87.0478 149.558 4
      vertex 90.45 147.88 1
      vertex 87.0478 149.558 1
    endloop
  endfacet
  facet normal -0.321322 -0.94697 0
    outer loop
      vertex 85.0087 156.572 1
      vertex 89.3439 155.101 4
      vertex 85.0087 156.572 4
    endloop
  endfacet
  facet normal -0.321322 -0.94697 -0
    outer loop
      vertex 89.3439 155.101 4
      vertex 85.0087 156.572 1
      vertex 89.3439 155.101 1
    endloop
  endfacet
  facet normal 0.321356 0.946959 -0
    outer loop
      vertex 87.0478 149.558 1
      vertex 83.4557 150.777 4
      vertex 87.0478 149.558 4
    endloop
  endfacet
  facet normal 0.321356 0.946959 0
    outer loop
      vertex 83.4557 150.777 4
      vertex 87.0478 149.558 1
      vertex 83.4557 150.777 1
    endloop
  endfacet
  facet normal -0.195263 -0.980751 0
    outer loop
      vertex 80.5184 157.466 1
      vertex 85.0087 156.572 4
      vertex 80.5184 157.466 4
    endloop
  endfacet
  facet normal -0.195263 -0.980751 -0
    outer loop
      vertex 85.0087 156.572 4
      vertex 80.5184 157.466 1
      vertex 85.0087 156.572 1
    endloop
  endfacet
  facet normal 0.195082 0.980787 -0
    outer loop
      vertex 83.4557 150.777 1
      vertex 79.7353 151.517 4
      vertex 83.4557 150.777 4
    endloop
  endfacet
  facet normal 0.195082 0.980787 0
    outer loop
      vertex 79.7353 151.517 4
      vertex 83.4557 150.777 1
      vertex 79.7353 151.517 1
    endloop
  endfacet
  facet normal -0.0653099 -0.997865 0
    outer loop
      vertex 75.95 157.765 1
      vertex 80.5184 157.466 4
      vertex 75.95 157.765 4
    endloop
  endfacet
  facet normal -0.0653099 -0.997865 -0
    outer loop
      vertex 80.5184 157.466 4
      vertex 75.95 157.765 1
      vertex 80.5184 157.466 1
    endloop
  endfacet
  facet normal 0.0653764 0.997861 -0
    outer loop
      vertex 79.7353 151.517 1
      vertex 75.95 151.765 4
      vertex 79.7353 151.517 4
    endloop
  endfacet
  facet normal 0.0653764 0.997861 0
    outer loop
      vertex 75.95 151.765 4
      vertex 79.7353 151.517 1
      vertex 75.95 151.765 1
    endloop
  endfacet
  facet normal -0.997858 -0.0654137 0
    outer loop
      vertex 87.425 122.765 0
      vertex 87.3268 124.263 4
      vertex 87.3268 124.263 0
    endloop
  endfacet
  facet normal -0.997858 -0.0654137 0
    outer loop
      vertex 87.3268 124.263 4
      vertex 87.425 122.765 0
      vertex 87.425 122.765 4
    endloop
  endfacet
  facet normal 0.997858 -0.0654137 0
    outer loop
      vertex 64.475 122.765 4
      vertex 64.5732 124.263 0
      vertex 64.5732 124.263 4
    endloop
  endfacet
  facet normal 0.997858 -0.0654137 0
    outer loop
      vertex 64.5732 124.263 0
      vertex 64.475 122.765 4
      vertex 64.475 122.765 0
    endloop
  endfacet
  facet normal -0.0652897 -0.997866 0
    outer loop
      vertex 75.95 134.24 0
      vertex 77.4478 134.142 4
      vertex 75.95 134.24 4
    endloop
  endfacet
  facet normal -0.0652897 -0.997866 -0
    outer loop
      vertex 77.4478 134.142 4
      vertex 75.95 134.24 0
      vertex 77.4478 134.142 0
    endloop
  endfacet
  facet normal 0.751684 0.659523 0
    outer loop
      vertex 67.836 114.651 4
      vertex 66.8463 115.779 0
      vertex 66.8463 115.779 4
    endloop
  endfacet
  facet normal 0.751684 0.659523 0
    outer loop
      vertex 66.8463 115.779 0
      vertex 67.836 114.651 4
      vertex 67.836 114.651 0
    endloop
  endfacet
  facet normal -0.751684 -0.659523 0
    outer loop
      vertex 85.0537 129.751 0
      vertex 84.064 130.879 4
      vertex 84.064 130.879 0
    endloop
  endfacet
  facet normal -0.751684 -0.659523 0
    outer loop
      vertex 84.064 130.879 4
      vertex 85.0537 129.751 0
      vertex 85.0537 129.751 4
    endloop
  endfacet
  facet normal 0.659471 -0.75173 0
    outer loop
      vertex 67.836 130.879 0
      vertex 68.9645 131.869 4
      vertex 67.836 130.879 4
    endloop
  endfacet
  facet normal 0.659471 -0.75173 0
    outer loop
      vertex 68.9645 131.869 4
      vertex 67.836 130.879 0
      vertex 68.9645 131.869 0
    endloop
  endfacet
  facet normal 0.321161 -0.947025 0
    outer loop
      vertex 71.5587 133.367 0
      vertex 72.98 133.849 4
      vertex 71.5587 133.367 4
    endloop
  endfacet
  facet normal 0.321161 -0.947025 0
    outer loop
      vertex 72.98 133.849 4
      vertex 71.5587 133.367 0
      vertex 72.98 133.849 0
    endloop
  endfacet
  facet normal -0.89697 -0.442092 0
    outer loop
      vertex 86.5515 127.156 0
      vertex 85.8876 128.503 4
      vertex 85.8876 128.503 0
    endloop
  endfacet
  facet normal -0.89697 -0.442092 0
    outer loop
      vertex 85.8876 128.503 4
      vertex 86.5515 127.156 0
      vertex 86.5515 127.156 4
    endloop
  endfacet
  facet normal -0.980785 -0.195091 0
    outer loop
      vertex 87.3268 124.263 0
      vertex 87.034 125.735 4
      vertex 87.034 125.735 0
    endloop
  endfacet
  facet normal -0.980785 -0.195091 0
    outer loop
      vertex 87.034 125.735 4
      vertex 87.3268 124.263 0
      vertex 87.3268 124.263 4
    endloop
  endfacet
  facet normal -0.831466 -0.555576 0
    outer loop
      vertex 85.8876 128.503 0
      vertex 85.0537 129.751 4
      vertex 85.0537 129.751 0
    endloop
  endfacet
  facet normal -0.831466 -0.555576 0
    outer loop
      vertex 85.0537 129.751 4
      vertex 85.8876 128.503 0
      vertex 85.8876 128.503 4
    endloop
  endfacet
  facet normal -0.442357 -0.896839 0
    outer loop
      vertex 80.3413 133.367 0
      vertex 81.6875 132.703 4
      vertex 80.3413 133.367 4
    endloop
  endfacet
  facet normal -0.442357 -0.896839 -0
    outer loop
      vertex 81.6875 132.703 4
      vertex 80.3413 133.367 0
      vertex 81.6875 132.703 0
    endloop
  endfacet
  facet normal -0.321141 -0.947032 0
    outer loop
      vertex 78.9199 133.849 0
      vertex 80.3413 133.367 4
      vertex 78.9199 133.849 4
    endloop
  endfacet
  facet normal -0.321141 -0.947032 -0
    outer loop
      vertex 80.3413 133.367 4
      vertex 78.9199 133.849 0
      vertex 80.3413 133.367 0
    endloop
  endfacet
  facet normal -0.555622 -0.831435 0
    outer loop
      vertex 81.6875 132.703 0
      vertex 82.9355 131.869 4
      vertex 81.6875 132.703 4
    endloop
  endfacet
  facet normal -0.555622 -0.831435 -0
    outer loop
      vertex 82.9355 131.869 4
      vertex 81.6875 132.703 0
      vertex 82.9355 131.869 0
    endloop
  endfacet
  facet normal 0.897035 -0.44196 0
    outer loop
      vertex 66.0124 128.503 4
      vertex 65.635 127.737 0
      vertex 66.0124 128.503 0
    endloop
  endfacet
  facet normal 0.89697 -0.442092 3.15637e-05
    outer loop
      vertex 65.3485 127.156 4
      vertex 65.635 127.737 0
      vertex 66.0124 128.503 4
    endloop
  endfacet
  facet normal 0.896883 -0.442267 0
    outer loop
      vertex 65.635 127.737 0
      vertex 65.3485 127.156 4
      vertex 65.3485 127.156 0
    endloop
  endfacet
  facet normal 0.946903 -0.32152 0
    outer loop
      vertex 64.866 125.735 4
      vertex 65.3485 127.156 0
      vertex 65.3485 127.156 4
    endloop
  endfacet
  facet normal 0.946903 -0.32152 0
    outer loop
      vertex 65.3485 127.156 0
      vertex 64.866 125.735 4
      vertex 64.866 125.735 0
    endloop
  endfacet
  facet normal 0.442357 -0.896839 0
    outer loop
      vertex 70.2125 132.703 0
      vertex 71.5587 133.367 4
      vertex 70.2125 132.703 4
    endloop
  endfacet
  facet normal 0.442357 -0.896839 0
    outer loop
      vertex 71.5587 133.367 4
      vertex 70.2125 132.703 0
      vertex 71.5587 133.367 0
    endloop
  endfacet
  facet normal 0.195194 -0.980765 0
    outer loop
      vertex 72.98 133.849 0
      vertex 74.4522 134.142 4
      vertex 72.98 133.849 4
    endloop
  endfacet
  facet normal 0.195194 -0.980765 0
    outer loop
      vertex 74.4522 134.142 4
      vertex 72.98 133.849 0
      vertex 74.4522 134.142 0
    endloop
  endfacet
  facet normal -0.442357 0.896839 0
    outer loop
      vertex 81.6875 112.827 0
      vertex 80.3413 112.163 4
      vertex 81.6875 112.827 4
    endloop
  endfacet
  facet normal -0.442357 0.896839 0
    outer loop
      vertex 80.3413 112.163 4
      vertex 81.6875 112.827 0
      vertex 80.3413 112.163 0
    endloop
  endfacet
  facet normal -0.946903 0.32152 0
    outer loop
      vertex 86.5515 118.374 0
      vertex 87.034 119.795 4
      vertex 87.034 119.795 0
    endloop
  endfacet
  facet normal -0.946903 0.32152 0
    outer loop
      vertex 87.034 119.795 4
      vertex 86.5515 118.374 0
      vertex 86.5515 118.374 4
    endloop
  endfacet
  facet normal -0.980785 0.195091 0
    outer loop
      vertex 87.034 119.795 0
      vertex 87.3268 121.267 4
      vertex 87.3268 121.267 0
    endloop
  endfacet
  facet normal -0.980785 0.195091 0
    outer loop
      vertex 87.3268 121.267 4
      vertex 87.034 119.795 0
      vertex 87.034 119.795 4
    endloop
  endfacet
  facet normal 0.321161 0.947025 -0
    outer loop
      vertex 72.98 111.681 0
      vertex 71.5587 112.163 4
      vertex 72.98 111.681 4
    endloop
  endfacet
  facet normal 0.321161 0.947025 0
    outer loop
      vertex 71.5587 112.163 4
      vertex 72.98 111.681 0
      vertex 71.5587 112.163 0
    endloop
  endfacet
  facet normal 0.896883 0.442267 0
    outer loop
      vertex 65.3485 118.374 4
      vertex 65.635 117.793 0
      vertex 65.3485 118.374 0
    endloop
  endfacet
  facet normal 0.896839 0.442356 -1.61411e-05
    outer loop
      vertex 66.0124 117.028 4
      vertex 65.635 117.793 0
      vertex 65.3485 118.374 4
    endloop
  endfacet
  facet normal 0.896806 0.442424 0
    outer loop
      vertex 65.635 117.793 0
      vertex 66.0124 117.028 4
      vertex 66.0124 117.028 0
    endloop
  endfacet
  facet normal -0.946903 -0.32152 0
    outer loop
      vertex 87.034 125.735 0
      vertex 86.5515 127.156 4
      vertex 86.5515 127.156 0
    endloop
  endfacet
  facet normal -0.946903 -0.32152 0
    outer loop
      vertex 86.5515 127.156 4
      vertex 87.034 125.735 0
      vertex 87.034 125.735 4
    endloop
  endfacet
  facet normal -0.195206 -0.980762 0
    outer loop
      vertex 77.4478 134.142 0
      vertex 78.9199 133.849 4
      vertex 77.4478 134.142 4
    endloop
  endfacet
  facet normal -0.195206 -0.980762 -0
    outer loop
      vertex 78.9199 133.849 4
      vertex 77.4478 134.142 0
      vertex 78.9199 133.849 0
    endloop
  endfacet
  facet normal -0.659471 -0.75173 0
    outer loop
      vertex 82.9355 131.869 0
      vertex 84.064 130.879 4
      vertex 82.9355 131.869 4
    endloop
  endfacet
  facet normal -0.659471 -0.75173 -0
    outer loop
      vertex 84.064 130.879 4
      vertex 82.9355 131.869 0
      vertex 84.064 130.879 0
    endloop
  endfacet
  facet normal 0.831466 -0.555576 0
    outer loop
      vertex 66.0124 128.503 4
      vertex 66.8463 129.751 0
      vertex 66.8463 129.751 4
    endloop
  endfacet
  facet normal 0.831466 -0.555576 0
    outer loop
      vertex 66.8463 129.751 0
      vertex 66.0124 128.503 4
      vertex 66.0124 128.503 0
    endloop
  endfacet
  facet normal 0.751684 -0.659523 0
    outer loop
      vertex 66.8463 129.751 4
      vertex 67.836 130.879 0
      vertex 67.836 130.879 4
    endloop
  endfacet
  facet normal 0.751684 -0.659523 0
    outer loop
      vertex 67.836 130.879 0
      vertex 66.8463 129.751 4
      vertex 66.8463 129.751 0
    endloop
  endfacet
  facet normal 0.980785 -0.195091 0
    outer loop
      vertex 64.5732 124.263 4
      vertex 64.866 125.735 0
      vertex 64.866 125.735 4
    endloop
  endfacet
  facet normal 0.980785 -0.195091 0
    outer loop
      vertex 64.866 125.735 0
      vertex 64.5732 124.263 4
      vertex 64.5732 124.263 0
    endloop
  endfacet
  facet normal 0.555622 -0.831435 0
    outer loop
      vertex 68.9645 131.869 0
      vertex 70.2125 132.703 4
      vertex 68.9645 131.869 4
    endloop
  endfacet
  facet normal 0.555622 -0.831435 0
    outer loop
      vertex 70.2125 132.703 4
      vertex 68.9645 131.869 0
      vertex 70.2125 132.703 0
    endloop
  endfacet
  facet normal 0.0652897 -0.997866 0
    outer loop
      vertex 74.4522 134.142 0
      vertex 75.95 134.24 4
      vertex 74.4522 134.142 4
    endloop
  endfacet
  facet normal 0.0652897 -0.997866 0
    outer loop
      vertex 75.95 134.24 4
      vertex 74.4522 134.142 0
      vertex 75.95 134.24 0
    endloop
  endfacet
  facet normal -0.0652897 0.997866 0
    outer loop
      vertex 77.4478 111.388 0
      vertex 75.95 111.29 4
      vertex 77.4478 111.388 4
    endloop
  endfacet
  facet normal -0.0652897 0.997866 0
    outer loop
      vertex 75.95 111.29 4
      vertex 77.4478 111.388 0
      vertex 75.95 111.29 0
    endloop
  endfacet
  facet normal -0.321141 0.947032 0
    outer loop
      vertex 80.3413 112.163 0
      vertex 78.9199 111.681 4
      vertex 80.3413 112.163 4
    endloop
  endfacet
  facet normal -0.321141 0.947032 0
    outer loop
      vertex 78.9199 111.681 4
      vertex 80.3413 112.163 0
      vertex 78.9199 111.681 0
    endloop
  endfacet
  facet normal -0.555622 0.831435 0
    outer loop
      vertex 82.9355 113.661 0
      vertex 81.6875 112.827 4
      vertex 82.9355 113.661 4
    endloop
  endfacet
  facet normal -0.555622 0.831435 0
    outer loop
      vertex 81.6875 112.827 4
      vertex 82.9355 113.661 0
      vertex 81.6875 112.827 0
    endloop
  endfacet
  facet normal -0.751684 0.659523 0
    outer loop
      vertex 84.064 114.651 0
      vertex 85.0537 115.779 4
      vertex 85.0537 115.779 0
    endloop
  endfacet
  facet normal -0.751684 0.659523 0
    outer loop
      vertex 85.0537 115.779 4
      vertex 84.064 114.651 0
      vertex 84.064 114.651 4
    endloop
  endfacet
  facet normal -0.896839 0.442356 0
    outer loop
      vertex 85.8876 117.028 0
      vertex 86.5515 118.374 4
      vertex 86.5515 118.374 0
    endloop
  endfacet
  facet normal -0.896839 0.442356 0
    outer loop
      vertex 86.5515 118.374 4
      vertex 85.8876 117.028 0
      vertex 85.8876 117.028 4
    endloop
  endfacet
  facet normal 0.659471 0.75173 -0
    outer loop
      vertex 68.9645 113.661 0
      vertex 67.836 114.651 4
      vertex 68.9645 113.661 4
    endloop
  endfacet
  facet normal 0.659471 0.75173 0
    outer loop
      vertex 67.836 114.651 4
      vertex 68.9645 113.661 0
      vertex 67.836 114.651 0
    endloop
  endfacet
  facet normal 0.442357 0.896839 -0
    outer loop
      vertex 71.5587 112.163 0
      vertex 70.2125 112.827 4
      vertex 71.5587 112.163 4
    endloop
  endfacet
  facet normal 0.442357 0.896839 0
    outer loop
      vertex 70.2125 112.827 4
      vertex 71.5587 112.163 0
      vertex 70.2125 112.827 0
    endloop
  endfacet
  facet normal 0.195194 0.980765 -0
    outer loop
      vertex 74.4522 111.388 0
      vertex 72.98 111.681 4
      vertex 74.4522 111.388 4
    endloop
  endfacet
  facet normal 0.195194 0.980765 0
    outer loop
      vertex 72.98 111.681 4
      vertex 74.4522 111.388 0
      vertex 72.98 111.681 0
    endloop
  endfacet
  facet normal 0.831671 0.555269 0
    outer loop
      vertex 66.8463 115.779 4
      vertex 66.0124 117.028 0
      vertex 66.0124 117.028 4
    endloop
  endfacet
  facet normal 0.831671 0.555269 0
    outer loop
      vertex 66.0124 117.028 0
      vertex 66.8463 115.779 4
      vertex 66.8463 115.779 0
    endloop
  endfacet
  facet normal 0.946903 0.32152 0
    outer loop
      vertex 65.3485 118.374 4
      vertex 64.866 119.795 0
      vertex 64.866 119.795 4
    endloop
  endfacet
  facet normal 0.946903 0.32152 0
    outer loop
      vertex 64.866 119.795 0
      vertex 65.3485 118.374 4
      vertex 65.3485 118.374 0
    endloop
  endfacet
  facet normal 0.997858 0.0654137 0
    outer loop
      vertex 64.5732 121.267 4
      vertex 64.475 122.765 0
      vertex 64.475 122.765 4
    endloop
  endfacet
  facet normal 0.997858 0.0654137 0
    outer loop
      vertex 64.475 122.765 0
      vertex 64.5732 121.267 4
      vertex 64.5732 121.267 0
    endloop
  endfacet
  facet normal -0.997858 0.0654137 0
    outer loop
      vertex 87.3268 121.267 0
      vertex 87.425 122.765 4
      vertex 87.425 122.765 0
    endloop
  endfacet
  facet normal -0.997858 0.0654137 0
    outer loop
      vertex 87.425 122.765 4
      vertex 87.3268 121.267 0
      vertex 87.3268 121.267 4
    endloop
  endfacet
  facet normal -0.195206 0.980762 0
    outer loop
      vertex 78.9199 111.681 0
      vertex 77.4478 111.388 4
      vertex 78.9199 111.681 4
    endloop
  endfacet
  facet normal -0.195206 0.980762 0
    outer loop
      vertex 77.4478 111.388 4
      vertex 78.9199 111.681 0
      vertex 77.4478 111.388 0
    endloop
  endfacet
  facet normal -0.659471 0.75173 0
    outer loop
      vertex 84.064 114.651 0
      vertex 82.9355 113.661 4
      vertex 84.064 114.651 4
    endloop
  endfacet
  facet normal -0.659471 0.75173 0
    outer loop
      vertex 82.9355 113.661 4
      vertex 84.064 114.651 0
      vertex 82.9355 113.661 0
    endloop
  endfacet
  facet normal -0.831671 0.555269 0
    outer loop
      vertex 85.0537 115.779 0
      vertex 85.8876 117.028 4
      vertex 85.8876 117.028 0
    endloop
  endfacet
  facet normal -0.831671 0.555269 0
    outer loop
      vertex 85.8876 117.028 4
      vertex 85.0537 115.779 0
      vertex 85.0537 115.779 4
    endloop
  endfacet
  facet normal 0.555622 0.831435 -0
    outer loop
      vertex 70.2125 112.827 0
      vertex 68.9645 113.661 4
      vertex 70.2125 112.827 4
    endloop
  endfacet
  facet normal 0.555622 0.831435 0
    outer loop
      vertex 68.9645 113.661 4
      vertex 70.2125 112.827 0
      vertex 68.9645 113.661 0
    endloop
  endfacet
  facet normal 0.0652897 0.997866 -0
    outer loop
      vertex 75.95 111.29 0
      vertex 74.4522 111.388 4
      vertex 75.95 111.29 4
    endloop
  endfacet
  facet normal 0.0652897 0.997866 0
    outer loop
      vertex 74.4522 111.388 4
      vertex 75.95 111.29 0
      vertex 74.4522 111.388 0
    endloop
  endfacet
  facet normal 0.980785 0.195091 0
    outer loop
      vertex 64.866 119.795 4
      vertex 64.5732 121.267 0
      vertex 64.5732 121.267 4
    endloop
  endfacet
  facet normal 0.980785 0.195091 0
    outer loop
      vertex 64.5732 121.267 0
      vertex 64.866 119.795 4
      vertex 64.866 119.795 0
    endloop
  endfacet
  facet normal 1 -0 0
    outer loop
      vertex 11 180.765 4
      vertex 11 226.63 0
      vertex 11 226.63 4
    endloop
  endfacet
  facet normal 1 0 0
    outer loop
      vertex 11 226.63 0
      vertex 11 180.765 4
      vertex 11 180.765 0
    endloop
  endfacet
  facet normal -1 0 0
    outer loop
      vertex 15 180.765 0
      vertex 15 226.63 4
      vertex 15 226.63 0
    endloop
  endfacet
  facet normal -1 -0 0
    outer loop
      vertex 15 226.63 4
      vertex 15 180.765 0
      vertex 15 180.765 4
    endloop
  endfacet
  facet normal 0 1 -0
    outer loop
      vertex 15 180.765 0
      vertex 11 180.765 4
      vertex 15 180.765 4
    endloop
  endfacet
  facet normal 0 1 0
    outer loop
      vertex 11 180.765 4
      vertex 15 180.765 0
      vertex 11 180.765 0
    endloop
  endfacet
  facet normal 0 -1 0
    outer loop
      vertex 11 226.63 0
      vertex 15 226.63 4
      vertex 11 226.63 4
    endloop
  endfacet
  facet normal 0 -1 -0
    outer loop
      vertex 15 226.63 4
      vertex 11 226.63 0
      vertex 15 226.63 0
    endloop
  endfacet
  facet normal 1 -0 0
    outer loop
      vertex 19 180.765 4
      vertex 19 226.63 0
      vertex 19 226.63 4
    endloop
  endfacet
  facet normal 1 0 0
    outer loop
      vertex 19 226.63 0
      vertex 19 180.765 4
      vertex 19 180.765 0
    endloop
  endfacet
  facet normal -1 0 0
    outer loop
      vertex 23 180.765 0
      vertex 23 226.63 4
      vertex 23 226.63 0
    endloop
  endfacet
  facet normal -1 -0 0
    outer loop
      vertex 23 226.63 4
      vertex 23 180.765 0
      vertex 23 180.765 4
    endloop
  endfacet
  facet normal 0 -1 0
    outer loop
      vertex 19 226.63 0
      vertex 23 226.63 4
      vertex 19 226.63 4
    endloop
  endfacet
  facet normal 0 -1 -0
    outer loop
      vertex 23 226.63 4
      vertex 19 226.63 0
      vertex 23 226.63 0
    endloop
  endfacet
  facet normal 0 1 -0
    outer loop
      vertex 23 180.765 0
      vertex 19 180.765 4
      vertex 23 180.765 4
    endloop
  endfacet
  facet normal 0 1 0
    outer loop
      vertex 19 180.765 4
      vertex 23 180.765 0
      vertex 19 180.765 0
    endloop
  endfacet
  facet normal 1 -0 0
    outer loop
      vertex 27 180.765 4
      vertex 27 226.63 0
      vertex 27 226.63 4
    endloop
  endfacet
  facet normal 1 0 0
    outer loop
      vertex 27 226.63 0
      vertex 27 180.765 4
      vertex 27 180.765 0
    endloop
  endfacet
  facet normal -1 0 0
    outer loop
      vertex 31 180.765 0
      vertex 31 226.63 4
      vertex 31 226.63 0
    endloop
  endfacet
  facet normal -1 -0 0
    outer loop
      vertex 31 226.63 4
      vertex 31 180.765 0
      vertex 31 180.765 4
    endloop
  endfacet
  facet normal 0 1 -0
    outer loop
      vertex 31 180.765 0
      vertex 27 180.765 4
      vertex 31 180.765 4
    endloop
  endfacet
  facet normal 0 1 0
    outer loop
      vertex 27 180.765 4
      vertex 31 180.765 0
      vertex 27 180.765 0
    endloop
  endfacet
  facet normal 0 -1 0
    outer loop
      vertex 27 226.63 0
      vertex 31 226.63 4
      vertex 27 226.63 4
    endloop
  endfacet
  facet normal 0 -1 -0
    outer loop
      vertex 31 226.63 4
      vertex 27 226.63 0
      vertex 31 226.63 0
    endloop
  endfacet
  facet normal 1 -0 0
    outer loop
      vertex 35 180.765 4
      vertex 35 226.63 0
      vertex 35 226.63 4
    endloop
  endfacet
  facet normal 1 0 0
    outer loop
      vertex 35 226.63 0
      vertex 35 180.765 4
      vertex 35 180.765 0
    endloop
  endfacet
  facet normal -1 0 0
    outer loop
      vertex 39 180.765 0
      vertex 39 226.63 4
      vertex 39 226.63 0
    endloop
  endfacet
  facet normal -1 -0 0
    outer loop
      vertex 39 226.63 4
      vertex 39 180.765 0
      vertex 39 180.765 4
    endloop
  endfacet
  facet normal 0 -1 0
    outer loop
      vertex 35 226.63 0
      vertex 39 226.63 4
      vertex 35 226.63 4
    endloop
  endfacet
  facet normal 0 -1 -0
    outer loop
      vertex 39 226.63 4
      vertex 35 226.63 0
      vertex 39 226.63 0
    endloop
  endfacet
  facet normal 0 1 -0
    outer loop
      vertex 39 180.765 0
      vertex 35 180.765 4
      vertex 39 180.765 4
    endloop
  endfacet
  facet normal 0 1 0
    outer loop
      vertex 35 180.765 4
      vertex 39 180.765 0
      vertex 35 180.765 0
    endloop
  endfacet
  facet normal 1 -0 0
    outer loop
      vertex 43 180.765 4
      vertex 43 226.63 0
      vertex 43 226.63 4
    endloop
  endfacet
  facet normal 1 0 0
    outer loop
      vertex 43 226.63 0
      vertex 43 180.765 4
      vertex 43 180.765 0
    endloop
  endfacet
  facet normal -1 0 0
    outer loop
      vertex 47 180.765 0
      vertex 47 226.63 4
      vertex 47 226.63 0
    endloop
  endfacet
  facet normal -1 -0 0
    outer loop
      vertex 47 226.63 4
      vertex 47 180.765 0
      vertex 47 180.765 4
    endloop
  endfacet
  facet normal 0 -1 0
    outer loop
      vertex 43 226.63 0
      vertex 47 226.63 4
      vertex 43 226.63 4
    endloop
  endfacet
  facet normal 0 -1 -0
    outer loop
      vertex 47 226.63 4
      vertex 43 226.63 0
      vertex 47 226.63 0
    endloop
  endfacet
  facet normal 0 1 -0
    outer loop
      vertex 47 180.765 0
      vertex 43 180.765 4
      vertex 47 180.765 4
    endloop
  endfacet
  facet normal 0 1 0
    outer loop
      vertex 43 180.765 4
      vertex 47 180.765 0
      vertex 43 180.765 0
    endloop
  endfacet
  facet normal 1 -0 0
    outer loop
      vertex 51 180.765 4
      vertex 51 226.63 0
      vertex 51 226.63 4
    endloop
  endfacet
  facet normal 1 0 0
    outer loop
      vertex 51 226.63 0
      vertex 51 180.765 4
      vertex 51 180.765 0
    endloop
  endfacet
  facet normal -1 0 0
    outer loop
      vertex 55 180.765 0
      vertex 55 226.63 4
      vertex 55 226.63 0
    endloop
  endfacet
  facet normal -1 -0 0
    outer loop
      vertex 55 226.63 4
      vertex 55 180.765 0
      vertex 55 180.765 4
    endloop
  endfacet
  facet normal 0 -1 0
    outer loop
      vertex 51 226.63 0
      vertex 55 226.63 4
      vertex 51 226.63 4
    endloop
  endfacet
  facet normal 0 -1 -0
    outer loop
      vertex 55 226.63 4
      vertex 51 226.63 0
      vertex 55 226.63 0
    endloop
  endfacet
  facet normal 0 1 -0
    outer loop
      vertex 55 180.765 0
      vertex 51 180.765 4
      vertex 55 180.765 4
    endloop
  endfacet
  facet normal 0 1 0
    outer loop
      vertex 51 180.765 4
      vertex 55 180.765 0
      vertex 51 180.765 0
    endloop
  endfacet
  facet normal 1 -0 0
    outer loop
      vertex 59 180.765 4
      vertex 59 226.63 0
      vertex 59 226.63 4
    endloop
  endfacet
  facet normal 1 0 0
    outer loop
      vertex 59 226.63 0
      vertex 59 180.765 4
      vertex 59 180.765 0
    endloop
  endfacet
  facet normal -1 0 0
    outer loop
      vertex 63 180.765 0
      vertex 63 226.63 4
      vertex 63 226.63 0
    endloop
  endfacet
  facet normal -1 -0 0
    outer loop
      vertex 63 226.63 4
      vertex 63 180.765 0
      vertex 63 180.765 4
    endloop
  endfacet
  facet normal 0 -1 0
    outer loop
      vertex 59 226.63 0
      vertex 63 226.63 4
      vertex 59 226.63 4
    endloop
  endfacet
  facet normal 0 -1 -0
    outer loop
      vertex 63 226.63 4
      vertex 59 226.63 0
      vertex 63 226.63 0
    endloop
  endfacet
  facet normal 0 1 -0
    outer loop
      vertex 63 180.765 0
      vertex 59 180.765 4
      vertex 63 180.765 4
    endloop
  endfacet
  facet normal 0 1 0
    outer loop
      vertex 59 180.765 4
      vertex 63 180.765 0
      vertex 59 180.765 0
    endloop
  endfacet
  facet normal 1 -0 0
    outer loop
      vertex 67 180.765 4
      vertex 67 226.63 0
      vertex 67 226.63 4
    endloop
  endfacet
  facet normal 1 0 0
    outer loop
      vertex 67 226.63 0
      vertex 67 180.765 4
      vertex 67 180.765 0
    endloop
  endfacet
  facet normal -1 0 0
    outer loop
      vertex 71 180.765 0
      vertex 71 226.63 4
      vertex 71 226.63 0
    endloop
  endfacet
  facet normal -1 -0 0
    outer loop
      vertex 71 226.63 4
      vertex 71 180.765 0
      vertex 71 180.765 4
    endloop
  endfacet
  facet normal 0 -1 0
    outer loop
      vertex 67 226.63 0
      vertex 71 226.63 4
      vertex 67 226.63 4
    endloop
  endfacet
  facet normal 0 -1 -0
    outer loop
      vertex 71 226.63 4
      vertex 67 226.63 0
      vertex 71 226.63 0
    endloop
  endfacet
  facet normal 0 1 -0
    outer loop
      vertex 71 180.765 0
      vertex 67 180.765 4
      vertex 71 180.765 4
    endloop
  endfacet
  facet normal 0 1 0
    outer loop
      vertex 67 180.765 4
      vertex 71 180.765 0
      vertex 67 180.765 0
    endloop
  endfacet
  facet normal 1 -0 0
    outer loop
      vertex 75 180.765 4
      vertex 75 226.63 0
      vertex 75 226.63 4
    endloop
  endfacet
  facet normal 1 0 0
    outer loop
      vertex 75 226.63 0
      vertex 75 180.765 4
      vertex 75 180.765 0
    endloop
  endfacet
  facet normal -1 0 0
    outer loop
      vertex 79 180.765 0
      vertex 79 226.63 4
      vertex 79 226.63 0
    endloop
  endfacet
  facet normal -1 -0 0
    outer loop
      vertex 79 226.63 4
      vertex 79 180.765 0
      vertex 79 180.765 4
    endloop
  endfacet
  facet normal 0 -1 0
    outer loop
      vertex 75 226.63 0
      vertex 79 226.63 4
      vertex 75 226.63 4
    endloop
  endfacet
  facet normal 0 -1 -0
    outer loop
      vertex 79 226.63 4
      vertex 75 226.63 0
      vertex 79 226.63 0
    endloop
  endfacet
  facet normal 0 1 -0
    outer loop
      vertex 79 180.765 0
      vertex 75 180.765 4
      vertex 79 180.765 4
    endloop
  endfacet
  facet normal 0 1 0
    outer loop
      vertex 75 180.765 4
      vertex 79 180.765 0
      vertex 75 180.765 0
    endloop
  endfacet
  facet normal 1 -0 0
    outer loop
      vertex 83 180.765 4
      vertex 83 226.63 0
      vertex 83 226.63 4
    endloop
  endfacet
  facet normal 1 0 0
    outer loop
      vertex 83 226.63 0
      vertex 83 180.765 4
      vertex 83 180.765 0
    endloop
  endfacet
  facet normal -1 0 0
    outer loop
      vertex 87 180.765 0
      vertex 87 226.63 4
      vertex 87 226.63 0
    endloop
  endfacet
  facet normal -1 -0 0
    outer loop
      vertex 87 226.63 4
      vertex 87 180.765 0
      vertex 87 180.765 4
    endloop
  endfacet
  facet normal 0 -1 0
    outer loop
      vertex 83 226.63 0
      vertex 87 226.63 4
      vertex 83 226.63 4
    endloop
  endfacet
  facet normal 0 -1 -0
    outer loop
      vertex 87 226.63 4
      vertex 83 226.63 0
      vertex 87 226.63 0
    endloop
  endfacet
  facet normal 0 1 -0
    outer loop
      vertex 87 180.765 0
      vertex 83 180.765 4
      vertex 87 180.765 4
    endloop
  endfacet
  facet normal 0 1 0
    outer loop
      vertex 83 180.765 4
      vertex 87 180.765 0
      vertex 83 180.765 0
    endloop
  endfacet
  facet normal 1 -0 0
    outer loop
      vertex 91 180.765 4
      vertex 91 226.63 0
      vertex 91 226.63 4
    endloop
  endfacet
  facet normal 1 0 0
    outer loop
      vertex 91 226.63 0
      vertex 91 180.765 4
      vertex 91 180.765 0
    endloop
  endfacet
  facet normal -1 0 0
    outer loop
      vertex 95 180.765 0
      vertex 95 226.63 4
      vertex 95 226.63 0
    endloop
  endfacet
  facet normal -1 -0 0
    outer loop
      vertex 95 226.63 4
      vertex 95 180.765 0
      vertex 95 180.765 4
    endloop
  endfacet
  facet normal 0 1 -0
    outer loop
      vertex 95 180.765 0
      vertex 91 180.765 4
      vertex 95 180.765 4
    endloop
  endfacet
  facet normal 0 1 0
    outer loop
      vertex 91 180.765 4
      vertex 95 180.765 0
      vertex 91 180.765 0
    endloop
  endfacet
  facet normal 0 -1 0
    outer loop
      vertex 91 226.63 0
      vertex 95 226.63 4
      vertex 91 226.63 4
    endloop
  endfacet
  facet normal 0 -1 -0
    outer loop
      vertex 95 226.63 4
      vertex 91 226.63 0
      vertex 95 226.63 0
    endloop
  endfacet
  facet normal 1 -0 0
    outer loop
      vertex 99 180.765 4
      vertex 99 226.63 0
      vertex 99 226.63 4
    endloop
  endfacet
  facet normal 1 0 0
    outer loop
      vertex 99 226.63 0
      vertex 99 180.765 4
      vertex 99 180.765 0
    endloop
  endfacet
  facet normal -1 0 0
    outer loop
      vertex 103 180.765 0
      vertex 103 226.63 4
      vertex 103 226.63 0
    endloop
  endfacet
  facet normal -1 -0 0
    outer loop
      vertex 103 226.63 4
      vertex 103 180.765 0
      vertex 103 180.765 4
    endloop
  endfacet
  facet normal 0 1 -0
    outer loop
      vertex 103 180.765 0
      vertex 99 180.765 4
      vertex 103 180.765 4
    endloop
  endfacet
  facet normal 0 1 0
    outer loop
      vertex 99 180.765 4
      vertex 103 180.765 0
      vertex 99 180.765 0
    endloop
  endfacet
  facet normal 0 -1 0
    outer loop
      vertex 99 226.63 0
      vertex 103 226.63 4
      vertex 99 226.63 4
    endloop
  endfacet
  facet normal 0 -1 -0
    outer loop
      vertex 103 226.63 4
      vertex 99 226.63 0
      vertex 103 226.63 0
    endloop
  endfacet
  facet normal 1 -0 0
    outer loop
      vertex 71.835 135.33 -23
      vertex 71.835 138.13 -27
      vertex 71.835 138.13 -23
    endloop
  endfacet
  facet normal 1 0 0
    outer loop
      vertex 71.835 138.13 -27
      vertex 71.835 135.33 -23
      vertex 71.835 135.33 -27
    endloop
  endfacet
  facet normal 1 -0 0
    outer loop
      vertex 71.835 107.4 -23
      vertex 71.835 110.2 -27
      vertex 71.835 110.2 -23
    endloop
  endfacet
  facet normal 1 0 0
    outer loop
      vertex 71.835 110.2 -27
      vertex 71.835 107.4 -23
      vertex 71.835 107.4 -27
    endloop
  endfacet
  facet normal 0 0 -1
    outer loop
      vertex 71.835 135.33 -23
      vertex 105.065 138.13 -23
      vertex 105.065 135.33 -23
    endloop
  endfacet
  facet normal -0 0 -1
    outer loop
      vertex 105.065 138.13 -23
      vertex 71.835 135.33 -23
      vertex 71.835 138.13 -23
    endloop
  endfacet
  facet normal 0 0 -1
    outer loop
      vertex 71.835 107.4 -23
      vertex 105.065 110.2 -23
      vertex 105.065 107.4 -23
    endloop
  endfacet
  facet normal -0 0 -1
    outer loop
      vertex 105.065 110.2 -23
      vertex 71.835 107.4 -23
      vertex 71.835 110.2 -23
    endloop
  endfacet
  facet normal -1 0 0
    outer loop
      vertex 105.065 135.33 -27
      vertex 105.065 138.13 -23
      vertex 105.065 138.13 -27
    endloop
  endfacet
  facet normal -1 -0 0
    outer loop
      vertex 105.065 138.13 -23
      vertex 105.065 135.33 -27
      vertex 105.065 135.33 -23
    endloop
  endfacet
  facet normal -1 0 0
    outer loop
      vertex 105.065 107.4 -27
      vertex 105.065 110.2 -23
      vertex 105.065 110.2 -27
    endloop
  endfacet
  facet normal -1 -0 0
    outer loop
      vertex 105.065 110.2 -23
      vertex 105.065 107.4 -27
      vertex 105.065 107.4 -23
    endloop
  endfacet
  facet normal -0 0 1
    outer loop
      vertex 71.835 138.13 -27
      vertex 105.065 135.33 -27
      vertex 105.065 138.13 -27
    endloop
  endfacet
  facet normal 0 0 1
    outer loop
      vertex 105.065 135.33 -27
      vertex 71.835 138.13 -27
      vertex 71.835 135.33 -27
    endloop
  endfacet
  facet normal -0 0 1
    outer loop
      vertex 71.835 110.2 -27
      vertex 105.065 107.4 -27
      vertex 105.065 110.2 -27
    endloop
  endfacet
  facet normal 0 0 1
    outer loop
      vertex 105.065 107.4 -27
      vertex 71.835 110.2 -27
      vertex 71.835 107.4 -27
    endloop
  endfacet
  facet normal 1 -0 0
    outer loop
      vertex 71.835 135.33 -7
      vertex 71.835 138.13 -11
      vertex 71.835 138.13 -7
    endloop
  endfacet
  facet normal 1 0 0
    outer loop
      vertex 71.835 138.13 -11
      vertex 71.835 135.33 -7
      vertex 71.835 135.33 -11
    endloop
  endfacet
  facet normal 1 -0 0
    outer loop
      vertex 71.835 107.4 -7
      vertex 71.835 110.2 -11
      vertex 71.835 110.2 -7
    endloop
  endfacet
  facet normal 1 0 0
    outer loop
      vertex 71.835 110.2 -11
      vertex 71.835 107.4 -7
      vertex 71.835 107.4 -11
    endloop
  endfacet
  facet normal 0 0 -1
    outer loop
      vertex 71.835 135.33 -7
      vertex 105.065 138.13 -7
      vertex 105.065 135.33 -7
    endloop
  endfacet
  facet normal -0 0 -1
    outer loop
      vertex 105.065 138.13 -7
      vertex 71.835 135.33 -7
      vertex 71.835 138.13 -7
    endloop
  endfacet
  facet normal 0 0 -1
    outer loop
      vertex 71.835 107.4 -7
      vertex 105.065 110.2 -7
      vertex 105.065 107.4 -7
    endloop
  endfacet
  facet normal -0 0 -1
    outer loop
      vertex 105.065 110.2 -7
      vertex 71.835 107.4 -7
      vertex 71.835 110.2 -7
    endloop
  endfacet
  facet normal -1 0 0
    outer loop
      vertex 105.065 135.33 -11
      vertex 105.065 138.13 -7
      vertex 105.065 138.13 -11
    endloop
  endfacet
  facet normal -1 -0 0
    outer loop
      vertex 105.065 138.13 -7
      vertex 105.065 135.33 -11
      vertex 105.065 135.33 -7
    endloop
  endfacet
  facet normal -1 0 0
    outer loop
      vertex 105.065 107.4 -11
      vertex 105.065 110.2 -7
      vertex 105.065 110.2 -11
    endloop
  endfacet
  facet normal -1 -0 0
    outer loop
      vertex 105.065 110.2 -7
      vertex 105.065 107.4 -11
      vertex 105.065 107.4 -7
    endloop
  endfacet
  facet normal -0 0 1
    outer loop
      vertex 71.835 138.13 -11
      vertex 105.065 135.33 -11
      vertex 105.065 138.13 -11
    endloop
  endfacet
  facet normal 0 0 1
    outer loop
      vertex 105.065 135.33 -11
      vertex 71.835 138.13 -11
      vertex 71.835 135.33 -11
    endloop
  endfacet
  facet normal -0 0 1
    outer loop
      vertex 71.835 110.2 -11
      vertex 105.065 107.4 -11
      vertex 105.065 110.2 -11
    endloop
  endfacet
  facet normal 0 0 1
    outer loop
      vertex 105.065 107.4 -11
      vertex 71.835 110.2 -11
      vertex 71.835 107.4 -11
    endloop
  endfacet
  facet normal -1 0 0
    outer loop
      vertex 62.835 138.13 -35
      vertex 62.835 127.59 0
      vertex 62.835 138.13 0
    endloop
  endfacet
  facet normal -1 0 0
    outer loop
      vertex 62.835 138.13 -35
      vertex 62.835 117.94 0
      vertex 62.835 127.59 0
    endloop
  endfacet
  facet normal -1 0 0
    outer loop
      vertex 62.835 107.4 -35
      vertex 62.835 117.94 0
      vertex 62.835 138.13 -35
    endloop
  endfacet
  facet normal -1 -0 0
    outer loop
      vertex 62.835 117.94 0
      vertex 62.835 107.4 -35
      vertex 62.835 107.4 0
    endloop
  endfacet
  facet normal 1 0 0
    outer loop
      vertex 114.065 138.13 0
      vertex 114.065 131.13 -26
      vertex 114.065 138.13 -35
    endloop
  endfacet
  facet normal 1 0 0
    outer loop
      vertex 114.065 138.13 0
      vertex 114.065 114.4 -26
      vertex 114.065 131.13 -26
    endloop
  endfacet
  facet normal 1 -0 0
    outer loop
      vertex 114.065 107.4 0
      vertex 114.065 114.4 -26
      vertex 114.065 138.13 0
    endloop
  endfacet
  facet normal 1 0 0
    outer loop
      vertex 114.065 107.4 -35
      vertex 114.065 114.4 -26
      vertex 114.065 107.4 0
    endloop
  endfacet
  facet normal 1 0 0
    outer loop
      vertex 114.065 114.4 -26
      vertex 114.065 107.4 -35
      vertex 114.065 114.4 -35
    endloop
  endfacet
  facet normal 1 0 0
    outer loop
      vertex 114.065 138.13 -35
      vertex 114.065 131.13 -26
      vertex 114.065 131.13 -35
    endloop
  endfacet
  facet normal 0 1 -0
    outer loop
      vertex 105.065 138.13 -7
      vertex 79.7452 138.13 0
      vertex 114.065 138.13 0
    endloop
  endfacet
  facet normal 0 1 0
    outer loop
      vertex 71.835 138.13 -7
      vertex 79.7452 138.13 0
      vertex 105.065 138.13 -7
    endloop
  endfacet
  facet normal 0 1 0
    outer loop
      vertex 114.065 138.13 0
      vertex 105.065 138.13 -11
      vertex 105.065 138.13 -7
    endloop
  endfacet
  facet normal 0 1 0
    outer loop
      vertex 105.065 138.13 -11
      vertex 105.065 138.13 -23
      vertex 71.835 138.13 -11
    endloop
  endfacet
  facet normal 0 1 0
    outer loop
      vertex 114.065 138.13 0
      vertex 105.065 138.13 -23
      vertex 105.065 138.13 -11
    endloop
  endfacet
  facet normal 0 1 -0
    outer loop
      vertex 114.065 138.13 -35
      vertex 105.065 138.13 -23
      vertex 114.065 138.13 0
    endloop
  endfacet
  facet normal 0 1 0
    outer loop
      vertex 105.065 138.13 -27
      vertex 114.065 138.13 -35
      vertex 71.835 138.13 -27
    endloop
  endfacet
  facet normal 0 1 0
    outer loop
      vertex 105.065 138.13 -23
      vertex 114.065 138.13 -35
      vertex 105.065 138.13 -27
    endloop
  endfacet
  facet normal 0 1 0
    outer loop
      vertex 79.7452 138.13 0
      vertex 71.835 138.13 -7
      vertex 62.835 138.13 0
    endloop
  endfacet
  facet normal 0 1 -0
    outer loop
      vertex 71.835 138.13 -11
      vertex 62.835 138.13 0
      vertex 71.835 138.13 -7
    endloop
  endfacet
  facet normal 0 1 0
    outer loop
      vertex 71.835 138.13 -23
      vertex 71.835 138.13 -11
      vertex 105.065 138.13 -23
    endloop
  endfacet
  facet normal 0 1 -0
    outer loop
      vertex 71.835 138.13 -23
      vertex 62.835 138.13 0
      vertex 71.835 138.13 -11
    endloop
  endfacet
  facet normal 0 1 0
    outer loop
      vertex 62.835 138.13 -35
      vertex 71.835 138.13 -23
      vertex 71.835 138.13 -27
    endloop
  endfacet
  facet normal 0 1 0
    outer loop
      vertex 71.835 138.13 -23
      vertex 62.835 138.13 -35
      vertex 62.835 138.13 0
    endloop
  endfacet
  facet normal 0 1 0
    outer loop
      vertex 62.835 138.13 -35
      vertex 71.835 138.13 -27
      vertex 114.065 138.13 -35
    endloop
  endfacet
  facet normal 0 0 -1
    outer loop
      vertex 114.065 107.4 -35
      vertex 111.265 110.2 -35
      vertex 114.065 114.4 -35
    endloop
  endfacet
  facet normal 0 0 -1
    outer loop
      vertex 114.065 107.4 -35
      vertex 65.635 110.2 -35
      vertex 111.265 110.2 -35
    endloop
  endfacet
  facet normal -0 0 -1
    outer loop
      vertex 65.635 110.2 -35
      vertex 62.835 107.4 -35
      vertex 65.635 135.33 -35
    endloop
  endfacet
  facet normal 0 0 -1
    outer loop
      vertex 62.835 107.4 -35
      vertex 65.635 110.2 -35
      vertex 114.065 107.4 -35
    endloop
  endfacet
  facet normal -0 0 -1
    outer loop
      vertex 114.065 114.4 -35
      vertex 111.265 110.2 -35
      vertex 111.265 114.4 -35
    endloop
  endfacet
  facet normal 0 0 -1
    outer loop
      vertex 111.265 135.33 -35
      vertex 114.065 131.13 -35
      vertex 111.265 131.13 -35
    endloop
  endfacet
  facet normal 0 0 -1
    outer loop
      vertex 114.065 131.13 -35
      vertex 111.265 135.33 -35
      vertex 114.065 138.13 -35
    endloop
  endfacet
  facet normal 0 0 -1
    outer loop
      vertex 65.635 135.33 -35
      vertex 114.065 138.13 -35
      vertex 111.265 135.33 -35
    endloop
  endfacet
  facet normal 0 0 -1
    outer loop
      vertex 65.635 135.33 -35
      vertex 62.835 138.13 -35
      vertex 114.065 138.13 -35
    endloop
  endfacet
  facet normal 0 0 -1
    outer loop
      vertex 62.835 138.13 -35
      vertex 65.635 135.33 -35
      vertex 62.835 107.4 -35
    endloop
  endfacet
  facet normal 0 -1 0
    outer loop
      vertex 71.835 107.4 -7
      vertex 79.7452 107.4 0
      vertex 62.835 107.4 0
    endloop
  endfacet
  facet normal 0 -1 0
    outer loop
      vertex 105.065 107.4 -7
      vertex 79.7452 107.4 0
      vertex 71.835 107.4 -7
    endloop
  endfacet
  facet normal 0 -1 0
    outer loop
      vertex 62.835 107.4 0
      vertex 71.835 107.4 -11
      vertex 71.835 107.4 -7
    endloop
  endfacet
  facet normal 0 -1 0
    outer loop
      vertex 71.835 107.4 -11
      vertex 71.835 107.4 -23
      vertex 105.065 107.4 -11
    endloop
  endfacet
  facet normal 0 -1 0
    outer loop
      vertex 62.835 107.4 0
      vertex 71.835 107.4 -23
      vertex 71.835 107.4 -11
    endloop
  endfacet
  facet normal 0 -1 0
    outer loop
      vertex 62.835 107.4 -35
      vertex 71.835 107.4 -23
      vertex 62.835 107.4 0
    endloop
  endfacet
  facet normal 0 -1 -0
    outer loop
      vertex 71.835 107.4 -27
      vertex 62.835 107.4 -35
      vertex 105.065 107.4 -27
    endloop
  endfacet
  facet normal 0 -1 -0
    outer loop
      vertex 71.835 107.4 -23
      vertex 62.835 107.4 -35
      vertex 71.835 107.4 -27
    endloop
  endfacet
  facet normal 0 -1 0
    outer loop
      vertex 79.7452 107.4 0
      vertex 105.065 107.4 -7
      vertex 114.065 107.4 0
    endloop
  endfacet
  facet normal 0 -1 0
    outer loop
      vertex 105.065 107.4 -11
      vertex 114.065 107.4 0
      vertex 105.065 107.4 -7
    endloop
  endfacet
  facet normal 0 -1 0
    outer loop
      vertex 105.065 107.4 -23
      vertex 105.065 107.4 -11
      vertex 71.835 107.4 -23
    endloop
  endfacet
  facet normal 0 -1 0
    outer loop
      vertex 105.065 107.4 -23
      vertex 114.065 107.4 0
      vertex 105.065 107.4 -11
    endloop
  endfacet
  facet normal 0 -1 0
    outer loop
      vertex 114.065 107.4 -35
      vertex 105.065 107.4 -23
      vertex 105.065 107.4 -27
    endloop
  endfacet
  facet normal 0 -1 0
    outer loop
      vertex 105.065 107.4 -23
      vertex 114.065 107.4 -35
      vertex 114.065 107.4 0
    endloop
  endfacet
  facet normal 0 -1 0
    outer loop
      vertex 114.065 107.4 -35
      vertex 105.065 107.4 -27
      vertex 62.835 107.4 -35
    endloop
  endfacet
  facet normal 1 -0 0
    outer loop
      vertex 65.635 132.191 0
      vertex 65.635 135.33 -35
      vertex 65.635 135.33 0
    endloop
  endfacet
  facet normal 1 -0 0
    outer loop
      vertex 65.635 127.737 0
      vertex 65.635 135.33 -35
      vertex 65.635 132.191 0
    endloop
  endfacet
  facet normal 1 -0 0
    outer loop
      vertex 65.635 117.793 0
      vertex 65.635 135.33 -35
      vertex 65.635 127.737 0
    endloop
  endfacet
  facet normal 1 0 0
    outer loop
      vertex 65.635 110.2 -35
      vertex 65.635 117.793 0
      vertex 65.635 113.339 0
    endloop
  endfacet
  facet normal 1 0 0
    outer loop
      vertex 65.635 110.2 -35
      vertex 65.635 113.339 0
      vertex 65.635 110.2 0
    endloop
  endfacet
  facet normal 1 0 0
    outer loop
      vertex 65.635 117.793 0
      vertex 65.635 110.2 -35
      vertex 65.635 135.33 -35
    endloop
  endfacet
  facet normal -1 0 0
    outer loop
      vertex 111.265 114.4 -35
      vertex 111.265 110.2 -35
      vertex 111.265 114.4 -26
    endloop
  endfacet
  facet normal -1 0 0
    outer loop
      vertex 111.265 131.13 -26
      vertex 111.265 135.33 -35
      vertex 111.265 131.13 -35
    endloop
  endfacet
  facet normal -1 0 0
    outer loop
      vertex 111.265 135.33 -35
      vertex 111.265 131.13 -26
      vertex 111.265 135.33 0
    endloop
  endfacet
  facet normal -1 0 0
    outer loop
      vertex 111.265 114.4 -26
      vertex 111.265 135.33 0
      vertex 111.265 131.13 -26
    endloop
  endfacet
  facet normal -1 0 0
    outer loop
      vertex 111.265 114.4 -26
      vertex 111.265 110.2 0
      vertex 111.265 135.33 0
    endloop
  endfacet
  facet normal -1 0 0
    outer loop
      vertex 111.265 110.2 0
      vertex 111.265 114.4 -26
      vertex 111.265 110.2 -35
    endloop
  endfacet
  facet normal 0 -1 0
    outer loop
      vertex 71.835 135.33 -7
      vertex 69.8435 135.33 0
      vertex 65.635 135.33 0
    endloop
  endfacet
  facet normal 0 -1 0
    outer loop
      vertex 105.065 135.33 -7
      vertex 69.8435 135.33 0
      vertex 71.835 135.33 -7
    endloop
  endfacet
  facet normal 0 -1 0
    outer loop
      vertex 65.635 135.33 0
      vertex 71.835 135.33 -11
      vertex 71.835 135.33 -7
    endloop
  endfacet
  facet normal 0 -1 0
    outer loop
      vertex 71.835 135.33 -11
      vertex 71.835 135.33 -23
      vertex 105.065 135.33 -11
    endloop
  endfacet
  facet normal 0 -1 0
    outer loop
      vertex 65.635 135.33 0
      vertex 71.835 135.33 -23
      vertex 71.835 135.33 -11
    endloop
  endfacet
  facet normal 0 -1 0
    outer loop
      vertex 65.635 135.33 -35
      vertex 71.835 135.33 -23
      vertex 65.635 135.33 0
    endloop
  endfacet
  facet normal 0 -1 -0
    outer loop
      vertex 71.835 135.33 -27
      vertex 65.635 135.33 -35
      vertex 105.065 135.33 -27
    endloop
  endfacet
  facet normal 0 -1 -0
    outer loop
      vertex 71.835 135.33 -23
      vertex 65.635 135.33 -35
      vertex 71.835 135.33 -27
    endloop
  endfacet
  facet normal 0 -1 0
    outer loop
      vertex 69.8435 135.33 0
      vertex 105.065 135.33 -7
      vertex 111.265 135.33 0
    endloop
  endfacet
  facet normal 0 -1 0
    outer loop
      vertex 105.065 135.33 -11
      vertex 111.265 135.33 0
      vertex 105.065 135.33 -7
    endloop
  endfacet
  facet normal 0 -1 0
    outer loop
      vertex 105.065 135.33 -23
      vertex 105.065 135.33 -11
      vertex 71.835 135.33 -23
    endloop
  endfacet
  facet normal 0 -1 0
    outer loop
      vertex 105.065 135.33 -23
      vertex 111.265 135.33 0
      vertex 105.065 135.33 -11
    endloop
  endfacet
  facet normal 0 -1 0
    outer loop
      vertex 111.265 135.33 -35
      vertex 105.065 135.33 -23
      vertex 105.065 135.33 -27
    endloop
  endfacet
  facet normal 0 -1 0
    outer loop
      vertex 105.065 135.33 -23
      vertex 111.265 135.33 -35
      vertex 111.265 135.33 0
    endloop
  endfacet
  facet normal 0 -1 0
    outer loop
      vertex 111.265 135.33 -35
      vertex 105.065 135.33 -27
      vertex 65.635 135.33 -35
    endloop
  endfacet
  facet normal 0 1 -0
    outer loop
      vertex 105.065 110.2 -7
      vertex 69.8435 110.2 0
      vertex 111.265 110.2 0
    endloop
  endfacet
  facet normal 0 1 -0
    outer loop
      vertex 71.835 110.2 -7
      vertex 69.8435 110.2 0
      vertex 105.065 110.2 -7
    endloop
  endfacet
  facet normal 0 1 0
    outer loop
      vertex 111.265 110.2 0
      vertex 105.065 110.2 -11
      vertex 105.065 110.2 -7
    endloop
  endfacet
  facet normal 0 1 0
    outer loop
      vertex 105.065 110.2 -11
      vertex 105.065 110.2 -23
      vertex 71.835 110.2 -11
    endloop
  endfacet
  facet normal 0 1 0
    outer loop
      vertex 111.265 110.2 0
      vertex 105.065 110.2 -23
      vertex 105.065 110.2 -11
    endloop
  endfacet
  facet normal 0 1 -0
    outer loop
      vertex 111.265 110.2 -35
      vertex 105.065 110.2 -23
      vertex 111.265 110.2 0
    endloop
  endfacet
  facet normal 0 1 0
    outer loop
      vertex 105.065 110.2 -27
      vertex 111.265 110.2 -35
      vertex 71.835 110.2 -27
    endloop
  endfacet
  facet normal 0 1 0
    outer loop
      vertex 105.065 110.2 -23
      vertex 111.265 110.2 -35
      vertex 105.065 110.2 -27
    endloop
  endfacet
  facet normal 0 1 0
    outer loop
      vertex 69.8435 110.2 0
      vertex 71.835 110.2 -7
      vertex 65.635 110.2 0
    endloop
  endfacet
  facet normal 0 1 -0
    outer loop
      vertex 71.835 110.2 -11
      vertex 65.635 110.2 0
      vertex 71.835 110.2 -7
    endloop
  endfacet
  facet normal 0 1 0
    outer loop
      vertex 71.835 110.2 -23
      vertex 71.835 110.2 -11
      vertex 105.065 110.2 -23
    endloop
  endfacet
  facet normal 0 1 -0
    outer loop
      vertex 71.835 110.2 -23
      vertex 65.635 110.2 0
      vertex 71.835 110.2 -11
    endloop
  endfacet
  facet normal 0 1 0
    outer loop
      vertex 65.635 110.2 -35
      vertex 71.835 110.2 -23
      vertex 71.835 110.2 -27
    endloop
  endfacet
  facet normal 0 1 0
    outer loop
      vertex 71.835 110.2 -23
      vertex 65.635 110.2 -35
      vertex 65.635 110.2 0
    endloop
  endfacet
  facet normal 0 1 0
    outer loop
      vertex 65.635 110.2 -35
      vertex 71.835 110.2 -27
      vertex 111.265 110.2 -35
    endloop
  endfacet
  facet normal 0 0 -1
    outer loop
      vertex 111.265 114.4 -26
      vertex 114.065 131.13 -26
      vertex 114.065 114.4 -26
    endloop
  endfacet
  facet normal -0 0 -1
    outer loop
      vertex 114.065 131.13 -26
      vertex 111.265 114.4 -26
      vertex 111.265 131.13 -26
    endloop
  endfacet
  facet normal 0 -1 0
    outer loop
      vertex 111.265 131.13 -35
      vertex 114.065 131.13 -26
      vertex 111.265 131.13 -26
    endloop
  endfacet
  facet normal 0 -1 -0
    outer loop
      vertex 114.065 131.13 -26
      vertex 111.265 131.13 -35
      vertex 114.065 131.13 -35
    endloop
  endfacet
  facet normal 0 1 -0
    outer loop
      vertex 114.065 114.4 -35
      vertex 111.265 114.4 -26
      vertex 114.065 114.4 -26
    endloop
  endfacet
  facet normal 0 1 0
    outer loop
      vertex 111.265 114.4 -26
      vertex 114.065 114.4 -35
      vertex 111.265 114.4 -35
    endloop
  endfacet
endsolid OpenSCAD_Model
